component_group,specific_component,component_job_ids,photo_count,video_count,date_range,stage_counts,example_files,model_groups,model_part_count,model_part_examples,model_confidence_mix,digital_twin_readiness,measurement_priority,job_status,job_action,job_match_basis,reconciliation_status
body_exterior,body_shell_with_doors_removed,back_cabin|tub_rust_damage_survey_20260517|tub_corner_hinge_pin_repair_20260517|paint_sendout_panels_manifest,3,0,2026-03-23 to 2026-05-17,rust_assessment:2|removed_parts_cataloguing:1,20260323_201950.jpg|20260517_195511_gp_iFvWFVNw.jpg|20260517_195628_gp_Wog59oFg.jpg,body,12,left_door_hinge_pin_cap_1|left_door_hinge_pin_cap_2|left_door_hinge_pin_cap_3|left_door_hinge_pin_cap_4|left_door_open_reference|right_door_hinge_pin_cap_1|right_door_hinge_pin_cap_2|right_door_hinge_pin_cap_3,L3 exterior material reference:8|L0 envelope:2|visual only:1|L2 panel rib reference:1,represented_needs_measurement_refinement,P1,planned_send_out|photo_intake_added|in_progress,"Remove and send out as a separable body section|Map each May 17 rust-damaged tub photo to LH/RH station and repair type, probe for pinholes/thin metal, inspect backside access, then release cut/fab/weld cards before primer, seam sealer, or paint closure.|Sort the affected tub/body corner and hinge-pin area: label side/location, document where the hinge pin had to be cut off, inspect captive/thread/backside condition, decide whether hinge plate or corner metal needs patch fabrication, and release weld/repair before primer or paint.|Finalize send-out manifest for detachable panels, including roof and front wings, map each piece to painter batch, and keep before-send condition photos linked",direct|indirect,direct_photo_evidence
body_exterior,exterior_badge_or_emblem_detail,,2,0,2026-03-29,baseline_walkaround:2,20260329_122723.jpg|20260329_122723_gp_aRwFMcGg.jpg,body,12,left_diesel_badge|left_door_hinge_pin_cap_1|left_door_hinge_pin_cap_2|left_door_hinge_pin_cap_3|left_door_hinge_pin_cap_4|right_diesel_badge|right_door_hinge_pin_cap_1|right_door_hinge_pin_cap_2,L3 exterior material reference:8|L2 visible-detail primitive:2|L0 envelope:2,represented_needs_measurement_refinement,P1,,,,
body_exterior,front_panel_headlamp_surround,,1,0,2026-04-12,hardware_refinish:1,20260412_223534.jpg,body,12,grille_panel|hood_rear_cowl_gap_shadow|left_door_hinge_pin_cap_1|left_door_hinge_pin_cap_2|left_door_hinge_pin_cap_3|left_door_hinge_pin_cap_4|left_door_outer_skin_lower_pressing|left_door_outer_skin_upper_pressing,L3 exterior material reference:9|L0 envelope:2|L2 panel rib reference:1,represented_needs_measurement_refinement,P1,,,,
body_exterior,front_panel_lighting_mount_area,hood|front_wings|paint_returned_panels_refinished,1,0,2026-04-12,removed_parts_cataloguing:1,20260412_223216.jpg,body,12,grille_panel|hood_rear_cowl_gap_shadow|left_door_hinge_pin_cap_1|left_door_hinge_pin_cap_2|left_door_hinge_pin_cap_3|left_door_hinge_pin_cap_4|left_door_outer_skin_lower_pressing|left_door_outer_skin_upper_pressing,L3 exterior material reference:7|L4 service-reference detail:3|L0 envelope:1|L2 panel rib reference:1,represented_needs_measurement_refinement,P1,planned_send_out|sent_to_painter|partially_returned,"Remove and send for bodywork|Front wings are at paint/bodywork; track painter progress return condition fit lines and mounting edge readiness before refit|Track returned painted/refinished hardware and panel pieces, then tag storage location and fitment-readiness status",indirect,direct_photo_evidence
body_exterior,fuel_filler_side_panel,rear_fuel_tank,2,0,2026-03-14,baseline_walkaround:2,20260314_180058.jpg|20260314_180059_gp_x5fsOjjA.jpg,body,12,left_fuel_filler_outer_ring|left_fuel_or_body_plug_reference|right_fuel_filler_outer_ring|right_fuel_or_body_plug_reference|grille_panel|hood_rear_cowl_gap_shadow|left_door_hinge_pin_cap_1|left_door_hinge_pin_cap_2,L3 exterior material reference:8|L2 visible-detail primitive:2|L0 envelope:1|L2 panel rib reference:1,represented_needs_measurement_refinement,P1,removed_stored,Keep tank out during body-off lift and welding; inspect tank bay and lines before refit,direct,direct_photo_evidence
body_exterior,hood_and_front_windshield_overview,front_windows|hood|front_wings,2,0,2026-03-17,baseline_walkaround:2,20260317_165030.jpg|20260317_165030_gp_j49pTsog.jpg,body,12,hood_center_raised_rib|hood_closed_reference|hood_crowned_closed_skin|hood_front_lip_shadow|hood_front_rolled_lip_surface|hood_left_hinge_axis|hood_left_outer_rib|hood_lock_receiver_plate,L2 panel rib reference:2|L4 gallery-shaped surface:2|L3 exterior material reference:2|L1 visible-detail primitive:2|L4 online-reference detail:2|L0 envelope:1|L4 service-reference detail:1,represented_needs_measurement_refinement,P1,planned_send_out|sent_to_painter,"Assess front windshield/window glass, seals, channels, and vendor repair/refit path; do not buy seals until aperture and old-rubber profile are measured|Remove and send for bodywork|Front wings are at paint/bodywork; track painter progress return condition fit lines and mounting edge readiness before refit",direct|indirect,direct_photo_evidence
body_exterior,panel_detail_and_markings,paint_returned_panels_refinished|paint_workshop_progress_media,3,1,2026-03-29,baseline_walkaround:3,20260329_051759_gp_xEzrDYhQ.jpg|20260329_051805_gp_oRw8XV8Q.jpg|20260329_095150_gp_3O2NOXyw.mp4,body,12,grille_panel|hood_rear_cowl_gap_shadow|left_door_hinge_pin_cap_1|left_door_hinge_pin_cap_2|left_door_hinge_pin_cap_3|left_door_hinge_pin_cap_4|left_door_outer_skin_lower_pressing|left_door_outer_skin_upper_pressing,L3 exterior material reference:9|L0 envelope:2|L2 panel rib reference:1,represented_needs_measurement_refinement,P1,partially_returned|evidence_tracking,"Track returned painted/refinished hardware and panel pieces, then tag storage location and fitment-readiness status|Collect and retain actual painter/bodywork progress media with batch references in notes; do not use stripdown wing-removal or body-lift prep as direct paint evidence",indirect|direct,direct_photo_evidence
body_exterior,rear_side_opening,back_cabin|tub_rust_damage_survey_20260517|paint_sendout_panels_manifest,1,0,2026-03-23,removed_parts_cataloguing:1,20260323_201957.jpg,body,12,left_door_hinge_pin_cap_1|left_door_hinge_pin_cap_2|left_door_hinge_pin_cap_3|left_door_hinge_pin_cap_4|left_front_wheel_arch_shadow|left_rear_wheel_arch_shadow|right_door_hinge_pin_cap_1|right_door_hinge_pin_cap_2,L3 exterior material reference:8|L2 visual aperture reference:4,visual_reference_modelled,P3,planned_send_out|photo_intake_added|in_progress,"Remove and send out as a separable body section|Map each May 17 rust-damaged tub photo to LH/RH station and repair type, probe for pinholes/thin metal, inspect backside access, then release cut/fab/weld cards before primer, seam sealer, or paint closure.|Finalize send-out manifest for detachable panels, including roof and front wings, map each piece to painter batch, and keep before-send condition photos linked",direct|indirect,direct_photo_evidence
body_exterior,returned_painted_front_panel_headlamp_surround,paint_returned_panels_refinished,2,0,2026-05-23,hardware_refinish:2,20260523_223504_gp_F0FomIPA.jpg|20260523_223518_gp_f6ReoLCg.jpg,body,12,grille_panel|hood_rear_cowl_gap_shadow|left_door_hinge_pin_cap_1|left_door_hinge_pin_cap_2|left_door_hinge_pin_cap_3|left_door_hinge_pin_cap_4|left_door_outer_skin_lower_pressing|left_door_outer_skin_upper_pressing,L3 exterior material reference:9|L0 envelope:2|L2 panel rib reference:1,represented_needs_measurement_refinement,P1,partially_returned,"Track returned painted/refinished hardware and panel pieces, then tag storage location and fitment-readiness status",direct,direct_photo_evidence
body_exterior,tub_corner_hinge_pin_repair,tub_rust_damage_survey_20260517|tub_corner_hinge_pin_repair_20260517,3,0,2026-05-17,rust_assessment:3,20260517_195108_gp_elCiXzKw.jpg|20260517_195123_gp_LxOfgsPA.jpg|20260517_195241_gp_RzJdcAZg.jpg,body,12,left_door_hinge_pin_cap_1|left_door_hinge_pin_cap_2|left_door_hinge_pin_cap_3|left_door_hinge_pin_cap_4|right_door_hinge_pin_cap_1|right_door_hinge_pin_cap_2|right_door_hinge_pin_cap_3|right_door_hinge_pin_cap_4,L3 exterior material reference:9|L1 visible-detail primitive:2|L0 envelope:1,represented_needs_measurement_refinement,P1,photo_intake_added,"Map each May 17 rust-damaged tub photo to LH/RH station and repair type, probe for pinholes/thin metal, inspect backside access, then release cut/fab/weld cards before primer, seam sealer, or paint closure.|Sort the affected tub/body corner and hinge-pin area: label side/location, document where the hinge pin had to be cut off, inspect captive/thread/backside condition, decide whether hinge plate or corner metal needs patch fabrication, and release weld/repair before primer or paint.",direct,direct_photo_evidence
body_exterior,wing_mirror_set,,1,0,2026-04-12,hardware_refinish:1,20260412_223539.jpg,body,12,left_door_hinge_pin_cap_1|left_door_hinge_pin_cap_2|left_door_hinge_pin_cap_3|left_door_hinge_pin_cap_4|left_door_mirror_head|left_front_fender|left_front_fender_sloped_outer_skin|left_mirror_arm,L3 exterior material reference:8|L2 visible-detail primitive:2|L0 envelope:1|L4 gallery-shaped surface:1,represented_needs_measurement_refinement,P1,,,,
body_exterior,wing_removal_and_body_lift_prep,front_wings,35,5,2026-04-19 to 2026-04-21,stripdown_cataloguing:35,20260419_190643_gp_UM5SilTQ.jpg|20260419_190654_gp_1EaxkrUA.jpg|20260419_190707_gp_WCc87lEg.jpg|20260419_190736_gp_ymvXBmNA.jpg|20260419_190741_gp_C3FddI9g.jpg|20260419_190749_gp_AtrQSXHA.jpg|20260419_190806_gp_9yVHtwgA.jpg|20260419_195946_gp_9VNxVqNA.jpg,body,12,left_door_hinge_pin_cap_1|left_door_hinge_pin_cap_2|left_door_hinge_pin_cap_3|left_door_hinge_pin_cap_4|left_front_fender|left_front_fender_sloped_outer_skin|right_door_hinge_pin_cap_1|right_door_hinge_pin_cap_2,L3 exterior material reference:8|L0 envelope:2|L4 gallery-shaped surface:2,represented_needs_measurement_refinement,P1,sent_to_painter,Front wings are at paint/bodywork; track painter progress return condition fit lines and mounting edge readiness before refit,indirect,direct_photo_evidence
body_floor,body_off_shell_floor_and_bulkhead,,16,0,2026-04-22,rust_assessment:16,20260422_004449_gp_ZzlGoYsQ.jpg|20260422_004449_gp_ZzlGoYsQ_2.jpg|20260422_004513_gp_bgO24J2g.jpg|20260422_004513_gp_bgO24J2g_2.jpg|20260422_004523_gp_p13iAnmw.jpg|20260422_004523_gp_p13iAnmw_2.jpg|20260422_004536_gp_AAvm6QRQ.jpg|20260422_004536_gp_AAvm6QRQ_2.jpg,body,12,floor_cross_pressing_1|floor_cross_pressing_2|floor_cross_pressing_3|floor_cross_pressing_4|floor_cross_pressing_5|floor_cross_pressing_6|floor_pan|rear_floor_longitudinal_rib_1,L2 panel rib reference:11|L0 envelope:1,represented_needs_measurement_refinement,P1,,,,
body_floor,floor_pan_rust_zones,floor_pan|tub_rust_damage_survey_20260517|eps_vitz_column_layout_measurement|eps_general_adapter_design_fabrication|eps_vitz_support_bracket_design,35,0,2026-04-13 to 2026-05-17,rust_assessment:35,20260413_005435.jpg|20260413_005437_gp_84WzM92A.jpg|20260413_005516.jpg|20260413_005520_gp_cPf1PDAg.jpg|20260413_005523.jpg|20260413_005526_gp_ZYnYrDDg.jpg|20260413_005529.jpg|20260413_005531_gp_5VurJvdg.jpg,body,12,floor_pan|floor_cross_pressing_1|floor_cross_pressing_2|floor_cross_pressing_3|floor_cross_pressing_4|floor_cross_pressing_5|floor_cross_pressing_6|rear_floor_longitudinal_rib_1,L2 panel rib reference:11|L0 envelope:1,represented_needs_measurement_refinement,P1,rust_damage_photo_intake_added|photo_intake_added|planning_required|design_required,"Inspect May 17 tub/floor rust photos by zone, probe for pinholes/thin metal, then grind/cut/fab/weld and prime immediately after each released repair.|Map each May 17 rust-damaged tub photo to LH/RH station and repair type, probe for pinholes/thin metal, inspect backside access, then release cut/fab/weld cards before primer, seam sealer, or paint closure.|Measure and photograph the J40 steering wheel position upper column angle dash support pedal clearance firewall pass-through steering-box input line donor EPS motor envelope shaft lengths controller envelope and General EPS Adapter datum points before any cutting|Design dry-fit and fabricate the removable General EPS Adapter with vehicle-side datum plate firewall doubler/spreader EPS saddle or clamp clocking/spacer plates replaceable upper/lower shaft interfaces and serviceable controller/fastener access|Design and dry-fit the General EPS Adapter support cradle as a triangulated dash/cowl/firewall structure with spreader or doubler plates where needed so motor torque is not carried by thin dash sheet metal",direct|indirect,direct_photo_evidence
body_floor,floor_seam_and_body_mount_rust,floor_pan|tub_rust_damage_survey_20260517|tub_corner_hinge_pin_repair_20260517|tub_refit_rubber_hardware_shim_stack,3,0,2026-04-05 to 2026-05-17,rust_assessment:3,20260405_234652.jpg|20260517_195406_gp_req8G3Bg.jpg|20260517_195430_gp_VGGpRFOQ.jpg,body,12,floor_cross_pressing_1|floor_cross_pressing_2|floor_cross_pressing_3|floor_cross_pressing_4|floor_cross_pressing_5|floor_cross_pressing_6|floor_pan|left_front_clip_to_tub_join_line,L2 panel rib reference:6|L4 service-reference detail:3|L0 envelope:1|L4 online-reference detail:1|L3 exterior material reference:1,represented_needs_measurement_refinement,P1,rust_damage_photo_intake_added|photo_intake_added|flat_rubber_measurement_photos_added,"Inspect May 17 tub/floor rust photos by zone, probe for pinholes/thin metal, then grind/cut/fab/weld and prime immediately after each released repair.|Map each May 17 rust-damaged tub photo to LH/RH station and repair type, probe for pinholes/thin metal, inspect backside access, then release cut/fab/weld cards before primer, seam sealer, or paint closure.|Sort the affected tub/body corner and hinge-pin area: label side/location, document where the hinge pin had to be cut off, inspect captive/thread/backside condition, decide whether hinge plate or corner metal needs patch fabrication, and release weld/repair before primer or paint.|Use the reduced chassis-rubbers fabricator spec for quote/first article, then lock the main-tub rubber kit, separate front-support pair, hardware grade, sleeves, and shim stack by trial fit before final tub fastening",direct|indirect,direct_photo_evidence
body_floor,rear_cargo_floor,back_cabin|interior|floor_pan|tub_rust_damage_survey_20260517|rear_fuel_tank,2,0,2026-03-23 to 2026-04-13,stripdown_cataloguing:2,20260323_202016.jpg|20260413_040659.jpg,body,12,floor_cross_pressing_1|floor_cross_pressing_2|floor_cross_pressing_3|floor_cross_pressing_4|floor_cross_pressing_5|floor_cross_pressing_6|floor_pan|rear_floor_longitudinal_rib_1,L2 panel rib reference:11|L0 envelope:1,represented_needs_measurement_refinement,P1,planned_send_out|planned_strip|rust_damage_photo_intake_added|photo_intake_added|removed_stored,"Remove and send out as a separable body section|Pull most of the interior and store under tagged covered conditions|Inspect May 17 tub/floor rust photos by zone, probe for pinholes/thin metal, then grind/cut/fab/weld and prime immediately after each released repair.|Map each May 17 rust-damaged tub photo to LH/RH station and repair type, probe for pinholes/thin metal, inspect backside access, then release cut/fab/weld cards before primer, seam sealer, or paint closure.|Keep tank out during body-off lift and welding; inspect tank bay and lines before refit",direct|indirect,direct_photo_evidence
brake_system,front_sumitomo_disc_caliper_and_rotor_baseline,brake_system_evidence_pack|front_brake_disc_baseline,4,0,2026-05-29,brake_system_identification:4,20260529_183947_gp_lSYuESVg.jpg|20260529_183959_gp_MlRssDVA.jpg|20260529_184010_gp_3htpDpPQ.jpg|20260529_184012_gp_Q01c08NA.jpg,brake_system,12,front_left_sumitomo_disc_caliper_body|front_right_sumitomo_disc_caliper_body|front_left_disc_caliper_bridge|front_left_vented_disc_rotor|front_right_disc_caliper_bridge|front_right_vented_disc_rotor|front_left_caliper_bleeder_screw|front_left_flex_hose_to_caliper,project-photo evidence:10|L2 routing reference:1|L3 specific item reference:1,represented_needs_dimension_check,P3,replacement_evidence_added|sumitomo_front_disc_identified_measurement_pending,"Consolidate brake configuration evidence from photos, chat, and parts tables; keep the front-disc/rear-drum assessment explicit, and treat the May 29 removed booster/servo evidence as owner-confirmed replacement scope for old brake parts.|Use the May 29 closeups as the fitted front-disc baseline: visible Sumitomo fixed calipers with external bridge/transfer pipes, dust shields, visible rotors, and short hard-line/flex-hose routing; replace pads/hardware and front hoses, and rebuild/replace calipers only after pad shape, piston count/diameter, mounting ears, hose/fitting threads, and rotor measurements are captured.",direct,direct_photo_evidence
chassis_underside,body_mount_and_crossmember_detail,body_mount_points_and_captive_nuts|issue_crossmember_end_thinning_check|issue_body_mount_captive_thread_repair|tub_refit_rubber_hardware_shim_stack,1,0,2026-04-05,underside_inspection:1,20260405_234546.jpg,chassis,12,cab_body_mount_rubber_puck_1|cab_body_mount_rubber_puck_2|cab_body_mount_rubber_puck_3|cab_body_mount_rubber_puck_4|cab_body_mount_rubber_puck_5|cab_body_mount_rubber_puck_6|cab_body_mount_rubber_puck_7|cab_body_mount_rubber_puck_8,L4 service-reference detail:12,represented_needs_dimension_check,P3,inspection_pending|pending_work|flat_rubber_measurement_photos_added,"Inspect every body-mount pedestal and captive thread, chase/repair threads and sleeves, and define shim plan before tub refit|Gauge crossmember end-wall thickness and edge corrosion; patch/box-end only where metal loss exceeds safe section|Inspect all body-mount pedestals and captive threads; chase/repair threads, replace damaged sleeves, and define shim pack before refit|Use the reduced chassis-rubbers fabricator spec for quote/first article, then lock the main-tub rubber kit, separate front-support pair, hardware grade, sleeves, and shim stack by trial fit before final tub fastening",direct,direct_photo_evidence
chassis_underside,brake_hard_line_flare_sample,,1,0,2026-05-14,brake_system:1,20260514_111300_user_brake_flare_side_view.png,as_fitted_routes|brake_system|fuel_system,12,front_hard_line_right_frame_run|rear_axle_brake_line|rear_hard_line_right_frame_run|proportioning_bypass_valve_body|fuel_line_frame_run|j40_rt_015_front_brake_hard_lines_and_flex_hoses_front_brake_flex_sweep_left|j40_rt_015_front_brake_hard_lines_and_flex_hoses_front_brake_flex_sweep_right|j40_rt_015_front_brake_hard_lines_and_flex_hoses_front_brake_master_to_crossmember,L2 routing reference:4|L1 as-fitted route scope:4|project-photo evidence:3|L4 service-reference detail:1,represented_needs_measurement_refinement,P1,,,,
chassis_underside,engine_bay_chassis_interface,chassis_missing_welded_bracket_survey_20260508|chassis_bracket_analysis_register_20260508|chassis_bracket_design_release_20260508|chassis_bracket_fabrication_install_20260508|chassis_bracket_validation_release_20260508|front_radiator_bracket_repair_20260508|front_radiator_two_side_retention_fabrication_20260508|battery_tray_holder_bracket_repair_20260508|battery_power_carrier_mount_fabrication_20260508|engine_bay_mounting_scouting_pass_20260508|auxiliary_chassis_tabs_and_clip_brackets_20260508|exhaust_mockup_brackets_before_coating_20260508,6,0,2026-04-22,underside_inspection:6,20260422_004347_gp_WIy0j6zw.jpg|20260422_004347_gp_WIy0j6zw_2.jpg|20260422_004356_gp_vTFgPfAQ.jpg|20260422_004356_gp_vTFgPfAQ_2.jpg|20260422_004412_gp_OclpaTdg.jpg|20260422_004412_gp_OclpaTdg_2.jpg,chassis,12,cab_body_mount_rubber_puck_1|cab_body_mount_rubber_puck_2|cab_body_mount_rubber_puck_3|cab_body_mount_rubber_puck_4|cab_body_mount_rubber_puck_5|cab_body_mount_rubber_puck_6|cab_body_mount_rubber_puck_7|cab_body_mount_rubber_puck_8,L4 service-reference detail:12,visual_reference_modelled,P2,pre_coating_hold|register_seeded_open|design_required|implementation_required|validation_required|existing_measurements_imported_dry_fit_required|battery_and_tray_measurements_imported|actual_battery_and_mount_measurements_imported|radiator_and_battery_measurements_imported_mount_template_required|coordination_hold,"Before primer/Raptor, survey chassis and tub-side welded brackets/tabs against current photos, loose parts, and visible wire-tied fixes; mark each missing, broken, non-baseline, or required auxiliary bracket and decide weld/bolt/no-refit for each|Maintain the bracket register from current chassis walkaround, existing body-off photos, loose removed parts, and WhatsApp notes; assign station, function, evidence photo, keep/repair/fabricate/remove/unknown status, and whether each item blocks primer/Raptor|For every repair/fabricate bracket, create a release sketch or card template with material thickness, bend shape, hole/stud size, location datum, weld/bolt method, clearance envelope, and corrosion/coating access plan|Fabricate, repair, weld, or properly bolt only released baseline brackets; trial-fit each supported part, grind/deburr welds, clean heat-affected areas, and keep threads/ground faces serviceable before primer/Raptor|Validate installed brackets with labelled photos and dry-fit checks for radiator/support rubbers, battery tray/clamp, brake/fuel line clips, harness clips, earth straps, exhaust hanger/mock-up points, bonnet/fan/steering/suspension clearance, and coating access|Replace the wire-held/one-sided radiator support condition with a two-side controlled retention setup; trial-fit radiator isolators/rubbers and fan clearance, then fit the released bolt-through saddle/post bracket before primer/Raptor|Release a serviceable right-side radiator retention bracket from the existing-side measured template: one 4 mm mild-steel formed-angle post with a 48 mm measured main face, 410 mm upright/post height, 618 mm developed main-face template length, perpendicular return flange, full-depth 58 mm top screw return carried back to the far edge of the angle section, 70 mm chassis bridge allowance, 80 mm far-side saddle leg, clean near/far lower legs with no side ears over both sides of the chassis/front-support section, a through-bolt across both legs and chassis, and a top return carrying the radiator screw. Preserve fan/shroud/hose clearance and use rubber washer/bush isolation at the screw as required.|Upgrade the weak battery tray/holder support rather than simply refitting the old mount; confirm battery size, tray support legs, clamp path, cable/bonnet/engine clearance, drain/corrosion isolation, and final weld/bolt method before primer/Raptor|Fabricate/mock up the compact chassis-mounted battery power carrier Rev F only after mapping the battery cavity: use the May 17 actual installed Daewoo DLS120 battery measurement photos as the fixed exclusion block, keep the standard N70/27-class 318 x 180 x 230 envelope as fallback comparison until the final numbers are transcribed, measure front/radiator-side, inboard engine/LHD-steering-side, lower-under-tray, outboard-wing-side, bonnet/terminal-height volumes, battery lift-out path, formed chassis saddle geometry, and adjustable body-side offset-bar setting. Trial the widened front access-ladder stack: 660 x 310 spine, 340 x 265 battery tray with removable hold-down, adjustable offset bars at 160 / 190 / 230 mm, Relay Rev D vertical 360 x 245 aluminium base attached flat to the main metal service sheet with exact 300 x 197 insulating sheet and the existing covered relay box outside the battery footprint on the outboard/access edge with about 80 mm relay-to-battery service gap, red relay power pipe entering the relay top hole closest to the battery, relay output power bundle leaving the second top relay hole, MIDI Rev D hinged enclosure 210 x 165 x 65 on a separated top-front shelf started from the battery leading-edge datum with fuse 4 grommeted power input, five grommeted output holes, and the far-side output enlarged for two power cables, folded cutoff/kill-switch base/guard 170 x 110 finished face / 210 x 150 flat pattern / 20 mm upward lips beside the MIDI enclosure, central battery-to-far-side-cutoff input route, near-side cutoff-to-relay and cutoff-to-MIDI fuse 4 switched branch routes, 80 mm cable gutter, and cable-lug depth templates. May 14 image-based chassis estimate: start with tray underside 180 mm above chassis rail top, adjustable 150-210 mm; tray centre 190 mm wing-side/outboard from the more central chassis pickup centreline into the edge cavity, adjustable 160-230 mm via offset bars. The active design keeps relay/MIDI/cutoff off the inboard engine/LHD side unless the widened access-ladder mock-up fails by measurement.|Capture close-up/ruler photos for radiator side mounts, previous wire support path, battery tray top/side/underside supports, battery dimensions/terminal orientation, proposed MIDI/cutoff cardboard mock-up, cable exits, bonnet clearance, and the May 12 candidate upright/lower/inner pickup zones; use results to release the radiator and battery/power carrier templates|Create a station-by-station list for auxiliary tabs and clip brackets: brake/fuel line clips, harness P-clips, earth straps, exhaust hanger points, washer/overflow/ancillary supports, and any non-OEM wire-tied additions; weld/replace only required baseline tabs before coating|Send current body-off/chassis photos to the exhaust fabricator; decide whether to mock up headers, downpipes, dual exhaust routing, and hanger tabs while access is open, then remove parts and finish any chassis hanger/bracket welding before final chassis coating",indirect,direct_photo_evidence|indirect_photo_evidence_only
chassis_underside,frame_and_mount_points,chassis_frame_and_crossmembers|body_mount_points_and_captive_nuts|issue_steering_box_mount_crack_check|issue_front_spring_hanger_crack_check|issue_crossmember_end_thinning_check|issue_body_mount_captive_thread_repair|brake_system_evidence_pack|front_brake_disc_baseline|suspension_upgrade_fitment_and_alignment|tub_refit_rubber_hardware_shim_stack,9,0,2026-04-05 to 2026-04-23,underside_inspection:9,20260405_234542_gp_hucEa1CQ.jpg|20260405_234547_gp_3iX5cWQQ.jpg|20260405_234654_gp_P3KYxxIA.jpg|20260405_234802.jpg|20260405_234812_gp_twNBeWvQ.jpg|20260405_234839.jpg|20260405_234840_gp_IoFfvLNw.jpg|20260423_232202_gp_ryYH6xZg.jpg,chassis,12,steering_box_right_frame_mount_plate|cab_body_mount_rubber_puck_1|cab_body_mount_rubber_puck_2|cab_body_mount_rubber_puck_3|cab_body_mount_rubber_puck_4|cab_body_mount_rubber_puck_5|cab_body_mount_rubber_puck_6|cab_body_mount_rubber_puck_7,L4 service-reference detail:11|L2 bracket reference:1,represented_needs_dimension_check,P2,in_progress|inspection_pending|pending_work|replacement_evidence_added|sumitomo_front_disc_identified_measurement_pending|queued|flat_rubber_measurement_photos_added,"Degrease/wash frame, wire-brush to clean metal, inspect rails crossmembers spring hangers and steering-box area for cracks/pitting, then rust-treat remaining pits, solvent-wipe, zinc-rich epoxy-prime, seam-seal/top-protect, and cavity-wax approved zones|Inspect every body-mount pedestal and captive thread, chase/repair threads and sleeves, and define shim plan before tub refit|Clean to bare metal and crack-check steering box mount plus nearby hanger weld toes; mark for plate-reinforcement if crack or elongation is found|Inspect front spring hanger/shackle areas for crack lines, ovalized holes, and bracket deformation after cleanup|Gauge crossmember end-wall thickness and edge corrosion; patch/box-end only where metal loss exceeds safe section|Inspect all body-mount pedestals and captive threads; chase/repair threads, replace damaged sleeves, and define shim pack before refit|Consolidate brake configuration evidence from photos, chat, and parts tables; keep the front-disc/rear-drum assessment explicit, and treat the May 29 removed booster/servo evidence as owner-confirmed replacement scope for old brake parts.|Use the May 29 closeups as the fitted front-disc baseline: visible Sumitomo fixed calipers with external bridge/transfer pipes, dust shields, visible rotors, and short hard-line/flex-hose routing; replace pads/hardware and front hoses, and rebuild/replace calipers only after pad shape, piston count/diameter, mounting ears, hose/fitting threads, and rotor measurements are captured.|Install Ironman foam cell medium suspension kit, torque-check all pivots under load, and complete alignment/road-validation cycle|Use the reduced chassis-rubbers fabricator spec for quote/first article, then lock the main-tub rubber kit, separate front-support pair, hardware grade, sleeves, and shim stack by trial fit before final tub fastening",direct|indirect,direct_photo_evidence
chassis_underside,frame_floor_underside_and_lines,floor_pan|rear_fuel_tank|chassis_frame_and_crossmembers|body_mount_points_and_captive_nuts|chassis_hard_lines_and_brackets|issue_crossmember_end_thinning_check|issue_body_mount_captive_thread_repair|issue_brake_fuel_line_clip_corrosion|issue_chassis_ground_points_refresh|rear_differential_axle_inspection_20260517|brake_system_evidence_pack|rear_brake_drum_baseline|rear_brake_cable_line_refresh|brake_hydraulic_refresh_and_bias_decision|tub_refit_rubber_hardware_shim_stack,58,2,2026-03-31 to 2026-05-14,underside_inspection:55|brake_system:3,20260331_030439_gp_Hm0ga9nQ.jpg|20260331_224409.jpg|20260331_224411_gp_xotdHr5w.jpg|20260331_224415.jpg|20260331_224416_gp_HZ3sjkkA.jpg|20260331_224423.jpg|20260331_224424_gp_whE84rpw.jpg|20260331_224428.jpg,chassis,12,left_frame_rail|left_front_frame_horn_side_web|left_front_frame_horn_top_plate|left_rear_frame_horn_side_web|left_rear_frame_horn_top_plate|right_frame_rail|right_front_frame_horn_side_web|right_front_frame_horn_top_plate,L2 bracket reference:9|L0 envelope:2|L2 service datum:1,represented_needs_measurement_refinement,P1,rust_damage_photo_intake_added|removed_stored|in_progress|inspection_pending|pending_work|inspection_plan_added|replacement_evidence_added|spec_population|replacement_scope_confirmed|flat_rubber_measurement_photos_added,"Inspect May 17 tub/floor rust photos by zone, probe for pinholes/thin metal, then grind/cut/fab/weld and prime immediately after each released repair.|Keep tank out during body-off lift and welding; inspect tank bay and lines before refit|Degrease/wash frame, wire-brush to clean metal, inspect rails crossmembers spring hangers and steering-box area for cracks/pitting, then rust-treat remaining pits, solvent-wipe, zinc-rich epoxy-prime, seam-seal/top-protect, and cavity-wax approved zones|Inspect every body-mount pedestal and captive thread, chase/repair threads and sleeves, and define shim plan before tub refit|Inspect brake/fuel hard lines, clips, and bracket corrosion; replace weak clips/sections before final chassis coating|Gauge crossmember end-wall thickness and edge corrosion; patch/box-end only where metal loss exceeds safe section|Inspect all body-mount pedestals and captive threads; chase/repair threads, replace damaged sleeves, and define shim pack before refit|Inspect brake/fuel hard-lines under clips and bends; replace corroded clips and re-run/replace weak sections before coating|Locate frame-to-body and engine-to-chassis grounds, clean contact faces to bright metal, fit star washers, and re-protect after torque|Use the current body-off/suspension/brake access window to drain, open, inspect, and decision-gate the rear differential/axle assembly before coating, brake closeout, suspension alignment, or road validation.|Consolidate brake configuration evidence from photos, chat, and parts tables; keep the front-disc/rear-drum assessment explicit, and treat the May 29 removed booster/servo evidence as owner-confirmed replacement scope for old brake parts.|Open and identify rear drum hardware, then replace shoes, wheel cylinders, springs, adjusters, and hold-down hardware while keeping rear drums unless a measured need for rear discs appears|Replace rear parking-brake cable assemblies, rear axle hard lines, center flex hose, and line/cable retainers during the suspension/brake access window after photographing/removing the old parts as templates; keep small parking-brake attachment hardware under rear_parking_brake_attachment_hardware_20260527|Treat the hydraulic and booster system as replacement/renewal scope: replace or recreate hard lines and flex hoses, sample-match master/booster/reservoir/proportioning parts, then validate brake balance; old parts are templates only.|Use the reduced chassis-rubbers fabricator spec for quote/first article, then lock the main-tub rubber kit, separate front-support pair, hardware grade, sleeves, and shim stack by trial fit before final tub fastening",indirect|direct,direct_photo_evidence
chassis_underside,frame_rail_body_mount_and_crossmember_detail,chassis_frame_and_crossmembers|body_mount_points_and_captive_nuts|issue_crossmember_end_thinning_check|issue_body_mount_captive_thread_repair|issue_chassis_ground_points_refresh|chassis_wire_brush_status_20260501|chassis_missing_welded_bracket_survey_20260508|chassis_bracket_analysis_register_20260508|chassis_bracket_design_release_20260508|chassis_bracket_validation_release_20260508|exhaust_mockup_brackets_before_coating_20260508,12,0,2026-05-01,chassis_fixing:12,20260501_193533_gp_sDErdvGw.jpg|20260501_193542_gp_U7e0J0iA.jpg|20260501_193554_gp_EU4bmOlg.jpg|20260501_193603_gp_9zd2mD6w.jpg|20260501_193609_gp_f5PDj87Q.jpg|20260501_193618_gp_EFciJdww.jpg|20260501_193624_gp_ocLE7cMQ.jpg|20260501_193755_gp_cuaY6sgg.jpg,chassis,12,steering_box_right_frame_mount_plate|cab_body_mount_rubber_puck_1|cab_body_mount_rubber_puck_2|cab_body_mount_rubber_puck_3|cab_body_mount_rubber_puck_4|cab_body_mount_rubber_puck_5|cab_body_mount_rubber_puck_6|cab_body_mount_rubber_puck_7,L4 service-reference detail:11|L2 bracket reference:1,represented_needs_dimension_check,P2,in_progress|inspection_pending|pending_work|pre_coating_hold|register_seeded_open|design_required|validation_required|coordination_hold,"Degrease/wash frame, wire-brush to clean metal, inspect rails crossmembers spring hangers and steering-box area for cracks/pitting, then rust-treat remaining pits, solvent-wipe, zinc-rich epoxy-prime, seam-seal/top-protect, and cavity-wax approved zones|Inspect every body-mount pedestal and captive thread, chase/repair threads and sleeves, and define shim plan before tub refit|Gauge crossmember end-wall thickness and edge corrosion; patch/box-end only where metal loss exceeds safe section|Inspect all body-mount pedestals and captive threads; chase/repair threads, replace damaged sleeves, and define shim pack before refit|Locate frame-to-body and engine-to-chassis grounds, clean contact faces to bright metal, fit star washers, and re-protect after torque|Complete detail wire-brushing from May 1 status photos, then degrease, dry, inspect, rust-treat remaining pits, solvent-wipe, zinc-rich epoxy-prime, seam-seal/top-protect, and cavity-wax approved zones|Before primer/Raptor, survey chassis and tub-side welded brackets/tabs against current photos, loose parts, and visible wire-tied fixes; mark each missing, broken, non-baseline, or required auxiliary bracket and decide weld/bolt/no-refit for each|Maintain the bracket register from current chassis walkaround, existing body-off photos, loose removed parts, and WhatsApp notes; assign station, function, evidence photo, keep/repair/fabricate/remove/unknown status, and whether each item blocks primer/Raptor|For every repair/fabricate bracket, create a release sketch or card template with material thickness, bend shape, hole/stud size, location datum, weld/bolt method, clearance envelope, and corrosion/coating access plan|Validate installed brackets with labelled photos and dry-fit checks for radiator/support rubbers, battery tray/clamp, brake/fuel line clips, harness clips, earth straps, exhaust hanger/mock-up points, bonnet/fan/steering/suspension clearance, and coating access|Send current body-off/chassis photos to the exhaust fabricator; decide whether to mock up headers, downpipes, dual exhaust routing, and hanger tabs while access is open, then remove parts and finish any chassis hanger/bracket welding before final chassis coating",direct|indirect,direct_photo_evidence|indirect_photo_evidence_only
chassis_underside,frame_rail_body_mount_and_hard_line_detail,chassis_missing_welded_bracket_survey_20260508|chassis_bracket_analysis_register_20260508|chassis_bracket_design_release_20260508|chassis_bracket_fabrication_install_20260508|chassis_bracket_validation_release_20260508|auxiliary_chassis_tabs_and_clip_brackets_20260508|replacement_pipe_ordering_matrix,6,0,2026-04-22,underside_inspection:6,20260422_004306_gp_vGlNr2UA.jpg|20260422_004311_gp_994KQ0Pw.jpg|20260422_004323_gp_JD88KuWQ.jpg|20260422_004323_gp_JD88KuWQ_2.jpg|20260422_004332_gp_7d5uYWQQ.jpg|20260422_004332_gp_7d5uYWQQ_2.jpg,brake_system|chassis,12,front_hard_line_right_frame_run|rear_hard_line_right_frame_run|steering_box_right_frame_mount_plate|cab_body_mount_rubber_puck_1|cab_body_mount_rubber_puck_2|cab_body_mount_rubber_puck_3|cab_body_mount_rubber_puck_4|cab_body_mount_rubber_puck_5,L4 service-reference detail:9|L2 routing reference:2|L2 bracket reference:1,represented_needs_dimension_check,P2,pre_coating_hold|register_seeded_open|design_required|implementation_required|validation_required|spec_population,"Before primer/Raptor, survey chassis and tub-side welded brackets/tabs against current photos, loose parts, and visible wire-tied fixes; mark each missing, broken, non-baseline, or required auxiliary bracket and decide weld/bolt/no-refit for each|Maintain the bracket register from current chassis walkaround, existing body-off photos, loose removed parts, and WhatsApp notes; assign station, function, evidence photo, keep/repair/fabricate/remove/unknown status, and whether each item blocks primer/Raptor|For every repair/fabricate bracket, create a release sketch or card template with material thickness, bend shape, hole/stud size, location datum, weld/bolt method, clearance envelope, and corrosion/coating access plan|Fabricate, repair, weld, or properly bolt only released baseline brackets; trial-fit each supported part, grind/deburr welds, clean heat-affected areas, and keep threads/ground faces serviceable before primer/Raptor|Validate installed brackets with labelled photos and dry-fit checks for radiator/support rubbers, battery tray/clamp, brake/fuel line clips, harness clips, earth straps, exhaust hanger/mock-up points, bonnet/fan/steering/suspension clearance, and coating access|Create a station-by-station list for auxiliary tabs and clip brackets: brake/fuel line clips, harness P-clips, earth straps, exhaust hanger points, washer/overflow/ancillary supports, and any non-OEM wire-tied additions; weld/replace only required baseline tabs before coating|Maintain the curated replacement pipe matrix by vehicle location, direct pipe/location photo evidence, and recreation/order spec",direct,direct_photo_evidence
chassis_underside,front_frame_horns_bumper_and_radiator_support,chassis_missing_welded_bracket_survey_20260508|chassis_bracket_analysis_register_20260508|chassis_bracket_design_release_20260508|chassis_bracket_fabrication_install_20260508|chassis_bracket_validation_release_20260508|front_radiator_bracket_repair_20260508|front_radiator_two_side_retention_fabrication_20260508|engine_bay_mounting_scouting_pass_20260508|engine_radiator_recore_or_new_20260529,7,0,2026-04-22 to 2026-05-12,underside_inspection:6|chassis_fixing:1,20260422_004423_gp_B1N5ThVw.jpg|20260422_004423_gp_B1N5ThVw_2.jpg|20260422_004429_gp_4emWbTrA.jpg|20260422_004429_gp_4emWbTrA_2.jpg|20260422_004436_gp_yjCPMWTg.jpg|20260422_004436_gp_yjCPMWTg_2.jpg|20260512_073303_gp_hNyAiN1g.jpg,chassis,12,front_bumper|front_bumper_swept_main_face|front_left_tow_ring|front_right_tow_ring|left_frame_rail|left_front_bumper_stay_bolt_1|left_front_bumper_stay_bolt_2|left_front_bumper_stay_inner_plate,L4 service-reference detail:4|L0 envelope:2|L4 gallery-shaped surface:2|L1 visible-detail primitive:2|L2 bracket reference:2,represented_needs_measurement_refinement,P1,pre_coating_hold|register_seeded_open|design_required|implementation_required|validation_required|existing_measurements_imported_dry_fit_required|radiator_and_battery_measurements_imported_mount_template_required|amir_refurb_video_gate,"Before primer/Raptor, survey chassis and tub-side welded brackets/tabs against current photos, loose parts, and visible wire-tied fixes; mark each missing, broken, non-baseline, or required auxiliary bracket and decide weld/bolt/no-refit for each|Maintain the bracket register from current chassis walkaround, existing body-off photos, loose removed parts, and WhatsApp notes; assign station, function, evidence photo, keep/repair/fabricate/remove/unknown status, and whether each item blocks primer/Raptor|For every repair/fabricate bracket, create a release sketch or card template with material thickness, bend shape, hole/stud size, location datum, weld/bolt method, clearance envelope, and corrosion/coating access plan|Fabricate, repair, weld, or properly bolt only released baseline brackets; trial-fit each supported part, grind/deburr welds, clean heat-affected areas, and keep threads/ground faces serviceable before primer/Raptor|Validate installed brackets with labelled photos and dry-fit checks for radiator/support rubbers, battery tray/clamp, brake/fuel line clips, harness clips, earth straps, exhaust hanger/mock-up points, bonnet/fan/steering/suspension clearance, and coating access|Replace the wire-held/one-sided radiator support condition with a two-side controlled retention setup; trial-fit radiator isolators/rubbers and fan clearance, then fit the released bolt-through saddle/post bracket before primer/Raptor|Release a serviceable right-side radiator retention bracket from the existing-side measured template: one 4 mm mild-steel formed-angle post with a 48 mm measured main face, 410 mm upright/post height, 618 mm developed main-face template length, perpendicular return flange, full-depth 58 mm top screw return carried back to the far edge of the angle section, 70 mm chassis bridge allowance, 80 mm far-side saddle leg, clean near/far lower legs with no side ears over both sides of the chassis/front-support section, a through-bolt across both legs and chassis, and a top return carrying the radiator screw. Preserve fan/shroud/hose clearance and use rubber washer/bush isolation at the screw as required.|Capture close-up/ruler photos for radiator side mounts, previous wire support path, battery tray top/side/underside supports, battery dimensions/terminal orientation, proposed MIDI/cutoff cardboard mock-up, cable exits, bonnet clearance, and the May 12 candidate upright/lower/inner pickup zones; use results to release the radiator and battery/power carrier templates|Send the old engine radiator with Amir as the master pattern; pressure-test and flow-test it, recore if tanks/brackets are sound, otherwise build a new copper/brass radiator by sample; if the bought aluminium radiator is used, dry-fit first and fabricate only a removable rubber-isolated adapter/cradle if the radiator fundamentals are correct; preserve hose necks, cap, overflow, drain, corrected mounts, shroud/fan clearance, and bench-test before refit",direct|indirect,direct_photo_evidence
chassis_underside,front_frame_horns_bumper_and_steering_area,chassis_frame_and_crossmembers|chassis_hard_lines_and_brackets|issue_steering_box_mount_crack_check|issue_crossmember_end_thinning_check|issue_brake_fuel_line_clip_corrosion|issue_chassis_ground_points_refresh|chassis_wire_brush_status_20260501|chassis_missing_welded_bracket_survey_20260508|chassis_bracket_analysis_register_20260508|chassis_bracket_design_release_20260508|chassis_bracket_fabrication_install_20260508|chassis_bracket_validation_release_20260508|auxiliary_chassis_tabs_and_clip_brackets_20260508|engine_powertrain_cleaning_20260501|eps_vitz_column_layout_measurement|eps_general_adapter_design_fabrication|eps_vitz_support_bracket_design|eps_vitz_shaft_u_joint_adaptation|suspension_upgrade_fitment_and_alignment,14,0,2026-05-01 to 2026-05-12,chassis_fixing:13|steering_brakes_suspension:1,20260501_193841_gp_ZwpHFiMA.jpg|20260501_193847_gp_uHWO7Bdw.jpg|20260501_193856_gp_M78kWBlQ.jpg|20260501_193904_gp_GgWYRulA.jpg|20260501_193915_gp_lII00tCA.jpg|20260501_193924_gp_KK717O7g.jpg|20260501_193935_gp_FPwZZHZA.jpg|20260501_193944_gp_smzZc4nw.jpg,chassis,12,right_hand_drive_steering_box|steering_box_right_frame_mount_plate|front_bumper|front_bumper_swept_main_face|front_left_tow_ring|front_right_tow_ring|left_frame_rail|left_front_bumper_stay_bolt_1,L4 service-reference detail:4|L0 envelope:2|L4 gallery-shaped surface:2|L1 visible-detail primitive:2|L2 service datum:1|L2 bracket reference:1,represented_needs_measurement_refinement,P1,in_progress|inspection_pending|pending_work|pre_coating_hold|register_seeded_open|design_required|implementation_required|validation_required|queued|planning_required|fabrication_required,"Degrease/wash frame, wire-brush to clean metal, inspect rails crossmembers spring hangers and steering-box area for cracks/pitting, then rust-treat remaining pits, solvent-wipe, zinc-rich epoxy-prime, seam-seal/top-protect, and cavity-wax approved zones|Inspect brake/fuel hard lines, clips, and bracket corrosion; replace weak clips/sections before final chassis coating|Clean to bare metal and crack-check steering box mount plus nearby hanger weld toes; mark for plate-reinforcement if crack or elongation is found|Gauge crossmember end-wall thickness and edge corrosion; patch/box-end only where metal loss exceeds safe section|Inspect brake/fuel hard-lines under clips and bends; replace corroded clips and re-run/replace weak sections before coating|Locate frame-to-body and engine-to-chassis grounds, clean contact faces to bright metal, fit star washers, and re-protect after torque|Complete detail wire-brushing from May 1 status photos, then degrease, dry, inspect, rust-treat remaining pits, solvent-wipe, zinc-rich epoxy-prime, seam-seal/top-protect, and cavity-wax approved zones|Before primer/Raptor, survey chassis and tub-side welded brackets/tabs against current photos, loose parts, and visible wire-tied fixes; mark each missing, broken, non-baseline, or required auxiliary bracket and decide weld/bolt/no-refit for each|Maintain the bracket register from current chassis walkaround, existing body-off photos, loose removed parts, and WhatsApp notes; assign station, function, evidence photo, keep/repair/fabricate/remove/unknown status, and whether each item blocks primer/Raptor|For every repair/fabricate bracket, create a release sketch or card template with material thickness, bend shape, hole/stud size, location datum, weld/bolt method, clearance envelope, and corrosion/coating access plan|Fabricate, repair, weld, or properly bolt only released baseline brackets; trial-fit each supported part, grind/deburr welds, clean heat-affected areas, and keep threads/ground faces serviceable before primer/Raptor|Validate installed brackets with labelled photos and dry-fit checks for radiator/support rubbers, battery tray/clamp, brake/fuel line clips, harness clips, earth straps, exhaust hanger/mock-up points, bonnet/fan/steering/suspension clearance, and coating access|Create a station-by-station list for auxiliary tabs and clip brackets: brake/fuel line clips, harness P-clips, earth straps, exhaust hanger points, washer/overflow/ancillary supports, and any non-OEM wire-tied additions; weld/replace only required baseline tabs before coating|Clean engine, gearbox, transfer, steering box, and nearby driveline with controlled degreaser/pressure-sprayer workflow; dry fully and photograph leak sources before parts decisions|Measure and photograph the J40 steering wheel position upper column angle dash support pedal clearance firewall pass-through steering-box input line donor EPS motor envelope shaft lengths controller envelope and General EPS Adapter datum points before any cutting|Design dry-fit and fabricate the removable General EPS Adapter with vehicle-side datum plate firewall doubler/spreader EPS saddle or clamp clocking/spacer plates replaceable upper/lower shaft interfaces and serviceable controller/fastener access|Design and dry-fit the General EPS Adapter support cradle as a triangulated dash/cowl/firewall structure with spreader or doubler plates where needed so motor torque is not carried by thin dash sheet metal|Adapt the EPS output to the J40 steering-box input from the General EPS Adapter datum using controlled shaft sections U-joints couplers splines or machined adapters with replaceable upper/lower interfaces correct phasing engagement and lock-to-lock clearance|Install Ironman foam cell medium suspension kit, torque-check all pivots under load, and complete alignment/road-validation cycle",direct|indirect,direct_photo_evidence
chassis_underside,full_chassis_frame_overview,,2,0,2026-04-22,underside_inspection:2,20260422_004241_gp_hASLbowg.jpg|20260422_054711_gp_V1EgU9oQ.jpg,chassis,12,left_frame_rail|left_front_frame_horn_side_web|left_front_frame_horn_top_plate|left_rear_frame_horn_side_web|left_rear_frame_horn_top_plate|right_frame_rail|right_front_frame_horn_side_web|right_front_frame_horn_top_plate,L2 bracket reference:9|L0 envelope:2|L2 service datum:1,represented_needs_measurement_refinement,P1,,,,
chassis_underside,rear_axle_and_leaf_springs,chassis_frame_and_crossmembers|chassis_hard_lines_and_brackets|issue_front_spring_hanger_crack_check|issue_brake_fuel_line_clip_corrosion|rear_differential_axle_inspection_20260517|brake_system_evidence_pack|rear_brake_drum_baseline|rear_brake_cable_line_refresh|rear_parking_brake_attachment_hardware_20260527|brake_hydraulic_refresh_and_bias_decision|suspension_upgrade_spec_and_kit_lock|suspension_upgrade_fitment_and_alignment,24,0,2026-03-24 to 2026-05-14,underside_inspection:10|brake_system:9|steering_brakes_suspension:5,20260324_004815_gp_Q9G5DYGw.jpg|20260324_004832_gp_5elxVhZw.jpg|20260324_004852.jpg|20260324_004855_gp_LX6anGdw.jpg|20260324_004901.jpg|20260324_004904_gp_idPFK8Og.jpg|20260324_004906.jpg|20260324_004909_gp_IC7fzX9A.jpg,chassis,12,left_front_fixed_spring_hanger_inner_plate|left_front_fixed_spring_hanger_outer_plate|left_front_fixed_spring_pin|left_front_shackle_spring_hanger_inner_plate|left_front_shackle_spring_hanger_outer_plate|left_front_shackle_spring_pin|left_rear_fixed_spring_hanger_inner_plate|left_rear_fixed_spring_hanger_outer_plate,L2 bracket reference:8|L2 service datum:4,visual_reference_modelled,P1,in_progress|inspection_pending|pending_work|inspection_plan_added|replacement_evidence_added|spec_population|spec_controlled_purchase|replacement_scope_confirmed|closed_ordered_kit|queued,"Degrease/wash frame, wire-brush to clean metal, inspect rails crossmembers spring hangers and steering-box area for cracks/pitting, then rust-treat remaining pits, solvent-wipe, zinc-rich epoxy-prime, seam-seal/top-protect, and cavity-wax approved zones|Inspect brake/fuel hard lines, clips, and bracket corrosion; replace weak clips/sections before final chassis coating|Inspect front spring hanger/shackle areas for crack lines, ovalized holes, and bracket deformation after cleanup|Inspect brake/fuel hard-lines under clips and bends; replace corroded clips and re-run/replace weak sections before coating|Use the current body-off/suspension/brake access window to drain, open, inspect, and decision-gate the rear differential/axle assembly before coating, brake closeout, suspension alignment, or road validation.|Consolidate brake configuration evidence from photos, chat, and parts tables; keep the front-disc/rear-drum assessment explicit, and treat the May 29 removed booster/servo evidence as owner-confirmed replacement scope for old brake parts.|Open and identify rear drum hardware, then replace shoes, wheel cylinders, springs, adjusters, and hold-down hardware while keeping rear drums unless a measured need for rear discs appears|Replace rear parking-brake cable assemblies, rear axle hard lines, center flex hose, and line/cable retainers during the suspension/brake access window after photographing/removing the old parts as templates; keep small parking-brake attachment hardware under rear_parking_brake_attachment_hardware_20260527|Handle rear parking-brake cable attachment hardware as its own spec-controlled item: clevis and equalizer pieces, clevis pins, split pins/R-clips, adjuster hardware, cable-end retaining clips, external return springs, and bracket clips. Compare the received cable package and old removed hardware before buying or fitting anything.|Treat the hydraulic and booster system as replacement/renewal scope: replace or recreate hard lines and flex hoses, sample-match master/booster/reservoir/proportioning parts, then validate brake balance; old parts are templates only.|Closed: Ironman kit path is already ordered, and geometry is treated as effectively the same as the current setup. No separate ride-height/geometry fitment lock remains.|Install Ironman foam cell medium suspension kit, torque-check all pivots under load, and complete alignment/road-validation cycle",indirect|direct,direct_photo_evidence|indirect_photo_evidence_only
chassis_underside,rear_axle_spring_hanger_and_crossmember,chassis_frame_and_crossmembers|issue_front_spring_hanger_crack_check|chassis_wire_brush_status_20260501|rear_differential_axle_inspection_20260517|rear_brake_cable_line_refresh|rear_parking_brake_attachment_hardware_20260527|suspension_upgrade_spec_and_kit_lock|suspension_upgrade_fitment_and_alignment,7,0,2026-04-22 to 2026-05-12,underside_inspection:3|chassis_fixing:3|steering_brakes_suspension:1,20260422_004254_gp_SplHLSYA.jpg|20260422_004257_gp_cxEZbZoQ.jpg|20260422_004301_gp_SU89hisw.jpg|20260501_194305_gp_EllBGvXA.jpg|20260501_194313_gp_lfUqLibA.jpg|20260501_194322_gp_XuRtjN4w.jpg|20260512_072755_gp_qXTHC8hw.jpg,chassis,12,left_front_fixed_spring_hanger_inner_plate|left_front_fixed_spring_hanger_outer_plate|left_front_shackle_spring_hanger_inner_plate|left_front_shackle_spring_hanger_outer_plate|left_rear_fixed_spring_hanger_inner_plate|left_rear_fixed_spring_hanger_outer_plate|left_rear_shackle_spring_hanger_inner_plate|left_rear_shackle_spring_hanger_outer_plate,L2 bracket reference:12,represented_needs_dimension_check,P2,in_progress|pending_work|inspection_plan_added|spec_population|spec_controlled_purchase|closed_ordered_kit|queued,"Degrease/wash frame, wire-brush to clean metal, inspect rails crossmembers spring hangers and steering-box area for cracks/pitting, then rust-treat remaining pits, solvent-wipe, zinc-rich epoxy-prime, seam-seal/top-protect, and cavity-wax approved zones|Inspect front spring hanger/shackle areas for crack lines, ovalized holes, and bracket deformation after cleanup|Complete detail wire-brushing from May 1 status photos, then degrease, dry, inspect, rust-treat remaining pits, solvent-wipe, zinc-rich epoxy-prime, seam-seal/top-protect, and cavity-wax approved zones|Use the current body-off/suspension/brake access window to drain, open, inspect, and decision-gate the rear differential/axle assembly before coating, brake closeout, suspension alignment, or road validation.|Replace rear parking-brake cable assemblies, rear axle hard lines, center flex hose, and line/cable retainers during the suspension/brake access window after photographing/removing the old parts as templates; keep small parking-brake attachment hardware under rear_parking_brake_attachment_hardware_20260527|Handle rear parking-brake cable attachment hardware as its own spec-controlled item: clevis and equalizer pieces, clevis pins, split pins/R-clips, adjuster hardware, cable-end retaining clips, external return springs, and bracket clips. Compare the received cable package and old removed hardware before buying or fitting anything.|Closed: Ironman kit path is already ordered, and geometry is treated as effectively the same as the current setup. No separate ride-height/geometry fitment lock remains.|Install Ironman foam cell medium suspension kit, torque-check all pivots under load, and complete alignment/road-validation cycle",indirect|direct,direct_photo_evidence|indirect_photo_evidence_only
chassis_underside,rear_differential_carrier_and_axle_housing,rear_differential_axle_inspection_20260517,1,0,2026-05-17,mechanical_baseline:1,20260517_230500_user_rear_differential_carrier_cover.png,brake_system|chassis|running_gear,12,front_diff_pumpkin|rear_diff_pumpkin|left_parking_brake_cable_clip_2|rear_axle_brake_line|right_parking_brake_cable_clip_2|cab_body_mount_rubber_puck_1|cab_body_mount_rubber_puck_2|cab_body_mount_rubber_puck_3,L4 service-reference detail:7|L2 visible-detail primitive:2|L3 specific item reference:2|L2 routing reference:1,visual_reference_modelled,P3,inspection_plan_added,"Use the current body-off/suspension/brake access window to drain, open, inspect, and decision-gate the rear differential/axle assembly before coating, brake closeout, suspension alignment, or road validation.",direct,direct_photo_evidence
chassis_underside,rear_frame_crossmember_and_mounts,chassis_frame_and_crossmembers|issue_crossmember_end_thinning_check,1,0,2026-04-05,underside_inspection:1,20260405_234541.jpg,chassis,12,crossmember_1|crossmember_2|crossmember_3|crossmember_4|crossmember_5|left_crossmember_1_gusset_front|left_crossmember_1_gusset_rear|left_crossmember_2_gusset_front,L0 envelope:6|L2 bracket reference:6,represented_needs_measurement_refinement,P1,in_progress|pending_work,"Degrease/wash frame, wire-brush to clean metal, inspect rails crossmembers spring hangers and steering-box area for cracks/pitting, then rust-treat remaining pits, solvent-wipe, zinc-rich epoxy-prime, seam-seal/top-protect, and cavity-wax approved zones|Gauge crossmember end-wall thickness and edge corrosion; patch/box-end only where metal loss exceeds safe section",direct,direct_photo_evidence
chassis_underside,rear_mid_frame_rail_and_hard_line_detail,chassis_frame_and_crossmembers|chassis_hard_lines_and_brackets|issue_crossmember_end_thinning_check|issue_brake_fuel_line_clip_corrosion|chassis_wire_brush_status_20260501|chassis_missing_welded_bracket_survey_20260508|chassis_bracket_analysis_register_20260508|chassis_bracket_design_release_20260508|chassis_bracket_fabrication_install_20260508|chassis_bracket_validation_release_20260508|auxiliary_chassis_tabs_and_clip_brackets_20260508|engine_powertrain_cleaning_20260501|rear_differential_axle_inspection_20260517|rear_brake_cable_line_refresh,9,0,2026-05-01,chassis_fixing:9,20260501_194026_gp_gjPjhxdA.jpg|20260501_194041_gp_6zRIFJUw.jpg|20260501_194056_gp_p1erpz8w.jpg|20260501_194101_gp_3xKjQSsQ.jpg|20260501_194106_gp_e4CETkdg.jpg|20260501_194137_gp_S1qvWECw.jpg|20260501_194144_gp_P5PojIhw.jpg|20260501_194151_gp_NqgqjDEQ.jpg,brake_system|chassis|fuel_system,12,front_hard_line_right_frame_run|rear_hard_line_right_frame_run|left_frame_rail|right_frame_rail|right_hand_drive_steering_box|steering_box_right_frame_mount_plate|fuel_line_frame_run|rear_axle_brake_line,L2 bracket reference:5|L2 routing reference:4|L0 envelope:2|L2 service datum:1,represented_needs_measurement_refinement,P1,in_progress|inspection_pending|pending_work|pre_coating_hold|register_seeded_open|design_required|implementation_required|validation_required|queued|inspection_plan_added|spec_population,"Degrease/wash frame, wire-brush to clean metal, inspect rails crossmembers spring hangers and steering-box area for cracks/pitting, then rust-treat remaining pits, solvent-wipe, zinc-rich epoxy-prime, seam-seal/top-protect, and cavity-wax approved zones|Inspect brake/fuel hard lines, clips, and bracket corrosion; replace weak clips/sections before final chassis coating|Gauge crossmember end-wall thickness and edge corrosion; patch/box-end only where metal loss exceeds safe section|Inspect brake/fuel hard-lines under clips and bends; replace corroded clips and re-run/replace weak sections before coating|Complete detail wire-brushing from May 1 status photos, then degrease, dry, inspect, rust-treat remaining pits, solvent-wipe, zinc-rich epoxy-prime, seam-seal/top-protect, and cavity-wax approved zones|Before primer/Raptor, survey chassis and tub-side welded brackets/tabs against current photos, loose parts, and visible wire-tied fixes; mark each missing, broken, non-baseline, or required auxiliary bracket and decide weld/bolt/no-refit for each|Maintain the bracket register from current chassis walkaround, existing body-off photos, loose removed parts, and WhatsApp notes; assign station, function, evidence photo, keep/repair/fabricate/remove/unknown status, and whether each item blocks primer/Raptor|For every repair/fabricate bracket, create a release sketch or card template with material thickness, bend shape, hole/stud size, location datum, weld/bolt method, clearance envelope, and corrosion/coating access plan|Fabricate, repair, weld, or properly bolt only released baseline brackets; trial-fit each supported part, grind/deburr welds, clean heat-affected areas, and keep threads/ground faces serviceable before primer/Raptor|Validate installed brackets with labelled photos and dry-fit checks for radiator/support rubbers, battery tray/clamp, brake/fuel line clips, harness clips, earth straps, exhaust hanger/mock-up points, bonnet/fan/steering/suspension clearance, and coating access|Create a station-by-station list for auxiliary tabs and clip brackets: brake/fuel line clips, harness P-clips, earth straps, exhaust hanger points, washer/overflow/ancillary supports, and any non-OEM wire-tied additions; weld/replace only required baseline tabs before coating|Clean engine, gearbox, transfer, steering box, and nearby driveline with controlled degreaser/pressure-sprayer workflow; dry fully and photograph leak sources before parts decisions|Use the current body-off/suspension/brake access window to drain, open, inspect, and decision-gate the rear differential/axle assembly before coating, brake closeout, suspension alignment, or road validation.|Replace rear parking-brake cable assemblies, rear axle hard lines, center flex hose, and line/cable retainers during the suspension/brake access window after photographing/removing the old parts as templates; keep small parking-brake attachment hardware under rear_parking_brake_attachment_hardware_20260527",direct|indirect,direct_photo_evidence
chassis_underside,rear_shock_and_crossmember_view,,1,0,2026-04-05,underside_inspection:1,20260405_234811.jpg,chassis,12,crossmember_1|crossmember_2|crossmember_3|crossmember_4|crossmember_5|left_crossmember_1_gusset_front|left_crossmember_1_gusset_rear|left_crossmember_2_gusset_front,L2 bracket reference:7|L0 envelope:5,represented_needs_measurement_refinement,P1,,,,
chassis_underside,steering_and_suspension_linkages,chassis_frame_and_crossmembers|chassis_hard_lines_and_brackets|issue_steering_box_mount_crack_check|issue_brake_fuel_line_clip_corrosion|issue_chassis_ground_points_refresh|brake_system_evidence_pack|front_brake_disc_baseline|brake_hydraulic_refresh_and_bias_decision|eps_vitz_column_layout_measurement|eps_vitz_shaft_u_joint_adaptation|suspension_upgrade_spec_and_kit_lock|suspension_upgrade_fitment_and_alignment|wheel_tyre_condition_assessment_20260512,9,0,2026-04-06 to 2026-05-12,underside_inspection:7|steering_brakes_suspension:2,20260406_030839_gp_VYKBhRNA.jpg|20260406_030955.jpg|20260406_030958_gp_Zt93jqLQ.jpg|20260406_031010.jpg|20260406_031013_gp_Rlzc9rXQ.jpg|20260423_232220_gp_ezwEcH2g.jpg|20260423_232236_gp_caYB252g.jpg|20260512_072913_gp_g3iLrvfw.jpg,chassis,12,right_hand_drive_steering_box|steering_box_right_frame_mount_plate|cab_body_mount_rubber_puck_1|cab_body_mount_rubber_puck_2|cab_body_mount_rubber_puck_3|cab_body_mount_rubber_puck_4|cab_body_mount_rubber_puck_5|cab_body_mount_rubber_puck_6,L4 service-reference detail:10|L2 service datum:1|L2 bracket reference:1,visual_reference_modelled,P2,in_progress|inspection_pending|pending_work|replacement_evidence_added|sumitomo_front_disc_identified_measurement_pending|replacement_scope_confirmed|planning_required|fabrication_required|closed_ordered_kit|queued|assessment_started,"Degrease/wash frame, wire-brush to clean metal, inspect rails crossmembers spring hangers and steering-box area for cracks/pitting, then rust-treat remaining pits, solvent-wipe, zinc-rich epoxy-prime, seam-seal/top-protect, and cavity-wax approved zones|Inspect brake/fuel hard lines, clips, and bracket corrosion; replace weak clips/sections before final chassis coating|Clean to bare metal and crack-check steering box mount plus nearby hanger weld toes; mark for plate-reinforcement if crack or elongation is found|Inspect brake/fuel hard-lines under clips and bends; replace corroded clips and re-run/replace weak sections before coating|Locate frame-to-body and engine-to-chassis grounds, clean contact faces to bright metal, fit star washers, and re-protect after torque|Consolidate brake configuration evidence from photos, chat, and parts tables; keep the front-disc/rear-drum assessment explicit, and treat the May 29 removed booster/servo evidence as owner-confirmed replacement scope for old brake parts.|Use the May 29 closeups as the fitted front-disc baseline: visible Sumitomo fixed calipers with external bridge/transfer pipes, dust shields, visible rotors, and short hard-line/flex-hose routing; replace pads/hardware and front hoses, and rebuild/replace calipers only after pad shape, piston count/diameter, mounting ears, hose/fitting threads, and rotor measurements are captured.|Treat the hydraulic and booster system as replacement/renewal scope: replace or recreate hard lines and flex hoses, sample-match master/booster/reservoir/proportioning parts, then validate brake balance; old parts are templates only.|Measure and photograph the J40 steering wheel position upper column angle dash support pedal clearance firewall pass-through steering-box input line donor EPS motor envelope shaft lengths controller envelope and General EPS Adapter datum points before any cutting|Adapt the EPS output to the J40 steering-box input from the General EPS Adapter datum using controlled shaft sections U-joints couplers splines or machined adapters with replaceable upper/lower interfaces correct phasing engagement and lock-to-lock clearance|Closed: Ironman kit path is already ordered, and geometry is treated as effectively the same as the current setup. No separate ride-height/geometry fitment lock remains.|Install Ironman foam cell medium suspension kit, torque-check all pivots under load, and complete alignment/road-validation cycle|Assess the current Neolin M/T tyres and Toyota six-lug steel wheels before road validation: record tyre size/load rating/date code on all tyres, inspect inner and outer sidewalls, tread damage, bead seating, rim corrosion/runout, valve stems, wheel weights, lug seats/nuts, pressure retention, balance, and clearance after suspension install",indirect|direct,direct_photo_evidence|indirect_photo_evidence_only
chassis_underside,suspension_bump_stop_removed_samples,,2,0,2026-05-29,rubber_recreation_measurement:2,20260529_223605_gp_CklgF0cQ.jpg|20260529_223701_gp_wYPExcAA.jpg,chassis|datum|running_gear,12,suspension_bump_stop_removed_samples_front_envelope|suspension_bump_stop_removed_samples_mount_hole_spacing_bar|suspension_bump_stop_removed_samples_rear_envelope|left_front_bump_stop|left_rear_bump_stop|right_front_bump_stop|right_rear_bump_stop|cab_body_mount_rubber_puck_1,L4 service-reference detail:5|L2 service datum:4|measurement datum from project photos:3,represented_needs_dimension_check,P3,,,,
chassis_underside,suspension_or_linkage_mount,issue_steering_box_mount_crack_check|issue_front_spring_hanger_crack_check|brake_system_evidence_pack|front_brake_disc_baseline,2,0,2026-04-11,underside_inspection:2,20260411_220207.jpg|20260411_220214.jpg,chassis,12,cab_body_mount_rubber_puck_1|cab_body_mount_rubber_puck_2|cab_body_mount_rubber_puck_3|cab_body_mount_rubber_puck_4|cab_body_mount_rubber_puck_5|cab_body_mount_rubber_puck_6|cab_body_mount_rubber_puck_7|cab_body_mount_rubber_puck_8,L4 service-reference detail:12,represented_needs_dimension_check,P3,pending_work|replacement_evidence_added|sumitomo_front_disc_identified_measurement_pending,"Clean to bare metal and crack-check steering box mount plus nearby hanger weld toes; mark for plate-reinforcement if crack or elongation is found|Inspect front spring hanger/shackle areas for crack lines, ovalized holes, and bracket deformation after cleanup|Consolidate brake configuration evidence from photos, chat, and parts tables; keep the front-disc/rear-drum assessment explicit, and treat the May 29 removed booster/servo evidence as owner-confirmed replacement scope for old brake parts.|Use the May 29 closeups as the fitted front-disc baseline: visible Sumitomo fixed calipers with external bridge/transfer pipes, dust shields, visible rotors, and short hard-line/flex-hose routing; replace pads/hardware and front hoses, and rebuild/replace calipers only after pad shape, piston count/diameter, mounting ears, hose/fitting threads, and rotor measurements are captured.",indirect|direct,direct_photo_evidence
chassis_underside,transmission_crossmember_and_driveline_mounts,gearbox_top_cover_shift_tower_20260518|gearbox_oil_service_drain_inspect_refill_20260529,4,0,2026-04-22,underside_inspection:4,20260422_004319_gp_Ttqz46Sw.jpg|20260422_004319_gp_Ttqz46Sw_2.jpg|20260422_004338_gp_35uwfApA.jpg|20260422_004338_gp_35uwfApA_2.jpg,chassis,12,transfer_case_crossmember|crossmember_1|crossmember_2|crossmember_3|crossmember_4|crossmember_5|left_crossmember_1_gusset_front|left_crossmember_1_gusset_rear,L2 bracket reference:7|L0 envelope:5,represented_needs_measurement_refinement,P1,workstream_added,"Run GB-TOP-CAPTURE-001, identify gearbox and top-cover variant, remove and bench-inspect the shift tower/top cover, then repair/replace the cover before buying detents, bushes, shift-seat parts, boots, gaskets, or cover hardware|Use WhatsApp-confirmed 2H engine with 5-speed gear as the vehicle basis, confirm the exact 5-speed gearbox/manual match, prove the fill plug opens, drain oil into a clean pan, inspect oil sample and drain plug debris, then refill only with correct manual gearbox oil and matched drain/fill plug sealing washers",indirect,direct_photo_evidence
documentation_reference,aftermarket_chassis_reference_image,,1,0,2026-04-22,reference_material:1,20260422_015512_gp_BmYsVZ6w.jpg,chassis,12,cab_body_mount_rubber_puck_1|cab_body_mount_rubber_puck_2|cab_body_mount_rubber_puck_3|cab_body_mount_rubber_puck_4|cab_body_mount_rubber_puck_5|cab_body_mount_rubber_puck_6|cab_body_mount_rubber_puck_7|cab_body_mount_rubber_puck_8,L4 service-reference detail:12,visual_reference_modelled,P3,,,,
documentation_reference,electrical_reference_document,old_accessory_wiring,2,0,2026-04-03,reference_material:2,20260403_202907.jpg|20260403_202907_gp_CBoVlGVQ.jpg,,0,,,photos_only_needs_model_geometry,P3,partially_removed,Remove nonstandard LEDs speakers light bars and extra wiring,indirect,direct_photo_evidence
documentation_reference,electrical_wiring_diagram,old_accessory_wiring,2,0,2026-04-03,reference_material:2,20260403_202920.jpg|20260403_202920_gp_WmvduRvQ.jpg,,0,,,photos_only_needs_model_geometry,P3,partially_removed,Remove nonstandard LEDs speakers light bars and extra wiring,indirect,direct_photo_evidence
documentation_reference,handwritten_notes,,3,0,2026-04-01,reference_material:3,20260401_111029_gp_6ebGjXdw.jpg|20260401_121730.jpg|20260401_121730_gp_Kjg7RE4g.jpg,,0,,,photos_only_needs_model_geometry,P3,,,,
documentation_reference,off_vehicle_workstation_reference_video,paint_workshop_progress_media,2,2,2026-03-29 to 2026-04-23,reference_material:2,20260329_095138.mp4|20260423_202614_gp_WU0G6duw.mp4,,0,,,photos_only_needs_model_geometry,P3,evidence_tracking,Collect and retain actual painter/bodywork progress media with batch references in notes; do not use stripdown wing-removal or body-lift prep as direct paint evidence,direct,direct_photo_evidence
documentation_reference,pakwheels_listing_screenshot,,1,0,2026-03-13,reference_material:1,Screenshot_20260313_054936_PakWheels.jpg,,0,,,photos_only_needs_model_geometry,P3,,,,
documentation_reference,reference_media,,67,1,2026-04-14 to 2026-05-28,reference_material:67,20260414_000833_gp_7PzMcRKw.jpg|20260417_000213_gp_Fb3CsGNw.mp4|20260417_001245_gp_DAdHbluw.jpg|20260423_183250_gp_gbQuZMGA.jpg|20260423_183256_gp_8GNscvIg.jpg|20260423_183343_gp_njQcMovA.jpg|20260423_183351_gp_XT7IdNMA.jpg|20260423_183357_gp_QrMMg9fg.jpg,,0,,,photos_only_needs_model_geometry,P1,,,,
electrical_system,alternator_charge_regulator_wiring,engine_electrical_inputs_reconciliation_20260517,2,0,2026-05-17,electrical_refit:2,20260517_204740_gp_yI8f8DQw.jpg|20260517_204756_gp_xdOm3erw.jpg,as_fitted_routes|engine_bay,2,alternator_body|j40_rt_008_alternator_charge_regulator_branch_alternator_charge_branch,L2 visible-detail primitive:1|L1 as-fitted route scope:1,represented_needs_measurement_refinement,P1,photo_intake_added,"Identify every engine-side electrical input from the May 17 picker set, reconcile each with the existing wiring master before final loom wrap, repair or replace damaged connectors and taped splices, and validate starter, charging, sender, fuel-stop or idle-up, unknown connector, and ground circuits by continuity and live tests.",direct,direct_photo_evidence
electrical_system,battery_power_carrier_100a_cutoff_breaker,,1,0,2026-05-15,electrical_reset:1,20260515_112836_gp_sFdn9AyA.jpg,body|datum,12,installed_battery_dimension_reference_height_bar|rear_spare_carrier_hardware_screw_1|rear_spare_carrier_hardware_screw_2|rear_spare_carrier_hardware_screw_3|rear_spare_carrier_hardware_screw_4|rear_spare_carrier_hardware_screw_5|rear_spare_carrier_hardware_screw_6|rear_spare_carrier_latch_pin,L3 exterior material reference:10|measurement datum from project photos:1|L2 bracket reference:1,visual_reference_modelled,P3,,,,
electrical_system,battery_power_carrier_midi_fuse_bank,,1,0,2026-05-15,electrical_reset:1,20260515_112907_gp_wtj4G8tQ.jpg,body,12,rear_spare_carrier_hardware_screw_1|rear_spare_carrier_hardware_screw_2|rear_spare_carrier_hardware_screw_3|rear_spare_carrier_hardware_screw_4|rear_spare_carrier_hardware_screw_5|rear_spare_carrier_hardware_screw_6|rear_spare_carrier_latch_pin|rear_spare_carrier_latch_plate,L3 exterior material reference:10|L2 bracket reference:2,visual_reference_modelled,P3,,,,
electrical_system,battery_power_carrier_relay_box_cover,,1,0,2026-05-15,electrical_reset:1,20260515_112827_gp_kbx0JKSQ.jpg,body,12,rear_spare_carrier_hardware_screw_1|rear_spare_carrier_hardware_screw_2|rear_spare_carrier_hardware_screw_3|rear_spare_carrier_hardware_screw_4|rear_spare_carrier_hardware_screw_5|rear_spare_carrier_hardware_screw_6|rear_spare_carrier_latch_pin|rear_spare_carrier_latch_plate,L3 exterior material reference:10|L2 bracket reference:2,visual_reference_modelled,P3,,,,
electrical_system,cabin_engine_firewall_pass_through_holes,cabin_engine_firewall_holes_survey_20260517,4,0,2026-05-17,electrical_refit:4,20260517_194754_gp_vXLV7rzA.jpg|20260517_194806_gp_eou5ctOQ.jpg|20260517_194841_gp_eXh30voQ.jpg|20260517_194911_gp_jCrFS5PA.jpg,as_fitted_routes|body|datum|engine_bay|interior,12,j40_rt_022_drier_to_evaporator_and_evaporator_suction_to_compressor_ac_firewall_to_evaporator_suction_pair|brake_booster_firewall_bracket|clutch_hydraulic_line_firewall_run|rhd_firewall_pedal_box_outer_plate|steering_column_lower_firewall_shaft|steering_column_firewall_boot|j40_rt_013_firewall_main_pass_throughs_main_firewall_pass_through_band|j40_rt_026_evaporator_condensate_and_body_drain_routes_evaporator_condensate_drain,L1 as-fitted route scope:3|L0 envelope:3|L2 service datum:2|L2 routing reference:2|L2 visible-detail primitive:1|measurement datum from project photos:1,represented_needs_measurement_refinement,P1,photo_intake_added,"Map all existing cabin-to-engine firewall holes from the May 17 picker set, record diameter and station references, decide which openings can be reused for protected loom or control-cable routing, and list which holes need plugs, grommets, edge repair, or closure before final electrical wrap.",direct,direct_photo_evidence
electrical_system,driver_footwell_firewall_pass_through,old_accessory_wiring|cabin_engine_firewall_holes_survey_20260517|eps_vitz_controller_mount_and_wiring,1,0,2026-03-24,stripdown_cataloguing:1,20260324_004812.jpg,as_fitted_routes|body|engine_bay|interior,12,driver_side_floor_dimmer_switch|rhd_pedal_box_reinforcement|steering_column_firewall_boot|firewall|brake_booster_firewall_bracket|clutch_hydraulic_line_firewall_run|rhd_firewall_pedal_box_outer_plate|steering_column_lower_firewall_shaft,L2 service datum:4|L2 visible-detail primitive:3|L0 envelope:2|L2 routing reference:2|L1 as-fitted route scope:1,represented_needs_measurement_refinement,P1,partially_removed|photo_intake_added|design_required,"Remove nonstandard LEDs speakers light bars and extra wiring|Map all existing cabin-to-engine firewall holes from the May 17 picker set, record diameter and station references, decide which openings can be reused for protected loom or control-cable routing, and list which holes need plugs, grommets, edge repair, or closure before final electrical wrap.|Mount the matched EPS ECU/controller in a dry serviceable cabin position and build new fused power ground ignition-trigger terminals grommets labels and loom protection using donor pigtails only for identification",direct|indirect,direct_photo_evidence
electrical_system,engine_input_loom_routing_context,engine_electrical_inputs_reconciliation_20260517,1,0,2026-05-17,electrical_refit:1,20260517_204725_gp_y7P6qvhQ.jpg,body|datum|engine_bay,12,left_inner_fender|right_inner_fender|radiator_sample_measurement_core_envelope|air_filter|alternator_body|battery_case|battery_negative_terminal|battery_positive_terminal,L2 service datum:5|L0 envelope:4|measurement datum from project photos:1|L2 visible-detail primitive:1|L2 routing reference:1,represented_needs_measurement_refinement,P1,photo_intake_added,"Identify every engine-side electrical input from the May 17 picker set, reconcile each with the existing wiring master before final loom wrap, repair or replace damaged connectors and taped splices, and validate starter, charging, sender, fuel-stop or idle-up, unknown connector, and ground circuits by continuity and live tests.",direct,direct_photo_evidence
electrical_system,engine_loose_connector_unassigned,engine_electrical_inputs_reconciliation_20260517,1,0,2026-05-17,electrical_refit:1,20260517_204538_gp_9CERKvYA.jpg,body|datum|engine_bay,12,left_inner_fender|right_inner_fender|radiator_sample_measurement_core_envelope|air_filter|alternator_body|battery_case|battery_negative_terminal|battery_positive_terminal,L2 service datum:5|L0 envelope:4|measurement datum from project photos:1|L2 visible-detail primitive:1|L2 routing reference:1,represented_needs_measurement_refinement,P1,photo_intake_added,"Identify every engine-side electrical input from the May 17 picker set, reconcile each with the existing wiring master before final loom wrap, repair or replace damaged connectors and taped splices, and validate starter, charging, sender, fuel-stop or idle-up, unknown connector, and ground circuits by continuity and live tests.",direct,direct_photo_evidence
electrical_system,engine_sender_branch,engine_electrical_inputs_reconciliation_20260517,2,0,2026-05-17,electrical_refit:2,20260517_204615_gp_wsn4bN8g.jpg|20260517_204711_gp_jZ4tm3uQ.jpg,body|datum|engine_bay,12,left_inner_fender|right_inner_fender|radiator_sample_measurement_core_envelope|air_filter|alternator_body|battery_case|battery_negative_terminal|battery_positive_terminal,L2 service datum:5|L0 envelope:4|measurement datum from project photos:1|L2 visible-detail primitive:1|L2 routing reference:1,represented_needs_measurement_refinement,P1,photo_intake_added,"Identify every engine-side electrical input from the May 17 picker set, reconcile each with the existing wiring master before final loom wrap, repair or replace damaged connectors and taped splices, and validate starter, charging, sender, fuel-stop or idle-up, unknown connector, and ground circuits by continuity and live tests.",direct,direct_photo_evidence
electrical_system,engine_starter_solenoid_and_ground_inputs,engine_electrical_inputs_reconciliation_20260517,1,0,2026-05-17,electrical_refit:1,20260517_204429_gp_yEAcUHBg.jpg,body|datum|engine_bay,12,starter_motor|left_inner_fender|right_inner_fender|radiator_sample_measurement_core_envelope|air_filter|alternator_body|battery_case|battery_negative_terminal,L2 service datum:5|L0 envelope:4|L2 visible-detail primitive:2|measurement datum from project photos:1,represented_needs_measurement_refinement,P1,photo_intake_added,"Identify every engine-side electrical input from the May 17 picker set, reconcile each with the existing wiring master before final loom wrap, repair or replace damaged connectors and taped splices, and validate starter, charging, sender, fuel-stop or idle-up, unknown connector, and ground circuits by continuity and live tests.",direct,direct_photo_evidence
electrical_system,engine_unidentified_two_wire_connector,engine_electrical_inputs_reconciliation_20260517,1,0,2026-05-17,electrical_refit:1,20260517_204445_gp_oaQKzDrA.jpg,body,12,hood_crowned_closed_skin|left_front_fender_rolled_upper_crown|left_front_outer_arch_rounded_skin_facet_1|left_front_outer_arch_rounded_skin_facet_2|left_front_outer_arch_rounded_skin_facet_3|left_front_outer_arch_rounded_skin_facet_4|left_front_outer_arch_rounded_skin_facet_5|left_front_outer_arch_rounded_skin_facet_6,L4 gallery-shaped surface:11|L0 envelope:1,represented_needs_measurement_refinement,P1,photo_intake_added,"Identify every engine-side electrical input from the May 17 picker set, reconcile each with the existing wiring master before final loom wrap, repair or replace damaged connectors and taped splices, and validate starter, charging, sender, fuel-stop or idle-up, unknown connector, and ground circuits by continuity and live tests.",direct,direct_photo_evidence
electrical_system,firewall_and_dash_wiring,old_accessory_wiring|cabin_engine_firewall_holes_survey_20260517|eps_vitz_controller_mount_and_wiring,10,0,2026-03-20,electrical_rework:10,20260320_191834.jpg|20260320_191837_gp_tmpBN7rA.jpg|20260320_191846.jpg|20260320_191848_gp_1zuoDRhw.jpg|20260320_192143.jpg|20260320_192145_gp_VGtn7lYA.jpg|20260320_192148.jpg|20260320_192151_gp_1q5neNiA.jpg,body|engine_bay|interior,12,firewall|brake_booster_firewall_bracket|clutch_hydraulic_line_firewall_run|rhd_firewall_pedal_box_outer_plate|steering_column_lower_firewall_shaft|dash_ammeter_chrome_bezel|dash_ammeter_dark_face|dash_fuel_chrome_bezel,L4 online-reference detail:6|L2 service datum:2|L2 routing reference:2|L0 envelope:1|L2 visible-detail primitive:1,represented_needs_measurement_refinement,P1,partially_removed|photo_intake_added|design_required,"Remove nonstandard LEDs speakers light bars and extra wiring|Map all existing cabin-to-engine firewall holes from the May 17 picker set, record diameter and station references, decide which openings can be reused for protected loom or control-cable routing, and list which holes need plugs, grommets, edge repair, or closure before final electrical wrap.|Mount the matched EPS ECU/controller in a dry serviceable cabin position and build new fused power ground ignition-trigger terminals grommets labels and loom protection using donor pigtails only for identification",direct|indirect,direct_photo_evidence
electrical_system,injection_pump_throttle_linkage_electrical_input,engine_electrical_inputs_reconciliation_20260517,2,0,2026-05-17,electrical_refit:2,20260517_204504_gp_46p1VNCg.jpg|20260517_204550_gp_kDsqLZQg.jpg,as_fitted_routes|engine_bay|interior,4,j40_rt_009_engine_sender_injection_pump_branch_engine_sender_injection_pump_branch|water_pump_pulley|accelerator_linkage_pivot|j40_rt_024_throttle_choke_fuel_stop_and_heater_control_cables_throttle_choke_fuel_stop_control_cables,L1 as-fitted route scope:2|L2 visible-detail primitive:1|L2 service datum:1,represented_needs_measurement_refinement,P1,photo_intake_added,"Identify every engine-side electrical input from the May 17 picker set, reconcile each with the existing wiring master before final loom wrap, repair or replace damaged connectors and taped splices, and validate starter, charging, sender, fuel-stop or idle-up, unknown connector, and ground circuits by continuity and live tests.",direct,direct_photo_evidence
electrical_system,j40_electrical_wiring_diagram,,1,0,2026-05-18,electrical_reference:1,J40.jpg,as_fitted_routes,1,j40_rt_027_exhaust_route_and_hanger_clearance_exhaust_heat_route_reference,L2 heat-clearance check:1,visual_reference_modelled,P3,,,,
electrical_system,pedal_box_wiring,old_accessory_wiring|cabin_engine_firewall_holes_survey_20260517|eps_vitz_controller_mount_and_wiring,5,0,2026-03-28,electrical_rework:5,20260328_053638_gp_t6Q3oCTA.jpg|20260328_053645_gp_6idpzPCg.jpg|20260328_174655_gp_uKQXWNAg.jpeg|20260328_232207.jpg|20260328_232208_gp_z4ICp1LA.jpg,chassis|engine_bay|interior,12,rhd_firewall_pedal_box_outer_plate|rhd_pedal_box_reinforcement|right_hand_drive_steering_box|steering_box_right_frame_mount_plate|steering_column_lower_firewall_shaft|steering_intermediate_shaft|accelerator_pedal_arm|accelerator_pedal_pad,L2 visible-detail primitive:5|L2 service datum:4|L2 routing reference:2|L2 bracket reference:1,visual_reference_modelled,P2,partially_removed|photo_intake_added|design_required,"Remove nonstandard LEDs speakers light bars and extra wiring|Map all existing cabin-to-engine firewall holes from the May 17 picker set, record diameter and station references, decide which openings can be reused for protected loom or control-cable routing, and list which holes need plugs, grommets, edge repair, or closure before final electrical wrap.|Mount the matched EPS ECU/controller in a dry serviceable cabin position and build new fused power ground ignition-trigger terminals grommets labels and loom protection using donor pigtails only for identification",direct|indirect,direct_photo_evidence
engine_bay,battery_side_tray_structure_context,chassis_bracket_analysis_register_20260508|chassis_bracket_design_release_20260508|battery_tray_holder_bracket_repair_20260508|battery_power_carrier_mount_fabrication_20260508|engine_bay_mounting_scouting_pass_20260508,1,0,2026-05-12,chassis_fixing:1,20260512_100100_user_battery_side_tray_structure_context.png,datum|engine_bay,12,battery_tray_reference|battery_case|battery_negative_terminal|battery_positive_terminal|positive_battery_cable_run|existing_battery_mount_tray_measurements_hold_down_span|existing_battery_mount_tray_measurements_tray_footprint|installed_battery_dimension_reference_height_bar,L2 service datum:5|measurement datum from project photos:3|L0 envelope:2|L2 routing reference:1|L2 visible-detail primitive:1,represented_needs_measurement_refinement,P1,register_seeded_open|design_required|battery_and_tray_measurements_imported|actual_battery_and_mount_measurements_imported|radiator_and_battery_measurements_imported_mount_template_required,"Maintain the bracket register from current chassis walkaround, existing body-off photos, loose removed parts, and WhatsApp notes; assign station, function, evidence photo, keep/repair/fabricate/remove/unknown status, and whether each item blocks primer/Raptor|For every repair/fabricate bracket, create a release sketch or card template with material thickness, bend shape, hole/stud size, location datum, weld/bolt method, clearance envelope, and corrosion/coating access plan|Upgrade the weak battery tray/holder support rather than simply refitting the old mount; confirm battery size, tray support legs, clamp path, cable/bonnet/engine clearance, drain/corrosion isolation, and final weld/bolt method before primer/Raptor|Fabricate/mock up the compact chassis-mounted battery power carrier Rev F only after mapping the battery cavity: use the May 17 actual installed Daewoo DLS120 battery measurement photos as the fixed exclusion block, keep the standard N70/27-class 318 x 180 x 230 envelope as fallback comparison until the final numbers are transcribed, measure front/radiator-side, inboard engine/LHD-steering-side, lower-under-tray, outboard-wing-side, bonnet/terminal-height volumes, battery lift-out path, formed chassis saddle geometry, and adjustable body-side offset-bar setting. Trial the widened front access-ladder stack: 660 x 310 spine, 340 x 265 battery tray with removable hold-down, adjustable offset bars at 160 / 190 / 230 mm, Relay Rev D vertical 360 x 245 aluminium base attached flat to the main metal service sheet with exact 300 x 197 insulating sheet and the existing covered relay box outside the battery footprint on the outboard/access edge with about 80 mm relay-to-battery service gap, red relay power pipe entering the relay top hole closest to the battery, relay output power bundle leaving the second top relay hole, MIDI Rev D hinged enclosure 210 x 165 x 65 on a separated top-front shelf started from the battery leading-edge datum with fuse 4 grommeted power input, five grommeted output holes, and the far-side output enlarged for two power cables, folded cutoff/kill-switch base/guard 170 x 110 finished face / 210 x 150 flat pattern / 20 mm upward lips beside the MIDI enclosure, central battery-to-far-side-cutoff input route, near-side cutoff-to-relay and cutoff-to-MIDI fuse 4 switched branch routes, 80 mm cable gutter, and cable-lug depth templates. May 14 image-based chassis estimate: start with tray underside 180 mm above chassis rail top, adjustable 150-210 mm; tray centre 190 mm wing-side/outboard from the more central chassis pickup centreline into the edge cavity, adjustable 160-230 mm via offset bars. The active design keeps relay/MIDI/cutoff off the inboard engine/LHD side unless the widened access-ladder mock-up fails by measurement.|Capture close-up/ruler photos for radiator side mounts, previous wire support path, battery tray top/side/underside supports, battery dimensions/terminal orientation, proposed MIDI/cutoff cardboard mock-up, cable exits, bonnet clearance, and the May 12 candidate upright/lower/inner pickup zones; use results to release the radiator and battery/power carrier templates",direct,direct_photo_evidence
engine_bay,bellhousing_clutch_linkage_and_gearbox_case,gearbox_top_cover_shift_tower_20260518|gearbox_oil_service_drain_inspect_refill_20260529|replacement_pipe_ordering_matrix,3,0,2026-04-30,mechanical_inspection:3,20260430_215915_gp_ycQ395Gg.jpg|20260430_215939_gp_EjZ7u1ow.jpg|20260430_233755_gp_DO69MLAA.jpg,engine_bay,12,battery_case|clutch_hydraulic_line_firewall_run|clutch_master_cylinder|clutch_master_reservoir_cap|air_filter|alternator_body|battery_negative_terminal|battery_positive_terminal,L2 service datum:7|L2 routing reference:2|L0 envelope:2|L2 visible-detail primitive:1,represented_needs_measurement_refinement,P1,workstream_added|spec_population,"Run GB-TOP-CAPTURE-001, identify gearbox and top-cover variant, remove and bench-inspect the shift tower/top cover, then repair/replace the cover before buying detents, bushes, shift-seat parts, boots, gaskets, or cover hardware|Use WhatsApp-confirmed 2H engine with 5-speed gear as the vehicle basis, confirm the exact 5-speed gearbox/manual match, prove the fill plug opens, drain oil into a clean pan, inspect oil sample and drain plug debris, then refill only with correct manual gearbox oil and matched drain/fill plug sealing washers|Maintain the curated replacement pipe matrix by vehicle location, direct pipe/location photo evidence, and recreation/order spec",direct,direct_photo_evidence
engine_bay,brake_booster_servo_removed_sample,brake_system_evidence_pack|brake_hydraulic_refresh_and_bias_decision|brake_booster_servo_refurbishment_20260529,7,0,2026-05-29,brake_system:7,20260529_021217_gp_YAKcHCyQ.jpg|20260529_021225_gp_AzCLYJgQ.jpg|20260529_021239_gp_RiMXwHXA.jpg|20260529_021243_gp_utTmUzJw.jpg|20260529_030646_gp_SAs7gfRg.jpg|20260529_030653_gp_7dCQk4QA.jpg|20260529_030700_gp_8qu2Rliw.jpg,datum|engine_bay,12,brake_booster|brake_booster_firewall_bracket|brake_booster_vacuum_hose|brake_master_reservoir|brake_master_reservoir_cap|master_cylinder|radiator_sample_measurement_core_envelope|air_filter,L2 service datum:7|L2 visible-detail primitive:2|L2 routing reference:1|measurement datum from project photos:1|L0 envelope:1,represented_needs_measurement_refinement,P1,replacement_evidence_added|replacement_scope_confirmed|amir_refurb_video_gate,"Consolidate brake configuration evidence from photos, chat, and parts tables; keep the front-disc/rear-drum assessment explicit, and treat the May 29 removed booster/servo evidence as owner-confirmed replacement scope for old brake parts.|Treat the hydraulic and booster system as replacement/renewal scope: replace or recreate hard lines and flex hoses, sample-match master/booster/reservoir/proportioning parts, then validate brake balance; old parts are templates only.|Send the old brake booster/servo with Amir as the sample; quote professional rebuild of the old unit or a direct-match refurbished exchange unit, but do not pay until sample match, interface close-ups, vacuum hold, assist movement, contamination check, and final acceptance videos are approved",direct,direct_photo_evidence
engine_bay,cooling_hoses_fan_belt_and_radiator_support,front_radiator_bracket_repair_20260508|front_radiator_two_side_retention_fabrication_20260508|engine_bay_mounting_scouting_pass_20260508|engine_cooling_pipe_fabrication_samples|replacement_pipe_ordering_matrix|engine_radiator_recore_or_new_20260529,5,0,2026-04-30 to 2026-05-12,mechanical_baseline:3|mechanical_inspection:2,20260430_215957_gp_2iBbUagw.jpg|20260430_220004_gp_C9oYiYmA.jpg|20260512_073314_gp_GyAXZWBg.jpg|20260512_073402_gp_P6yrwLRw.jpg|20260512_073547_gp_SNtwIVyA.jpg,datum|engine_bay,12,cooling_fan_blade_1|cooling_fan_blade_2|cooling_fan_blade_3|cooling_fan_blade_4|cooling_fan_blade_5|cooling_fan_blade_6|cooling_fan_hub|fan_belt_lower_run,L2 visible-detail primitive:9|measurement datum from project photos:2|L0 envelope:1,represented_needs_measurement_refinement,P1,pre_coating_hold|existing_measurements_imported_dry_fit_required|radiator_and_battery_measurements_imported_mount_template_required|evidence_tracking|spec_population|amir_refurb_video_gate,"Replace the wire-held/one-sided radiator support condition with a two-side controlled retention setup; trial-fit radiator isolators/rubbers and fan clearance, then fit the released bolt-through saddle/post bracket before primer/Raptor|Release a serviceable right-side radiator retention bracket from the existing-side measured template: one 4 mm mild-steel formed-angle post with a 48 mm measured main face, 410 mm upright/post height, 618 mm developed main-face template length, perpendicular return flange, full-depth 58 mm top screw return carried back to the far edge of the angle section, 70 mm chassis bridge allowance, 80 mm far-side saddle leg, clean near/far lower legs with no side ears over both sides of the chassis/front-support section, a through-bolt across both legs and chassis, and a top return carrying the radiator screw. Preserve fan/shroud/hose clearance and use rubber washer/bush isolation at the screw as required.|Capture close-up/ruler photos for radiator side mounts, previous wire support path, battery tray top/side/underside supports, battery dimensions/terminal orientation, proposed MIDI/cutoff cardboard mock-up, cable exits, bonnet clearance, and the May 12 candidate upright/lower/inner pickup zones; use results to release the radiator and battery/power carrier templates|Register selected May 2 pipe photos, identify the exact pipe assembly, and produce a fabricator-ready spec with holds for OD, wall, bends, bead ends, clamp lands, and pressure test|Maintain the curated replacement pipe matrix by vehicle location, direct pipe/location photo evidence, and recreation/order spec|Send the old engine radiator with Amir as the master pattern; pressure-test and flow-test it, recore if tanks/brackets are sound, otherwise build a new copper/brass radiator by sample; if the bought aluminium radiator is used, dry-fit first and fabricate only a removable rubber-isolated adapter/cradle if the radiator fundamentals are correct; preserve hose necks, cap, overflow, drain, corrected mounts, shroud/fan clearance, and bench-test before refit",direct|indirect,direct_photo_evidence
engine_bay,cooling_pipe_fabrication_samples,engine_cooling_pipe_fabrication_samples|replacement_pipe_ordering_matrix,29,0,2026-05-02 to 2026-05-29,fabrication_measurement:23|mechanical_baseline:6,20260502_004044_gp_Hx4Yo0Qg.jpg|20260502_004106_gp_wlYlUahA.jpg|20260502_004120_gp_7Jw9Zyrg.jpg|20260502_004133_gp_ZEpqmARA.jpg|20260502_004139_gp_jt1dGw4A.jpg|20260502_004145_gp_e8soxsyA.jpg|20260528_194853_gp_SiEb7xTg.jpg|20260528_235330_gp_8pOmnEbg.jpg,datum|engine_bay,12,cooling_pipe_fabrication_samples_clamp_pair_datum|cooling_pipe_fabrication_samples_lower_hose_overlap_datum|cooling_pipe_fabrication_samples_main_run_datum|cooling_pipe_fabrication_samples_upper_hose_overlap_datum|cooling_pipe_fabrication_samples_vertical_leg_datum|cooling_fan_blade_1|cooling_fan_blade_2|cooling_fan_blade_3,L2 visible-detail primitive:7|measurement datum from project photos:5,represented_needs_dimension_check,P1,evidence_tracking|spec_population,"Register selected May 2 pipe photos, identify the exact pipe assembly, and produce a fabricator-ready spec with holds for OD, wall, bends, bead ends, clamp lands, and pressure test|Maintain the curated replacement pipe matrix by vehicle location, direct pipe/location photo evidence, and recreation/order spec",direct,direct_photo_evidence
engine_bay,engine_bay_overview,hood|engine_electrical_inputs_reconciliation_20260517|chassis_bracket_design_release_20260508|front_radiator_bracket_repair_20260508|front_radiator_two_side_retention_fabrication_20260508|battery_tray_holder_bracket_repair_20260508|battery_power_carrier_mount_fabrication_20260508|engine_bay_mounting_scouting_pass_20260508,15,0,2026-03-17 to 2026-04-23,stripdown_cataloguing:10|baseline_walkaround:5,20260317_235150.jpg|20260317_235152_gp_yJFNNGlA.jpg|20260317_235201.jpg|20260317_235204_gp_14hUn3XA.jpg|20260317_235216.jpg|20260317_235219_gp_rjDgGWZw.jpg|20260317_235229.jpg|20260317_235232_gp_3Ojs4Rag.jpg,engine_bay,12,air_filter|alternator_body|battery_case|battery_negative_terminal|battery_positive_terminal|battery_tray_reference|brake_booster|brake_booster_firewall_bracket,L2 service datum:6|L2 visible-detail primitive:3|L0 envelope:2|L2 routing reference:1,represented_needs_measurement_refinement,P1,planned_send_out|photo_intake_added|design_required|pre_coating_hold|existing_measurements_imported_dry_fit_required|battery_and_tray_measurements_imported|actual_battery_and_mount_measurements_imported|radiator_and_battery_measurements_imported_mount_template_required,"Remove and send for bodywork|Identify every engine-side electrical input from the May 17 picker set, reconcile each with the existing wiring master before final loom wrap, repair or replace damaged connectors and taped splices, and validate starter, charging, sender, fuel-stop or idle-up, unknown connector, and ground circuits by continuity and live tests.|For every repair/fabricate bracket, create a release sketch or card template with material thickness, bend shape, hole/stud size, location datum, weld/bolt method, clearance envelope, and corrosion/coating access plan|Replace the wire-held/one-sided radiator support condition with a two-side controlled retention setup; trial-fit radiator isolators/rubbers and fan clearance, then fit the released bolt-through saddle/post bracket before primer/Raptor|Release a serviceable right-side radiator retention bracket from the existing-side measured template: one 4 mm mild-steel formed-angle post with a 48 mm measured main face, 410 mm upright/post height, 618 mm developed main-face template length, perpendicular return flange, full-depth 58 mm top screw return carried back to the far edge of the angle section, 70 mm chassis bridge allowance, 80 mm far-side saddle leg, clean near/far lower legs with no side ears over both sides of the chassis/front-support section, a through-bolt across both legs and chassis, and a top return carrying the radiator screw. Preserve fan/shroud/hose clearance and use rubber washer/bush isolation at the screw as required.|Upgrade the weak battery tray/holder support rather than simply refitting the old mount; confirm battery size, tray support legs, clamp path, cable/bonnet/engine clearance, drain/corrosion isolation, and final weld/bolt method before primer/Raptor|Fabricate/mock up the compact chassis-mounted battery power carrier Rev F only after mapping the battery cavity: use the May 17 actual installed Daewoo DLS120 battery measurement photos as the fixed exclusion block, keep the standard N70/27-class 318 x 180 x 230 envelope as fallback comparison until the final numbers are transcribed, measure front/radiator-side, inboard engine/LHD-steering-side, lower-under-tray, outboard-wing-side, bonnet/terminal-height volumes, battery lift-out path, formed chassis saddle geometry, and adjustable body-side offset-bar setting. Trial the widened front access-ladder stack: 660 x 310 spine, 340 x 265 battery tray with removable hold-down, adjustable offset bars at 160 / 190 / 230 mm, Relay Rev D vertical 360 x 245 aluminium base attached flat to the main metal service sheet with exact 300 x 197 insulating sheet and the existing covered relay box outside the battery footprint on the outboard/access edge with about 80 mm relay-to-battery service gap, red relay power pipe entering the relay top hole closest to the battery, relay output power bundle leaving the second top relay hole, MIDI Rev D hinged enclosure 210 x 165 x 65 on a separated top-front shelf started from the battery leading-edge datum with fuse 4 grommeted power input, five grommeted output holes, and the far-side output enlarged for two power cables, folded cutoff/kill-switch base/guard 170 x 110 finished face / 210 x 150 flat pattern / 20 mm upward lips beside the MIDI enclosure, central battery-to-far-side-cutoff input route, near-side cutoff-to-relay and cutoff-to-MIDI fuse 4 switched branch routes, 80 mm cable gutter, and cable-lug depth templates. May 14 image-based chassis estimate: start with tray underside 180 mm above chassis rail top, adjustable 150-210 mm; tray centre 190 mm wing-side/outboard from the more central chassis pickup centreline into the edge cavity, adjustable 160-230 mm via offset bars. The active design keeps relay/MIDI/cutoff off the inboard engine/LHD side unless the widened access-ladder mock-up fails by measurement.|Capture close-up/ruler photos for radiator side mounts, previous wire support path, battery tray top/side/underside supports, battery dimensions/terminal orientation, proposed MIDI/cutoff cardboard mock-up, cable exits, bonnet clearance, and the May 12 candidate upright/lower/inner pickup zones; use results to release the radiator and battery/power carrier templates",indirect|direct,direct_photo_evidence
engine_bay,engine_interior_and_stripdown_detail,,32,0,2026-04-20,stripdown_cataloguing:32,20260420_005132_gp_MgOMVKpQ.jpeg|20260420_005143_gp_5JtjMOoA.jpeg|20260420_005201_gp_WEoLBuzQ.jpeg|20260420_005240_gp_2gDmDYfQ.jpeg|20260420_010535_gp_r3KU0Asw.jpg|20260420_013423_gp_albazLaw.jpeg|20260420_013526_gp_WY73IuyA.jpeg|20260420_013551_gp_Wytz9EgQ.jpeg,engine_bay,12,air_filter|alternator_body|battery_case|battery_negative_terminal|battery_positive_terminal|battery_tray_reference|brake_booster|brake_booster_firewall_bracket,L2 service datum:6|L2 visible-detail primitive:3|L0 envelope:2|L2 routing reference:1,represented_needs_measurement_refinement,P1,,,,
engine_bay,engine_powertrain_cleaning_baseline,engine_electrical_inputs_reconciliation_20260517|chassis_wire_brush_status_20260501|chassis_missing_welded_bracket_survey_20260508|chassis_bracket_analysis_register_20260508|chassis_bracket_fabrication_install_20260508|chassis_bracket_validation_release_20260508|battery_tray_holder_bracket_repair_20260508|exhaust_mockup_brackets_before_coating_20260508|engine_powertrain_cleaning_20260501|gearbox_top_cover_shift_tower_20260518|gearbox_oil_service_drain_inspect_refill_20260529|engine_cooling_pipe_fabrication_samples,19,0,2026-05-01 to 2026-05-12,mechanical_cleaning:14|mechanical_baseline:5,20260501_194330_gp_CogcrEXA.jpg|20260501_194338_gp_81Nj4SVA.jpg|20260501_194344_gp_V7P0qatA.jpg|20260501_194402_gp_W9J4rcsw.jpg|20260501_194414_gp_gdDllc8Q.jpg|20260501_194421_gp_toAeFYqg.jpg|20260501_194427_gp_QjfOBtTQ.jpg|20260501_194435_gp_ewUJAfPA.jpg,engine_bay,12,air_filter|alternator_body|battery_case|battery_negative_terminal|battery_positive_terminal|battery_tray_reference|brake_booster|brake_booster_firewall_bracket,L2 service datum:6|L2 visible-detail primitive:3|L0 envelope:2|L2 routing reference:1,represented_needs_measurement_refinement,P1,photo_intake_added|in_progress|pre_coating_hold|register_seeded_open|implementation_required|validation_required|battery_and_tray_measurements_imported|coordination_hold|queued|workstream_added|evidence_tracking,"Identify every engine-side electrical input from the May 17 picker set, reconcile each with the existing wiring master before final loom wrap, repair or replace damaged connectors and taped splices, and validate starter, charging, sender, fuel-stop or idle-up, unknown connector, and ground circuits by continuity and live tests.|Complete detail wire-brushing from May 1 status photos, then degrease, dry, inspect, rust-treat remaining pits, solvent-wipe, zinc-rich epoxy-prime, seam-seal/top-protect, and cavity-wax approved zones|Before primer/Raptor, survey chassis and tub-side welded brackets/tabs against current photos, loose parts, and visible wire-tied fixes; mark each missing, broken, non-baseline, or required auxiliary bracket and decide weld/bolt/no-refit for each|Maintain the bracket register from current chassis walkaround, existing body-off photos, loose removed parts, and WhatsApp notes; assign station, function, evidence photo, keep/repair/fabricate/remove/unknown status, and whether each item blocks primer/Raptor|Fabricate, repair, weld, or properly bolt only released baseline brackets; trial-fit each supported part, grind/deburr welds, clean heat-affected areas, and keep threads/ground faces serviceable before primer/Raptor|Validate installed brackets with labelled photos and dry-fit checks for radiator/support rubbers, battery tray/clamp, brake/fuel line clips, harness clips, earth straps, exhaust hanger/mock-up points, bonnet/fan/steering/suspension clearance, and coating access|Upgrade the weak battery tray/holder support rather than simply refitting the old mount; confirm battery size, tray support legs, clamp path, cable/bonnet/engine clearance, drain/corrosion isolation, and final weld/bolt method before primer/Raptor|Send current body-off/chassis photos to the exhaust fabricator; decide whether to mock up headers, downpipes, dual exhaust routing, and hanger tabs while access is open, then remove parts and finish any chassis hanger/bracket welding before final chassis coating|Clean engine, gearbox, transfer, steering box, and nearby driveline with controlled degreaser/pressure-sprayer workflow; dry fully and photograph leak sources before parts decisions|Run GB-TOP-CAPTURE-001, identify gearbox and top-cover variant, remove and bench-inspect the shift tower/top cover, then repair/replace the cover before buying detents, bushes, shift-seat parts, boots, gaskets, or cover hardware|Use WhatsApp-confirmed 2H engine with 5-speed gear as the vehicle basis, confirm the exact 5-speed gearbox/manual match, prove the fill plug opens, drain oil into a clean pan, inspect oil sample and drain plug debris, then refill only with correct manual gearbox oil and matched drain/fill plug sealing washers|Register selected May 2 pipe photos, identify the exact pipe assembly, and produce a fabricator-ready spec with holds for OD, wall, bends, bead ends, clamp lands, and pressure test",indirect|direct,direct_photo_evidence|indirect_photo_evidence_only
engine_bay,engine_radiator_condition_closeups,engine_radiator_recore_or_new_20260529,8,0,2026-05-29,mechanical_baseline:8,20260529_230003_gp_rliSbRjA.jpg|20260529_230009_gp_BLX8dSWA.jpg|20260529_230017_gp_L23OD4nw.jpg|20260529_230022_gp_BLo8HLwg.jpg|20260529_230035_gp_5oB8otKw.jpg|20260529_230040_gp_B5P2K9FA.jpg|20260529_230044_gp_I9psm6Dw.jpg|20260529_230050_gp_ZqjySFHg.jpg,datum|engine_bay,12,radiator|radiator_bottom_tank|radiator_cap|radiator_top_tank|upper_radiator_hose|radiator_sample_measurement_core_envelope|air_filter|alternator_body,L2 visible-detail primitive:4|L0 envelope:3|L2 service datum:3|L1 visible-detail primitive:1|measurement datum from project photos:1,represented_needs_measurement_refinement,P1,amir_refurb_video_gate,"Send the old engine radiator with Amir as the master pattern; pressure-test and flow-test it, recore if tanks/brackets are sound, otherwise build a new copper/brass radiator by sample; if the bought aluminium radiator is used, dry-fit first and fabricate only a removable rubber-isolated adapter/cradle if the radiator fundamentals are correct; preserve hose necks, cap, overflow, drain, corrected mounts, shroud/fan clearance, and bench-test before refit",direct,direct_photo_evidence
engine_bay,engine_radiator_sample_measurement,engine_radiator_recore_or_new_20260529,4,0,2026-05-29,mechanical_baseline:4,20260529_205200_gp_8G6ZKKEQ.jpg|20260529_205224_gp_aQYpMUyg.jpg|20260529_205232_gp_eHbRrOaw.jpg|20260529_205240_gp_C2r8CMBQ.jpg,datum|engine_bay,12,radiator_sample_measurement_core_envelope|radiator|radiator_bottom_tank|radiator_cap|radiator_top_tank|upper_radiator_hose|front_support_radiator_measurement_set_lower_pickup_bar|air_filter,L2 visible-detail primitive:4|L2 service datum:3|measurement datum from project photos:2|L0 envelope:2|L1 visible-detail primitive:1,represented_needs_measurement_refinement,P1,amir_refurb_video_gate,"Send the old engine radiator with Amir as the master pattern; pressure-test and flow-test it, recore if tanks/brackets are sound, otherwise build a new copper/brass radiator by sample; if the bought aluminium radiator is used, dry-fit first and fabricate only a removable rubber-isolated adapter/cradle if the radiator fundamentals are correct; preserve hose necks, cap, overflow, drain, corrected mounts, shroud/fan clearance, and bench-test before refit",direct,direct_photo_evidence
engine_bay,existing_battery_mount_tray_measurements,battery_tray_holder_bracket_repair_20260508|battery_power_carrier_mount_fabrication_20260508|engine_bay_mounting_scouting_pass_20260508,4,0,2026-05-17,fabrication_measurement:4,20260517_194431_gp_4XVycxAg.jpg|20260517_194439_gp_K63N2nJw.jpg|20260517_194452_gp_ow8njPsw.jpg|20260517_194511_gp_QI0Ua2yQ.jpg,datum|engine_bay,12,existing_battery_mount_tray_measurements_hold_down_span|existing_battery_mount_tray_measurements_tray_footprint|battery_tray_reference|battery_case|battery_negative_terminal|battery_positive_terminal|positive_battery_cable_run|installed_battery_dimension_reference_height_bar,L2 service datum:5|measurement datum from project photos:3|L0 envelope:2|L2 routing reference:1|L2 visible-detail primitive:1,represented_needs_dimension_check,P3,battery_and_tray_measurements_imported|actual_battery_and_mount_measurements_imported|radiator_and_battery_measurements_imported_mount_template_required,"Upgrade the weak battery tray/holder support rather than simply refitting the old mount; confirm battery size, tray support legs, clamp path, cable/bonnet/engine clearance, drain/corrosion isolation, and final weld/bolt method before primer/Raptor|Fabricate/mock up the compact chassis-mounted battery power carrier Rev F only after mapping the battery cavity: use the May 17 actual installed Daewoo DLS120 battery measurement photos as the fixed exclusion block, keep the standard N70/27-class 318 x 180 x 230 envelope as fallback comparison until the final numbers are transcribed, measure front/radiator-side, inboard engine/LHD-steering-side, lower-under-tray, outboard-wing-side, bonnet/terminal-height volumes, battery lift-out path, formed chassis saddle geometry, and adjustable body-side offset-bar setting. Trial the widened front access-ladder stack: 660 x 310 spine, 340 x 265 battery tray with removable hold-down, adjustable offset bars at 160 / 190 / 230 mm, Relay Rev D vertical 360 x 245 aluminium base attached flat to the main metal service sheet with exact 300 x 197 insulating sheet and the existing covered relay box outside the battery footprint on the outboard/access edge with about 80 mm relay-to-battery service gap, red relay power pipe entering the relay top hole closest to the battery, relay output power bundle leaving the second top relay hole, MIDI Rev D hinged enclosure 210 x 165 x 65 on a separated top-front shelf started from the battery leading-edge datum with fuse 4 grommeted power input, five grommeted output holes, and the far-side output enlarged for two power cables, folded cutoff/kill-switch base/guard 170 x 110 finished face / 210 x 150 flat pattern / 20 mm upward lips beside the MIDI enclosure, central battery-to-far-side-cutoff input route, near-side cutoff-to-relay and cutoff-to-MIDI fuse 4 switched branch routes, 80 mm cable gutter, and cable-lug depth templates. May 14 image-based chassis estimate: start with tray underside 180 mm above chassis rail top, adjustable 150-210 mm; tray centre 190 mm wing-side/outboard from the more central chassis pickup centreline into the edge cavity, adjustable 160-230 mm via offset bars. The active design keeps relay/MIDI/cutoff off the inboard engine/LHD side unless the widened access-ladder mock-up fails by measurement.|Capture close-up/ruler photos for radiator side mounts, previous wire support path, battery tray top/side/underside supports, battery dimensions/terminal orientation, proposed MIDI/cutoff cardboard mock-up, cable exits, bonnet clearance, and the May 12 candidate upright/lower/inner pickup zones; use results to release the radiator and battery/power carrier templates",direct,direct_photo_evidence
engine_bay,front_support_radiator_measurement_set,engine_radiator_recore_or_new_20260529,6,0,2026-05-12,chassis_fixing:6,20260512_205417_gp_CzJNQsiA.jpg|20260512_205434_gp_QnE3tLvQ.jpg|20260512_212929_gp_pnlr6x5w.jpg|20260512_212947_gp_AdvWGolg.jpg|20260512_213008_gp_1U5vulZw.jpg|20260512_213027_gp_9Cy950Kw.jpg,brake_system|datum|engine_bay,12,front_support_radiator_measurement_set_lower_pickup_bar|radiator|radiator_sample_measurement_core_envelope|radiator_bottom_tank|radiator_cap|radiator_top_tank|upper_radiator_hose|front_left_vented_disc_rotor,L2 visible-detail primitive:4|measurement datum from project photos:3|L0 envelope:2|project-photo evidence:2|L1 visible-detail primitive:1,represented_needs_measurement_refinement,P1,amir_refurb_video_gate,"Send the old engine radiator with Amir as the master pattern; pressure-test and flow-test it, recore if tanks/brackets are sound, otherwise build a new copper/brass radiator by sample; if the bought aluminium radiator is used, dry-fit first and fabricate only a removable rubber-isolated adapter/cradle if the radiator fundamentals are correct; preserve hose necks, cap, overflow, drain, corrected mounts, shroud/fan clearance, and bench-test before refit",direct,direct_photo_evidence
engine_bay,front_support_radiator_pickups_context,chassis_bracket_analysis_register_20260508|chassis_bracket_design_release_20260508|front_radiator_bracket_repair_20260508|front_radiator_two_side_retention_fabrication_20260508|engine_bay_mounting_scouting_pass_20260508|engine_radiator_recore_or_new_20260529,6,0,2026-05-12 to 2026-05-29,chassis_fixing:6,20260512_073210_gp_zP427O2A.jpg|20260512_100000_user_front_support_radiator_pickups_context.png|20260512_213129_gp_IVnd8hWQ.jpg|20260512_213144_gp_2rlycKHA.jpg|20260512_213214_gp_xZKluAkg.jpg|20260529_214147_gp_4gfuofYQ.jpg,datum|engine_bay,12,radiator|front_support_radiator_pickups_context_upper_pickup_bar|radiator_bottom_tank|radiator_cap|radiator_top_tank|upper_radiator_hose|front_support_radiator_measurement_set_lower_pickup_bar|radiator_sample_measurement_core_envelope,L2 visible-detail primitive:4|measurement datum from project photos:3|L0 envelope:2|L2 service datum:2|L1 visible-detail primitive:1,represented_needs_measurement_refinement,P1,register_seeded_open|design_required|pre_coating_hold|existing_measurements_imported_dry_fit_required|radiator_and_battery_measurements_imported_mount_template_required|amir_refurb_video_gate,"Maintain the bracket register from current chassis walkaround, existing body-off photos, loose removed parts, and WhatsApp notes; assign station, function, evidence photo, keep/repair/fabricate/remove/unknown status, and whether each item blocks primer/Raptor|For every repair/fabricate bracket, create a release sketch or card template with material thickness, bend shape, hole/stud size, location datum, weld/bolt method, clearance envelope, and corrosion/coating access plan|Replace the wire-held/one-sided radiator support condition with a two-side controlled retention setup; trial-fit radiator isolators/rubbers and fan clearance, then fit the released bolt-through saddle/post bracket before primer/Raptor|Release a serviceable right-side radiator retention bracket from the existing-side measured template: one 4 mm mild-steel formed-angle post with a 48 mm measured main face, 410 mm upright/post height, 618 mm developed main-face template length, perpendicular return flange, full-depth 58 mm top screw return carried back to the far edge of the angle section, 70 mm chassis bridge allowance, 80 mm far-side saddle leg, clean near/far lower legs with no side ears over both sides of the chassis/front-support section, a through-bolt across both legs and chassis, and a top return carrying the radiator screw. Preserve fan/shroud/hose clearance and use rubber washer/bush isolation at the screw as required.|Capture close-up/ruler photos for radiator side mounts, previous wire support path, battery tray top/side/underside supports, battery dimensions/terminal orientation, proposed MIDI/cutoff cardboard mock-up, cable exits, bonnet clearance, and the May 12 candidate upright/lower/inner pickup zones; use results to release the radiator and battery/power carrier templates|Send the old engine radiator with Amir as the master pattern; pressure-test and flow-test it, recore if tanks/brackets are sound, otherwise build a new copper/brass radiator by sample; if the bought aluminium radiator is used, dry-fit first and fabricate only a removable rubber-isolated adapter/cradle if the radiator fundamentals are correct; preserve hose necks, cap, overflow, drain, corrected mounts, shroud/fan clearance, and bench-test before refit",direct|indirect,direct_photo_evidence
engine_bay,installed_battery_dimension_reference,battery_tray_holder_bracket_repair_20260508|battery_power_carrier_mount_fabrication_20260508|engine_bay_mounting_scouting_pass_20260508,2,0,2026-05-17,fabrication_measurement:2,20260517_194303_gp_5yuaRoaA.jpg|20260517_194313_gp_HolDWYeQ.jpg,datum|engine_bay,12,installed_battery_dimension_reference_height_bar|installed_battery_dimension_reference_length_bar|installed_battery_dimension_reference_width_bar|battery_case|battery_negative_terminal|battery_positive_terminal|battery_tray_reference|positive_battery_cable_run,L2 service datum:5|measurement datum from project photos:3|L0 envelope:2|L2 routing reference:1|L2 visible-detail primitive:1,represented_needs_dimension_check,P3,battery_and_tray_measurements_imported|actual_battery_and_mount_measurements_imported|radiator_and_battery_measurements_imported_mount_template_required,"Upgrade the weak battery tray/holder support rather than simply refitting the old mount; confirm battery size, tray support legs, clamp path, cable/bonnet/engine clearance, drain/corrosion isolation, and final weld/bolt method before primer/Raptor|Fabricate/mock up the compact chassis-mounted battery power carrier Rev F only after mapping the battery cavity: use the May 17 actual installed Daewoo DLS120 battery measurement photos as the fixed exclusion block, keep the standard N70/27-class 318 x 180 x 230 envelope as fallback comparison until the final numbers are transcribed, measure front/radiator-side, inboard engine/LHD-steering-side, lower-under-tray, outboard-wing-side, bonnet/terminal-height volumes, battery lift-out path, formed chassis saddle geometry, and adjustable body-side offset-bar setting. Trial the widened front access-ladder stack: 660 x 310 spine, 340 x 265 battery tray with removable hold-down, adjustable offset bars at 160 / 190 / 230 mm, Relay Rev D vertical 360 x 245 aluminium base attached flat to the main metal service sheet with exact 300 x 197 insulating sheet and the existing covered relay box outside the battery footprint on the outboard/access edge with about 80 mm relay-to-battery service gap, red relay power pipe entering the relay top hole closest to the battery, relay output power bundle leaving the second top relay hole, MIDI Rev D hinged enclosure 210 x 165 x 65 on a separated top-front shelf started from the battery leading-edge datum with fuse 4 grommeted power input, five grommeted output holes, and the far-side output enlarged for two power cables, folded cutoff/kill-switch base/guard 170 x 110 finished face / 210 x 150 flat pattern / 20 mm upward lips beside the MIDI enclosure, central battery-to-far-side-cutoff input route, near-side cutoff-to-relay and cutoff-to-MIDI fuse 4 switched branch routes, 80 mm cable gutter, and cable-lug depth templates. May 14 image-based chassis estimate: start with tray underside 180 mm above chassis rail top, adjustable 150-210 mm; tray centre 190 mm wing-side/outboard from the more central chassis pickup centreline into the edge cavity, adjustable 160-230 mm via offset bars. The active design keeps relay/MIDI/cutoff off the inboard engine/LHD side unless the widened access-ladder mock-up fails by measurement.|Capture close-up/ruler photos for radiator side mounts, previous wire support path, battery tray top/side/underside supports, battery dimensions/terminal orientation, proposed MIDI/cutoff cardboard mock-up, cable exits, bonnet clearance, and the May 12 candidate upright/lower/inner pickup zones; use results to release the radiator and battery/power carrier templates",direct,direct_photo_evidence
engine_bay,replacement_pipe_hose_sample_sorting,replacement_pipe_ordering_matrix,7,0,2026-05-02,mechanical_baseline:7,20260502_005740_gp_Qiat03EQ.jpg|20260502_160754_gp_Zd9UeENg.jpg|20260502_160855_gp_w3sghS8Q.jpg|20260502_160929_gp_exms2QzQ.jpg|20260502_160950_gp_5KW8RnDQ.jpg|20260502_161055_gp_lS8VRrWg.jpg|20260502_161214_gp_zc3zwXlg.jpg,datum|engine_bay,12,brake_booster_vacuum_hose|exhaust_downpipe_reference|upper_radiator_hose|cooling_pipe_fabrication_samples_lower_hose_overlap_datum|cooling_pipe_fabrication_samples_upper_hose_overlap_datum|air_filter|alternator_body|battery_case,L2 service datum:4|L1 visible-detail primitive:2|measurement datum from project photos:2|L0 envelope:2|L2 routing reference:1|L2 visible-detail primitive:1,represented_needs_measurement_refinement,P1,spec_population,"Maintain the curated replacement pipe matrix by vehicle location, direct pipe/location photo evidence, and recreation/order spec",direct,direct_photo_evidence
interior_cabin,cabin_overview,front_windows|interior,16,0,2026-03-17,baseline_walkaround:16,20260317_165113.jpg|20260317_165114_gp_meA0ZqNA.jpg|20260317_165120.jpg|20260317_165120_gp_T9xvPw2Q.jpg|20260317_165124.jpg|20260317_165124_gp_0RHELA3A.jpg|20260317_165129.jpg|20260317_165129_gp_QZEuQdvg.jpg,interior,12,dashboard_glovebox_door|accelerator_linkage_pivot|accelerator_pedal_arm|accelerator_pedal_pad|brake_pedal_arm|brake_pedal_pad|brake_pedal_pivot_bar|clutch_pedal_arm,L2 visible-detail primitive:7|L2 service datum:3|L4 online-reference detail:2,visual_reference_modelled,P2,planned_send_out|planned_strip,"Assess front windshield/window glass, seals, channels, and vendor repair/refit path; do not buy seals until aperture and old-rubber profile are measured|Pull most of the interior and store under tagged covered conditions",indirect|direct,direct_photo_evidence
interior_cabin,cabin_view_through_glass,front_windows|front_vent_window_assemblies|body_rubbers|window_rubbers_weatherstrips|interior,2,0,2026-03-29,baseline_walkaround:2,20260329_122855.jpg|20260329_122855_gp_B94NpLbg.jpg,body|interior,12,dashboard_glovebox_door|steering_column_firewall_boot|left_door_window_glass|right_door_window_glass|windshield_glass|windshield_lower_inner_glare_band|windshield_raked_glass_surface|windshield_upper_inner_glare_band,L2 visible-detail primitive:5|L0 envelope:3|L3 exterior material reference:2|L4 gallery-shaped surface:1|L2 service datum:1,represented_needs_measurement_refinement,P1,planned_send_out|planned_separate_service|split_scope|intake_photo_selection|planned_strip,"Assess front windshield/window glass, seals, channels, and vendor repair/refit path; do not buy seals until aperture and old-rubber profile are measured|Treat as a windows-workstream sub-job: tag LH/RH assemblies, disassemble only enough to protect glass, clean/rust-treat/refinish metal channels and tabs, service pivots/latches/sliders, assess seals and glass, then bench water-test before refit|Split window rubbers/weatherstrips into the window refurbishment flow; keep any non-window body bumpers or isolators separately tagged and out of chassis body-mount rubber release|Identify every fixed, sliding, vent, and rear window rubber seal, channel, felt, and weatherstrip; measure profile/length from removed samples and decide reuse versus exact replacement before buying|Pull most of the interior and store under tagged covered conditions",indirect,direct_photo_evidence
interior_cabin,dashboard_and_cabin_stripdown,interior,19,0,2026-03-23,stripdown_cataloguing:19,20260323_180218.jpg|20260323_180220_gp_R3uBBhUw.jpg|20260323_180314.jpg|20260323_180316_gp_65cSGRyQ.jpg|20260323_185922_gp_XWQyq7dw.jpg|20260323_185947.jpg|20260323_185949_gp_bRW3C2Ng.jpg|20260323_190006_gp_xzDpzXmg.jpg,interior,12,dashboard_glovebox_door|dashboard|dashboard_gauge_1|dashboard_gauge_2|dashboard_gauge_3|dashboard_gauge_4|accelerator_linkage_pivot|accelerator_pedal_arm,L2 visible-detail primitive:5|L1 visible-detail primitive:4|L2 service datum:2|L0 envelope:1,represented_needs_measurement_refinement,P1,planned_strip,Pull most of the interior and store under tagged covered conditions,direct,direct_photo_evidence
interior_cabin,dashboard_lower_structure,interior|eps_vitz_column_layout_measurement|eps_general_adapter_design_fabrication|eps_vitz_support_bracket_design,1,0,2026-03-23,stripdown_cataloguing:1,20260323_190005.jpg,interior,12,dashboard_glovebox_door|dashboard|dashboard_gauge_1|dashboard_gauge_2|dashboard_gauge_3|dashboard_gauge_4|accelerator_linkage_pivot|accelerator_pedal_arm,L2 visible-detail primitive:5|L1 visible-detail primitive:4|L2 service datum:2|L0 envelope:1,represented_needs_measurement_refinement,P1,planned_strip|planning_required|design_required,Pull most of the interior and store under tagged covered conditions|Measure and photograph the J40 steering wheel position upper column angle dash support pedal clearance firewall pass-through steering-box input line donor EPS motor envelope shaft lengths controller envelope and General EPS Adapter datum points before any cutting|Design dry-fit and fabricate the removable General EPS Adapter with vehicle-side datum plate firewall doubler/spreader EPS saddle or clamp clocking/spacer plates replaceable upper/lower shaft interfaces and serviceable controller/fastener access|Design and dry-fit the General EPS Adapter support cradle as a triangulated dash/cowl/firewall structure with spreader or doubler plates where needed so motor torque is not carried by thin dash sheet metal,direct|indirect,direct_photo_evidence
interior_cabin,dashboard_shell_and_bulkhead,,1,0,2026-04-22,stripdown_cataloguing:1,20260422_074709_gp_o4wiXyjA.jpg,interior,12,dashboard_glovebox_door|dashboard|dashboard_gauge_1|dashboard_gauge_2|dashboard_gauge_3|dashboard_gauge_4|accelerator_linkage_pivot|accelerator_pedal_arm,L2 visible-detail primitive:5|L1 visible-detail primitive:4|L2 service datum:2|L0 envelope:1,represented_needs_measurement_refinement,P1,,,,
interior_cabin,dashboard_shell_and_cabin,back_cabin|interior,1,0,2026-04-13,stripdown_cataloguing:1,20260413_040719.jpg,interior,12,dashboard_glovebox_door|dashboard|dashboard_gauge_1|dashboard_gauge_2|dashboard_gauge_3|dashboard_gauge_4|accelerator_linkage_pivot|accelerator_pedal_arm,L2 visible-detail primitive:5|L1 visible-detail primitive:4|L2 service datum:2|L0 envelope:1,represented_needs_measurement_refinement,P1,planned_send_out|planned_strip,Remove and send out as a separable body section|Pull most of the interior and store under tagged covered conditions,direct,direct_photo_evidence
interior_cabin,dashboard_switch_and_control_hardware,interior_dash_switch_fitup|interior_diesel_cutoff_ignition_security,3,0,2026-04-21,electrical_rework:3,20260421_192813_gp_0jvYAo8g.jpg|20260421_192813_gp_0jvYAo8g_2.jpg|20260421_194401_gp_1dY3fLdw.jpeg,interior,12,dashboard_glovebox_door|dash_switch_knob_1|dash_switch_knob_2|dash_switch_knob_3|dash_switch_knob_4|dash_switch_knob_5|dashboard|dashboard_gauge_1,L2 visible-detail primitive:7|L1 visible-detail primitive:4|L0 envelope:1,represented_needs_measurement_refinement,P1,in_progress|queued,"Machine/enlarge existing dash holes to 22 mm, allocate dash controls to final positions, verify cutout clearances, and complete mounting with labels|Integrate purchased needle-type fuel stop switch, key-off diesel cutoff, and starter interrupt path; validate fallback/manual stop behavior",direct,direct_photo_evidence
interior_cabin,driver_footwell_firewall_and_wiring,interior|old_accessory_wiring|cabin_engine_firewall_holes_survey_20260517|issue_chassis_ground_points_refresh|eps_vitz_column_layout_measurement|eps_general_adapter_design_fabrication|eps_vitz_support_bracket_design|eps_vitz_shaft_u_joint_adaptation|eps_vitz_controller_mount_and_wiring,1,0,2026-03-21,stripdown_cataloguing:1,20260321_235600.jpg,body|interior,12,driver_side_floor_dimmer_switch|rhd_pedal_box_reinforcement|accelerator_linkage_pivot|dashboard_glovebox_door|handbrake_lever|steering_column|steering_column_firewall_boot|firewall,L2 visible-detail primitive:8|L2 service datum:2|L0 envelope:2,represented_needs_measurement_refinement,P1,planned_strip|partially_removed|photo_intake_added|pending_work|planning_required|design_required|fabrication_required,"Pull most of the interior and store under tagged covered conditions|Remove nonstandard LEDs speakers light bars and extra wiring|Map all existing cabin-to-engine firewall holes from the May 17 picker set, record diameter and station references, decide which openings can be reused for protected loom or control-cable routing, and list which holes need plugs, grommets, edge repair, or closure before final electrical wrap.|Locate frame-to-body and engine-to-chassis grounds, clean contact faces to bright metal, fit star washers, and re-protect after torque|Measure and photograph the J40 steering wheel position upper column angle dash support pedal clearance firewall pass-through steering-box input line donor EPS motor envelope shaft lengths controller envelope and General EPS Adapter datum points before any cutting|Design dry-fit and fabricate the removable General EPS Adapter with vehicle-side datum plate firewall doubler/spreader EPS saddle or clamp clocking/spacer plates replaceable upper/lower shaft interfaces and serviceable controller/fastener access|Design and dry-fit the General EPS Adapter support cradle as a triangulated dash/cowl/firewall structure with spreader or doubler plates where needed so motor torque is not carried by thin dash sheet metal|Adapt the EPS output to the J40 steering-box input from the General EPS Adapter datum using controlled shaft sections U-joints couplers splines or machined adapters with replaceable upper/lower interfaces correct phasing engagement and lock-to-lock clearance|Mount the matched EPS ECU/controller in a dry serviceable cabin position and build new fused power ground ignition-trigger terminals grommets labels and loom protection using donor pigtails only for identification",direct|indirect,direct_photo_evidence
interior_cabin,floor_pan_and_firewall,interior|floor_pan|eps_vitz_column_layout_measurement,7,0,2026-03-21,stripdown_cataloguing:7,20260321_235436.jpg|20260321_235439_gp_K6PYqo5A.jpg|20260321_235441.jpg|20260321_235441_exported_1774186863455.jpg|20260321_235444_gp_wQoX9Mug.jpg|20260321_235444_gp_zOybRRYA.jpg|20260321_235605.jpg,body|interior,12,floor_pan|dashboard_glovebox_door|driver_side_floor_dimmer_switch|left_front_floor_mat|rear_floor_mat|rhd_pedal_box_reinforcement|right_front_floor_mat|steering_column_firewall_boot,L2 visible-detail primitive:6|L2 panel rib reference:3|L0 envelope:2|L2 service datum:1,represented_needs_measurement_refinement,P1,planned_strip|rust_damage_photo_intake_added|planning_required,"Pull most of the interior and store under tagged covered conditions|Inspect May 17 tub/floor rust photos by zone, probe for pinholes/thin metal, then grind/cut/fab/weld and prime immediately after each released repair.|Measure and photograph the J40 steering wheel position upper column angle dash support pedal clearance firewall pass-through steering-box input line donor EPS motor envelope shaft lengths controller envelope and General EPS Adapter datum points before any cutting",direct|indirect,direct_photo_evidence
interior_cabin,floor_pan_rust_zones,floor_pan|tub_rust_damage_survey_20260517|eps_vitz_column_layout_measurement|eps_general_adapter_design_fabrication|eps_vitz_support_bracket_design,1,0,2026-05-12,stripdown_cataloguing:1,20260512_073141_gp_xzy6KAzg.jpg,body|interior,12,floor_pan|dashboard_glovebox_door|driver_side_floor_dimmer_switch|left_front_floor_mat|rear_floor_mat|right_front_floor_mat|floor_cross_pressing_1|floor_cross_pressing_2,L2 panel rib reference:6|L2 visible-detail primitive:5|L0 envelope:1,represented_needs_measurement_refinement,P1,rust_damage_photo_intake_added|photo_intake_added|planning_required|design_required,"Inspect May 17 tub/floor rust photos by zone, probe for pinholes/thin metal, then grind/cut/fab/weld and prime immediately after each released repair.|Map each May 17 rust-damaged tub photo to LH/RH station and repair type, probe for pinholes/thin metal, inspect backside access, then release cut/fab/weld cards before primer, seam sealer, or paint closure.|Measure and photograph the J40 steering wheel position upper column angle dash support pedal clearance firewall pass-through steering-box input line donor EPS motor envelope shaft lengths controller envelope and General EPS Adapter datum points before any cutting|Design dry-fit and fabricate the removable General EPS Adapter with vehicle-side datum plate firewall doubler/spreader EPS saddle or clamp clocking/spacer plates replaceable upper/lower shaft interfaces and serviceable controller/fastener access|Design and dry-fit the General EPS Adapter support cradle as a triangulated dash/cowl/firewall structure with spreader or doubler plates where needed so motor torque is not carried by thin dash sheet metal",direct|indirect,direct_photo_evidence
interior_cabin,front_door_card,back_doors|interior,2,0,2026-03-17,baseline_walkaround:2,20260317_165203.jpg|20260317_165203_gp_wIZTDFrQ.jpg,body|interior,12,dashboard_glovebox_door|left_beltline_trim_front_door|left_door_handle|left_door_handle_chrome_face|left_door_handle_shadow_gap|left_door_hinge_pin_cap_1|left_door_hinge_pin_cap_2|left_door_hinge_pin_cap_3,L3 exterior material reference:8|L2 visible-detail primitive:2|L0 envelope:1|visual only:1,represented_needs_measurement_refinement,P1,planned_send_out|planned_strip,Remove and send out individually for repair/refinish|Pull most of the interior and store under tagged covered conditions,indirect,direct_photo_evidence
interior_cabin,j40_removed_steering_column_set,eps_vitz_column_layout_measurement,1,0,2026-05-12,eps_vitz_upgrade:1,20260512_211249_gp_MFXOIt2w.jpg,as_fitted_routes|body|interior,12,rhd_steering_column_dash_bracket|steering_column|steering_column_firewall_boot|steering_column_indicator_stalk|dashboard_glovebox_door|steering_wheel|steering_wheel_hub|steering_wheel_spoke_1,L2 visible-detail primitive:6|L1 visible-detail primitive:2|L2 service datum:1|L0 envelope:1|L1 as-fitted route scope:1|visual only:1,represented_needs_measurement_refinement,P1,planning_required,Measure and photograph the J40 steering wheel position upper column angle dash support pedal clearance firewall pass-through steering-box input line donor EPS motor envelope shaft lengths controller envelope and General EPS Adapter datum points before any cutting,direct,direct_photo_evidence
procurement_inventory,fuse_distribution_and_power_hardware,,14,0,2026-04-11,procurement_reconciliation:14,20260411_065030.jpg|20260411_065032_gp_nShQBqwA.jpg|20260411_071153.jpg|20260411_071155_gp_vFGJ415w.jpg|20260411_071157.jpg|20260411_071159_gp_3matxuBg.jpg|20260411_143125.jpg|20260411_143127_gp_ZKLRVwVw.jpg,,0,,,photos_only_needs_model_geometry,P1,,,,
procurement_inventory,fuse_distribution_and_wiring,,2,0,2026-04-05,procurement_reconciliation:2,20260405_010322.jpg|20260405_010322_gp_0chs4MQg.jpg,,0,,,photos_only_needs_model_geometry,P3,,,,
procurement_inventory,hidden_diesel_cutoff_switch_hardware,interior_dash_switch_fitup|interior_diesel_cutoff_ignition_security,2,0,2026-04-20,procurement_reconciliation:2,20260420_221819_gp_YV69fbvA.jpg|20260420_221819_gp_YV69fbvA_2.jpg,datum,1,installed_battery_dimension_reference_height_bar,measurement datum from project photos:1,visual_reference_modelled,P3,in_progress|queued,"Machine/enlarge existing dash holes to 22 mm, allocate dash controls to final positions, verify cutout clearances, and complete mounting with labels|Integrate purchased needle-type fuel stop switch, key-off diesel cutoff, and starter interrupt path; validate fallback/manual stop behavior",indirect|direct,direct_photo_evidence
procurement_inventory,mixed_fastener_hardware,,1,0,2026-05-03,procurement_reconciliation:1,20260503_153832_gp_0FJJiLHg.jpg,,0,,,photos_only_needs_model_geometry,P3,,,,
procurement_inventory,rubber_grommet_assortment,,1,0,2026-04-22,procurement_reconciliation:1,20260422_034358_gp_Bg6nSlPw.jpg,as_fitted_routes|datum,12,front_support_radiator_measurement_set_lower_pickup_bar|suspension_bump_stop_removed_samples_front_envelope|suspension_bump_stop_removed_samples_rear_envelope|j40_rt_002_battery_positive_to_cutoff_battery_to_cutoff_sweep|j40_rt_004_cutoff_output_to_midi_common_feed_cutoff_to_midi_common|j40_rt_013_firewall_main_pass_throughs_main_firewall_pass_through_band|j40_rt_022_drier_to_evaporator_and_evaporator_suction_to_compressor_ac_firewall_to_evaporator_suction_pair|j40_rt_026_evaporator_condensate_and_body_drain_routes_evaporator_condensate_drain,L1 as-fitted route scope:9|measurement datum from project photos:3,represented_needs_measurement_refinement,P1,,,,
procurement_inventory,rubber_parts_recreation_samples,tub_refit_rubber_hardware_shim_stack,30,0,2026-05-02 to 2026-05-28,procurement_reconciliation:20|fabrication_measurement:10,20260502_004201_gp_zfUSmKJg.jpg|20260502_004215_gp_evgCLjSw.jpg|20260502_004222_gp_PKRe5HSQ.jpg|20260502_004231_gp_CfosvPIg.jpg|20260502_004254_gp_Hm9RR5DQ.jpg|20260502_004314_gp_wuzpgNrA.jpg|20260502_004337_gp_m2OagYpg.jpg|20260502_004345_gp_yK8VYzMQ.jpg,chassis|datum,10,suspension_bump_stop_removed_samples_front_envelope|suspension_bump_stop_removed_samples_rear_envelope|cab_body_mount_rubber_puck_1|cab_body_mount_rubber_puck_2|cab_body_mount_rubber_puck_3|cab_body_mount_rubber_puck_4|cab_body_mount_rubber_puck_5|cab_body_mount_rubber_puck_6,L4 service-reference detail:8|measurement datum from project photos:2,represented_needs_dimension_check,P1,flat_rubber_measurement_photos_added,"Use the reduced chassis-rubbers fabricator spec for quote/first article, then lock the main-tub rubber kit, separate front-support pair, hardware grade, sleeves, and shim stack by trial fit before final tub fastening",direct,direct_photo_evidence
procurement_inventory,rust_remover_container,,1,0,2026-04-22,procurement_reconciliation:1,20260422_003700_gp_gFb0LBcw.jpg,,0,,,photos_only_needs_model_geometry,P3,,,,
procurement_inventory,service_parts_and_order_confirmations,,2,0,2026-04-20,procurement_reconciliation:2,20260420_201801_gp_NvXIaGBw.jpg|20260420_201814_gp_IHb6FfXg.jpg,datum,2,cooling_pipe_fabrication_samples_clamp_pair_datum|installed_battery_dimension_reference_width_bar,measurement datum from project photos:2,visual_reference_modelled,P3,,,,
procurement_inventory,wiring_harness_and_connectors,,62,0,2026-04-10,procurement_reconciliation:62,20260410_013927.jpg|20260410_013928_gp_rqj3LuUw.jpg|20260410_022406.jpg|20260410_022406_gp_WYXg14Mg.jpg|20260410_031722.jpg|20260410_031723_gp_NA7IGHnA.jpg|20260410_031735.jpg|20260410_031735_gp_kiTH5tGA.jpg,,0,,,photos_only_needs_model_geometry,P1,,,,
procurement_inventory,wiring_harness_and_fuse_distribution,,35,0,2026-04-03 to 2026-04-04,procurement_reconciliation:35,20260403_004136.jpg|20260403_004136_gp_K59gVoXw.jpg|20260403_004142.jpg|20260403_004142_gp_2wmxtb3A.jpg|20260403_004145.jpg|20260403_004146_gp_eN3BHWzQ.jpg|20260403_005051.jpg|20260403_005052_gp_F1otrVZA.jpg,as_fitted_routes,1,j40_rt_010_headlamp_marker_horn_aux_lamp_branch_front_lamp_cross_loom,L1 as-fitted route scope:1,represented_needs_measurement_refinement,P1,,,,
removable_panels,detached_body_panels_and_doors,back_doors|back_cabin|front_wings|paint_sendout_panels_manifest|paint_workshop_progress_media,15,0,2026-04-08 to 2026-04-23,hardware_refinish:11|removed_parts_cataloguing:4,20260408_211754.jpg|20260408_211756_gp_UFEU6uIA.jpg|20260408_211804.jpg|20260408_211806_gp_TbbCJsoQ.jpg|20260408_211812.jpg|20260408_211814_gp_hJ3szRKQ.jpg|20260408_212835_gp_nwY1TOwQ.jpg|20260408_212839.jpg,body,12,left_rear_tub_top_flange|right_rear_tub_top_flange|cowl_top|firewall|floor_cross_pressing_1|floor_cross_pressing_2|floor_cross_pressing_3|floor_cross_pressing_4,L2 panel rib reference:6|L0 envelope:3|L4 online-reference detail:2|L3 exterior material reference:1,represented_needs_measurement_refinement,P1,planned_send_out|sent_to_painter|in_progress|evidence_tracking,"Remove and send out individually for repair/refinish|Remove and send out as a separable body section|Front wings are at paint/bodywork; track painter progress return condition fit lines and mounting edge readiness before refit|Finalize send-out manifest for detachable panels, including roof and front wings, map each piece to painter batch, and keep before-send condition photos linked|Collect and retain actual painter/bodywork progress media with batch references in notes; do not use stripdown wing-removal or body-lift prep as direct paint evidence",direct|indirect,direct_photo_evidence
removable_panels,detached_doors_and_panels,back_doors|front_wings|paint_sendout_panels_manifest|paint_workshop_progress_media,4,0,2026-03-19 to 2026-04-23,removed_parts_cataloguing:4,20260319_182448.jpg|20260319_182449_gp_ttDAl3iw.jpg|20260423_183408_gp_eCiJmZnA.jpg|20260423_183540_gp_bhRdLpMg.jpg,body,2,left_rear_tub_top_flange|right_rear_tub_top_flange,L4 online-reference detail:2,visual_reference_modelled,P3,planned_send_out|sent_to_painter|in_progress|evidence_tracking,"Remove and send out individually for repair/refinish|Front wings are at paint/bodywork; track painter progress return condition fit lines and mounting edge readiness before refit|Finalize send-out manifest for detachable panels, including roof and front wings, map each piece to painter batch, and keep before-send condition photos linked|Collect and retain actual painter/bodywork progress media with batch references in notes; do not use stripdown wing-removal or body-lift prep as direct paint evidence",direct|indirect,direct_photo_evidence
removable_panels,rear_hatch_inner_panel,paint_sendout_panels_manifest,1,0,2026-03-28,removed_parts_cataloguing:1,IMG-20260328-WA0017.jpeg,body,12,grille_panel|hood_rear_cowl_gap_shadow|left_door_outer_skin_lower_pressing|left_door_outer_skin_upper_pressing|left_door_skin_lower_recess_shadow|left_hood_side_gap_shadow|left_inner_fender|left_rear_inner_wheel_tub,L3 exterior material reference:6|L0 envelope:3|L2 panel rib reference:1|L2 panel reference:1|L4 online-reference detail:1,represented_needs_measurement_refinement,P1,in_progress,"Finalize send-out manifest for detachable panels, including roof and front wings, map each piece to painter batch, and keep before-send condition photos linked",direct,direct_photo_evidence
removable_panels,refinished_hinges_brackets_and_trim,paint_returned_panels_refinished,16,0,2026-04-12,hardware_refinish:16,20260412_010626_gp_4bK3TOAg.jpg|20260412_010633.jpg|20260412_010635_gp_rhjZ65YA.jpg|20260412_010644.jpg|20260412_010646_gp_vrcJK3ow.jpg|20260412_010652.jpg|20260412_010653_gp_jaxzr7Eg.jpg|20260412_010657.jpg,body,8,left_beltline_trim_front_door|left_beltline_trim_rear_tub|left_fuel_filler_outer_ring|left_rear_tub_top_flange|right_beltline_trim_front_door|right_beltline_trim_rear_tub|right_fuel_filler_outer_ring|right_rear_tub_top_flange,L3 exterior material reference:6|L4 online-reference detail:2,visual_reference_modelled,P2,partially_returned,"Track returned painted/refinished hardware and panel pieces, then tag storage location and fitment-readiness status",direct,direct_photo_evidence
removable_panels,refinished_seat_or_mount_bracket,paint_returned_panels_refinished,1,0,2026-04-12,hardware_refinish:1,20260412_010623.jpg,body,12,left_hood_hinge_mount_plate|left_hood_hinge_mount_screw_front|left_hood_hinge_mount_screw_rear|left_mirror_mount_screw_1|left_mirror_mount_screw_2|left_mirror_mount_screw_3|left_mirror_mount_screw_4|left_rear_tub_top_flange,L3 exterior material reference:7|L4 service-reference detail:4|L4 online-reference detail:1,represented_needs_dimension_check,P3,partially_returned,"Track returned painted/refinished hardware and panel pieces, then tag storage location and fitment-readiness status",direct,direct_photo_evidence
removable_panels,returned_painted_body_trim,paint_returned_panels_refinished,2,0,2026-05-23,hardware_refinish:2,20260523_224042_gp_J1g4JmyA.jpg|20260523_224101_gp_EpoF4CwQ.jpg,body,12,left_beltline_trim_front_door|left_beltline_trim_rear_tub|left_fuel_filler_outer_ring|left_rear_tub_top_flange|left_side_step_board|right_beltline_trim_front_door|right_beltline_trim_rear_tub|right_fuel_filler_outer_ring,L3 exterior material reference:6|L4 online-reference detail:2|L2 visible-detail primitive:2|L0 envelope:2,represented_needs_measurement_refinement,P1,partially_returned,"Track returned painted/refinished hardware and panel pieces, then tag storage location and fitment-readiness status",direct,direct_photo_evidence
removable_panels,returned_painted_brackets_and_trim,paint_returned_panels_refinished,1,0,2026-05-23,hardware_refinish:1,20260523_223733_gp_MnEIyxVA.jpg,body,10,left_beltline_trim_front_door|left_beltline_trim_rear_tub|left_fuel_filler_outer_ring|left_rear_tub_top_flange|left_side_step_board|right_beltline_trim_front_door|right_beltline_trim_rear_tub|right_fuel_filler_outer_ring,L3 exterior material reference:6|L4 online-reference detail:2|L2 visible-detail primitive:2,visual_reference_modelled,P3,partially_returned,"Track returned painted/refinished hardware and panel pieces, then tag storage location and fitment-readiness status",direct,direct_photo_evidence
removable_panels,returned_painted_front_wings,paint_returned_panels_refinished,4,0,2026-05-23,hardware_refinish:4,20260523_223012_gp_8OUV7efg.jpg|20260523_223049_gp_fMBUKOUA.jpg|20260523_223705_gp_JYXnfgoQ.jpg|20260523_223717_gp_FfANRAeQ.jpg,body,4,left_rear_tub_top_flange|left_side_step_board|right_rear_tub_top_flange|right_side_step_board,L4 online-reference detail:2|L2 visible-detail primitive:2,visual_reference_modelled,P3,partially_returned,"Track returned painted/refinished hardware and panel pieces, then tag storage location and fitment-readiness status",direct,direct_photo_evidence
removable_panels,returned_painted_inner_panels_or_splash_shields,paint_returned_panels_refinished,2,0,2026-05-23,hardware_refinish:2,20260523_222923_gp_nZMVhWQg.jpg|20260523_222939_gp_8284Aubw.jpg,body,12,left_inner_fender|left_rear_inner_wheel_tub|left_rear_tub_top_flange|left_side_step_board|rear_left_tail_lamp_inner_lens|rear_right_tail_lamp_inner_lens|right_inner_fender|right_rear_inner_wheel_tub,L3 exterior material reference:4|L0 envelope:2|L2 panel reference:2|L4 online-reference detail:2|L2 visible-detail primitive:2,represented_needs_measurement_refinement,P1,partially_returned,"Track returned painted/refinished hardware and panel pieces, then tag storage location and fitment-readiness status",direct,direct_photo_evidence
removable_panels,wiper_arm_or_linkage_hardware,window_mechanisms|paint_returned_panels_refinished,1,0,2026-04-12,hardware_refinish:1,20260412_010713.jpg,body,12,left_windshield_wiper_arm_chrome|right_windshield_wiper_arm_chrome|left_mirror_arm|left_rear_tub_top_flange|left_windshield_wiper_blade_rubber|left_windshield_wiper_pivot|rear_spare_carrier_hardware_screw_1|rear_spare_carrier_hardware_screw_2,L3 exterior material reference:10|L2 visible-detail primitive:1|L4 online-reference detail:1,visual_reference_modelled,P3,planned_separate_service|partially_returned,"Separate, tag, clean, lubricate, and bench-test window mechanisms, pivots, latches, sliders, and retention hardware before glass refit|Track returned painted/refinished hardware and panel pieces, then tag storage location and fitment-readiness status",indirect|direct,direct_photo_evidence
roof_and_gutters,roof_gutter_and_window_channel,roof_shell|body_rubbers|window_rubbers_weatherstrips|paint_sendout_panels_manifest|paint_returned_panels_refinished,6,0,2026-03-23 to 2026-05-17,rust_assessment:4|removed_parts_cataloguing:1|hardware_refinish:1,20260323_210944.jpg|20260323_210954.jpg|20260323_211003.jpg|20260323_211027.jpg|20260423_183648_gp_ltd3AKwg.jpg|20260517_193305_gp_o1a6StwA.jpg,hard_top,12,left_hardtop_side_tapered_upper_skin|left_roof_drip_rail_outer_shadow|left_roof_gutter_front_end_cap|left_roof_gutter_rear_end_cap|left_roof_gutter_rivet_1|left_roof_gutter_rivet_2|left_roof_gutter_rivet_3|left_roof_gutter_rivet_4,L3 exterior material reference:11|L4 gallery-shaped surface:1,represented_needs_dimension_check,P2,returned_pending_fitment_check|split_scope|intake_photo_selection|in_progress|partially_returned,"Inspect returned painted roof for gutter profile mounting points finish protection and refit readiness before storage/refit|Split window rubbers/weatherstrips into the window refurbishment flow; keep any non-window body bumpers or isolators separately tagged and out of chassis body-mount rubber release|Identify every fixed, sliding, vent, and rear window rubber seal, channel, felt, and weatherstrip; measure profile/length from removed samples and decide reuse versus exact replacement before buying|Finalize send-out manifest for detachable panels, including roof and front wings, map each piece to painter batch, and keep before-send condition photos linked|Track returned painted/refinished hardware and panel pieces, then tag storage location and fitment-readiness status",direct|indirect,direct_photo_evidence
rubbers_and_seals,window_rubber_seals_and_frames,front_vent_window_assemblies|body_rubbers|window_rubbers_weatherstrips,2,0,2026-03-29,removed_parts_cataloguing:2,20260329_051754.jpg|20260329_051754_gp_YcnhIwZQ.jpg,hard_top,12,left_front_window_rubber_seal|left_hardtop_front_window_rounded_corner_1|left_hardtop_front_window_rounded_corner_2|left_hardtop_front_window_rounded_corner_3|left_hardtop_front_window_rounded_corner_4|left_hardtop_rear_window_rounded_corner_1|left_hardtop_rear_window_rounded_corner_2|left_hardtop_rear_window_rounded_corner_3,L3 exterior material reference:8|L2 visible-detail primitive:4,represented_needs_dimension_check,P3,planned_separate_service|split_scope|intake_photo_selection,"Treat as a windows-workstream sub-job: tag LH/RH assemblies, disassemble only enough to protect glass, clean/rust-treat/refinish metal channels and tabs, service pivots/latches/sliders, assess seals and glass, then bench water-test before refit|Split window rubbers/weatherstrips into the window refurbishment flow; keep any non-window body bumpers or isolators separately tagged and out of chassis body-mount rubber release|Identify every fixed, sliding, vent, and rear window rubber seal, channel, felt, and weatherstrip; measure profile/length from removed samples and decide reuse versus exact replacement before buying",indirect|direct,direct_photo_evidence
wheels_and_tires,wheel_and_tire_detail,wheel_tyre_condition_assessment_20260512,1,0,2026-03-24,underside_inspection:1,20260324_004830.jpg,running_gear,12,front_left_tire|front_right_tire|rear_left_tire|rear_right_tire|front_left_hub_cap|front_left_lug_nut_1|front_left_lug_nut_2|front_left_lug_nut_3,L2 service datum:6|L0 envelope:4|L1 visible-detail primitive:1|project-photo evidence:1,represented_needs_measurement_refinement,P1,assessment_started,"Assess the current Neolin M/T tyres and Toyota six-lug steel wheels before road validation: record tyre size/load rating/date code on all tyres, inspect inner and outer sidewalls, tread damage, bead seating, rim corrosion/runout, valve stems, wheel weights, lug seats/nuts, pressure retention, balance, and clearance after suspension install",indirect,direct_photo_evidence
wheels_and_tires,wheel_tire_neolin_mt_sidewall_rim_detail,wheel_tyre_condition_assessment_20260512,1,0,2026-05-12,steering_brakes_suspension:1,20260512_110100_user_neolin_mt_tyre_sidewall_wheel_context.png,running_gear,12,front_left_mud_terrain_sidewall_lettering_panel|front_left_outer_rim_ring|front_left_rim_vent_slot_1|front_left_rim_vent_slot_2|front_left_rim_vent_slot_3|front_left_rim_vent_slot_4|front_left_rim_vent_slot_5|front_left_rim_vent_slot_6,L3 exterior material reference:9|project-photo evidence:1|L2 visible-detail primitive:1|L0 envelope:1,represented_needs_measurement_refinement,P1,assessment_started,"Assess the current Neolin M/T tyres and Toyota six-lug steel wheels before road validation: record tyre size/load rating/date code on all tyres, inspect inner and outer sidewalls, tread damage, bead seating, rim corrosion/runout, valve stems, wheel weights, lug seats/nuts, pressure retention, balance, and clearance after suspension install",direct,direct_photo_evidence
wheels_and_tires,wheel_tire_neolin_mt_tread_detail,wheel_tyre_condition_assessment_20260512,1,0,2026-05-12,steering_brakes_suspension:1,20260512_110000_user_neolin_mt_tyre_tread_wheel_context.png,running_gear,12,front_left_mud_tire_outer_lug_1|front_left_mud_tire_outer_lug_10|front_left_mud_tire_outer_lug_11|front_left_mud_tire_outer_lug_12|front_left_mud_tire_outer_lug_13|front_left_mud_tire_outer_lug_14|front_left_mud_tire_outer_lug_15|front_left_mud_tire_outer_lug_16,L2 visible-detail primitive:12,visual_reference_modelled,P3,assessment_started,"Assess the current Neolin M/T tyres and Toyota six-lug steel wheels before road validation: record tyre size/load rating/date code on all tyres, inspect inner and outer sidewalls, tread damage, bead seating, rim corrosion/runout, valve stems, wheel weights, lug seats/nuts, pressure retention, balance, and clearance after suspension install",direct,direct_photo_evidence
window_hardware,rear_hatch_window_latch_mechanisms,window_mechanisms,1,0,2026-04-08,hardware_refinish:1,20260408_212832.jpg,body,12,left_door_window_bottom_frame|left_door_window_front_vertical_frame|left_door_window_glass|left_door_window_rear_vertical_frame|left_door_window_top_frame|left_hood_latch|left_hood_latch_round_pin|rear_spare_carrier_hardware_screw_1,L3 exterior material reference:10|L0 envelope:1|L2 visible-detail primitive:1,represented_needs_measurement_refinement,P1,planned_separate_service,"Separate, tag, clean, lubricate, and bench-test window mechanisms, pivots, latches, sliders, and retention hardware before glass refit",direct,direct_photo_evidence
windows,front_vent_window_assemblies,front_vent_window_assemblies|window_mechanisms|body_rubbers|window_rubbers_weatherstrips,3,0,2026-05-03 to 2026-05-17,window_refurbishment_intake:2|removed_parts_cataloguing:1,20260503_234035_front_vent_window_assemblies.png|20260517_193803_gp_1KhFjceQ.jpg|20260517_193837_gp_AERCJIrw.jpg,body,12,left_cowl_vent_screw_front|left_cowl_vent_screw_rear|left_cowl_vent_slot|left_door_window_bottom_frame|left_door_window_front_vertical_frame|left_door_window_glass|left_door_window_rear_vertical_frame|left_door_window_top_frame,L3 exterior material reference:9|L2 visible-detail primitive:2|L0 envelope:1,represented_needs_measurement_refinement,P1,planned_separate_service|split_scope|intake_photo_selection,"Treat as a windows-workstream sub-job: tag LH/RH assemblies, disassemble only enough to protect glass, clean/rust-treat/refinish metal channels and tabs, service pivots/latches/sliders, assess seals and glass, then bench water-test before refit|Separate, tag, clean, lubricate, and bench-test window mechanisms, pivots, latches, sliders, and retention hardware before glass refit|Split window rubbers/weatherstrips into the window refurbishment flow; keep any non-window body bumpers or isolators separately tagged and out of chassis body-mount rubber release|Identify every fixed, sliding, vent, and rear window rubber seal, channel, felt, and weatherstrip; measure profile/length from removed samples and decide reuse versus exact replacement before buying",direct,direct_photo_evidence
windows,side_window_glass_and_channels,front_windows|front_vent_window_assemblies|window_mechanisms|body_rubbers|window_rubbers_weatherstrips,2,0,2026-05-17,window_refurbishment_intake:2,20260517_193956_gp_jvKqbrzA.jpg|20260517_194038_gp_WfGY4cSA.jpg,body|hard_top,12,left_door_window_glass|right_door_window_glass|left_classic_rear_quarter_window_dark_inner_inset|left_classic_rear_quarter_window_lower_shadow_arc|left_classic_rear_quarter_window_upper_glare_arc|left_front_hardtop_window|left_rear_hardtop_window|rear_left_hardtop_window,L0 envelope:3|L4 online-reference detail:3|L3 exterior material reference:3|L2 visible-detail primitive:2|L1 visible-detail primitive:1,represented_needs_measurement_refinement,P1,planned_send_out|planned_separate_service|split_scope|intake_photo_selection,"Assess front windshield/window glass, seals, channels, and vendor repair/refit path; do not buy seals until aperture and old-rubber profile are measured|Treat as a windows-workstream sub-job: tag LH/RH assemblies, disassemble only enough to protect glass, clean/rust-treat/refinish metal channels and tabs, service pivots/latches/sliders, assess seals and glass, then bench water-test before refit|Separate, tag, clean, lubricate, and bench-test window mechanisms, pivots, latches, sliders, and retention hardware before glass refit|Split window rubbers/weatherstrips into the window refurbishment flow; keep any non-window body bumpers or isolators separately tagged and out of chassis body-mount rubber release|Identify every fixed, sliding, vent, and rear window rubber seal, channel, felt, and weatherstrip; measure profile/length from removed samples and decide reuse versus exact replacement before buying",indirect|direct,direct_photo_evidence
