0
SECTION
2
HEADER
9
$INSUNITS
70
4
0
ENDSEC
0
SECTION
2
ENTITIES
0
LINE
8
CHASSIS
10
360
20
-432.5
11
3500
21
-432.5
0
LINE
8
CHASSIS
10
3500
20
-432.5
11
3500
21
-347.5
0
LINE
8
CHASSIS
10
3500
20
-347.5
11
360
21
-347.5
0
LINE
8
CHASSIS
10
360
20
-347.5
11
360
21
-432.5
0
LINE
8
CHASSIS
10
360
20
347.5
11
3500
21
347.5
0
LINE
8
CHASSIS
10
3500
20
347.5
11
3500
21
432.5
0
LINE
8
CHASSIS
10
3500
20
432.5
11
360
21
432.5
0
LINE
8
CHASSIS
10
360
20
432.5
11
360
21
347.5
0
LINE
8
CHASSIS
10
450
20
-440
11
535
21
-440
0
LINE
8
CHASSIS
10
535
20
-440
11
535
21
440
0
LINE
8
CHASSIS
10
535
20
440
11
450
21
440
0
LINE
8
CHASSIS
10
450
20
440
11
450
21
-440
0
LINE
8
CHASSIS
10
980
20
-440
11
1065
21
-440
0
LINE
8
CHASSIS
10
1065
20
-440
11
1065
21
440
0
LINE
8
CHASSIS
10
1065
20
440
11
980
21
440
0
LINE
8
CHASSIS
10
980
20
440
11
980
21
-440
0
LINE
8
CHASSIS
10
1660
20
-440
11
1745
21
-440
0
LINE
8
CHASSIS
10
1745
20
-440
11
1745
21
440
0
LINE
8
CHASSIS
10
1745
20
440
11
1660
21
440
0
LINE
8
CHASSIS
10
1660
20
440
11
1660
21
-440
0
LINE
8
CHASSIS
10
2420
20
-440
11
2505
21
-440
0
LINE
8
CHASSIS
10
2505
20
-440
11
2505
21
440
0
LINE
8
CHASSIS
10
2505
20
440
11
2420
21
440
0
LINE
8
CHASSIS
10
2420
20
440
11
2420
21
-440
0
LINE
8
CHASSIS
10
3230
20
-440
11
3315
21
-440
0
LINE
8
CHASSIS
10
3315
20
-440
11
3315
21
440
0
LINE
8
CHASSIS
10
3315
20
440
11
3230
21
440
0
LINE
8
CHASSIS
10
3230
20
440
11
3230
21
-440
0
LINE
8
CHASSIS
10
20
20
-810
11
185
21
-810
0
LINE
8
CHASSIS
10
185
20
-810
11
185
21
810
0
LINE
8
CHASSIS
10
185
20
810
11
20
21
810
0
LINE
8
CHASSIS
10
20
20
810
11
20
21
-810
0
LINE
8
CHASSIS
10
3665
20
-775
11
3810
21
-775
0
LINE
8
CHASSIS
10
3810
20
-775
11
3810
21
775
0
LINE
8
CHASSIS
10
3810
20
775
11
3665
21
775
0
LINE
8
CHASSIS
10
3665
20
775
11
3665
21
-775
0
LINE
8
CHASSIS
10
61
20
-487.5
11
89
21
-487.5
0
LINE
8
CHASSIS
10
89
20
-487.5
11
89
21
-372.5
0
LINE
8
CHASSIS
10
89
20
-372.5
11
61
21
-372.5
0
LINE
8
CHASSIS
10
61
20
-372.5
11
61
21
-487.5
0
LINE
8
CHASSIS
10
61
20
372.5
11
89
21
372.5
0
LINE
8
CHASSIS
10
89
20
372.5
11
89
21
487.5
0
LINE
8
CHASSIS
10
89
20
487.5
11
61
21
487.5
0
LINE
8
CHASSIS
10
61
20
487.5
11
61
21
372.5
0
LINE
8
RUNNING_GEAR
10
735
20
-780
11
825
21
-780
0
LINE
8
RUNNING_GEAR
10
825
20
-780
11
825
21
780
0
LINE
8
RUNNING_GEAR
10
825
20
780
11
735
21
780
0
LINE
8
RUNNING_GEAR
10
735
20
780
11
735
21
-780
0
LINE
8
RUNNING_GEAR
10
3020
20
-780
11
3110
21
-780
0
LINE
8
RUNNING_GEAR
10
3110
20
-780
11
3110
21
780
0
LINE
8
RUNNING_GEAR
10
3110
20
780
11
3020
21
780
0
LINE
8
RUNNING_GEAR
10
3020
20
780
11
3020
21
-780
0
LINE
8
RUNNING_GEAR
10
215
20
-462.5
11
1265
21
-462.5
0
LINE
8
RUNNING_GEAR
10
1265
20
-462.5
11
1265
21
-397.5
0
LINE
8
RUNNING_GEAR
10
1265
20
-397.5
11
215
21
-397.5
0
LINE
8
RUNNING_GEAR
10
215
20
-397.5
11
215
21
-462.5
0
LINE
8
RUNNING_GEAR
10
215
20
397.5
11
1265
21
397.5
0
LINE
8
RUNNING_GEAR
10
1265
20
397.5
11
1265
21
462.5
0
LINE
8
RUNNING_GEAR
10
1265
20
462.5
11
215
21
462.5
0
LINE
8
RUNNING_GEAR
10
215
20
462.5
11
215
21
397.5
0
LINE
8
RUNNING_GEAR
10
2500
20
-462.5
11
3550
21
-462.5
0
LINE
8
RUNNING_GEAR
10
3550
20
-462.5
11
3550
21
-397.5
0
LINE
8
RUNNING_GEAR
10
3550
20
-397.5
11
2500
21
-397.5
0
LINE
8
RUNNING_GEAR
10
2500
20
-397.5
11
2500
21
-462.5
0
LINE
8
RUNNING_GEAR
10
2500
20
397.5
11
3550
21
397.5
0
LINE
8
RUNNING_GEAR
10
3550
20
397.5
11
3550
21
462.5
0
LINE
8
RUNNING_GEAR
10
3550
20
462.5
11
2500
21
462.5
0
LINE
8
RUNNING_GEAR
10
2500
20
462.5
11
2500
21
397.5
0
LINE
8
RUNNING_GEAR
10
340
20
-830
11
1130
21
-830
0
LINE
8
RUNNING_GEAR
10
1130
20
-830
11
1130
21
-580
0
LINE
8
RUNNING_GEAR
10
1130
20
-580
11
340
21
-580
0
LINE
8
RUNNING_GEAR
10
340
20
-580
11
340
21
-830
0
LINE
8
RUNNING_GEAR
10
340
20
580
11
1130
21
580
0
LINE
8
RUNNING_GEAR
10
1130
20
580
11
1130
21
830
0
LINE
8
RUNNING_GEAR
10
1130
20
830
11
340
21
830
0
LINE
8
RUNNING_GEAR
10
340
20
830
11
340
21
580
0
LINE
8
RUNNING_GEAR
10
2625
20
-830
11
3415
21
-830
0
LINE
8
RUNNING_GEAR
10
3415
20
-830
11
3415
21
-580
0
LINE
8
RUNNING_GEAR
10
3415
20
-580
11
2625
21
-580
0
LINE
8
RUNNING_GEAR
10
2625
20
-580
11
2625
21
-830
0
LINE
8
RUNNING_GEAR
10
2625
20
580
11
3415
21
580
0
LINE
8
RUNNING_GEAR
10
3415
20
580
11
3415
21
830
0
LINE
8
RUNNING_GEAR
10
3415
20
830
11
2625
21
830
0
LINE
8
RUNNING_GEAR
10
2625
20
830
11
2625
21
580
0
LINE
8
RUNNING_GEAR
10
1110
20
-729
11
1205
21
-729
0
LINE
8
RUNNING_GEAR
10
1205
20
-729
11
1205
21
-681
0
LINE
8
RUNNING_GEAR
10
1205
20
-681
11
1110
21
-681
0
LINE
8
RUNNING_GEAR
10
1110
20
-681
11
1110
21
-729
0
LINE
8
RUNNING_GEAR
10
1081.455
20
-729
11
1176.455
21
-729
0
LINE
8
RUNNING_GEAR
10
1176.455
20
-729
11
1176.455
21
-681
0
LINE
8
RUNNING_GEAR
10
1176.455
20
-681
11
1081.455
21
-681
0
LINE
8
RUNNING_GEAR
10
1081.455
20
-681
11
1081.455
21
-729
0
LINE
8
RUNNING_GEAR
10
1000.165
20
-729
11
1095.165
21
-729
0
LINE
8
RUNNING_GEAR
10
1095.165
20
-729
11
1095.165
21
-681
0
LINE
8
RUNNING_GEAR
10
1095.165
20
-681
11
1000.165
21
-681
0
LINE
8
RUNNING_GEAR
10
1000.165
20
-681
11
1000.165
21
-729
0
LINE
8
RUNNING_GEAR
10
878.506
20
-729
11
973.506
21
-729
0
LINE
8
RUNNING_GEAR
10
973.506
20
-729
11
973.506
21
-681
0
LINE
8
RUNNING_GEAR
10
973.506
20
-681
11
878.506
21
-681
0
LINE
8
RUNNING_GEAR
10
878.506
20
-681
11
878.506
21
-729
0
LINE
8
RUNNING_GEAR
10
735
20
-729
11
830
21
-729
0
LINE
8
RUNNING_GEAR
10
830
20
-729
11
830
21
-681
0
LINE
8
RUNNING_GEAR
10
830
20
-681
11
735
21
-681
0
LINE
8
RUNNING_GEAR
10
735
20
-681
11
735
21
-729
0
LINE
8
RUNNING_GEAR
10
591.494
20
-729
11
686.494
21
-729
0
LINE
8
RUNNING_GEAR
10
686.494
20
-729
11
686.494
21
-681
0
LINE
8
RUNNING_GEAR
10
686.494
20
-681
11
591.494
21
-681
0
LINE
8
RUNNING_GEAR
10
591.494
20
-681
11
591.494
21
-729
0
LINE
8
RUNNING_GEAR
10
469.835
20
-729
11
564.835
21
-729
0
LINE
8
RUNNING_GEAR
10
564.835
20
-729
11
564.835
21
-681
0
LINE
8
RUNNING_GEAR
10
564.835
20
-681
11
469.835
21
-681
0
LINE
8
RUNNING_GEAR
10
469.835
20
-681
11
469.835
21
-729
0
LINE
8
RUNNING_GEAR
10
388.545
20
-729
11
483.545
21
-729
0
LINE
8
RUNNING_GEAR
10
483.545
20
-729
11
483.545
21
-681
0
LINE
8
RUNNING_GEAR
10
483.545
20
-681
11
388.545
21
-681
0
LINE
8
RUNNING_GEAR
10
388.545
20
-681
11
388.545
21
-729
0
LINE
8
RUNNING_GEAR
10
360
20
-729
11
455
21
-729
0
LINE
8
RUNNING_GEAR
10
455
20
-729
11
455
21
-681
0
LINE
8
RUNNING_GEAR
10
455
20
-681
11
360
21
-681
0
LINE
8
RUNNING_GEAR
10
360
20
-681
11
360
21
-729
0
LINE
8
RUNNING_GEAR
10
388.545
20
-729
11
483.545
21
-729
0
LINE
8
RUNNING_GEAR
10
483.545
20
-729
11
483.545
21
-681
0
LINE
8
RUNNING_GEAR
10
483.545
20
-681
11
388.545
21
-681
0
LINE
8
RUNNING_GEAR
10
388.545
20
-681
11
388.545
21
-729
0
LINE
8
RUNNING_GEAR
10
469.835
20
-729
11
564.835
21
-729
0
LINE
8
RUNNING_GEAR
10
564.835
20
-729
11
564.835
21
-681
0
LINE
8
RUNNING_GEAR
10
564.835
20
-681
11
469.835
21
-681
0
LINE
8
RUNNING_GEAR
10
469.835
20
-681
11
469.835
21
-729
0
LINE
8
RUNNING_GEAR
10
591.494
20
-729
11
686.494
21
-729
0
LINE
8
RUNNING_GEAR
10
686.494
20
-729
11
686.494
21
-681
0
LINE
8
RUNNING_GEAR
10
686.494
20
-681
11
591.494
21
-681
0
LINE
8
RUNNING_GEAR
10
591.494
20
-681
11
591.494
21
-729
0
LINE
8
RUNNING_GEAR
10
735
20
-729
11
830
21
-729
0
LINE
8
RUNNING_GEAR
10
830
20
-729
11
830
21
-681
0
LINE
8
RUNNING_GEAR
10
830
20
-681
11
735
21
-681
0
LINE
8
RUNNING_GEAR
10
735
20
-681
11
735
21
-729
0
LINE
8
RUNNING_GEAR
10
878.506
20
-729
11
973.506
21
-729
0
LINE
8
RUNNING_GEAR
10
973.506
20
-729
11
973.506
21
-681
0
LINE
8
RUNNING_GEAR
10
973.506
20
-681
11
878.506
21
-681
0
LINE
8
RUNNING_GEAR
10
878.506
20
-681
11
878.506
21
-729
0
LINE
8
RUNNING_GEAR
10
1000.165
20
-729
11
1095.165
21
-729
0
LINE
8
RUNNING_GEAR
10
1095.165
20
-729
11
1095.165
21
-681
0
LINE
8
RUNNING_GEAR
10
1095.165
20
-681
11
1000.165
21
-681
0
LINE
8
RUNNING_GEAR
10
1000.165
20
-681
11
1000.165
21
-729
0
LINE
8
RUNNING_GEAR
10
1081.455
20
-729
11
1176.455
21
-729
0
LINE
8
RUNNING_GEAR
10
1176.455
20
-729
11
1176.455
21
-681
0
LINE
8
RUNNING_GEAR
10
1176.455
20
-681
11
1081.455
21
-681
0
LINE
8
RUNNING_GEAR
10
1081.455
20
-681
11
1081.455
21
-729
0
LINE
8
RUNNING_GEAR
10
1110
20
681
11
1205
21
681
0
LINE
8
RUNNING_GEAR
10
1205
20
681
11
1205
21
729
0
LINE
8
RUNNING_GEAR
10
1205
20
729
11
1110
21
729
0
LINE
8
RUNNING_GEAR
10
1110
20
729
11
1110
21
681
0
LINE
8
RUNNING_GEAR
10
1081.455
20
681
11
1176.455
21
681
0
LINE
8
RUNNING_GEAR
10
1176.455
20
681
11
1176.455
21
729
0
LINE
8
RUNNING_GEAR
10
1176.455
20
729
11
1081.455
21
729
0
LINE
8
RUNNING_GEAR
10
1081.455
20
729
11
1081.455
21
681
0
LINE
8
RUNNING_GEAR
10
1000.165
20
681
11
1095.165
21
681
0
LINE
8
RUNNING_GEAR
10
1095.165
20
681
11
1095.165
21
729
0
LINE
8
RUNNING_GEAR
10
1095.165
20
729
11
1000.165
21
729
0
LINE
8
RUNNING_GEAR
10
1000.165
20
729
11
1000.165
21
681
0
LINE
8
RUNNING_GEAR
10
878.506
20
681
11
973.506
21
681
0
LINE
8
RUNNING_GEAR
10
973.506
20
681
11
973.506
21
729
0
LINE
8
RUNNING_GEAR
10
973.506
20
729
11
878.506
21
729
0
LINE
8
RUNNING_GEAR
10
878.506
20
729
11
878.506
21
681
0
LINE
8
RUNNING_GEAR
10
735
20
681
11
830
21
681
0
LINE
8
RUNNING_GEAR
10
830
20
681
11
830
21
729
0
LINE
8
RUNNING_GEAR
10
830
20
729
11
735
21
729
0
LINE
8
RUNNING_GEAR
10
735
20
729
11
735
21
681
0
LINE
8
RUNNING_GEAR
10
591.494
20
681
11
686.494
21
681
0
LINE
8
RUNNING_GEAR
10
686.494
20
681
11
686.494
21
729
0
LINE
8
RUNNING_GEAR
10
686.494
20
729
11
591.494
21
729
0
LINE
8
RUNNING_GEAR
10
591.494
20
729
11
591.494
21
681
0
LINE
8
RUNNING_GEAR
10
469.835
20
681
11
564.835
21
681
0
LINE
8
RUNNING_GEAR
10
564.835
20
681
11
564.835
21
729
0
LINE
8
RUNNING_GEAR
10
564.835
20
729
11
469.835
21
729
0
LINE
8
RUNNING_GEAR
10
469.835
20
729
11
469.835
21
681
0
LINE
8
RUNNING_GEAR
10
388.545
20
681
11
483.545
21
681
0
LINE
8
RUNNING_GEAR
10
483.545
20
681
11
483.545
21
729
0
LINE
8
RUNNING_GEAR
10
483.545
20
729
11
388.545
21
729
0
LINE
8
RUNNING_GEAR
10
388.545
20
729
11
388.545
21
681
0
LINE
8
RUNNING_GEAR
10
360
20
681
11
455
21
681
0
LINE
8
RUNNING_GEAR
10
455
20
681
11
455
21
729
0
LINE
8
RUNNING_GEAR
10
455
20
729
11
360
21
729
0
LINE
8
RUNNING_GEAR
10
360
20
729
11
360
21
681
0
LINE
8
RUNNING_GEAR
10
388.545
20
681
11
483.545
21
681
0
LINE
8
RUNNING_GEAR
10
483.545
20
681
11
483.545
21
729
0
LINE
8
RUNNING_GEAR
10
483.545
20
729
11
388.545
21
729
0
LINE
8
RUNNING_GEAR
10
388.545
20
729
11
388.545
21
681
0
LINE
8
RUNNING_GEAR
10
469.835
20
681
11
564.835
21
681
0
LINE
8
RUNNING_GEAR
10
564.835
20
681
11
564.835
21
729
0
LINE
8
RUNNING_GEAR
10
564.835
20
729
11
469.835
21
729
0
LINE
8
RUNNING_GEAR
10
469.835
20
729
11
469.835
21
681
0
LINE
8
RUNNING_GEAR
10
591.494
20
681
11
686.494
21
681
0
LINE
8
RUNNING_GEAR
10
686.494
20
681
11
686.494
21
729
0
LINE
8
RUNNING_GEAR
10
686.494
20
729
11
591.494
21
729
0
LINE
8
RUNNING_GEAR
10
591.494
20
729
11
591.494
21
681
0
LINE
8
RUNNING_GEAR
10
735
20
681
11
830
21
681
0
LINE
8
RUNNING_GEAR
10
830
20
681
11
830
21
729
0
LINE
8
RUNNING_GEAR
10
830
20
729
11
735
21
729
0
LINE
8
RUNNING_GEAR
10
735
20
729
11
735
21
681
0
LINE
8
RUNNING_GEAR
10
878.506
20
681
11
973.506
21
681
0
LINE
8
RUNNING_GEAR
10
973.506
20
681
11
973.506
21
729
0
LINE
8
RUNNING_GEAR
10
973.506
20
729
11
878.506
21
729
0
LINE
8
RUNNING_GEAR
10
878.506
20
729
11
878.506
21
681
0
LINE
8
RUNNING_GEAR
10
1000.165
20
681
11
1095.165
21
681
0
LINE
8
RUNNING_GEAR
10
1095.165
20
681
11
1095.165
21
729
0
LINE
8
RUNNING_GEAR
10
1095.165
20
729
11
1000.165
21
729
0
LINE
8
RUNNING_GEAR
10
1000.165
20
729
11
1000.165
21
681
0
LINE
8
RUNNING_GEAR
10
1081.455
20
681
11
1176.455
21
681
0
LINE
8
RUNNING_GEAR
10
1176.455
20
681
11
1176.455
21
729
0
LINE
8
RUNNING_GEAR
10
1176.455
20
729
11
1081.455
21
729
0
LINE
8
RUNNING_GEAR
10
1081.455
20
729
11
1081.455
21
681
0
LINE
8
RUNNING_GEAR
10
3395
20
-729
11
3490
21
-729
0
LINE
8
RUNNING_GEAR
10
3490
20
-729
11
3490
21
-681
0
LINE
8
RUNNING_GEAR
10
3490
20
-681
11
3395
21
-681
0
LINE
8
RUNNING_GEAR
10
3395
20
-681
11
3395
21
-729
0
LINE
8
RUNNING_GEAR
10
3366.455
20
-729
11
3461.455
21
-729
0
LINE
8
RUNNING_GEAR
10
3461.455
20
-729
11
3461.455
21
-681
0
LINE
8
RUNNING_GEAR
10
3461.455
20
-681
11
3366.455
21
-681
0
LINE
8
RUNNING_GEAR
10
3366.455
20
-681
11
3366.455
21
-729
0
LINE
8
RUNNING_GEAR
10
3285.165
20
-729
11
3380.165
21
-729
0
LINE
8
RUNNING_GEAR
10
3380.165
20
-729
11
3380.165
21
-681
0
LINE
8
RUNNING_GEAR
10
3380.165
20
-681
11
3285.165
21
-681
0
LINE
8
RUNNING_GEAR
10
3285.165
20
-681
11
3285.165
21
-729
0
LINE
8
RUNNING_GEAR
10
3163.506
20
-729
11
3258.506
21
-729
0
LINE
8
RUNNING_GEAR
10
3258.506
20
-729
11
3258.506
21
-681
0
LINE
8
RUNNING_GEAR
10
3258.506
20
-681
11
3163.506
21
-681
0
LINE
8
RUNNING_GEAR
10
3163.506
20
-681
11
3163.506
21
-729
0
LINE
8
RUNNING_GEAR
10
3020
20
-729
11
3115
21
-729
0
LINE
8
RUNNING_GEAR
10
3115
20
-729
11
3115
21
-681
0
LINE
8
RUNNING_GEAR
10
3115
20
-681
11
3020
21
-681
0
LINE
8
RUNNING_GEAR
10
3020
20
-681
11
3020
21
-729
0
LINE
8
RUNNING_GEAR
10
2876.494
20
-729
11
2971.494
21
-729
0
LINE
8
RUNNING_GEAR
10
2971.494
20
-729
11
2971.494
21
-681
0
LINE
8
RUNNING_GEAR
10
2971.494
20
-681
11
2876.494
21
-681
0
LINE
8
RUNNING_GEAR
10
2876.494
20
-681
11
2876.494
21
-729
0
LINE
8
RUNNING_GEAR
10
2754.835
20
-729
11
2849.835
21
-729
0
LINE
8
RUNNING_GEAR
10
2849.835
20
-729
11
2849.835
21
-681
0
LINE
8
RUNNING_GEAR
10
2849.835
20
-681
11
2754.835
21
-681
0
LINE
8
RUNNING_GEAR
10
2754.835
20
-681
11
2754.835
21
-729
0
LINE
8
RUNNING_GEAR
10
2673.545
20
-729
11
2768.545
21
-729
0
LINE
8
RUNNING_GEAR
10
2768.545
20
-729
11
2768.545
21
-681
0
LINE
8
RUNNING_GEAR
10
2768.545
20
-681
11
2673.545
21
-681
0
LINE
8
RUNNING_GEAR
10
2673.545
20
-681
11
2673.545
21
-729
0
LINE
8
RUNNING_GEAR
10
2645
20
-729
11
2740
21
-729
0
LINE
8
RUNNING_GEAR
10
2740
20
-729
11
2740
21
-681
0
LINE
8
RUNNING_GEAR
10
2740
20
-681
11
2645
21
-681
0
LINE
8
RUNNING_GEAR
10
2645
20
-681
11
2645
21
-729
0
LINE
8
RUNNING_GEAR
10
2673.545
20
-729
11
2768.545
21
-729
0
LINE
8
RUNNING_GEAR
10
2768.545
20
-729
11
2768.545
21
-681
0
LINE
8
RUNNING_GEAR
10
2768.545
20
-681
11
2673.545
21
-681
0
LINE
8
RUNNING_GEAR
10
2673.545
20
-681
11
2673.545
21
-729
0
LINE
8
RUNNING_GEAR
10
2754.835
20
-729
11
2849.835
21
-729
0
LINE
8
RUNNING_GEAR
10
2849.835
20
-729
11
2849.835
21
-681
0
LINE
8
RUNNING_GEAR
10
2849.835
20
-681
11
2754.835
21
-681
0
LINE
8
RUNNING_GEAR
10
2754.835
20
-681
11
2754.835
21
-729
0
LINE
8
RUNNING_GEAR
10
2876.494
20
-729
11
2971.494
21
-729
0
LINE
8
RUNNING_GEAR
10
2971.494
20
-729
11
2971.494
21
-681
0
LINE
8
RUNNING_GEAR
10
2971.494
20
-681
11
2876.494
21
-681
0
LINE
8
RUNNING_GEAR
10
2876.494
20
-681
11
2876.494
21
-729
0
LINE
8
RUNNING_GEAR
10
3020
20
-729
11
3115
21
-729
0
LINE
8
RUNNING_GEAR
10
3115
20
-729
11
3115
21
-681
0
LINE
8
RUNNING_GEAR
10
3115
20
-681
11
3020
21
-681
0
LINE
8
RUNNING_GEAR
10
3020
20
-681
11
3020
21
-729
0
LINE
8
RUNNING_GEAR
10
3163.506
20
-729
11
3258.506
21
-729
0
LINE
8
RUNNING_GEAR
10
3258.506
20
-729
11
3258.506
21
-681
0
LINE
8
RUNNING_GEAR
10
3258.506
20
-681
11
3163.506
21
-681
0
LINE
8
RUNNING_GEAR
10
3163.506
20
-681
11
3163.506
21
-729
0
LINE
8
RUNNING_GEAR
10
3285.165
20
-729
11
3380.165
21
-729
0
LINE
8
RUNNING_GEAR
10
3380.165
20
-729
11
3380.165
21
-681
0
LINE
8
RUNNING_GEAR
10
3380.165
20
-681
11
3285.165
21
-681
0
LINE
8
RUNNING_GEAR
10
3285.165
20
-681
11
3285.165
21
-729
0
LINE
8
RUNNING_GEAR
10
3366.455
20
-729
11
3461.455
21
-729
0
LINE
8
RUNNING_GEAR
10
3461.455
20
-729
11
3461.455
21
-681
0
LINE
8
RUNNING_GEAR
10
3461.455
20
-681
11
3366.455
21
-681
0
LINE
8
RUNNING_GEAR
10
3366.455
20
-681
11
3366.455
21
-729
0
LINE
8
RUNNING_GEAR
10
3395
20
681
11
3490
21
681
0
LINE
8
RUNNING_GEAR
10
3490
20
681
11
3490
21
729
0
LINE
8
RUNNING_GEAR
10
3490
20
729
11
3395
21
729
0
LINE
8
RUNNING_GEAR
10
3395
20
729
11
3395
21
681
0
LINE
8
RUNNING_GEAR
10
3366.455
20
681
11
3461.455
21
681
0
LINE
8
RUNNING_GEAR
10
3461.455
20
681
11
3461.455
21
729
0
LINE
8
RUNNING_GEAR
10
3461.455
20
729
11
3366.455
21
729
0
LINE
8
RUNNING_GEAR
10
3366.455
20
729
11
3366.455
21
681
0
LINE
8
RUNNING_GEAR
10
3285.165
20
681
11
3380.165
21
681
0
LINE
8
RUNNING_GEAR
10
3380.165
20
681
11
3380.165
21
729
0
LINE
8
RUNNING_GEAR
10
3380.165
20
729
11
3285.165
21
729
0
LINE
8
RUNNING_GEAR
10
3285.165
20
729
11
3285.165
21
681
0
LINE
8
RUNNING_GEAR
10
3163.506
20
681
11
3258.506
21
681
0
LINE
8
RUNNING_GEAR
10
3258.506
20
681
11
3258.506
21
729
0
LINE
8
RUNNING_GEAR
10
3258.506
20
729
11
3163.506
21
729
0
LINE
8
RUNNING_GEAR
10
3163.506
20
729
11
3163.506
21
681
0
LINE
8
RUNNING_GEAR
10
3020
20
681
11
3115
21
681
0
LINE
8
RUNNING_GEAR
10
3115
20
681
11
3115
21
729
0
LINE
8
RUNNING_GEAR
10
3115
20
729
11
3020
21
729
0
LINE
8
RUNNING_GEAR
10
3020
20
729
11
3020
21
681
0
LINE
8
RUNNING_GEAR
10
2876.494
20
681
11
2971.494
21
681
0
LINE
8
RUNNING_GEAR
10
2971.494
20
681
11
2971.494
21
729
0
LINE
8
RUNNING_GEAR
10
2971.494
20
729
11
2876.494
21
729
0
LINE
8
RUNNING_GEAR
10
2876.494
20
729
11
2876.494
21
681
0
LINE
8
RUNNING_GEAR
10
2754.835
20
681
11
2849.835
21
681
0
LINE
8
RUNNING_GEAR
10
2849.835
20
681
11
2849.835
21
729
0
LINE
8
RUNNING_GEAR
10
2849.835
20
729
11
2754.835
21
729
0
LINE
8
RUNNING_GEAR
10
2754.835
20
729
11
2754.835
21
681
0
LINE
8
RUNNING_GEAR
10
2673.545
20
681
11
2768.545
21
681
0
LINE
8
RUNNING_GEAR
10
2768.545
20
681
11
2768.545
21
729
0
LINE
8
RUNNING_GEAR
10
2768.545
20
729
11
2673.545
21
729
0
LINE
8
RUNNING_GEAR
10
2673.545
20
729
11
2673.545
21
681
0
LINE
8
RUNNING_GEAR
10
2645
20
681
11
2740
21
681
0
LINE
8
RUNNING_GEAR
10
2740
20
681
11
2740
21
729
0
LINE
8
RUNNING_GEAR
10
2740
20
729
11
2645
21
729
0
LINE
8
RUNNING_GEAR
10
2645
20
729
11
2645
21
681
0
LINE
8
RUNNING_GEAR
10
2673.545
20
681
11
2768.545
21
681
0
LINE
8
RUNNING_GEAR
10
2768.545
20
681
11
2768.545
21
729
0
LINE
8
RUNNING_GEAR
10
2768.545
20
729
11
2673.545
21
729
0
LINE
8
RUNNING_GEAR
10
2673.545
20
729
11
2673.545
21
681
0
LINE
8
RUNNING_GEAR
10
2754.835
20
681
11
2849.835
21
681
0
LINE
8
RUNNING_GEAR
10
2849.835
20
681
11
2849.835
21
729
0
LINE
8
RUNNING_GEAR
10
2849.835
20
729
11
2754.835
21
729
0
LINE
8
RUNNING_GEAR
10
2754.835
20
729
11
2754.835
21
681
0
LINE
8
RUNNING_GEAR
10
2876.494
20
681
11
2971.494
21
681
0
LINE
8
RUNNING_GEAR
10
2971.494
20
681
11
2971.494
21
729
0
LINE
8
RUNNING_GEAR
10
2971.494
20
729
11
2876.494
21
729
0
LINE
8
RUNNING_GEAR
10
2876.494
20
729
11
2876.494
21
681
0
LINE
8
RUNNING_GEAR
10
3020
20
681
11
3115
21
681
0
LINE
8
RUNNING_GEAR
10
3115
20
681
11
3115
21
729
0
LINE
8
RUNNING_GEAR
10
3115
20
729
11
3020
21
729
0
LINE
8
RUNNING_GEAR
10
3020
20
729
11
3020
21
681
0
LINE
8
RUNNING_GEAR
10
3163.506
20
681
11
3258.506
21
681
0
LINE
8
RUNNING_GEAR
10
3258.506
20
681
11
3258.506
21
729
0
LINE
8
RUNNING_GEAR
10
3258.506
20
729
11
3163.506
21
729
0
LINE
8
RUNNING_GEAR
10
3163.506
20
729
11
3163.506
21
681
0
LINE
8
RUNNING_GEAR
10
3285.165
20
681
11
3380.165
21
681
0
LINE
8
RUNNING_GEAR
10
3380.165
20
681
11
3380.165
21
729
0
LINE
8
RUNNING_GEAR
10
3380.165
20
729
11
3285.165
21
729
0
LINE
8
RUNNING_GEAR
10
3285.165
20
729
11
3285.165
21
681
0
LINE
8
RUNNING_GEAR
10
3366.455
20
681
11
3461.455
21
681
0
LINE
8
RUNNING_GEAR
10
3461.455
20
681
11
3461.455
21
729
0
LINE
8
RUNNING_GEAR
10
3461.455
20
729
11
3366.455
21
729
0
LINE
8
RUNNING_GEAR
10
3366.455
20
729
11
3366.455
21
681
0
LINE
8
RUNNING_GEAR
10
891
20
-549
11
949
21
-549
0
LINE
8
RUNNING_GEAR
10
949
20
-549
11
949
21
-491
0
LINE
8
RUNNING_GEAR
10
949
20
-491
11
891
21
-491
0
LINE
8
RUNNING_GEAR
10
891
20
-491
11
891
21
-549
0
LINE
8
RUNNING_GEAR
10
891
20
491
11
949
21
491
0
LINE
8
RUNNING_GEAR
10
949
20
491
11
949
21
549
0
LINE
8
RUNNING_GEAR
10
949
20
549
11
891
21
549
0
LINE
8
RUNNING_GEAR
10
891
20
549
11
891
21
491
0
LINE
8
RUNNING_GEAR
10
625
20
-880
11
845
21
-880
0
LINE
8
RUNNING_GEAR
10
845
20
-880
11
845
21
-800
0
LINE
8
RUNNING_GEAR
10
845
20
-800
11
625
21
-800
0
LINE
8
RUNNING_GEAR
10
625
20
-800
11
625
21
-880
0
LINE
8
RUNNING_GEAR
10
625
20
800
11
845
21
800
0
LINE
8
RUNNING_GEAR
10
845
20
800
11
845
21
880
0
LINE
8
RUNNING_GEAR
10
845
20
880
11
625
21
880
0
LINE
8
RUNNING_GEAR
10
625
20
880
11
625
21
800
0
LINE
8
RUNNING_GEAR
10
3176
20
-549
11
3234
21
-549
0
LINE
8
RUNNING_GEAR
10
3234
20
-549
11
3234
21
-491
0
LINE
8
RUNNING_GEAR
10
3234
20
-491
11
3176
21
-491
0
LINE
8
RUNNING_GEAR
10
3176
20
-491
11
3176
21
-549
0
LINE
8
RUNNING_GEAR
10
3176
20
491
11
3234
21
491
0
LINE
8
RUNNING_GEAR
10
3234
20
491
11
3234
21
549
0
LINE
8
RUNNING_GEAR
10
3234
20
549
11
3176
21
549
0
LINE
8
RUNNING_GEAR
10
3176
20
549
11
3176
21
491
0
LINE
8
RUNNING_GEAR
10
2910
20
-880
11
3130
21
-880
0
LINE
8
RUNNING_GEAR
10
3130
20
-880
11
3130
21
-800
0
LINE
8
RUNNING_GEAR
10
3130
20
-800
11
2910
21
-800
0
LINE
8
RUNNING_GEAR
10
2910
20
-800
11
2910
21
-880
0
LINE
8
RUNNING_GEAR
10
2910
20
800
11
3130
21
800
0
LINE
8
RUNNING_GEAR
10
3130
20
800
11
3130
21
880
0
LINE
8
RUNNING_GEAR
10
3130
20
880
11
2910
21
880
0
LINE
8
RUNNING_GEAR
10
2910
20
880
11
2910
21
800
0
LINE
8
BODY
10
890
20
-665
11
3440
21
-665
0
LINE
8
BODY
10
3440
20
-665
11
3440
21
665
0
LINE
8
BODY
10
3440
20
665
11
890
21
665
0
LINE
8
BODY
10
890
20
665
11
890
21
-665
0
LINE
8
BODY
10
1000
20
-767.5
11
3050
21
-767.5
0
LINE
8
BODY
10
3050
20
-767.5
11
3050
21
-672.5
0
LINE
8
BODY
10
3050
20
-672.5
11
1000
21
-672.5
0
LINE
8
BODY
10
1000
20
-672.5
11
1000
21
-767.5
0
LINE
8
BODY
10
1000
20
672.5
11
3050
21
672.5
0
LINE
8
BODY
10
3050
20
672.5
11
3050
21
767.5
0
LINE
8
BODY
10
3050
20
767.5
11
1000
21
767.5
0
LINE
8
BODY
10
1000
20
767.5
11
1000
21
672.5
0
LINE
8
BODY
10
2140
20
-795
11
3410
21
-795
0
LINE
8
BODY
10
3410
20
-795
11
3410
21
-725
0
LINE
8
BODY
10
3410
20
-725
11
2140
21
-725
0
LINE
8
BODY
10
2140
20
-725
11
2140
21
-795
0
LINE
8
BODY
10
2140
20
725
11
3410
21
725
0
LINE
8
BODY
10
3410
20
725
11
3410
21
795
0
LINE
8
BODY
10
3410
20
795
11
2140
21
795
0
LINE
8
BODY
10
2140
20
795
11
2140
21
725
0
LINE
8
BODY
10
3400
20
-715
11
3470
21
-715
0
LINE
8
BODY
10
3470
20
-715
11
3470
21
715
0
LINE
8
BODY
10
3470
20
715
11
3400
21
715
0
LINE
8
BODY
10
3400
20
715
11
3400
21
-715
0
LINE
8
BODY
10
1135
20
-710
11
1215
21
-710
0
LINE
8
BODY
10
1215
20
-710
11
1215
21
710
0
LINE
8
BODY
10
1215
20
710
11
1135
21
710
0
LINE
8
BODY
10
1135
20
710
11
1135
21
-710
0
LINE
8
BODY
10
1085
20
-730
11
1275
21
-730
0
LINE
8
BODY
10
1275
20
-730
11
1275
21
730
0
LINE
8
BODY
10
1275
20
730
11
1085
21
730
0
LINE
8
BODY
10
1085
20
730
11
1085
21
-730
0
LINE
8
BODY
10
170
20
-705
11
250
21
-705
0
LINE
8
BODY
10
250
20
-705
11
250
21
705
0
LINE
8
BODY
10
250
20
705
11
170
21
705
0
LINE
8
BODY
10
170
20
705
11
170
21
-705
0
LINE
8
FRONT_DETAIL
10
125
20
-560
11
160
21
-560
0
LINE
8
FRONT_DETAIL
10
160
20
-560
11
160
21
560
0
LINE
8
FRONT_DETAIL
10
160
20
560
11
125
21
560
0
LINE
8
FRONT_DETAIL
10
125
20
560
11
125
21
-560
0
LINE
8
FRONT_DETAIL
10
105
20
-320
11
135
21
-320
0
LINE
8
FRONT_DETAIL
10
135
20
-320
11
135
21
320
0
LINE
8
FRONT_DETAIL
10
135
20
320
11
105
21
320
0
LINE
8
FRONT_DETAIL
10
105
20
320
11
105
21
-320
0
LINE
8
FRONT_DETAIL
10
73
20
-557.5
11
111
21
-557.5
0
LINE
8
FRONT_DETAIL
10
111
20
-557.5
11
111
21
-332.5
0
LINE
8
FRONT_DETAIL
10
111
20
-332.5
11
73
21
-332.5
0
LINE
8
FRONT_DETAIL
10
73
20
-332.5
11
73
21
-557.5
0
LINE
8
FRONT_DETAIL
10
73
20
332.5
11
111
21
332.5
0
LINE
8
FRONT_DETAIL
10
111
20
332.5
11
111
21
557.5
0
LINE
8
FRONT_DETAIL
10
111
20
557.5
11
73
21
557.5
0
LINE
8
FRONT_DETAIL
10
73
20
557.5
11
73
21
332.5
0
LINE
8
FRONT_DETAIL
10
69
20
-772.5
11
99
21
-772.5
0
LINE
8
FRONT_DETAIL
10
99
20
-772.5
11
99
21
-667.5
0
LINE
8
FRONT_DETAIL
10
99
20
-667.5
11
69
21
-667.5
0
LINE
8
FRONT_DETAIL
10
69
20
-667.5
11
69
21
-772.5
0
LINE
8
FRONT_DETAIL
10
69
20
667.5
11
99
21
667.5
0
LINE
8
FRONT_DETAIL
10
99
20
667.5
11
99
21
772.5
0
LINE
8
FRONT_DETAIL
10
99
20
772.5
11
69
21
772.5
0
LINE
8
FRONT_DETAIL
10
69
20
772.5
11
69
21
667.5
0
LINE
8
FRONT_DETAIL
10
7
20
-442.5
11
43
21
-442.5
0
LINE
8
FRONT_DETAIL
10
43
20
-442.5
11
43
21
-277.5
0
LINE
8
FRONT_DETAIL
10
43
20
-277.5
11
7
21
-277.5
0
LINE
8
FRONT_DETAIL
10
7
20
-277.5
11
7
21
-442.5
0
LINE
8
FRONT_DETAIL
10
7
20
277.5
11
43
21
277.5
0
LINE
8
FRONT_DETAIL
10
43
20
277.5
11
43
21
442.5
0
LINE
8
FRONT_DETAIL
10
43
20
442.5
11
7
21
442.5
0
LINE
8
FRONT_DETAIL
10
7
20
442.5
11
7
21
277.5
0
LINE
8
BODY
10
230
20
-695
11
1150
21
-695
0
LINE
8
BODY
10
1150
20
-695
11
1150
21
695
0
LINE
8
BODY
10
1150
20
695
11
230
21
695
0
LINE
8
BODY
10
230
20
695
11
230
21
-695
0
LINE
8
BODY
10
420
20
-695
11
1600
21
-695
0
LINE
8
BODY
10
1600
20
-695
11
1600
21
695
0
LINE
8
BODY
10
1600
20
695
11
420
21
695
0
LINE
8
BODY
10
420
20
695
11
420
21
-695
0
LINE
8
BODY
10
1016
20
-655
11
1044
21
-655
0
LINE
8
BODY
10
1044
20
-655
11
1044
21
-425
0
LINE
8
BODY
10
1044
20
-425
11
1016
21
-425
0
LINE
8
BODY
10
1016
20
-425
11
1016
21
-655
0
LINE
8
BODY
10
1016
20
425
11
1044
21
425
0
LINE
8
BODY
10
1044
20
425
11
1044
21
655
0
LINE
8
BODY
10
1044
20
655
11
1016
21
655
0
LINE
8
BODY
10
1016
20
655
11
1016
21
425
0
LINE
8
BODY
10
270
20
-855
11
1130
21
-855
0
LINE
8
BODY
10
1130
20
-855
11
1130
21
-585
0
LINE
8
BODY
10
1130
20
-585
11
270
21
-585
0
LINE
8
BODY
10
270
20
-585
11
270
21
-855
0
LINE
8
BODY
10
270
20
585
11
1130
21
585
0
LINE
8
BODY
10
1130
20
585
11
1130
21
855
0
LINE
8
BODY
10
1130
20
855
11
270
21
855
0
LINE
8
BODY
10
270
20
855
11
270
21
585
0
LINE
8
BODY
10
290
20
-555
11
1090
21
-555
0
LINE
8
BODY
10
1090
20
-555
11
1090
21
-485
0
LINE
8
BODY
10
1090
20
-485
11
290
21
-485
0
LINE
8
BODY
10
290
20
-485
11
290
21
-555
0
LINE
8
BODY
10
290
20
485
11
1090
21
485
0
LINE
8
BODY
10
1090
20
485
11
1090
21
555
0
LINE
8
BODY
10
1090
20
555
11
290
21
555
0
LINE
8
BODY
10
290
20
555
11
290
21
485
0
LINE
8
BODY
10
1155
20
-740
11
1235
21
-740
0
LINE
8
BODY
10
1235
20
-740
11
1235
21
740
0
LINE
8
BODY
10
1235
20
740
11
1155
21
740
0
LINE
8
BODY
10
1155
20
740
11
1155
21
-740
0
LINE
8
BODY
10
1160
20
-650
11
1195
21
-650
0
LINE
8
BODY
10
1195
20
-650
11
1195
21
650
0
LINE
8
BODY
10
1195
20
650
11
1160
21
650
0
LINE
8
BODY
10
1160
20
650
11
1160
21
-650
0
LINE
8
BODY
10
1098
20
-465
11
1122
21
-465
0
LINE
8
BODY
10
1122
20
-465
11
1122
21
-35
0
LINE
8
BODY
10
1122
20
-35
11
1098
21
-35
0
LINE
8
BODY
10
1098
20
-35
11
1098
21
-465
0
LINE
8
BODY
10
1098
20
35
11
1122
21
35
0
LINE
8
BODY
10
1122
20
35
11
1122
21
465
0
LINE
8
BODY
10
1122
20
465
11
1098
21
465
0
LINE
8
BODY
10
1098
20
465
11
1098
21
35
0
LINE
8
HARD_TOP
10
1210
20
-770
11
3500
21
-770
0
LINE
8
HARD_TOP
10
3500
20
-770
11
3500
21
770
0
LINE
8
HARD_TOP
10
3500
20
770
11
1210
21
770
0
LINE
8
HARD_TOP
10
1210
20
770
11
1210
21
-770
0
LINE
8
HARD_TOP
10
1240
20
-817.5
11
3440
21
-817.5
0
LINE
8
HARD_TOP
10
3440
20
-817.5
11
3440
21
-762.5
0
LINE
8
HARD_TOP
10
3440
20
-762.5
11
1240
21
-762.5
0
LINE
8
HARD_TOP
10
1240
20
-762.5
11
1240
21
-817.5
0
LINE
8
HARD_TOP
10
1240
20
762.5
11
3440
21
762.5
0
LINE
8
HARD_TOP
10
3440
20
762.5
11
3440
21
817.5
0
LINE
8
HARD_TOP
10
3440
20
817.5
11
1240
21
817.5
0
LINE
8
HARD_TOP
10
1240
20
817.5
11
1240
21
762.5
0
LINE
8
HARD_TOP
10
1420
20
-833
11
1920
21
-833
0
LINE
8
HARD_TOP
10
1920
20
-833
11
1920
21
-813
0
LINE
8
HARD_TOP
10
1920
20
-813
11
1420
21
-813
0
LINE
8
HARD_TOP
10
1420
20
-813
11
1420
21
-833
0
LINE
8
HARD_TOP
10
2190
20
-833
11
2800
21
-833
0
LINE
8
HARD_TOP
10
2800
20
-833
11
2800
21
-813
0
LINE
8
HARD_TOP
10
2800
20
-813
11
2190
21
-813
0
LINE
8
HARD_TOP
10
2190
20
-813
11
2190
21
-833
0
LINE
8
HARD_TOP
10
1420
20
813
11
1920
21
813
0
LINE
8
HARD_TOP
10
1920
20
813
11
1920
21
833
0
LINE
8
HARD_TOP
10
1920
20
833
11
1420
21
833
0
LINE
8
HARD_TOP
10
1420
20
833
11
1420
21
813
0
LINE
8
HARD_TOP
10
2190
20
813
11
2800
21
813
0
LINE
8
HARD_TOP
10
2800
20
813
11
2800
21
833
0
LINE
8
HARD_TOP
10
2800
20
833
11
2190
21
833
0
LINE
8
HARD_TOP
10
2190
20
833
11
2190
21
813
0
LINE
8
HARD_TOP
10
3440
20
-770
11
3495
21
-770
0
LINE
8
HARD_TOP
10
3495
20
-770
11
3495
21
770
0
LINE
8
HARD_TOP
10
3495
20
770
11
3440
21
770
0
LINE
8
HARD_TOP
10
3440
20
770
11
3440
21
-770
0
LINE
8
HARD_TOP
10
1160
20
-787.5
11
1230
21
-787.5
0
LINE
8
HARD_TOP
10
1230
20
-787.5
11
1230
21
787.5
0
LINE
8
HARD_TOP
10
1230
20
787.5
11
1160
21
787.5
0
LINE
8
HARD_TOP
10
1160
20
787.5
11
1160
21
-787.5
0
LINE
8
HARD_TOP
10
2250
20
-859
11
4450
21
-859
0
LINE
8
HARD_TOP
10
4450
20
-859
11
4450
21
-801
0
LINE
8
HARD_TOP
10
4450
20
-801
11
2250
21
-801
0
LINE
8
HARD_TOP
10
2250
20
-801
11
2250
21
-859
0
LINE
8
HARD_TOP
10
2250
20
801
11
4450
21
801
0
LINE
8
HARD_TOP
10
4450
20
801
11
4450
21
859
0
LINE
8
HARD_TOP
10
4450
20
859
11
2250
21
859
0
LINE
8
HARD_TOP
10
2250
20
859
11
2250
21
801
0
LINE
8
BODY
10
1180
20
-945
11
1980
21
-945
0
LINE
8
BODY
10
1980
20
-945
11
1980
21
-875
0
LINE
8
BODY
10
1980
20
-875
11
1180
21
-875
0
LINE
8
BODY
10
1180
20
-875
11
1180
21
-945
0
LINE
8
BODY
10
1180
20
725
11
1980
21
725
0
LINE
8
BODY
10
1980
20
725
11
1980
21
795
0
LINE
8
BODY
10
1980
20
795
11
1180
21
795
0
LINE
8
BODY
10
1180
20
795
11
1180
21
725
0
LINE
8
BODY
10
1280
20
-959
11
1800
21
-959
0
LINE
8
BODY
10
1800
20
-959
11
1800
21
-937
0
LINE
8
BODY
10
1800
20
-937
11
1280
21
-937
0
LINE
8
BODY
10
1280
20
-937
11
1280
21
-959
0
LINE
8
BODY
10
1280
20
787
11
1800
21
787
0
LINE
8
BODY
10
1800
20
787
11
1800
21
809
0
LINE
8
BODY
10
1800
20
809
11
1280
21
809
0
LINE
8
BODY
10
1280
20
809
11
1280
21
787
0
LINE
8
BODY
10
1116
20
-974
11
1154
21
-974
0
LINE
8
BODY
10
1154
20
-974
11
1154
21
-936
0
LINE
8
BODY
10
1154
20
-936
11
1116
21
-936
0
LINE
8
BODY
10
1116
20
-936
11
1116
21
-974
0
LINE
8
BODY
10
1116
20
-974
11
1154
21
-974
0
LINE
8
BODY
10
1154
20
-974
11
1154
21
-936
0
LINE
8
BODY
10
1154
20
-936
11
1116
21
-936
0
LINE
8
BODY
10
1116
20
-936
11
1116
21
-974
0
LINE
8
BODY
10
1116
20
786
11
1154
21
786
0
LINE
8
BODY
10
1154
20
786
11
1154
21
824
0
LINE
8
BODY
10
1154
20
824
11
1116
21
824
0
LINE
8
BODY
10
1116
20
824
11
1116
21
786
0
LINE
8
BODY
10
1116
20
786
11
1154
21
786
0
LINE
8
BODY
10
1154
20
786
11
1154
21
824
0
LINE
8
BODY
10
1154
20
824
11
1116
21
824
0
LINE
8
BODY
10
1116
20
824
11
1116
21
786
0
LINE
8
BODY
10
1575
20
-970
11
1735
21
-970
0
LINE
8
BODY
10
1735
20
-970
11
1735
21
-940
0
LINE
8
BODY
10
1735
20
-940
11
1575
21
-940
0
LINE
8
BODY
10
1575
20
-940
11
1575
21
-970
0
LINE
8
BODY
10
1575
20
790
11
1735
21
790
0
LINE
8
BODY
10
1735
20
790
11
1735
21
820
0
LINE
8
BODY
10
1735
20
820
11
1575
21
820
0
LINE
8
BODY
10
1575
20
820
11
1575
21
790
0
LINE
8
ENGINE_BAY
10
460
20
-210
11
980
21
-210
0
LINE
8
ENGINE_BAY
10
980
20
-210
11
980
21
210
0
LINE
8
ENGINE_BAY
10
980
20
210
11
460
21
210
0
LINE
8
ENGINE_BAY
10
460
20
210
11
460
21
-210
0
LINE
8
ENGINE_BAY
10
510
20
-90
11
970
21
-90
0
LINE
8
ENGINE_BAY
10
970
20
-90
11
970
21
90
0
LINE
8
ENGINE_BAY
10
970
20
90
11
510
21
90
0
LINE
8
ENGINE_BAY
10
510
20
90
11
510
21
-90
0
LINE
8
ENGINE_BAY
10
235
20
-490
11
310
21
-490
0
LINE
8
ENGINE_BAY
10
310
20
-490
11
310
21
490
0
LINE
8
ENGINE_BAY
10
310
20
490
11
235
21
490
0
LINE
8
ENGINE_BAY
10
235
20
490
11
235
21
-490
0
LINE
8
ENGINE_BAY
10
760
20
-340
11
970
21
-340
0
LINE
8
ENGINE_BAY
10
970
20
-340
11
970
21
-130
0
LINE
8
ENGINE_BAY
10
970
20
-130
11
760
21
-130
0
LINE
8
ENGINE_BAY
10
760
20
-130
11
760
21
-340
0
LINE
8
ENGINE_BAY
10
600
20
320
11
930
21
320
0
LINE
8
ENGINE_BAY
10
930
20
320
11
930
21
540
0
LINE
8
ENGINE_BAY
10
930
20
540
11
600
21
540
0
LINE
8
ENGINE_BAY
10
600
20
540
11
600
21
320
0
LINE
8
ENGINE_BAY
10
447
20
-188
11
493
21
-188
0
LINE
8
ENGINE_BAY
10
493
20
-188
11
493
21
-142
0
LINE
8
ENGINE_BAY
10
493
20
-142
11
447
21
-142
0
LINE
8
ENGINE_BAY
10
447
20
-142
11
447
21
-188
0
LINE
8
ENGINE_BAY
10
447
20
-122
11
493
21
-122
0
LINE
8
ENGINE_BAY
10
493
20
-122
11
493
21
-76
0
LINE
8
ENGINE_BAY
10
493
20
-76
11
447
21
-76
0
LINE
8
ENGINE_BAY
10
447
20
-76
11
447
21
-122
0
LINE
8
ENGINE_BAY
10
447
20
-56
11
493
21
-56
0
LINE
8
ENGINE_BAY
10
493
20
-56
11
493
21
-10
0
LINE
8
ENGINE_BAY
10
493
20
-10
11
447
21
-10
0
LINE
8
ENGINE_BAY
10
447
20
-10
11
447
21
-56
0
LINE
8
ENGINE_BAY
10
447
20
10
11
493
21
10
0
LINE
8
ENGINE_BAY
10
493
20
10
11
493
21
56
0
LINE
8
ENGINE_BAY
10
493
20
56
11
447
21
56
0
LINE
8
ENGINE_BAY
10
447
20
56
11
447
21
10
0
LINE
8
ENGINE_BAY
10
447
20
76
11
493
21
76
0
LINE
8
ENGINE_BAY
10
493
20
76
11
493
21
122
0
LINE
8
ENGINE_BAY
10
493
20
122
11
447
21
122
0
LINE
8
ENGINE_BAY
10
447
20
122
11
447
21
76
0
LINE
8
ENGINE_BAY
10
447
20
142
11
493
21
142
0
LINE
8
ENGINE_BAY
10
493
20
142
11
493
21
188
0
LINE
8
ENGINE_BAY
10
493
20
188
11
447
21
188
0
LINE
8
ENGINE_BAY
10
447
20
188
11
447
21
142
0
LINE
8
ENGINE_BAY
10
115
20
-221
11
545
21
-221
0
LINE
8
ENGINE_BAY
10
545
20
-221
11
545
21
-149
0
LINE
8
ENGINE_BAY
10
545
20
-149
11
115
21
-149
0
LINE
8
ENGINE_BAY
10
115
20
-149
11
115
21
-221
0
LINE
8
ENGINE_BAY
10
574
20
214
11
656
21
214
0
LINE
8
ENGINE_BAY
10
656
20
214
11
656
21
296
0
LINE
8
ENGINE_BAY
10
656
20
296
11
574
21
296
0
LINE
8
ENGINE_BAY
10
574
20
296
11
574
21
214
0
LINE
8
INTERIOR
10
1235
20
-660
11
1355
21
-660
0
LINE
8
INTERIOR
10
1355
20
-660
11
1355
21
660
0
LINE
8
INTERIOR
10
1355
20
660
11
1235
21
660
0
LINE
8
INTERIOR
10
1235
20
660
11
1235
21
-660
0
LINE
8
INTERIOR
10
1135
20
-450
11
1725
21
-450
0
LINE
8
INTERIOR
10
1725
20
-450
11
1725
21
-390
0
LINE
8
INTERIOR
10
1725
20
-390
11
1135
21
-390
0
LINE
8
INTERIOR
10
1135
20
-390
11
1135
21
-450
0
LINE
8
INTERIOR
10
1224
20
-610
11
1256
21
-610
0
LINE
8
INTERIOR
10
1256
20
-610
11
1256
21
-230
0
LINE
8
INTERIOR
10
1256
20
-230
11
1224
21
-230
0
LINE
8
INTERIOR
10
1224
20
-230
11
1224
21
-610
0
LINE
8
INTERIOR
10
1202.5
20
-487.5
11
1257.5
21
-487.5
0
LINE
8
INTERIOR
10
1257.5
20
-487.5
11
1257.5
21
-352.5
0
LINE
8
INTERIOR
10
1257.5
20
-352.5
11
1202.5
21
-352.5
0
LINE
8
INTERIOR
10
1202.5
20
-352.5
11
1202.5
21
-487.5
0
LINE
8
INTERIOR
10
1210
20
-596
11
1234
21
-596
0
LINE
8
INTERIOR
10
1234
20
-596
11
1234
21
-524
0
LINE
8
INTERIOR
10
1234
20
-524
11
1210
21
-524
0
LINE
8
INTERIOR
10
1210
20
-524
11
1210
21
-596
0
LINE
8
INTERIOR
10
1210
20
-506
11
1234
21
-506
0
LINE
8
INTERIOR
10
1234
20
-506
11
1234
21
-434
0
LINE
8
INTERIOR
10
1234
20
-434
11
1210
21
-434
0
LINE
8
INTERIOR
10
1210
20
-434
11
1210
21
-506
0
LINE
8
INTERIOR
10
1210
20
-416
11
1234
21
-416
0
LINE
8
INTERIOR
10
1234
20
-416
11
1234
21
-344
0
LINE
8
INTERIOR
10
1234
20
-344
11
1210
21
-344
0
LINE
8
INTERIOR
10
1210
20
-344
11
1210
21
-416
0
LINE
8
INTERIOR
10
1210
20
-326
11
1234
21
-326
0
LINE
8
INTERIOR
10
1234
20
-326
11
1234
21
-254
0
LINE
8
INTERIOR
10
1234
20
-254
11
1210
21
-254
0
LINE
8
INTERIOR
10
1210
20
-254
11
1210
21
-326
0
LINE
8
INTERIOR
10
1562
20
-138
11
1598
21
-138
0
LINE
8
INTERIOR
10
1598
20
-138
11
1598
21
-102
0
LINE
8
INTERIOR
10
1598
20
-102
11
1562
21
-102
0
LINE
8
INTERIOR
10
1562
20
-102
11
1562
21
-138
0
LINE
8
INTERIOR
10
1481
20
-54
11
1519
21
-54
0
LINE
8
INTERIOR
10
1519
20
-54
11
1519
21
-16
0
LINE
8
INTERIOR
10
1519
20
-16
11
1481
21
-16
0
LINE
8
INTERIOR
10
1481
20
-16
11
1481
21
-54
0
LINE
8
INTERIOR
10
1660
20
-515
11
2080
21
-515
0
LINE
8
INTERIOR
10
2080
20
-515
11
2080
21
-105
0
LINE
8
INTERIOR
10
2080
20
-105
11
1660
21
-105
0
LINE
8
INTERIOR
10
1660
20
-105
11
1660
21
-515
0
LINE
8
INTERIOR
10
1850
20
-515
11
1945
21
-515
0
LINE
8
INTERIOR
10
1945
20
-515
11
1945
21
-105
0
LINE
8
INTERIOR
10
1945
20
-105
11
1850
21
-105
0
LINE
8
INTERIOR
10
1850
20
-105
11
1850
21
-515
0
LINE
8
INTERIOR
10
1830
20
-460
11
1980
21
-460
0
LINE
8
INTERIOR
10
1980
20
-460
11
1980
21
-160
0
LINE
8
INTERIOR
10
1980
20
-160
11
1830
21
-160
0
LINE
8
INTERIOR
10
1830
20
-160
11
1830
21
-460
0
LINE
8
INTERIOR
10
1660
20
105
11
2080
21
105
0
LINE
8
INTERIOR
10
2080
20
105
11
2080
21
515
0
LINE
8
INTERIOR
10
2080
20
515
11
1660
21
515
0
LINE
8
INTERIOR
10
1660
20
515
11
1660
21
105
0
LINE
8
INTERIOR
10
1850
20
105
11
1945
21
105
0
LINE
8
INTERIOR
10
1945
20
105
11
1945
21
515
0
LINE
8
INTERIOR
10
1945
20
515
11
1850
21
515
0
LINE
8
INTERIOR
10
1850
20
515
11
1850
21
105
0
LINE
8
INTERIOR
10
1830
20
160
11
1980
21
160
0
LINE
8
INTERIOR
10
1980
20
160
11
1980
21
460
0
LINE
8
INTERIOR
10
1980
20
460
11
1830
21
460
0
LINE
8
INTERIOR
10
1830
20
460
11
1830
21
160
0
LINE
8
INTERIOR
10
2510
20
-540
11
3120
21
-540
0
LINE
8
INTERIOR
10
3120
20
-540
11
3120
21
540
0
LINE
8
INTERIOR
10
3120
20
540
11
2510
21
540
0
LINE
8
INTERIOR
10
2510
20
540
11
2510
21
-540
0
LINE
8
INTERIOR
10
2920
20
-540
11
3025
21
-540
0
LINE
8
INTERIOR
10
3025
20
-540
11
3025
21
540
0
LINE
8
INTERIOR
10
3025
20
540
11
2920
21
540
0
LINE
8
INTERIOR
10
2920
20
540
11
2920
21
-540
0
LINE
8
INTERIOR
10
2905
20
-485
11
3045
21
-485
0
LINE
8
INTERIOR
10
3045
20
-485
11
3045
21
-215
0
LINE
8
INTERIOR
10
3045
20
-215
11
2905
21
-215
0
LINE
8
INTERIOR
10
2905
20
-215
11
2905
21
-485
0
LINE
8
INTERIOR
10
2905
20
215
11
3045
21
215
0
LINE
8
INTERIOR
10
3045
20
215
11
3045
21
485
0
LINE
8
INTERIOR
10
3045
20
485
11
2905
21
485
0
LINE
8
INTERIOR
10
2905
20
485
11
2905
21
215
0
LINE
8
CHASSIS
10
120
20
-437.5
11
620
21
-437.5
0
LINE
8
CHASSIS
10
620
20
-437.5
11
620
21
-342.5
0
LINE
8
CHASSIS
10
620
20
-342.5
11
120
21
-342.5
0
LINE
8
CHASSIS
10
120
20
-342.5
11
120
21
-437.5
0
LINE
8
CHASSIS
10
120
20
-457
11
620
21
-457
0
LINE
8
CHASSIS
10
620
20
-457
11
620
21
-439
0
LINE
8
CHASSIS
10
620
20
-439
11
120
21
-439
0
LINE
8
CHASSIS
10
120
20
-439
11
120
21
-457
0
LINE
8
CHASSIS
10
3230
20
-437.5
11
3650
21
-437.5
0
LINE
8
CHASSIS
10
3650
20
-437.5
11
3650
21
-342.5
0
LINE
8
CHASSIS
10
3650
20
-342.5
11
3230
21
-342.5
0
LINE
8
CHASSIS
10
3230
20
-342.5
11
3230
21
-437.5
0
LINE
8
CHASSIS
10
3230
20
-457
11
3650
21
-457
0
LINE
8
CHASSIS
10
3650
20
-457
11
3650
21
-439
0
LINE
8
CHASSIS
10
3650
20
-439
11
3230
21
-439
0
LINE
8
CHASSIS
10
3230
20
-439
11
3230
21
-457
0
LINE
8
CHASSIS
10
740
20
-560
11
1020
21
-560
0
LINE
8
CHASSIS
10
1020
20
-560
11
1020
21
-490
0
LINE
8
CHASSIS
10
1020
20
-490
11
740
21
-490
0
LINE
8
CHASSIS
10
740
20
-490
11
740
21
-560
0
LINE
8
CHASSIS
10
906
20
-674
11
1024
21
-674
0
LINE
8
CHASSIS
10
1024
20
-674
11
1024
21
-556
0
LINE
8
CHASSIS
10
1024
20
-556
11
906
21
-556
0
LINE
8
CHASSIS
10
906
20
-556
11
906
21
-674
0
LINE
8
CHASSIS
10
950
20
-630
11
980
21
-630
0
LINE
8
CHASSIS
10
980
20
-630
11
980
21
-600
0
LINE
8
CHASSIS
10
980
20
-600
11
950
21
-600
0
LINE
8
CHASSIS
10
950
20
-600
11
950
21
-630
0
LINE
8
CHASSIS
10
1135
20
-560
11
1415
21
-560
0
LINE
8
CHASSIS
10
1415
20
-560
11
1415
21
-490
0
LINE
8
CHASSIS
10
1415
20
-490
11
1135
21
-490
0
LINE
8
CHASSIS
10
1135
20
-490
11
1135
21
-560
0
LINE
8
CHASSIS
10
1301
20
-674
11
1419
21
-674
0
LINE
8
CHASSIS
10
1419
20
-674
11
1419
21
-556
0
LINE
8
CHASSIS
10
1419
20
-556
11
1301
21
-556
0
LINE
8
CHASSIS
10
1301
20
-556
11
1301
21
-674
0
LINE
8
CHASSIS
10
1345
20
-630
11
1375
21
-630
0
LINE
8
CHASSIS
10
1375
20
-630
11
1375
21
-600
0
LINE
8
CHASSIS
10
1375
20
-600
11
1345
21
-600
0
LINE
8
CHASSIS
10
1345
20
-600
11
1345
21
-630
0
LINE
8
CHASSIS
10
1610
20
-560
11
1890
21
-560
0
LINE
8
CHASSIS
10
1890
20
-560
11
1890
21
-490
0
LINE
8
CHASSIS
10
1890
20
-490
11
1610
21
-490
0
LINE
8
CHASSIS
10
1610
20
-490
11
1610
21
-560
0
LINE
8
CHASSIS
10
1776
20
-674
11
1894
21
-674
0
LINE
8
CHASSIS
10
1894
20
-674
11
1894
21
-556
0
LINE
8
CHASSIS
10
1894
20
-556
11
1776
21
-556
0
LINE
8
CHASSIS
10
1776
20
-556
11
1776
21
-674
0
LINE
8
CHASSIS
10
1820
20
-630
11
1850
21
-630
0
LINE
8
CHASSIS
10
1850
20
-630
11
1850
21
-600
0
LINE
8
CHASSIS
10
1850
20
-600
11
1820
21
-600
0
LINE
8
CHASSIS
10
1820
20
-600
11
1820
21
-630
0
LINE
8
CHASSIS
10
2250
20
-560
11
2530
21
-560
0
LINE
8
CHASSIS
10
2530
20
-560
11
2530
21
-490
0
LINE
8
CHASSIS
10
2530
20
-490
11
2250
21
-490
0
LINE
8
CHASSIS
10
2250
20
-490
11
2250
21
-560
0
LINE
8
CHASSIS
10
2416
20
-674
11
2534
21
-674
0
LINE
8
CHASSIS
10
2534
20
-674
11
2534
21
-556
0
LINE
8
CHASSIS
10
2534
20
-556
11
2416
21
-556
0
LINE
8
CHASSIS
10
2416
20
-556
11
2416
21
-674
0
LINE
8
CHASSIS
10
2460
20
-630
11
2490
21
-630
0
LINE
8
CHASSIS
10
2490
20
-630
11
2490
21
-600
0
LINE
8
CHASSIS
10
2490
20
-600
11
2460
21
-600
0
LINE
8
CHASSIS
10
2460
20
-600
11
2460
21
-630
0
LINE
8
CHASSIS
10
2920
20
-560
11
3200
21
-560
0
LINE
8
CHASSIS
10
3200
20
-560
11
3200
21
-490
0
LINE
8
CHASSIS
10
3200
20
-490
11
2920
21
-490
0
LINE
8
CHASSIS
10
2920
20
-490
11
2920
21
-560
0
LINE
8
CHASSIS
10
3086
20
-674
11
3204
21
-674
0
LINE
8
CHASSIS
10
3204
20
-674
11
3204
21
-556
0
LINE
8
CHASSIS
10
3204
20
-556
11
3086
21
-556
0
LINE
8
CHASSIS
10
3086
20
-556
11
3086
21
-674
0
LINE
8
CHASSIS
10
3130
20
-630
11
3160
21
-630
0
LINE
8
CHASSIS
10
3160
20
-630
11
3160
21
-600
0
LINE
8
CHASSIS
10
3160
20
-600
11
3130
21
-600
0
LINE
8
CHASSIS
10
3130
20
-600
11
3130
21
-630
0
LINE
8
CHASSIS
10
210
20
-489
11
315
21
-489
0
LINE
8
CHASSIS
10
315
20
-489
11
315
21
-461
0
LINE
8
CHASSIS
10
315
20
-461
11
210
21
-461
0
LINE
8
CHASSIS
10
210
20
-461
11
210
21
-489
0
LINE
8
CHASSIS
10
210
20
-404
11
315
21
-404
0
LINE
8
CHASSIS
10
315
20
-404
11
315
21
-376
0
LINE
8
CHASSIS
10
315
20
-376
11
210
21
-376
0
LINE
8
CHASSIS
10
210
20
-376
11
210
21
-404
0
LINE
8
CHASSIS
10
241
20
-497.5
11
283
21
-497.5
0
LINE
8
CHASSIS
10
283
20
-497.5
11
283
21
-367.5
0
LINE
8
CHASSIS
10
283
20
-367.5
11
241
21
-367.5
0
LINE
8
CHASSIS
10
241
20
-367.5
11
241
21
-497.5
0
LINE
8
CHASSIS
10
1280
20
-489
11
1385
21
-489
0
LINE
8
CHASSIS
10
1385
20
-489
11
1385
21
-461
0
LINE
8
CHASSIS
10
1385
20
-461
11
1280
21
-461
0
LINE
8
CHASSIS
10
1280
20
-461
11
1280
21
-489
0
LINE
8
CHASSIS
10
1280
20
-404
11
1385
21
-404
0
LINE
8
CHASSIS
10
1385
20
-404
11
1385
21
-376
0
LINE
8
CHASSIS
10
1385
20
-376
11
1280
21
-376
0
LINE
8
CHASSIS
10
1280
20
-376
11
1280
21
-404
0
LINE
8
CHASSIS
10
1311
20
-497.5
11
1353
21
-497.5
0
LINE
8
CHASSIS
10
1353
20
-497.5
11
1353
21
-367.5
0
LINE
8
CHASSIS
10
1353
20
-367.5
11
1311
21
-367.5
0
LINE
8
CHASSIS
10
1311
20
-367.5
11
1311
21
-497.5
0
LINE
8
CHASSIS
10
2495
20
-489
11
2600
21
-489
0
LINE
8
CHASSIS
10
2600
20
-489
11
2600
21
-461
0
LINE
8
CHASSIS
10
2600
20
-461
11
2495
21
-461
0
LINE
8
CHASSIS
10
2495
20
-461
11
2495
21
-489
0
LINE
8
CHASSIS
10
2495
20
-404
11
2600
21
-404
0
LINE
8
CHASSIS
10
2600
20
-404
11
2600
21
-376
0
LINE
8
CHASSIS
10
2600
20
-376
11
2495
21
-376
0
LINE
8
CHASSIS
10
2495
20
-376
11
2495
21
-404
0
LINE
8
CHASSIS
10
2526
20
-497.5
11
2568
21
-497.5
0
LINE
8
CHASSIS
10
2568
20
-497.5
11
2568
21
-367.5
0
LINE
8
CHASSIS
10
2568
20
-367.5
11
2526
21
-367.5
0
LINE
8
CHASSIS
10
2526
20
-367.5
11
2526
21
-497.5
0
LINE
8
CHASSIS
10
3565
20
-489
11
3670
21
-489
0
LINE
8
CHASSIS
10
3670
20
-489
11
3670
21
-461
0
LINE
8
CHASSIS
10
3670
20
-461
11
3565
21
-461
0
LINE
8
CHASSIS
10
3565
20
-461
11
3565
21
-489
0
LINE
8
CHASSIS
10
3565
20
-404
11
3670
21
-404
0
LINE
8
CHASSIS
10
3670
20
-404
11
3670
21
-376
0
LINE
8
CHASSIS
10
3670
20
-376
11
3565
21
-376
0
LINE
8
CHASSIS
10
3565
20
-376
11
3565
21
-404
0
LINE
8
CHASSIS
10
3596
20
-497.5
11
3638
21
-497.5
0
LINE
8
CHASSIS
10
3638
20
-497.5
11
3638
21
-367.5
0
LINE
8
CHASSIS
10
3638
20
-367.5
11
3596
21
-367.5
0
LINE
8
CHASSIS
10
3596
20
-367.5
11
3596
21
-497.5
0
LINE
8
CHASSIS
10
898
20
-505
11
936
21
-505
0
LINE
8
CHASSIS
10
936
20
-505
11
936
21
-275
0
LINE
8
CHASSIS
10
936
20
-275
11
898
21
-275
0
LINE
8
CHASSIS
10
898
20
-275
11
898
21
-505
0
LINE
8
CHASSIS
10
1106
20
-505
11
1144
21
-505
0
LINE
8
CHASSIS
10
1144
20
-505
11
1144
21
-275
0
LINE
8
CHASSIS
10
1144
20
-275
11
1106
21
-275
0
LINE
8
CHASSIS
10
1106
20
-275
11
1106
21
-505
0
LINE
8
CHASSIS
10
1578
20
-505
11
1616
21
-505
0
LINE
8
CHASSIS
10
1616
20
-505
11
1616
21
-275
0
LINE
8
CHASSIS
10
1616
20
-275
11
1578
21
-275
0
LINE
8
CHASSIS
10
1578
20
-275
11
1578
21
-505
0
LINE
8
CHASSIS
10
1786
20
-505
11
1824
21
-505
0
LINE
8
CHASSIS
10
1824
20
-505
11
1824
21
-275
0
LINE
8
CHASSIS
10
1824
20
-275
11
1786
21
-275
0
LINE
8
CHASSIS
10
1786
20
-275
11
1786
21
-505
0
LINE
8
CHASSIS
10
2338
20
-505
11
2376
21
-505
0
LINE
8
CHASSIS
10
2376
20
-505
11
2376
21
-275
0
LINE
8
CHASSIS
10
2376
20
-275
11
2338
21
-275
0
LINE
8
CHASSIS
10
2338
20
-275
11
2338
21
-505
0
LINE
8
CHASSIS
10
2546
20
-505
11
2584
21
-505
0
LINE
8
CHASSIS
10
2584
20
-505
11
2584
21
-275
0
LINE
8
CHASSIS
10
2584
20
-275
11
2546
21
-275
0
LINE
8
CHASSIS
10
2546
20
-275
11
2546
21
-505
0
LINE
8
RUNNING_GEAR
10
945
20
-630
11
1060
21
-630
0
LINE
8
RUNNING_GEAR
10
1060
20
-630
11
1060
21
-520
0
LINE
8
RUNNING_GEAR
10
1060
20
-520
11
945
21
-520
0
LINE
8
RUNNING_GEAR
10
945
20
-520
11
945
21
-630
0
LINE
8
RUNNING_GEAR
10
3185
20
-630
11
3300
21
-630
0
LINE
8
RUNNING_GEAR
10
3300
20
-630
11
3300
21
-520
0
LINE
8
RUNNING_GEAR
10
3300
20
-520
11
3185
21
-520
0
LINE
8
RUNNING_GEAR
10
3185
20
-520
11
3185
21
-630
0
LINE
8
RUNNING_GEAR
10
908
20
-532
11
932
21
-532
0
LINE
8
RUNNING_GEAR
10
932
20
-532
11
932
21
-508
0
LINE
8
RUNNING_GEAR
10
932
20
-508
11
908
21
-508
0
LINE
8
RUNNING_GEAR
10
908
20
-508
11
908
21
-532
0
LINE
8
RUNNING_GEAR
10
3193
20
-532
11
3217
21
-532
0
LINE
8
RUNNING_GEAR
10
3217
20
-532
11
3217
21
-508
0
LINE
8
RUNNING_GEAR
10
3217
20
-508
11
3193
21
-508
0
LINE
8
RUNNING_GEAR
10
3193
20
-508
11
3193
21
-532
0
LINE
8
RUNNING_GEAR
10
640
20
-535
11
755
21
-535
0
LINE
8
RUNNING_GEAR
10
755
20
-535
11
755
21
-455
0
LINE
8
RUNNING_GEAR
10
755
20
-455
11
640
21
-455
0
LINE
8
RUNNING_GEAR
10
640
20
-455
11
640
21
-535
0
LINE
8
RUNNING_GEAR
10
2925
20
-535
11
3040
21
-535
0
LINE
8
RUNNING_GEAR
10
3040
20
-535
11
3040
21
-455
0
LINE
8
RUNNING_GEAR
10
3040
20
-455
11
2925
21
-455
0
LINE
8
RUNNING_GEAR
10
2925
20
-455
11
2925
21
-535
0
LINE
8
CHASSIS
10
120
20
342.5
11
620
21
342.5
0
LINE
8
CHASSIS
10
620
20
342.5
11
620
21
437.5
0
LINE
8
CHASSIS
10
620
20
437.5
11
120
21
437.5
0
LINE
8
CHASSIS
10
120
20
437.5
11
120
21
342.5
0
LINE
8
CHASSIS
10
120
20
439
11
620
21
439
0
LINE
8
CHASSIS
10
620
20
439
11
620
21
457
0
LINE
8
CHASSIS
10
620
20
457
11
120
21
457
0
LINE
8
CHASSIS
10
120
20
457
11
120
21
439
0
LINE
8
CHASSIS
10
3230
20
342.5
11
3650
21
342.5
0
LINE
8
CHASSIS
10
3650
20
342.5
11
3650
21
437.5
0
LINE
8
CHASSIS
10
3650
20
437.5
11
3230
21
437.5
0
LINE
8
CHASSIS
10
3230
20
437.5
11
3230
21
342.5
0
LINE
8
CHASSIS
10
3230
20
439
11
3650
21
439
0
LINE
8
CHASSIS
10
3650
20
439
11
3650
21
457
0
LINE
8
CHASSIS
10
3650
20
457
11
3230
21
457
0
LINE
8
CHASSIS
10
3230
20
457
11
3230
21
439
0
LINE
8
CHASSIS
10
740
20
490
11
1020
21
490
0
LINE
8
CHASSIS
10
1020
20
490
11
1020
21
560
0
LINE
8
CHASSIS
10
1020
20
560
11
740
21
560
0
LINE
8
CHASSIS
10
740
20
560
11
740
21
490
0
LINE
8
CHASSIS
10
906
20
556
11
1024
21
556
0
LINE
8
CHASSIS
10
1024
20
556
11
1024
21
674
0
LINE
8
CHASSIS
10
1024
20
674
11
906
21
674
0
LINE
8
CHASSIS
10
906
20
674
11
906
21
556
0
LINE
8
CHASSIS
10
950
20
600
11
980
21
600
0
LINE
8
CHASSIS
10
980
20
600
11
980
21
630
0
LINE
8
CHASSIS
10
980
20
630
11
950
21
630
0
LINE
8
CHASSIS
10
950
20
630
11
950
21
600
0
LINE
8
CHASSIS
10
1135
20
490
11
1415
21
490
0
LINE
8
CHASSIS
10
1415
20
490
11
1415
21
560
0
LINE
8
CHASSIS
10
1415
20
560
11
1135
21
560
0
LINE
8
CHASSIS
10
1135
20
560
11
1135
21
490
0
LINE
8
CHASSIS
10
1301
20
556
11
1419
21
556
0
LINE
8
CHASSIS
10
1419
20
556
11
1419
21
674
0
LINE
8
CHASSIS
10
1419
20
674
11
1301
21
674
0
LINE
8
CHASSIS
10
1301
20
674
11
1301
21
556
0
LINE
8
CHASSIS
10
1345
20
600
11
1375
21
600
0
LINE
8
CHASSIS
10
1375
20
600
11
1375
21
630
0
LINE
8
CHASSIS
10
1375
20
630
11
1345
21
630
0
LINE
8
CHASSIS
10
1345
20
630
11
1345
21
600
0
LINE
8
CHASSIS
10
1610
20
490
11
1890
21
490
0
LINE
8
CHASSIS
10
1890
20
490
11
1890
21
560
0
LINE
8
CHASSIS
10
1890
20
560
11
1610
21
560
0
LINE
8
CHASSIS
10
1610
20
560
11
1610
21
490
0
LINE
8
CHASSIS
10
1776
20
556
11
1894
21
556
0
LINE
8
CHASSIS
10
1894
20
556
11
1894
21
674
0
LINE
8
CHASSIS
10
1894
20
674
11
1776
21
674
0
LINE
8
CHASSIS
10
1776
20
674
11
1776
21
556
0
LINE
8
CHASSIS
10
1820
20
600
11
1850
21
600
0
LINE
8
CHASSIS
10
1850
20
600
11
1850
21
630
0
LINE
8
CHASSIS
10
1850
20
630
11
1820
21
630
0
LINE
8
CHASSIS
10
1820
20
630
11
1820
21
600
0
LINE
8
CHASSIS
10
2250
20
490
11
2530
21
490
0
LINE
8
CHASSIS
10
2530
20
490
11
2530
21
560
0
LINE
8
CHASSIS
10
2530
20
560
11
2250
21
560
0
LINE
8
CHASSIS
10
2250
20
560
11
2250
21
490
0
LINE
8
CHASSIS
10
2416
20
556
11
2534
21
556
0
LINE
8
CHASSIS
10
2534
20
556
11
2534
21
674
0
LINE
8
CHASSIS
10
2534
20
674
11
2416
21
674
0
LINE
8
CHASSIS
10
2416
20
674
11
2416
21
556
0
LINE
8
CHASSIS
10
2460
20
600
11
2490
21
600
0
LINE
8
CHASSIS
10
2490
20
600
11
2490
21
630
0
LINE
8
CHASSIS
10
2490
20
630
11
2460
21
630
0
LINE
8
CHASSIS
10
2460
20
630
11
2460
21
600
0
LINE
8
CHASSIS
10
2920
20
490
11
3200
21
490
0
LINE
8
CHASSIS
10
3200
20
490
11
3200
21
560
0
LINE
8
CHASSIS
10
3200
20
560
11
2920
21
560
0
LINE
8
CHASSIS
10
2920
20
560
11
2920
21
490
0
LINE
8
CHASSIS
10
3086
20
556
11
3204
21
556
0
LINE
8
CHASSIS
10
3204
20
556
11
3204
21
674
0
LINE
8
CHASSIS
10
3204
20
674
11
3086
21
674
0
LINE
8
CHASSIS
10
3086
20
674
11
3086
21
556
0
LINE
8
CHASSIS
10
3130
20
600
11
3160
21
600
0
LINE
8
CHASSIS
10
3160
20
600
11
3160
21
630
0
LINE
8
CHASSIS
10
3160
20
630
11
3130
21
630
0
LINE
8
CHASSIS
10
3130
20
630
11
3130
21
600
0
LINE
8
CHASSIS
10
210
20
461
11
315
21
461
0
LINE
8
CHASSIS
10
315
20
461
11
315
21
489
0
LINE
8
CHASSIS
10
315
20
489
11
210
21
489
0
LINE
8
CHASSIS
10
210
20
489
11
210
21
461
0
LINE
8
CHASSIS
10
210
20
376
11
315
21
376
0
LINE
8
CHASSIS
10
315
20
376
11
315
21
404
0
LINE
8
CHASSIS
10
315
20
404
11
210
21
404
0
LINE
8
CHASSIS
10
210
20
404
11
210
21
376
0
LINE
8
CHASSIS
10
241
20
367.5
11
283
21
367.5
0
LINE
8
CHASSIS
10
283
20
367.5
11
283
21
497.5
0
LINE
8
CHASSIS
10
283
20
497.5
11
241
21
497.5
0
LINE
8
CHASSIS
10
241
20
497.5
11
241
21
367.5
0
LINE
8
CHASSIS
10
1280
20
461
11
1385
21
461
0
LINE
8
CHASSIS
10
1385
20
461
11
1385
21
489
0
LINE
8
CHASSIS
10
1385
20
489
11
1280
21
489
0
LINE
8
CHASSIS
10
1280
20
489
11
1280
21
461
0
LINE
8
CHASSIS
10
1280
20
376
11
1385
21
376
0
LINE
8
CHASSIS
10
1385
20
376
11
1385
21
404
0
LINE
8
CHASSIS
10
1385
20
404
11
1280
21
404
0
LINE
8
CHASSIS
10
1280
20
404
11
1280
21
376
0
LINE
8
CHASSIS
10
1311
20
367.5
11
1353
21
367.5
0
LINE
8
CHASSIS
10
1353
20
367.5
11
1353
21
497.5
0
LINE
8
CHASSIS
10
1353
20
497.5
11
1311
21
497.5
0
LINE
8
CHASSIS
10
1311
20
497.5
11
1311
21
367.5
0
LINE
8
CHASSIS
10
2495
20
461
11
2600
21
461
0
LINE
8
CHASSIS
10
2600
20
461
11
2600
21
489
0
LINE
8
CHASSIS
10
2600
20
489
11
2495
21
489
0
LINE
8
CHASSIS
10
2495
20
489
11
2495
21
461
0
LINE
8
CHASSIS
10
2495
20
376
11
2600
21
376
0
LINE
8
CHASSIS
10
2600
20
376
11
2600
21
404
0
LINE
8
CHASSIS
10
2600
20
404
11
2495
21
404
0
LINE
8
CHASSIS
10
2495
20
404
11
2495
21
376
0
LINE
8
CHASSIS
10
2526
20
367.5
11
2568
21
367.5
0
LINE
8
CHASSIS
10
2568
20
367.5
11
2568
21
497.5
0
LINE
8
CHASSIS
10
2568
20
497.5
11
2526
21
497.5
0
LINE
8
CHASSIS
10
2526
20
497.5
11
2526
21
367.5
0
LINE
8
CHASSIS
10
3565
20
461
11
3670
21
461
0
LINE
8
CHASSIS
10
3670
20
461
11
3670
21
489
0
LINE
8
CHASSIS
10
3670
20
489
11
3565
21
489
0
LINE
8
CHASSIS
10
3565
20
489
11
3565
21
461
0
LINE
8
CHASSIS
10
3565
20
376
11
3670
21
376
0
LINE
8
CHASSIS
10
3670
20
376
11
3670
21
404
0
LINE
8
CHASSIS
10
3670
20
404
11
3565
21
404
0
LINE
8
CHASSIS
10
3565
20
404
11
3565
21
376
0
LINE
8
CHASSIS
10
3596
20
367.5
11
3638
21
367.5
0
LINE
8
CHASSIS
10
3638
20
367.5
11
3638
21
497.5
0
LINE
8
CHASSIS
10
3638
20
497.5
11
3596
21
497.5
0
LINE
8
CHASSIS
10
3596
20
497.5
11
3596
21
367.5
0
LINE
8
CHASSIS
10
898
20
275
11
936
21
275
0
LINE
8
CHASSIS
10
936
20
275
11
936
21
505
0
LINE
8
CHASSIS
10
936
20
505
11
898
21
505
0
LINE
8
CHASSIS
10
898
20
505
11
898
21
275
0
LINE
8
CHASSIS
10
1106
20
275
11
1144
21
275
0
LINE
8
CHASSIS
10
1144
20
275
11
1144
21
505
0
LINE
8
CHASSIS
10
1144
20
505
11
1106
21
505
0
LINE
8
CHASSIS
10
1106
20
505
11
1106
21
275
0
LINE
8
CHASSIS
10
1578
20
275
11
1616
21
275
0
LINE
8
CHASSIS
10
1616
20
275
11
1616
21
505
0
LINE
8
CHASSIS
10
1616
20
505
11
1578
21
505
0
LINE
8
CHASSIS
10
1578
20
505
11
1578
21
275
0
LINE
8
CHASSIS
10
1786
20
275
11
1824
21
275
0
LINE
8
CHASSIS
10
1824
20
275
11
1824
21
505
0
LINE
8
CHASSIS
10
1824
20
505
11
1786
21
505
0
LINE
8
CHASSIS
10
1786
20
505
11
1786
21
275
0
LINE
8
CHASSIS
10
2338
20
275
11
2376
21
275
0
LINE
8
CHASSIS
10
2376
20
275
11
2376
21
505
0
LINE
8
CHASSIS
10
2376
20
505
11
2338
21
505
0
LINE
8
CHASSIS
10
2338
20
505
11
2338
21
275
0
LINE
8
CHASSIS
10
2546
20
275
11
2584
21
275
0
LINE
8
CHASSIS
10
2584
20
275
11
2584
21
505
0
LINE
8
CHASSIS
10
2584
20
505
11
2546
21
505
0
LINE
8
CHASSIS
10
2546
20
505
11
2546
21
275
0
LINE
8
RUNNING_GEAR
10
945
20
520
11
1060
21
520
0
LINE
8
RUNNING_GEAR
10
1060
20
520
11
1060
21
630
0
LINE
8
RUNNING_GEAR
10
1060
20
630
11
945
21
630
0
LINE
8
RUNNING_GEAR
10
945
20
630
11
945
21
520
0
LINE
8
RUNNING_GEAR
10
3185
20
520
11
3300
21
520
0
LINE
8
RUNNING_GEAR
10
3300
20
520
11
3300
21
630
0
LINE
8
RUNNING_GEAR
10
3300
20
630
11
3185
21
630
0
LINE
8
RUNNING_GEAR
10
3185
20
630
11
3185
21
520
0
LINE
8
RUNNING_GEAR
10
908
20
508
11
932
21
508
0
LINE
8
RUNNING_GEAR
10
932
20
508
11
932
21
532
0
LINE
8
RUNNING_GEAR
10
932
20
532
11
908
21
532
0
LINE
8
RUNNING_GEAR
10
908
20
532
11
908
21
508
0
LINE
8
RUNNING_GEAR
10
3193
20
508
11
3217
21
508
0
LINE
8
RUNNING_GEAR
10
3217
20
508
11
3217
21
532
0
LINE
8
RUNNING_GEAR
10
3217
20
532
11
3193
21
532
0
LINE
8
RUNNING_GEAR
10
3193
20
532
11
3193
21
508
0
LINE
8
RUNNING_GEAR
10
640
20
455
11
755
21
455
0
LINE
8
RUNNING_GEAR
10
755
20
455
11
755
21
535
0
LINE
8
RUNNING_GEAR
10
755
20
535
11
640
21
535
0
LINE
8
RUNNING_GEAR
10
640
20
535
11
640
21
455
0
LINE
8
RUNNING_GEAR
10
2925
20
455
11
3040
21
455
0
LINE
8
RUNNING_GEAR
10
3040
20
455
11
3040
21
535
0
LINE
8
RUNNING_GEAR
10
3040
20
535
11
2925
21
535
0
LINE
8
RUNNING_GEAR
10
2925
20
535
11
2925
21
455
0
LINE
8
CHASSIS
10
1710
20
-470
11
1970
21
-470
0
LINE
8
CHASSIS
10
1970
20
-470
11
1970
21
470
0
LINE
8
CHASSIS
10
1970
20
470
11
1710
21
470
0
LINE
8
CHASSIS
10
1710
20
470
11
1710
21
-470
0
LINE
8
CHASSIS
10
1600
20
-310
11
2120
21
-310
0
LINE
8
CHASSIS
10
2120
20
-310
11
2120
21
310
0
LINE
8
CHASSIS
10
2120
20
310
11
1600
21
310
0
LINE
8
CHASSIS
10
1600
20
310
11
1600
21
-310
0
LINE
8
RUNNING_GEAR
10
1640
20
-180
11
2050
21
-180
0
LINE
8
RUNNING_GEAR
10
2050
20
-180
11
2050
21
180
0
LINE
8
RUNNING_GEAR
10
2050
20
180
11
1640
21
180
0
LINE
8
RUNNING_GEAR
10
1640
20
180
11
1640
21
-180
0
LINE
8
RUNNING_GEAR
10
1325
20
-150
11
1755
21
-150
0
LINE
8
RUNNING_GEAR
10
1755
20
-150
11
1755
21
150
0
LINE
8
RUNNING_GEAR
10
1755
20
150
11
1325
21
150
0
LINE
8
RUNNING_GEAR
10
1325
20
150
11
1325
21
-150
0
LINE
8
RUNNING_GEAR
10
670
20
-41
11
1570
21
-41
0
LINE
8
RUNNING_GEAR
10
1570
20
-41
11
1570
21
41
0
LINE
8
RUNNING_GEAR
10
1570
20
41
11
670
21
41
0
LINE
8
RUNNING_GEAR
10
670
20
41
11
670
21
-41
0
LINE
8
RUNNING_GEAR
10
1500
20
-41
11
2860
21
-41
0
LINE
8
RUNNING_GEAR
10
2860
20
-41
11
2860
21
41
0
LINE
8
RUNNING_GEAR
10
2860
20
41
11
1500
21
41
0
LINE
8
RUNNING_GEAR
10
1500
20
41
11
1500
21
-41
0
LINE
8
RUNNING_GEAR
10
555
20
-150
11
915
21
-150
0
LINE
8
RUNNING_GEAR
10
915
20
-150
11
915
21
150
0
LINE
8
RUNNING_GEAR
10
915
20
150
11
555
21
150
0
LINE
8
RUNNING_GEAR
10
555
20
150
11
555
21
-150
0
LINE
8
RUNNING_GEAR
10
2830
20
-160
11
3210
21
-160
0
LINE
8
RUNNING_GEAR
10
3210
20
-160
11
3210
21
160
0
LINE
8
RUNNING_GEAR
10
3210
20
160
11
2830
21
160
0
LINE
8
RUNNING_GEAR
10
2830
20
160
11
2830
21
-160
0
LINE
8
RUNNING_GEAR
10
765
20
-72.5
11
1075
21
-72.5
0
LINE
8
RUNNING_GEAR
10
1075
20
-72.5
11
1075
21
72.5
0
LINE
8
RUNNING_GEAR
10
1075
20
72.5
11
765
21
72.5
0
LINE
8
RUNNING_GEAR
10
765
20
72.5
11
765
21
-72.5
0
LINE
8
RUNNING_GEAR
10
2625
20
-72.5
11
2935
21
-72.5
0
LINE
8
RUNNING_GEAR
10
2935
20
-72.5
11
2935
21
72.5
0
LINE
8
RUNNING_GEAR
10
2935
20
72.5
11
2625
21
72.5
0
LINE
8
RUNNING_GEAR
10
2625
20
72.5
11
2625
21
-72.5
0
LINE
8
CHASSIS
10
535
20
-602.5
11
780
21
-602.5
0
LINE
8
CHASSIS
10
780
20
-602.5
11
780
21
-427.5
0
LINE
8
CHASSIS
10
780
20
-427.5
11
535
21
-427.5
0
LINE
8
CHASSIS
10
535
20
-427.5
11
535
21
-602.5
0
LINE
8
CHASSIS
10
500
20
-459
11
795
21
-459
0
LINE
8
CHASSIS
10
795
20
-459
11
795
21
-431
0
LINE
8
CHASSIS
10
795
20
-431
11
500
21
-431
0
LINE
8
CHASSIS
10
500
20
-431
11
500
21
-459
0
LINE
8
RUNNING_GEAR
10
644
20
-586
11
706
21
-586
0
LINE
8
RUNNING_GEAR
10
706
20
-586
11
706
21
-524
0
LINE
8
RUNNING_GEAR
10
706
20
-524
11
644
21
-524
0
LINE
8
RUNNING_GEAR
10
644
20
-524
11
644
21
-586
0
LINE
8
RUNNING_GEAR
10
565
20
-572
11
1185
21
-572
0
LINE
8
RUNNING_GEAR
10
1185
20
-572
11
1185
21
-538
0
LINE
8
RUNNING_GEAR
10
1185
20
-538
11
565
21
-538
0
LINE
8
RUNNING_GEAR
10
565
20
-538
11
565
21
-572
0
LINE
8
RUNNING_GEAR
10
719
20
-710
11
751
21
-710
0
LINE
8
RUNNING_GEAR
10
751
20
-710
11
751
21
710
0
LINE
8
RUNNING_GEAR
10
751
20
710
11
719
21
710
0
LINE
8
RUNNING_GEAR
10
719
20
710
11
719
21
-710
0
LINE
8
RUNNING_GEAR
10
645
20
-379
11
1165
21
-379
0
LINE
8
RUNNING_GEAR
10
1165
20
-379
11
1165
21
-321
0
LINE
8
RUNNING_GEAR
10
1165
20
-321
11
645
21
-321
0
LINE
8
RUNNING_GEAR
10
645
20
-321
11
645
21
-379
0
LINE
8
RUNNING_GEAR
10
855
20
-719
11
1005
21
-719
0
LINE
8
RUNNING_GEAR
10
1005
20
-719
11
1005
21
-661
0
LINE
8
RUNNING_GEAR
10
1005
20
-661
11
855
21
-661
0
LINE
8
RUNNING_GEAR
10
855
20
-661
11
855
21
-719
0
LINE
8
RUNNING_GEAR
10
855
20
661
11
1005
21
661
0
LINE
8
RUNNING_GEAR
10
1005
20
661
11
1005
21
719
0
LINE
8
RUNNING_GEAR
10
1005
20
719
11
855
21
719
0
LINE
8
RUNNING_GEAR
10
855
20
719
11
855
21
661
0
LINE
8
RUNNING_GEAR
10
552.5
20
-777.5
11
917.5
21
-777.5
0
LINE
8
RUNNING_GEAR
10
917.5
20
-777.5
11
917.5
21
-722.5
0
LINE
8
RUNNING_GEAR
10
917.5
20
-722.5
11
552.5
21
-722.5
0
LINE
8
RUNNING_GEAR
10
552.5
20
-722.5
11
552.5
21
-777.5
0
LINE
8
RUNNING_GEAR
10
552.5
20
722.5
11
917.5
21
722.5
0
LINE
8
RUNNING_GEAR
10
917.5
20
722.5
11
917.5
21
777.5
0
LINE
8
RUNNING_GEAR
10
917.5
20
777.5
11
552.5
21
777.5
0
LINE
8
RUNNING_GEAR
10
552.5
20
777.5
11
552.5
21
722.5
0
LINE
8
RUNNING_GEAR
10
215
20
-469
11
1150
21
-469
0
LINE
8
RUNNING_GEAR
10
1150
20
-469
11
1150
21
-391
0
LINE
8
RUNNING_GEAR
10
1150
20
-391
11
215
21
-391
0
LINE
8
RUNNING_GEAR
10
215
20
-391
11
215
21
-469
0
LINE
8
RUNNING_GEAR
10
215
20
-469
11
1035
21
-469
0
LINE
8
RUNNING_GEAR
10
1035
20
-469
11
1035
21
-391
0
LINE
8
RUNNING_GEAR
10
1035
20
-391
11
215
21
-391
0
LINE
8
RUNNING_GEAR
10
215
20
-391
11
215
21
-469
0
LINE
8
RUNNING_GEAR
10
215
20
-469
11
920
21
-469
0
LINE
8
RUNNING_GEAR
10
920
20
-469
11
920
21
-391
0
LINE
8
RUNNING_GEAR
10
920
20
-391
11
215
21
-391
0
LINE
8
RUNNING_GEAR
10
215
20
-391
11
215
21
-469
0
LINE
8
RUNNING_GEAR
10
658
20
-442
11
682
21
-442
0
LINE
8
RUNNING_GEAR
10
682
20
-442
11
682
21
-418
0
LINE
8
RUNNING_GEAR
10
682
20
-418
11
658
21
-418
0
LINE
8
RUNNING_GEAR
10
658
20
-418
11
658
21
-442
0
LINE
8
RUNNING_GEAR
10
788
20
-442
11
812
21
-442
0
LINE
8
RUNNING_GEAR
10
812
20
-442
11
812
21
-418
0
LINE
8
RUNNING_GEAR
10
812
20
-418
11
788
21
-418
0
LINE
8
RUNNING_GEAR
10
788
20
-418
11
788
21
-442
0
LINE
8
RUNNING_GEAR
10
215
20
391
11
1150
21
391
0
LINE
8
RUNNING_GEAR
10
1150
20
391
11
1150
21
469
0
LINE
8
RUNNING_GEAR
10
1150
20
469
11
215
21
469
0
LINE
8
RUNNING_GEAR
10
215
20
469
11
215
21
391
0
LINE
8
RUNNING_GEAR
10
215
20
391
11
1035
21
391
0
LINE
8
RUNNING_GEAR
10
1035
20
391
11
1035
21
469
0
LINE
8
RUNNING_GEAR
10
1035
20
469
11
215
21
469
0
LINE
8
RUNNING_GEAR
10
215
20
469
11
215
21
391
0
LINE
8
RUNNING_GEAR
10
215
20
391
11
920
21
391
0
LINE
8
RUNNING_GEAR
10
920
20
391
11
920
21
469
0
LINE
8
RUNNING_GEAR
10
920
20
469
11
215
21
469
0
LINE
8
RUNNING_GEAR
10
215
20
469
11
215
21
391
0
LINE
8
RUNNING_GEAR
10
658
20
418
11
682
21
418
0
LINE
8
RUNNING_GEAR
10
682
20
418
11
682
21
442
0
LINE
8
RUNNING_GEAR
10
682
20
442
11
658
21
442
0
LINE
8
RUNNING_GEAR
10
658
20
442
11
658
21
418
0
LINE
8
RUNNING_GEAR
10
788
20
418
11
812
21
418
0
LINE
8
RUNNING_GEAR
10
812
20
418
11
812
21
442
0
LINE
8
RUNNING_GEAR
10
812
20
442
11
788
21
442
0
LINE
8
RUNNING_GEAR
10
788
20
442
11
788
21
418
0
LINE
8
RUNNING_GEAR
10
2837.5
20
-777.5
11
3202.5
21
-777.5
0
LINE
8
RUNNING_GEAR
10
3202.5
20
-777.5
11
3202.5
21
-722.5
0
LINE
8
RUNNING_GEAR
10
3202.5
20
-722.5
11
2837.5
21
-722.5
0
LINE
8
RUNNING_GEAR
10
2837.5
20
-722.5
11
2837.5
21
-777.5
0
LINE
8
RUNNING_GEAR
10
2837.5
20
722.5
11
3202.5
21
722.5
0
LINE
8
RUNNING_GEAR
10
3202.5
20
722.5
11
3202.5
21
777.5
0
LINE
8
RUNNING_GEAR
10
3202.5
20
777.5
11
2837.5
21
777.5
0
LINE
8
RUNNING_GEAR
10
2837.5
20
777.5
11
2837.5
21
722.5
0
LINE
8
RUNNING_GEAR
10
2500
20
-469
11
3435
21
-469
0
LINE
8
RUNNING_GEAR
10
3435
20
-469
11
3435
21
-391
0
LINE
8
RUNNING_GEAR
10
3435
20
-391
11
2500
21
-391
0
LINE
8
RUNNING_GEAR
10
2500
20
-391
11
2500
21
-469
0
LINE
8
RUNNING_GEAR
10
2500
20
-469
11
3320
21
-469
0
LINE
8
RUNNING_GEAR
10
3320
20
-469
11
3320
21
-391
0
LINE
8
RUNNING_GEAR
10
3320
20
-391
11
2500
21
-391
0
LINE
8
RUNNING_GEAR
10
2500
20
-391
11
2500
21
-469
0
LINE
8
RUNNING_GEAR
10
2500
20
-469
11
3205
21
-469
0
LINE
8
RUNNING_GEAR
10
3205
20
-469
11
3205
21
-391
0
LINE
8
RUNNING_GEAR
10
3205
20
-391
11
2500
21
-391
0
LINE
8
RUNNING_GEAR
10
2500
20
-391
11
2500
21
-469
0
LINE
8
RUNNING_GEAR
10
2943
20
-442
11
2967
21
-442
0
LINE
8
RUNNING_GEAR
10
2967
20
-442
11
2967
21
-418
0
LINE
8
RUNNING_GEAR
10
2967
20
-418
11
2943
21
-418
0
LINE
8
RUNNING_GEAR
10
2943
20
-418
11
2943
21
-442
0
LINE
8
RUNNING_GEAR
10
3073
20
-442
11
3097
21
-442
0
LINE
8
RUNNING_GEAR
10
3097
20
-442
11
3097
21
-418
0
LINE
8
RUNNING_GEAR
10
3097
20
-418
11
3073
21
-418
0
LINE
8
RUNNING_GEAR
10
3073
20
-418
11
3073
21
-442
0
LINE
8
RUNNING_GEAR
10
2500
20
391
11
3435
21
391
0
LINE
8
RUNNING_GEAR
10
3435
20
391
11
3435
21
469
0
LINE
8
RUNNING_GEAR
10
3435
20
469
11
2500
21
469
0
LINE
8
RUNNING_GEAR
10
2500
20
469
11
2500
21
391
0
LINE
8
RUNNING_GEAR
10
2500
20
391
11
3320
21
391
0
LINE
8
RUNNING_GEAR
10
3320
20
391
11
3320
21
469
0
LINE
8
RUNNING_GEAR
10
3320
20
469
11
2500
21
469
0
LINE
8
RUNNING_GEAR
10
2500
20
469
11
2500
21
391
0
LINE
8
RUNNING_GEAR
10
2500
20
391
11
3205
21
391
0
LINE
8
RUNNING_GEAR
10
3205
20
391
11
3205
21
469
0
LINE
8
RUNNING_GEAR
10
3205
20
469
11
2500
21
469
0
LINE
8
RUNNING_GEAR
10
2500
20
469
11
2500
21
391
0
LINE
8
RUNNING_GEAR
10
2943
20
418
11
2967
21
418
0
LINE
8
RUNNING_GEAR
10
2967
20
418
11
2967
21
442
0
LINE
8
RUNNING_GEAR
10
2967
20
442
11
2943
21
442
0
LINE
8
RUNNING_GEAR
10
2943
20
442
11
2943
21
418
0
LINE
8
RUNNING_GEAR
10
3073
20
418
11
3097
21
418
0
LINE
8
RUNNING_GEAR
10
3097
20
418
11
3097
21
442
0
LINE
8
RUNNING_GEAR
10
3097
20
442
11
3073
21
442
0
LINE
8
RUNNING_GEAR
10
3073
20
442
11
3073
21
418
0
LINE
8
RUNNING_GEAR
10
507.5
20
-862
11
962.5
21
-862
0
LINE
8
RUNNING_GEAR
10
962.5
20
-862
11
962.5
21
-828
0
LINE
8
RUNNING_GEAR
10
962.5
20
-828
11
507.5
21
-828
0
LINE
8
RUNNING_GEAR
10
507.5
20
-828
11
507.5
21
-862
0
LINE
8
RUNNING_GEAR
10
577.5
20
-866
11
892.5
21
-866
0
LINE
8
RUNNING_GEAR
10
892.5
20
-866
11
892.5
21
-844
0
LINE
8
RUNNING_GEAR
10
892.5
20
-844
11
577.5
21
-844
0
LINE
8
RUNNING_GEAR
10
577.5
20
-844
11
577.5
21
-866
0
LINE
8
RUNNING_GEAR
10
854
20
-895
11
876
21
-895
0
LINE
8
RUNNING_GEAR
10
876
20
-895
11
876
21
-845
0
LINE
8
RUNNING_GEAR
10
876
20
-845
11
854
21
-845
0
LINE
8
RUNNING_GEAR
10
854
20
-845
11
854
21
-895
0
LINE
8
RUNNING_GEAR
10
811
20
-895
11
843
21
-895
0
LINE
8
RUNNING_GEAR
10
843
20
-895
11
843
21
-859
0
LINE
8
RUNNING_GEAR
10
843
20
-859
11
811
21
-859
0
LINE
8
RUNNING_GEAR
10
811
20
-859
11
811
21
-895
0
LINE
8
RUNNING_GEAR
10
765
20
-895
11
797
21
-895
0
LINE
8
RUNNING_GEAR
10
797
20
-895
11
797
21
-859
0
LINE
8
RUNNING_GEAR
10
797
20
-859
11
765
21
-859
0
LINE
8
RUNNING_GEAR
10
765
20
-859
11
765
21
-895
0
LINE
8
RUNNING_GEAR
10
673
20
-895
11
705
21
-895
0
LINE
8
RUNNING_GEAR
10
705
20
-895
11
705
21
-859
0
LINE
8
RUNNING_GEAR
10
705
20
-859
11
673
21
-859
0
LINE
8
RUNNING_GEAR
10
673
20
-859
11
673
21
-895
0
LINE
8
RUNNING_GEAR
10
627
20
-895
11
659
21
-895
0
LINE
8
RUNNING_GEAR
10
659
20
-895
11
659
21
-859
0
LINE
8
RUNNING_GEAR
10
659
20
-859
11
627
21
-859
0
LINE
8
RUNNING_GEAR
10
627
20
-859
11
627
21
-895
0
LINE
8
RUNNING_GEAR
10
673
20
-895
11
705
21
-895
0
LINE
8
RUNNING_GEAR
10
705
20
-895
11
705
21
-859
0
LINE
8
RUNNING_GEAR
10
705
20
-859
11
673
21
-859
0
LINE
8
RUNNING_GEAR
10
673
20
-859
11
673
21
-895
0
LINE
8
RUNNING_GEAR
10
765
20
-895
11
797
21
-895
0
LINE
8
RUNNING_GEAR
10
797
20
-895
11
797
21
-859
0
LINE
8
RUNNING_GEAR
10
797
20
-859
11
765
21
-859
0
LINE
8
RUNNING_GEAR
10
765
20
-859
11
765
21
-895
0
LINE
8
RUNNING_GEAR
10
507.5
20
828
11
962.5
21
828
0
LINE
8
RUNNING_GEAR
10
962.5
20
828
11
962.5
21
862
0
LINE
8
RUNNING_GEAR
10
962.5
20
862
11
507.5
21
862
0
LINE
8
RUNNING_GEAR
10
507.5
20
862
11
507.5
21
828
0
LINE
8
RUNNING_GEAR
10
577.5
20
844
11
892.5
21
844
0
LINE
8
RUNNING_GEAR
10
892.5
20
844
11
892.5
21
866
0
LINE
8
RUNNING_GEAR
10
892.5
20
866
11
577.5
21
866
0
LINE
8
RUNNING_GEAR
10
577.5
20
866
11
577.5
21
844
0
LINE
8
RUNNING_GEAR
10
854
20
845
11
876
21
845
0
LINE
8
RUNNING_GEAR
10
876
20
845
11
876
21
895
0
LINE
8
RUNNING_GEAR
10
876
20
895
11
854
21
895
0
LINE
8
RUNNING_GEAR
10
854
20
895
11
854
21
845
0
LINE
8
RUNNING_GEAR
10
811
20
859
11
843
21
859
0
LINE
8
RUNNING_GEAR
10
843
20
859
11
843
21
895
0
LINE
8
RUNNING_GEAR
10
843
20
895
11
811
21
895
0
LINE
8
RUNNING_GEAR
10
811
20
895
11
811
21
859
0
LINE
8
RUNNING_GEAR
10
765
20
859
11
797
21
859
0
LINE
8
RUNNING_GEAR
10
797
20
859
11
797
21
895
0
LINE
8
RUNNING_GEAR
10
797
20
895
11
765
21
895
0
LINE
8
RUNNING_GEAR
10
765
20
895
11
765
21
859
0
LINE
8
RUNNING_GEAR
10
673
20
859
11
705
21
859
0
LINE
8
RUNNING_GEAR
10
705
20
859
11
705
21
895
0
LINE
8
RUNNING_GEAR
10
705
20
895
11
673
21
895
0
LINE
8
RUNNING_GEAR
10
673
20
895
11
673
21
859
0
LINE
8
RUNNING_GEAR
10
627
20
859
11
659
21
859
0
LINE
8
RUNNING_GEAR
10
659
20
859
11
659
21
895
0
LINE
8
RUNNING_GEAR
10
659
20
895
11
627
21
895
0
LINE
8
RUNNING_GEAR
10
627
20
895
11
627
21
859
0
LINE
8
RUNNING_GEAR
10
673
20
859
11
705
21
859
0
LINE
8
RUNNING_GEAR
10
705
20
859
11
705
21
895
0
LINE
8
RUNNING_GEAR
10
705
20
895
11
673
21
895
0
LINE
8
RUNNING_GEAR
10
673
20
895
11
673
21
859
0
LINE
8
RUNNING_GEAR
10
765
20
859
11
797
21
859
0
LINE
8
RUNNING_GEAR
10
797
20
859
11
797
21
895
0
LINE
8
RUNNING_GEAR
10
797
20
895
11
765
21
895
0
LINE
8
RUNNING_GEAR
10
765
20
895
11
765
21
859
0
LINE
8
RUNNING_GEAR
10
2792.5
20
-862
11
3247.5
21
-862
0
LINE
8
RUNNING_GEAR
10
3247.5
20
-862
11
3247.5
21
-828
0
LINE
8
RUNNING_GEAR
10
3247.5
20
-828
11
2792.5
21
-828
0
LINE
8
RUNNING_GEAR
10
2792.5
20
-828
11
2792.5
21
-862
0
LINE
8
RUNNING_GEAR
10
2862.5
20
-866
11
3177.5
21
-866
0
LINE
8
RUNNING_GEAR
10
3177.5
20
-866
11
3177.5
21
-844
0
LINE
8
RUNNING_GEAR
10
3177.5
20
-844
11
2862.5
21
-844
0
LINE
8
RUNNING_GEAR
10
2862.5
20
-844
11
2862.5
21
-866
0
LINE
8
RUNNING_GEAR
10
3139
20
-895
11
3161
21
-895
0
LINE
8
RUNNING_GEAR
10
3161
20
-895
11
3161
21
-845
0
LINE
8
RUNNING_GEAR
10
3161
20
-845
11
3139
21
-845
0
LINE
8
RUNNING_GEAR
10
3139
20
-845
11
3139
21
-895
0
LINE
8
RUNNING_GEAR
10
3096
20
-895
11
3128
21
-895
0
LINE
8
RUNNING_GEAR
10
3128
20
-895
11
3128
21
-859
0
LINE
8
RUNNING_GEAR
10
3128
20
-859
11
3096
21
-859
0
LINE
8
RUNNING_GEAR
10
3096
20
-859
11
3096
21
-895
0
LINE
8
RUNNING_GEAR
10
3050
20
-895
11
3082
21
-895
0
LINE
8
RUNNING_GEAR
10
3082
20
-895
11
3082
21
-859
0
LINE
8
RUNNING_GEAR
10
3082
20
-859
11
3050
21
-859
0
LINE
8
RUNNING_GEAR
10
3050
20
-859
11
3050
21
-895
0
LINE
8
RUNNING_GEAR
10
2958
20
-895
11
2990
21
-895
0
LINE
8
RUNNING_GEAR
10
2990
20
-895
11
2990
21
-859
0
LINE
8
RUNNING_GEAR
10
2990
20
-859
11
2958
21
-859
0
LINE
8
RUNNING_GEAR
10
2958
20
-859
11
2958
21
-895
0
LINE
8
RUNNING_GEAR
10
2912
20
-895
11
2944
21
-895
0
LINE
8
RUNNING_GEAR
10
2944
20
-895
11
2944
21
-859
0
LINE
8
RUNNING_GEAR
10
2944
20
-859
11
2912
21
-859
0
LINE
8
RUNNING_GEAR
10
2912
20
-859
11
2912
21
-895
0
LINE
8
RUNNING_GEAR
10
2958
20
-895
11
2990
21
-895
0
LINE
8
RUNNING_GEAR
10
2990
20
-895
11
2990
21
-859
0
LINE
8
RUNNING_GEAR
10
2990
20
-859
11
2958
21
-859
0
LINE
8
RUNNING_GEAR
10
2958
20
-859
11
2958
21
-895
0
LINE
8
RUNNING_GEAR
10
3050
20
-895
11
3082
21
-895
0
LINE
8
RUNNING_GEAR
10
3082
20
-895
11
3082
21
-859
0
LINE
8
RUNNING_GEAR
10
3082
20
-859
11
3050
21
-859
0
LINE
8
RUNNING_GEAR
10
3050
20
-859
11
3050
21
-895
0
LINE
8
RUNNING_GEAR
10
2792.5
20
828
11
3247.5
21
828
0
LINE
8
RUNNING_GEAR
10
3247.5
20
828
11
3247.5
21
862
0
LINE
8
RUNNING_GEAR
10
3247.5
20
862
11
2792.5
21
862
0
LINE
8
RUNNING_GEAR
10
2792.5
20
862
11
2792.5
21
828
0
LINE
8
RUNNING_GEAR
10
2862.5
20
844
11
3177.5
21
844
0
LINE
8
RUNNING_GEAR
10
3177.5
20
844
11
3177.5
21
866
0
LINE
8
RUNNING_GEAR
10
3177.5
20
866
11
2862.5
21
866
0
LINE
8
RUNNING_GEAR
10
2862.5
20
866
11
2862.5
21
844
0
LINE
8
RUNNING_GEAR
10
3139
20
845
11
3161
21
845
0
LINE
8
RUNNING_GEAR
10
3161
20
845
11
3161
21
895
0
LINE
8
RUNNING_GEAR
10
3161
20
895
11
3139
21
895
0
LINE
8
RUNNING_GEAR
10
3139
20
895
11
3139
21
845
0
LINE
8
RUNNING_GEAR
10
3096
20
859
11
3128
21
859
0
LINE
8
RUNNING_GEAR
10
3128
20
859
11
3128
21
895
0
LINE
8
RUNNING_GEAR
10
3128
20
895
11
3096
21
895
0
LINE
8
RUNNING_GEAR
10
3096
20
895
11
3096
21
859
0
LINE
8
RUNNING_GEAR
10
3050
20
859
11
3082
21
859
0
LINE
8
RUNNING_GEAR
10
3082
20
859
11
3082
21
895
0
LINE
8
RUNNING_GEAR
10
3082
20
895
11
3050
21
895
0
LINE
8
RUNNING_GEAR
10
3050
20
895
11
3050
21
859
0
LINE
8
RUNNING_GEAR
10
2958
20
859
11
2990
21
859
0
LINE
8
RUNNING_GEAR
10
2990
20
859
11
2990
21
895
0
LINE
8
RUNNING_GEAR
10
2990
20
895
11
2958
21
895
0
LINE
8
RUNNING_GEAR
10
2958
20
895
11
2958
21
859
0
LINE
8
RUNNING_GEAR
10
2912
20
859
11
2944
21
859
0
LINE
8
RUNNING_GEAR
10
2944
20
859
11
2944
21
895
0
LINE
8
RUNNING_GEAR
10
2944
20
895
11
2912
21
895
0
LINE
8
RUNNING_GEAR
10
2912
20
895
11
2912
21
859
0
LINE
8
RUNNING_GEAR
10
2958
20
859
11
2990
21
859
0
LINE
8
RUNNING_GEAR
10
2990
20
859
11
2990
21
895
0
LINE
8
RUNNING_GEAR
10
2990
20
895
11
2958
21
895
0
LINE
8
RUNNING_GEAR
10
2958
20
895
11
2958
21
859
0
LINE
8
RUNNING_GEAR
10
3050
20
859
11
3082
21
859
0
LINE
8
RUNNING_GEAR
10
3082
20
859
11
3082
21
895
0
LINE
8
RUNNING_GEAR
10
3082
20
895
11
3050
21
895
0
LINE
8
RUNNING_GEAR
10
3050
20
895
11
3050
21
859
0
LINE
8
BRAKE_SYSTEM
10
355
20
-347
11
2005
21
-347
0
LINE
8
BRAKE_SYSTEM
10
2005
20
-347
11
2005
21
-329
0
LINE
8
BRAKE_SYSTEM
10
2005
20
-329
11
355
21
-329
0
LINE
8
BRAKE_SYSTEM
10
355
20
-329
11
355
21
-347
0
LINE
8
BRAKE_SYSTEM
10
1570
20
-347
11
3070
21
-347
0
LINE
8
BRAKE_SYSTEM
10
3070
20
-347
11
3070
21
-329
0
LINE
8
BRAKE_SYSTEM
10
3070
20
-329
11
1570
21
-329
0
LINE
8
BRAKE_SYSTEM
10
1570
20
-329
11
1570
21
-347
0
LINE
8
BRAKE_SYSTEM
10
3011
20
-640
11
3029
21
-640
0
LINE
8
BRAKE_SYSTEM
10
3029
20
-640
11
3029
21
640
0
LINE
8
BRAKE_SYSTEM
10
3029
20
640
11
3011
21
640
0
LINE
8
BRAKE_SYSTEM
10
3011
20
640
11
3011
21
-640
0
LINE
8
BRAKE_SYSTEM
10
1305
20
-156
11
1955
21
-156
0
LINE
8
BRAKE_SYSTEM
10
1955
20
-156
11
1955
21
-134
0
LINE
8
BRAKE_SYSTEM
10
1955
20
-134
11
1305
21
-134
0
LINE
8
BRAKE_SYSTEM
10
1305
20
-134
11
1305
21
-156
0
LINE
8
BRAKE_SYSTEM
10
2295
20
-23
11
2470
21
-23
0
LINE
8
BRAKE_SYSTEM
10
2470
20
-23
11
2470
21
23
0
LINE
8
BRAKE_SYSTEM
10
2470
20
23
11
2295
21
23
0
LINE
8
BRAKE_SYSTEM
10
2295
20
23
11
2295
21
-23
0
LINE
8
BRAKE_SYSTEM
10
2367
20
-60
11
2393
21
-60
0
LINE
8
BRAKE_SYSTEM
10
2393
20
-60
11
2393
21
60
0
LINE
8
BRAKE_SYSTEM
10
2393
20
60
11
2367
21
60
0
LINE
8
BRAKE_SYSTEM
10
2367
20
60
11
2367
21
-60
0
LINE
8
BRAKE_SYSTEM
10
2305
20
-371
11
3065
21
-371
0
LINE
8
BRAKE_SYSTEM
10
3065
20
-371
11
3065
21
-349
0
LINE
8
BRAKE_SYSTEM
10
3065
20
-349
11
2305
21
-349
0
LINE
8
BRAKE_SYSTEM
10
2305
20
-349
11
2305
21
-371
0
LINE
8
BRAKE_SYSTEM
10
3035
20
-536
11
3101
21
-536
0
LINE
8
BRAKE_SYSTEM
10
3101
20
-536
11
3101
21
-504
0
LINE
8
BRAKE_SYSTEM
10
3101
20
-504
11
3035
21
-504
0
LINE
8
BRAKE_SYSTEM
10
3035
20
-504
11
3035
21
-536
0
LINE
8
BRAKE_SYSTEM
10
2860
20
-537
11
3030
21
-537
0
LINE
8
BRAKE_SYSTEM
10
3030
20
-537
11
3030
21
-503
0
LINE
8
BRAKE_SYSTEM
10
3030
20
-503
11
2860
21
-503
0
LINE
8
BRAKE_SYSTEM
10
2860
20
-503
11
2860
21
-537
0
LINE
8
BRAKE_SYSTEM
10
2485
20
-445
11
2523
21
-445
0
LINE
8
BRAKE_SYSTEM
10
2523
20
-445
11
2523
21
-415
0
LINE
8
BRAKE_SYSTEM
10
2523
20
-415
11
2485
21
-415
0
LINE
8
BRAKE_SYSTEM
10
2485
20
-415
11
2485
21
-445
0
LINE
8
BRAKE_SYSTEM
10
2805
20
-485
11
2843
21
-485
0
LINE
8
BRAKE_SYSTEM
10
2843
20
-485
11
2843
21
-455
0
LINE
8
BRAKE_SYSTEM
10
2843
20
-455
11
2805
21
-455
0
LINE
8
BRAKE_SYSTEM
10
2805
20
-455
11
2805
21
-485
0
LINE
8
BRAKE_SYSTEM
10
2305
20
349
11
3065
21
349
0
LINE
8
BRAKE_SYSTEM
10
3065
20
349
11
3065
21
371
0
LINE
8
BRAKE_SYSTEM
10
3065
20
371
11
2305
21
371
0
LINE
8
BRAKE_SYSTEM
10
2305
20
371
11
2305
21
349
0
LINE
8
BRAKE_SYSTEM
10
3035
20
504
11
3101
21
504
0
LINE
8
BRAKE_SYSTEM
10
3101
20
504
11
3101
21
536
0
LINE
8
BRAKE_SYSTEM
10
3101
20
536
11
3035
21
536
0
LINE
8
BRAKE_SYSTEM
10
3035
20
536
11
3035
21
504
0
LINE
8
BRAKE_SYSTEM
10
2860
20
503
11
3030
21
503
0
LINE
8
BRAKE_SYSTEM
10
3030
20
503
11
3030
21
537
0
LINE
8
BRAKE_SYSTEM
10
3030
20
537
11
2860
21
537
0
LINE
8
BRAKE_SYSTEM
10
2860
20
537
11
2860
21
503
0
LINE
8
BRAKE_SYSTEM
10
2485
20
415
11
2523
21
415
0
LINE
8
BRAKE_SYSTEM
10
2523
20
415
11
2523
21
445
0
LINE
8
BRAKE_SYSTEM
10
2523
20
445
11
2485
21
445
0
LINE
8
BRAKE_SYSTEM
10
2485
20
445
11
2485
21
415
0
LINE
8
BRAKE_SYSTEM
10
2805
20
455
11
2843
21
455
0
LINE
8
BRAKE_SYSTEM
10
2843
20
455
11
2843
21
485
0
LINE
8
BRAKE_SYSTEM
10
2843
20
485
11
2805
21
485
0
LINE
8
BRAKE_SYSTEM
10
2805
20
485
11
2805
21
455
0
LINE
8
BODY
10
1250
20
-180
11
2350
21
-180
0
LINE
8
BODY
10
2350
20
-180
11
2350
21
180
0
LINE
8
BODY
10
2350
20
180
11
1250
21
180
0
LINE
8
BODY
10
1250
20
180
11
1250
21
-180
0
LINE
8
BODY
10
2060
20
-615
11
3240
21
-615
0
LINE
8
BODY
10
3240
20
-615
11
3240
21
615
0
LINE
8
BODY
10
3240
20
615
11
2060
21
615
0
LINE
8
BODY
10
2060
20
615
11
2060
21
-615
0
LINE
8
BODY
10
2050
20
-439
11
3280
21
-439
0
LINE
8
BODY
10
3280
20
-439
11
3280
21
-401
0
LINE
8
BODY
10
3280
20
-401
11
2050
21
-401
0
LINE
8
BODY
10
2050
20
-401
11
2050
21
-439
0
LINE
8
BODY
10
2050
20
-229
11
3280
21
-229
0
LINE
8
BODY
10
3280
20
-229
11
3280
21
-191
0
LINE
8
BODY
10
3280
20
-191
11
2050
21
-191
0
LINE
8
BODY
10
2050
20
-191
11
2050
21
-229
0
LINE
8
BODY
10
2050
20
-19
11
3280
21
-19
0
LINE
8
BODY
10
3280
20
-19
11
3280
21
19
0
LINE
8
BODY
10
3280
20
19
11
2050
21
19
0
LINE
8
BODY
10
2050
20
19
11
2050
21
-19
0
LINE
8
BODY
10
2050
20
191
11
3280
21
191
0
LINE
8
BODY
10
3280
20
191
11
3280
21
229
0
LINE
8
BODY
10
3280
20
229
11
2050
21
229
0
LINE
8
BODY
10
2050
20
229
11
2050
21
191
0
LINE
8
BODY
10
2050
20
401
11
3280
21
401
0
LINE
8
BODY
10
3280
20
401
11
3280
21
439
0
LINE
8
BODY
10
3280
20
439
11
2050
21
439
0
LINE
8
BODY
10
2050
20
439
11
2050
21
401
0
LINE
8
BODY
10
980
20
-630
11
1022
21
-630
0
LINE
8
BODY
10
1022
20
-630
11
1022
21
630
0
LINE
8
BODY
10
1022
20
630
11
980
21
630
0
LINE
8
BODY
10
980
20
630
11
980
21
-630
0
LINE
8
BODY
10
1280
20
-630
11
1322
21
-630
0
LINE
8
BODY
10
1322
20
-630
11
1322
21
630
0
LINE
8
BODY
10
1322
20
630
11
1280
21
630
0
LINE
8
BODY
10
1280
20
630
11
1280
21
-630
0
LINE
8
BODY
10
1730
20
-630
11
1772
21
-630
0
LINE
8
BODY
10
1772
20
-630
11
1772
21
630
0
LINE
8
BODY
10
1772
20
630
11
1730
21
630
0
LINE
8
BODY
10
1730
20
630
11
1730
21
-630
0
LINE
8
BODY
10
2140
20
-630
11
2182
21
-630
0
LINE
8
BODY
10
2182
20
-630
11
2182
21
630
0
LINE
8
BODY
10
2182
20
630
11
2140
21
630
0
LINE
8
BODY
10
2140
20
630
11
2140
21
-630
0
LINE
8
BODY
10
2570
20
-630
11
2612
21
-630
0
LINE
8
BODY
10
2612
20
-630
11
2612
21
630
0
LINE
8
BODY
10
2612
20
630
11
2570
21
630
0
LINE
8
BODY
10
2570
20
630
11
2570
21
-630
0
LINE
8
BODY
10
3020
20
-630
11
3062
21
-630
0
LINE
8
BODY
10
3062
20
-630
11
3062
21
630
0
LINE
8
BODY
10
3062
20
630
11
3020
21
630
0
LINE
8
BODY
10
3020
20
630
11
3020
21
-630
0
LINE
8
BODY
10
365
20
-752
11
1105
21
-752
0
LINE
8
BODY
10
1105
20
-752
11
1105
21
-718
0
LINE
8
BODY
10
1105
20
-718
11
365
21
-718
0
LINE
8
BODY
10
365
20
-718
11
365
21
-752
0
LINE
8
BODY
10
2690
20
-752
11
3380
21
-752
0
LINE
8
BODY
10
3380
20
-752
11
3380
21
-718
0
LINE
8
BODY
10
3380
20
-718
11
2690
21
-718
0
LINE
8
BODY
10
2690
20
-718
11
2690
21
-752
0
LINE
8
BODY
10
2655
20
-645
11
3405
21
-645
0
LINE
8
BODY
10
3405
20
-645
11
3405
21
-365
0
LINE
8
BODY
10
3405
20
-365
11
2655
21
-365
0
LINE
8
BODY
10
2655
20
-365
11
2655
21
-645
0
LINE
8
BODY
10
1960
20
-857.5
11
3490
21
-857.5
0
LINE
8
BODY
10
3490
20
-857.5
11
3490
21
-752.5
0
LINE
8
BODY
10
3490
20
-752.5
11
1960
21
-752.5
0
LINE
8
BODY
10
1960
20
-752.5
11
1960
21
-857.5
0
LINE
8
BODY
10
1235
20
-807
11
1960
21
-807
0
LINE
8
BODY
10
1960
20
-807
11
1960
21
-773
0
LINE
8
BODY
10
1960
20
-773
11
1235
21
-773
0
LINE
8
BODY
10
1235
20
-773
11
1235
21
-807
0
LINE
8
BODY
10
1130
20
-838
11
1148
21
-838
0
LINE
8
BODY
10
1148
20
-838
11
1148
21
-810
0
LINE
8
BODY
10
1148
20
-810
11
1130
21
-810
0
LINE
8
BODY
10
1130
20
-810
11
1130
21
-838
0
LINE
8
BODY
10
1940
20
-838
11
1958
21
-838
0
LINE
8
BODY
10
1958
20
-838
11
1958
21
-810
0
LINE
8
BODY
10
1958
20
-810
11
1940
21
-810
0
LINE
8
BODY
10
1940
20
-810
11
1940
21
-838
0
LINE
8
BODY
10
1210
20
-897
11
1420
21
-897
0
LINE
8
BODY
10
1420
20
-897
11
1420
21
-871
0
LINE
8
BODY
10
1420
20
-871
11
1210
21
-871
0
LINE
8
BODY
10
1210
20
-871
11
1210
21
-897
0
LINE
8
BODY
10
1405
20
-951
11
1540
21
-951
0
LINE
8
BODY
10
1540
20
-951
11
1540
21
-909
0
LINE
8
BODY
10
1540
20
-909
11
1405
21
-909
0
LINE
8
BODY
10
1405
20
-909
11
1405
21
-951
0
LINE
8
BODY
10
2877.5
20
-826
11
2992.5
21
-826
0
LINE
8
BODY
10
2992.5
20
-826
11
2992.5
21
-798
0
LINE
8
BODY
10
2992.5
20
-798
11
2877.5
21
-798
0
LINE
8
BODY
10
2877.5
20
-798
11
2877.5
21
-826
0
LINE
8
BODY
10
365
20
718
11
1105
21
718
0
LINE
8
BODY
10
1105
20
718
11
1105
21
752
0
LINE
8
BODY
10
1105
20
752
11
365
21
752
0
LINE
8
BODY
10
365
20
752
11
365
21
718
0
LINE
8
BODY
10
2690
20
718
11
3380
21
718
0
LINE
8
BODY
10
3380
20
718
11
3380
21
752
0
LINE
8
BODY
10
3380
20
752
11
2690
21
752
0
LINE
8
BODY
10
2690
20
752
11
2690
21
718
0
LINE
8
BODY
10
2655
20
365
11
3405
21
365
0
LINE
8
BODY
10
3405
20
365
11
3405
21
645
0
LINE
8
BODY
10
3405
20
645
11
2655
21
645
0
LINE
8
BODY
10
2655
20
645
11
2655
21
365
0
LINE
8
BODY
10
1960
20
752.5
11
3490
21
752.5
0
LINE
8
BODY
10
3490
20
752.5
11
3490
21
857.5
0
LINE
8
BODY
10
3490
20
857.5
11
1960
21
857.5
0
LINE
8
BODY
10
1960
20
857.5
11
1960
21
752.5
0
LINE
8
BODY
10
1235
20
773
11
1960
21
773
0
LINE
8
BODY
10
1960
20
773
11
1960
21
807
0
LINE
8
BODY
10
1960
20
807
11
1235
21
807
0
LINE
8
BODY
10
1235
20
807
11
1235
21
773
0
LINE
8
BODY
10
1130
20
810
11
1148
21
810
0
LINE
8
BODY
10
1148
20
810
11
1148
21
838
0
LINE
8
BODY
10
1148
20
838
11
1130
21
838
0
LINE
8
BODY
10
1130
20
838
11
1130
21
810
0
LINE
8
BODY
10
1940
20
810
11
1958
21
810
0
LINE
8
BODY
10
1958
20
810
11
1958
21
838
0
LINE
8
BODY
10
1958
20
838
11
1940
21
838
0
LINE
8
BODY
10
1940
20
838
11
1940
21
810
0
LINE
8
BODY
10
1210
20
871
11
1420
21
871
0
LINE
8
BODY
10
1420
20
871
11
1420
21
897
0
LINE
8
BODY
10
1420
20
897
11
1210
21
897
0
LINE
8
BODY
10
1210
20
897
11
1210
21
871
0
LINE
8
BODY
10
1405
20
909
11
1540
21
909
0
LINE
8
BODY
10
1540
20
909
11
1540
21
951
0
LINE
8
BODY
10
1540
20
951
11
1405
21
951
0
LINE
8
BODY
10
1405
20
951
11
1405
21
909
0
LINE
8
BODY
10
2877.5
20
798
11
2992.5
21
798
0
LINE
8
BODY
10
2992.5
20
798
11
2992.5
21
826
0
LINE
8
BODY
10
2992.5
20
826
11
2877.5
21
826
0
LINE
8
BODY
10
2877.5
20
826
11
2877.5
21
798
0
LINE
8
BODY
10
3429
20
-637
11
3471
21
-637
0
LINE
8
BODY
10
3471
20
-637
11
3471
21
-583
0
LINE
8
BODY
10
3471
20
-583
11
3429
21
-583
0
LINE
8
BODY
10
3429
20
-583
11
3429
21
-637
0
LINE
8
BODY
10
3429
20
-457
11
3471
21
-457
0
LINE
8
BODY
10
3471
20
-457
11
3471
21
-403
0
LINE
8
BODY
10
3471
20
-403
11
3429
21
-403
0
LINE
8
BODY
10
3429
20
-403
11
3429
21
-457
0
LINE
8
BODY
10
3429
20
403
11
3471
21
403
0
LINE
8
BODY
10
3471
20
403
11
3471
21
457
0
LINE
8
BODY
10
3471
20
457
11
3429
21
457
0
LINE
8
BODY
10
3429
20
457
11
3429
21
403
0
LINE
8
BODY
10
3429
20
583
11
3471
21
583
0
LINE
8
BODY
10
3471
20
583
11
3471
21
637
0
LINE
8
BODY
10
3471
20
637
11
3429
21
637
0
LINE
8
BODY
10
3429
20
637
11
3429
21
583
0
LINE
8
BODY
10
3438
20
-595
11
3476
21
-595
0
LINE
8
BODY
10
3476
20
-595
11
3476
21
595
0
LINE
8
BODY
10
3476
20
595
11
3438
21
595
0
LINE
8
BODY
10
3438
20
595
11
3438
21
-595
0
LINE
8
BODY
10
3438
20
-595
11
3476
21
-595
0
LINE
8
BODY
10
3476
20
-595
11
3476
21
595
0
LINE
8
BODY
10
3476
20
595
11
3438
21
595
0
LINE
8
BODY
10
3438
20
595
11
3438
21
-595
0
LINE
8
BODY
10
3490
20
-360
11
3720
21
-360
0
LINE
8
BODY
10
3720
20
-360
11
3720
21
360
0
LINE
8
BODY
10
3720
20
360
11
3490
21
360
0
LINE
8
BODY
10
3490
20
360
11
3490
21
-360
0
LINE
8
BODY
10
3492.5
20
-192.5
11
3737.5
21
-192.5
0
LINE
8
BODY
10
3737.5
20
-192.5
11
3737.5
21
192.5
0
LINE
8
BODY
10
3737.5
20
192.5
11
3492.5
21
192.5
0
LINE
8
BODY
10
3492.5
20
192.5
11
3492.5
21
-192.5
0
LINE
8
BODY
10
3520
20
-36
11
3575
21
-36
0
LINE
8
BODY
10
3575
20
-36
11
3575
21
36
0
LINE
8
BODY
10
3575
20
36
11
3520
21
36
0
LINE
8
BODY
10
3520
20
36
11
3520
21
-36
0
LINE
8
BODY
10
3515
20
-280
11
3570
21
-280
0
LINE
8
BODY
10
3570
20
-280
11
3570
21
280
0
LINE
8
BODY
10
3570
20
280
11
3515
21
280
0
LINE
8
BODY
10
3515
20
280
11
3515
21
-280
0
LINE
8
BODY
10
3451
20
-724
11
3489
21
-724
0
LINE
8
BODY
10
3489
20
-724
11
3489
21
-626
0
LINE
8
BODY
10
3489
20
-626
11
3451
21
-626
0
LINE
8
BODY
10
3451
20
-626
11
3451
21
-724
0
LINE
8
BODY
10
3451
20
626
11
3489
21
626
0
LINE
8
BODY
10
3489
20
626
11
3489
21
724
0
LINE
8
BODY
10
3489
20
724
11
3451
21
724
0
LINE
8
BODY
10
3451
20
724
11
3451
21
626
0
LINE
8
BODY
10
3505
20
-180
11
3529
21
-180
0
LINE
8
BODY
10
3529
20
-180
11
3529
21
180
0
LINE
8
BODY
10
3529
20
180
11
3505
21
180
0
LINE
8
BODY
10
3505
20
180
11
3505
21
-180
0
LINE
8
FRONT_DETAIL
10
82
20
-321
11
108
21
-321
0
LINE
8
FRONT_DETAIL
10
108
20
-321
11
108
21
-279
0
LINE
8
FRONT_DETAIL
10
108
20
-279
11
82
21
-279
0
LINE
8
FRONT_DETAIL
10
82
20
-279
11
82
21
-321
0
LINE
8
FRONT_DETAIL
10
82
20
-221
11
108
21
-221
0
LINE
8
FRONT_DETAIL
10
108
20
-221
11
108
21
-179
0
LINE
8
FRONT_DETAIL
10
108
20
-179
11
82
21
-179
0
LINE
8
FRONT_DETAIL
10
82
20
-179
11
82
21
-221
0
LINE
8
FRONT_DETAIL
10
82
20
-121
11
108
21
-121
0
LINE
8
FRONT_DETAIL
10
108
20
-121
11
108
21
-79
0
LINE
8
FRONT_DETAIL
10
108
20
-79
11
82
21
-79
0
LINE
8
FRONT_DETAIL
10
82
20
-79
11
82
21
-121
0
LINE
8
FRONT_DETAIL
10
82
20
-21
11
108
21
-21
0
LINE
8
FRONT_DETAIL
10
108
20
-21
11
108
21
21
0
LINE
8
FRONT_DETAIL
10
108
20
21
11
82
21
21
0
LINE
8
FRONT_DETAIL
10
82
20
21
11
82
21
-21
0
LINE
8
FRONT_DETAIL
10
82
20
79
11
108
21
79
0
LINE
8
FRONT_DETAIL
10
108
20
79
11
108
21
121
0
LINE
8
FRONT_DETAIL
10
108
20
121
11
82
21
121
0
LINE
8
FRONT_DETAIL
10
82
20
121
11
82
21
79
0
LINE
8
FRONT_DETAIL
10
82
20
179
11
108
21
179
0
LINE
8
FRONT_DETAIL
10
108
20
179
11
108
21
221
0
LINE
8
FRONT_DETAIL
10
108
20
221
11
82
21
221
0
LINE
8
FRONT_DETAIL
10
82
20
221
11
82
21
179
0
LINE
8
FRONT_DETAIL
10
82
20
279
11
108
21
279
0
LINE
8
FRONT_DETAIL
10
108
20
279
11
108
21
321
0
LINE
8
FRONT_DETAIL
10
108
20
321
11
82
21
321
0
LINE
8
FRONT_DETAIL
10
82
20
321
11
82
21
279
0
LINE
8
FRONT_DETAIL
10
66
20
-630
11
94
21
-630
0
LINE
8
FRONT_DETAIL
10
94
20
-630
11
94
21
-360
0
LINE
8
FRONT_DETAIL
10
94
20
-360
11
66
21
-360
0
LINE
8
FRONT_DETAIL
10
66
20
-360
11
66
21
-630
0
LINE
8
FRONT_DETAIL
10
147
20
-696.1
11
229
21
-696.1
0
LINE
8
FRONT_DETAIL
10
229
20
-696.1
11
229
21
-670.1
0
LINE
8
FRONT_DETAIL
10
229
20
-670.1
11
147
21
-670.1
0
LINE
8
FRONT_DETAIL
10
147
20
-670.1
11
147
21
-696.1
0
LINE
8
FRONT_DETAIL
10
66
20
360
11
94
21
360
0
LINE
8
FRONT_DETAIL
10
94
20
360
11
94
21
630
0
LINE
8
FRONT_DETAIL
10
94
20
630
11
66
21
630
0
LINE
8
FRONT_DETAIL
10
66
20
630
11
66
21
360
0
LINE
8
FRONT_DETAIL
10
147
20
670.1
11
229
21
670.1
0
LINE
8
FRONT_DETAIL
10
229
20
670.1
11
229
21
696.1
0
LINE
8
FRONT_DETAIL
10
229
20
696.1
11
147
21
696.1
0
LINE
8
FRONT_DETAIL
10
147
20
696.1
11
147
21
670.1
0
LINE
8
FRONT_DETAIL
10
5
20
-180
11
27
21
-180
0
LINE
8
FRONT_DETAIL
10
27
20
-180
11
27
21
180
0
LINE
8
FRONT_DETAIL
10
27
20
180
11
5
21
180
0
LINE
8
FRONT_DETAIL
10
5
20
180
11
5
21
-180
0
LINE
8
FRONT_DETAIL
10
40
20
-837.5
11
190
21
-837.5
0
LINE
8
FRONT_DETAIL
10
190
20
-837.5
11
190
21
-722.5
0
LINE
8
FRONT_DETAIL
10
190
20
-722.5
11
40
21
-722.5
0
LINE
8
FRONT_DETAIL
10
40
20
-722.5
11
40
21
-837.5
0
LINE
8
FRONT_DETAIL
10
40
20
722.5
11
190
21
722.5
0
LINE
8
FRONT_DETAIL
10
190
20
722.5
11
190
21
837.5
0
LINE
8
FRONT_DETAIL
10
190
20
837.5
11
40
21
837.5
0
LINE
8
FRONT_DETAIL
10
40
20
837.5
11
40
21
722.5
0
LINE
8
BODY
10
320
20
-90
11
1080
21
-90
0
LINE
8
BODY
10
1080
20
-90
11
1080
21
90
0
LINE
8
BODY
10
1080
20
90
11
320
21
90
0
LINE
8
BODY
10
320
20
90
11
320
21
-90
0
LINE
8
BODY
10
330
20
-496
11
1060
21
-496
0
LINE
8
BODY
10
1060
20
-496
11
1060
21
-444
0
LINE
8
BODY
10
1060
20
-444
11
330
21
-444
0
LINE
8
BODY
10
330
20
-444
11
330
21
-496
0
LINE
8
BODY
10
330
20
444
11
1060
21
444
0
LINE
8
BODY
10
1060
20
444
11
1060
21
496
0
LINE
8
BODY
10
1060
20
496
11
330
21
496
0
LINE
8
BODY
10
330
20
496
11
330
21
444
0
LINE
8
BODY
10
810
20
-635
11
898
21
-635
0
LINE
8
BODY
10
898
20
-635
11
898
21
-585
0
LINE
8
BODY
10
898
20
-585
11
810
21
-585
0
LINE
8
BODY
10
810
20
-585
11
810
21
-635
0
LINE
8
BODY
10
1020
20
-371
11
1170
21
-371
0
LINE
8
BODY
10
1170
20
-371
11
1170
21
-329
0
LINE
8
BODY
10
1170
20
-329
11
1020
21
-329
0
LINE
8
BODY
10
1020
20
-329
11
1020
21
-371
0
LINE
8
BODY
10
1122
20
-575.5
11
1152
21
-575.5
0
LINE
8
BODY
10
1152
20
-575.5
11
1152
21
-520.5
0
LINE
8
BODY
10
1152
20
-520.5
11
1122
21
-520.5
0
LINE
8
BODY
10
1122
20
-520.5
11
1122
21
-575.5
0
LINE
8
BODY
10
810
20
585
11
898
21
585
0
LINE
8
BODY
10
898
20
585
11
898
21
635
0
LINE
8
BODY
10
898
20
635
11
810
21
635
0
LINE
8
BODY
10
810
20
635
11
810
21
585
0
LINE
8
BODY
10
1020
20
329
11
1170
21
329
0
LINE
8
BODY
10
1170
20
329
11
1170
21
371
0
LINE
8
BODY
10
1170
20
371
11
1020
21
371
0
LINE
8
BODY
10
1020
20
371
11
1020
21
329
0
LINE
8
BODY
10
1122
20
520.5
11
1152
21
520.5
0
LINE
8
BODY
10
1152
20
520.5
11
1152
21
575.5
0
LINE
8
BODY
10
1152
20
575.5
11
1122
21
575.5
0
LINE
8
BODY
10
1122
20
575.5
11
1122
21
520.5
0
LINE
8
BODY
10
1122
20
-660
11
1152
21
-660
0
LINE
8
BODY
10
1152
20
-660
11
1152
21
660
0
LINE
8
BODY
10
1152
20
660
11
1122
21
660
0
LINE
8
BODY
10
1122
20
660
11
1122
21
-660
0
LINE
8
BODY
10
1122
20
-660
11
1152
21
-660
0
LINE
8
BODY
10
1152
20
-660
11
1152
21
660
0
LINE
8
BODY
10
1152
20
660
11
1122
21
660
0
LINE
8
BODY
10
1122
20
660
11
1122
21
-660
0
LINE
8
HARD_TOP
10
1290
20
-755
11
1335
21
-755
0
LINE
8
HARD_TOP
10
1335
20
-755
11
1335
21
755
0
LINE
8
HARD_TOP
10
1335
20
755
11
1290
21
755
0
LINE
8
HARD_TOP
10
1290
20
755
11
1290
21
-755
0
LINE
8
HARD_TOP
10
1273
20
-782
11
1307
21
-782
0
LINE
8
HARD_TOP
10
1307
20
-782
11
1307
21
-748
0
LINE
8
HARD_TOP
10
1307
20
-748
11
1273
21
-748
0
LINE
8
HARD_TOP
10
1273
20
-748
11
1273
21
-782
0
LINE
8
HARD_TOP
10
1273
20
748
11
1307
21
748
0
LINE
8
HARD_TOP
10
1307
20
748
11
1307
21
782
0
LINE
8
HARD_TOP
10
1307
20
782
11
1273
21
782
0
LINE
8
HARD_TOP
10
1273
20
782
11
1273
21
748
0
LINE
8
HARD_TOP
10
1960
20
-755
11
2005
21
-755
0
LINE
8
HARD_TOP
10
2005
20
-755
11
2005
21
755
0
LINE
8
HARD_TOP
10
2005
20
755
11
1960
21
755
0
LINE
8
HARD_TOP
10
1960
20
755
11
1960
21
-755
0
LINE
8
HARD_TOP
10
1943
20
-782
11
1977
21
-782
0
LINE
8
HARD_TOP
10
1977
20
-782
11
1977
21
-748
0
LINE
8
HARD_TOP
10
1977
20
-748
11
1943
21
-748
0
LINE
8
HARD_TOP
10
1943
20
-748
11
1943
21
-782
0
LINE
8
HARD_TOP
10
1943
20
748
11
1977
21
748
0
LINE
8
HARD_TOP
10
1977
20
748
11
1977
21
782
0
LINE
8
HARD_TOP
10
1977
20
782
11
1943
21
782
0
LINE
8
HARD_TOP
10
1943
20
782
11
1943
21
748
0
LINE
8
HARD_TOP
10
2640
20
-755
11
2685
21
-755
0
LINE
8
HARD_TOP
10
2685
20
-755
11
2685
21
755
0
LINE
8
HARD_TOP
10
2685
20
755
11
2640
21
755
0
LINE
8
HARD_TOP
10
2640
20
755
11
2640
21
-755
0
LINE
8
HARD_TOP
10
2623
20
-782
11
2657
21
-782
0
LINE
8
HARD_TOP
10
2657
20
-782
11
2657
21
-748
0
LINE
8
HARD_TOP
10
2657
20
-748
11
2623
21
-748
0
LINE
8
HARD_TOP
10
2623
20
-748
11
2623
21
-782
0
LINE
8
HARD_TOP
10
2623
20
748
11
2657
21
748
0
LINE
8
HARD_TOP
10
2657
20
748
11
2657
21
782
0
LINE
8
HARD_TOP
10
2657
20
782
11
2623
21
782
0
LINE
8
HARD_TOP
10
2623
20
782
11
2623
21
748
0
LINE
8
HARD_TOP
10
3300
20
-755
11
3345
21
-755
0
LINE
8
HARD_TOP
10
3345
20
-755
11
3345
21
755
0
LINE
8
HARD_TOP
10
3345
20
755
11
3300
21
755
0
LINE
8
HARD_TOP
10
3300
20
755
11
3300
21
-755
0
LINE
8
HARD_TOP
10
3283
20
-782
11
3317
21
-782
0
LINE
8
HARD_TOP
10
3317
20
-782
11
3317
21
-748
0
LINE
8
HARD_TOP
10
3317
20
-748
11
3283
21
-748
0
LINE
8
HARD_TOP
10
3283
20
-748
11
3283
21
-782
0
LINE
8
HARD_TOP
10
3283
20
748
11
3317
21
748
0
LINE
8
HARD_TOP
10
3317
20
748
11
3317
21
782
0
LINE
8
HARD_TOP
10
3317
20
782
11
3283
21
782
0
LINE
8
HARD_TOP
10
3283
20
782
11
3283
21
748
0
LINE
8
HARD_TOP
10
1240
20
-851
11
3440
21
-851
0
LINE
8
HARD_TOP
10
3440
20
-851
11
3440
21
-809
0
LINE
8
HARD_TOP
10
3440
20
-809
11
1240
21
-809
0
LINE
8
HARD_TOP
10
1240
20
-809
11
1240
21
-851
0
LINE
8
HARD_TOP
10
1420
20
-856
11
1955
21
-856
0
LINE
8
HARD_TOP
10
1955
20
-856
11
1955
21
-828
0
LINE
8
HARD_TOP
10
1955
20
-828
11
1420
21
-828
0
LINE
8
HARD_TOP
10
1420
20
-828
11
1420
21
-856
0
LINE
8
HARD_TOP
10
2190
20
-856
11
2840
21
-856
0
LINE
8
HARD_TOP
10
2840
20
-856
11
2840
21
-828
0
LINE
8
HARD_TOP
10
2840
20
-828
11
2190
21
-828
0
LINE
8
HARD_TOP
10
2190
20
-828
11
2190
21
-856
0
LINE
8
HARD_TOP
10
1320
20
-840
11
1342
21
-840
0
LINE
8
HARD_TOP
10
1342
20
-840
11
1342
21
-812
0
LINE
8
HARD_TOP
10
1342
20
-812
11
1320
21
-812
0
LINE
8
HARD_TOP
10
1320
20
-812
11
1320
21
-840
0
LINE
8
HARD_TOP
10
1820
20
-840
11
1842
21
-840
0
LINE
8
HARD_TOP
10
1842
20
-840
11
1842
21
-812
0
LINE
8
HARD_TOP
10
1842
20
-812
11
1820
21
-812
0
LINE
8
HARD_TOP
10
1820
20
-812
11
1820
21
-840
0
LINE
8
HARD_TOP
10
2500
20
-840
11
2522
21
-840
0
LINE
8
HARD_TOP
10
2522
20
-840
11
2522
21
-812
0
LINE
8
HARD_TOP
10
2522
20
-812
11
2500
21
-812
0
LINE
8
HARD_TOP
10
2500
20
-812
11
2500
21
-840
0
LINE
8
HARD_TOP
10
3180
20
-840
11
3202
21
-840
0
LINE
8
HARD_TOP
10
3202
20
-840
11
3202
21
-812
0
LINE
8
HARD_TOP
10
3202
20
-812
11
3180
21
-812
0
LINE
8
HARD_TOP
10
3180
20
-812
11
3180
21
-840
0
LINE
8
BODY
10
1540
20
-970
11
2660
21
-970
0
LINE
8
BODY
10
2660
20
-970
11
2660
21
-760
0
LINE
8
BODY
10
2660
20
-760
11
1540
21
-760
0
LINE
8
BODY
10
1540
20
-760
11
1540
21
-970
0
LINE
8
BODY
10
2925
20
-834
11
3045
21
-834
0
LINE
8
BODY
10
3045
20
-834
11
3045
21
-810
0
LINE
8
BODY
10
3045
20
-810
11
2925
21
-810
0
LINE
8
BODY
10
2925
20
-810
11
2925
21
-834
0
LINE
8
HARD_TOP
10
1240
20
809
11
3440
21
809
0
LINE
8
HARD_TOP
10
3440
20
809
11
3440
21
851
0
LINE
8
HARD_TOP
10
3440
20
851
11
1240
21
851
0
LINE
8
HARD_TOP
10
1240
20
851
11
1240
21
809
0
LINE
8
HARD_TOP
10
1420
20
828
11
1955
21
828
0
LINE
8
HARD_TOP
10
1955
20
828
11
1955
21
856
0
LINE
8
HARD_TOP
10
1955
20
856
11
1420
21
856
0
LINE
8
HARD_TOP
10
1420
20
856
11
1420
21
828
0
LINE
8
HARD_TOP
10
2190
20
828
11
2840
21
828
0
LINE
8
HARD_TOP
10
2840
20
828
11
2840
21
856
0
LINE
8
HARD_TOP
10
2840
20
856
11
2190
21
856
0
LINE
8
HARD_TOP
10
2190
20
856
11
2190
21
828
0
LINE
8
HARD_TOP
10
1320
20
812
11
1342
21
812
0
LINE
8
HARD_TOP
10
1342
20
812
11
1342
21
840
0
LINE
8
HARD_TOP
10
1342
20
840
11
1320
21
840
0
LINE
8
HARD_TOP
10
1320
20
840
11
1320
21
812
0
LINE
8
HARD_TOP
10
1820
20
812
11
1842
21
812
0
LINE
8
HARD_TOP
10
1842
20
812
11
1842
21
840
0
LINE
8
HARD_TOP
10
1842
20
840
11
1820
21
840
0
LINE
8
HARD_TOP
10
1820
20
840
11
1820
21
812
0
LINE
8
HARD_TOP
10
2500
20
812
11
2522
21
812
0
LINE
8
HARD_TOP
10
2522
20
812
11
2522
21
840
0
LINE
8
HARD_TOP
10
2522
20
840
11
2500
21
840
0
LINE
8
HARD_TOP
10
2500
20
840
11
2500
21
812
0
LINE
8
HARD_TOP
10
3180
20
812
11
3202
21
812
0
LINE
8
HARD_TOP
10
3202
20
812
11
3202
21
840
0
LINE
8
HARD_TOP
10
3202
20
840
11
3180
21
840
0
LINE
8
HARD_TOP
10
3180
20
840
11
3180
21
812
0
LINE
8
BODY
10
1540
20
760
11
2660
21
760
0
LINE
8
BODY
10
2660
20
760
11
2660
21
970
0
LINE
8
BODY
10
2660
20
970
11
1540
21
970
0
LINE
8
BODY
10
1540
20
970
11
1540
21
760
0
LINE
8
BODY
10
2925
20
810
11
3045
21
810
0
LINE
8
BODY
10
3045
20
810
11
3045
21
834
0
LINE
8
BODY
10
3045
20
834
11
2925
21
834
0
LINE
8
BODY
10
2925
20
834
11
2925
21
810
0
LINE
8
HARD_TOP
10
3470
20
-425
11
3498
21
-425
0
LINE
8
HARD_TOP
10
3498
20
-425
11
3498
21
425
0
LINE
8
HARD_TOP
10
3498
20
425
11
3470
21
425
0
LINE
8
HARD_TOP
10
3470
20
425
11
3470
21
-425
0
LINE
8
HARD_TOP
10
3485
20
-390
11
3503
21
-390
0
LINE
8
HARD_TOP
10
3503
20
-390
11
3503
21
390
0
LINE
8
HARD_TOP
10
3503
20
390
11
3485
21
390
0
LINE
8
HARD_TOP
10
3485
20
390
11
3485
21
-390
0
LINE
8
HARD_TOP
10
3500
20
-640
11
3528
21
-640
0
LINE
8
HARD_TOP
10
3528
20
-640
11
3528
21
-470
0
LINE
8
HARD_TOP
10
3528
20
-470
11
3500
21
-470
0
LINE
8
HARD_TOP
10
3500
20
-470
11
3500
21
-640
0
LINE
8
HARD_TOP
10
3500
20
-360
11
3528
21
-360
0
LINE
8
HARD_TOP
10
3528
20
-360
11
3528
21
-190
0
LINE
8
HARD_TOP
10
3528
20
-190
11
3500
21
-190
0
LINE
8
HARD_TOP
10
3500
20
-190
11
3500
21
-360
0
LINE
8
HARD_TOP
10
3500
20
190
11
3528
21
190
0
LINE
8
HARD_TOP
10
3528
20
190
11
3528
21
360
0
LINE
8
HARD_TOP
10
3528
20
360
11
3500
21
360
0
LINE
8
HARD_TOP
10
3500
20
360
11
3500
21
190
0
LINE
8
HARD_TOP
10
3500
20
470
11
3528
21
470
0
LINE
8
HARD_TOP
10
3528
20
470
11
3528
21
640
0
LINE
8
HARD_TOP
10
3528
20
640
11
3500
21
640
0
LINE
8
HARD_TOP
10
3500
20
640
11
3500
21
470
0
LINE
8
INTERIOR
10
1212
20
252.5
11
1247
21
252.5
0
LINE
8
INTERIOR
10
1247
20
252.5
11
1247
21
587.5
0
LINE
8
INTERIOR
10
1247
20
587.5
11
1212
21
587.5
0
LINE
8
INTERIOR
10
1212
20
587.5
11
1212
21
252.5
0
LINE
8
INTERIOR
10
1208
20
-585
11
1244
21
-585
0
LINE
8
INTERIOR
10
1244
20
-585
11
1244
21
-255
0
LINE
8
INTERIOR
10
1244
20
-255
11
1208
21
-255
0
LINE
8
INTERIOR
10
1208
20
-255
11
1208
21
-585
0
LINE
8
INTERIOR
10
1187
20
-552
11
1213
21
-552
0
LINE
8
INTERIOR
10
1213
20
-552
11
1213
21
-518
0
LINE
8
INTERIOR
10
1213
20
-518
11
1187
21
-518
0
LINE
8
INTERIOR
10
1187
20
-518
11
1187
21
-552
0
LINE
8
INTERIOR
10
1187
20
-497
11
1213
21
-497
0
LINE
8
INTERIOR
10
1213
20
-497
11
1213
21
-463
0
LINE
8
INTERIOR
10
1213
20
-463
11
1187
21
-463
0
LINE
8
INTERIOR
10
1187
20
-463
11
1187
21
-497
0
LINE
8
INTERIOR
10
1187
20
-442
11
1213
21
-442
0
LINE
8
INTERIOR
10
1213
20
-442
11
1213
21
-408
0
LINE
8
INTERIOR
10
1213
20
-408
11
1187
21
-408
0
LINE
8
INTERIOR
10
1187
20
-408
11
1187
21
-442
0
LINE
8
INTERIOR
10
1187
20
-387
11
1213
21
-387
0
LINE
8
INTERIOR
10
1213
20
-387
11
1213
21
-353
0
LINE
8
INTERIOR
10
1213
20
-353
11
1187
21
-353
0
LINE
8
INTERIOR
10
1187
20
-353
11
1187
21
-387
0
LINE
8
INTERIOR
10
1187
20
-332
11
1213
21
-332
0
LINE
8
INTERIOR
10
1213
20
-332
11
1213
21
-298
0
LINE
8
INTERIOR
10
1213
20
-298
11
1187
21
-298
0
LINE
8
INTERIOR
10
1187
20
-298
11
1187
21
-332
0
LINE
8
INTERIOR
10
1188
20
75
11
1212
21
75
0
LINE
8
INTERIOR
10
1212
20
75
11
1212
21
105
0
LINE
8
INTERIOR
10
1212
20
105
11
1188
21
105
0
LINE
8
INTERIOR
10
1188
20
105
11
1188
21
75
0
LINE
8
INTERIOR
10
1188
20
140
11
1212
21
140
0
LINE
8
INTERIOR
10
1212
20
140
11
1212
21
170
0
LINE
8
INTERIOR
10
1212
20
170
11
1188
21
170
0
LINE
8
INTERIOR
10
1188
20
170
11
1188
21
140
0
LINE
8
INTERIOR
10
1188
20
205
11
1212
21
205
0
LINE
8
INTERIOR
10
1212
20
205
11
1212
21
235
0
LINE
8
INTERIOR
10
1212
20
235
11
1188
21
235
0
LINE
8
INTERIOR
10
1188
20
235
11
1188
21
205
0
LINE
8
INTERIOR
10
1188
20
270
11
1212
21
270
0
LINE
8
INTERIOR
10
1212
20
270
11
1212
21
300
0
LINE
8
INTERIOR
10
1212
20
300
11
1188
21
300
0
LINE
8
INTERIOR
10
1188
20
300
11
1188
21
270
0
LINE
8
INTERIOR
10
1216
20
-595
11
1250
21
-595
0
LINE
8
INTERIOR
10
1250
20
-595
11
1250
21
-425
0
LINE
8
INTERIOR
10
1250
20
-425
11
1216
21
-425
0
LINE
8
INTERIOR
10
1216
20
-425
11
1216
21
-595
0
LINE
8
INTERIOR
10
1216
20
-505
11
1250
21
-505
0
LINE
8
INTERIOR
10
1250
20
-505
11
1250
21
-335
0
LINE
8
INTERIOR
10
1250
20
-335
11
1216
21
-335
0
LINE
8
INTERIOR
10
1216
20
-335
11
1216
21
-505
0
LINE
8
INTERIOR
10
1216
20
-415
11
1250
21
-415
0
LINE
8
INTERIOR
10
1250
20
-415
11
1250
21
-245
0
LINE
8
INTERIOR
10
1250
20
-245
11
1216
21
-245
0
LINE
8
INTERIOR
10
1216
20
-245
11
1216
21
-415
0
LINE
8
INTERIOR
10
1340
20
-542.5
11
1430
21
-542.5
0
LINE
8
INTERIOR
10
1430
20
-542.5
11
1430
21
-497.5
0
LINE
8
INTERIOR
10
1430
20
-497.5
11
1340
21
-497.5
0
LINE
8
INTERIOR
10
1340
20
-497.5
11
1340
21
-542.5
0
LINE
8
INTERIOR
10
1289
20
-531
11
1311
21
-531
0
LINE
8
INTERIOR
10
1311
20
-531
11
1311
21
-509
0
LINE
8
INTERIOR
10
1311
20
-509
11
1289
21
-509
0
LINE
8
INTERIOR
10
1289
20
-509
11
1289
21
-531
0
LINE
8
INTERIOR
10
1340
20
-462.5
11
1430
21
-462.5
0
LINE
8
INTERIOR
10
1430
20
-462.5
11
1430
21
-417.5
0
LINE
8
INTERIOR
10
1430
20
-417.5
11
1340
21
-417.5
0
LINE
8
INTERIOR
10
1340
20
-417.5
11
1340
21
-462.5
0
LINE
8
INTERIOR
10
1289
20
-451
11
1311
21
-451
0
LINE
8
INTERIOR
10
1311
20
-451
11
1311
21
-429
0
LINE
8
INTERIOR
10
1311
20
-429
11
1289
21
-429
0
LINE
8
INTERIOR
10
1289
20
-429
11
1289
21
-451
0
LINE
8
INTERIOR
10
1340
20
-372.5
11
1430
21
-372.5
0
LINE
8
INTERIOR
10
1430
20
-372.5
11
1430
21
-327.5
0
LINE
8
INTERIOR
10
1430
20
-327.5
11
1340
21
-327.5
0
LINE
8
INTERIOR
10
1340
20
-327.5
11
1340
21
-372.5
0
LINE
8
INTERIOR
10
1289
20
-361
11
1311
21
-361
0
LINE
8
INTERIOR
10
1311
20
-361
11
1311
21
-339
0
LINE
8
INTERIOR
10
1311
20
-339
11
1289
21
-339
0
LINE
8
INTERIOR
10
1289
20
-339
11
1289
21
-361
0
LINE
8
INTERIOR
10
1195
20
-607.5
11
1290
21
-607.5
0
LINE
8
INTERIOR
10
1290
20
-607.5
11
1290
21
-322.5
0
LINE
8
INTERIOR
10
1290
20
-322.5
11
1195
21
-322.5
0
LINE
8
INTERIOR
10
1195
20
-322.5
11
1195
21
-607.5
0
LINE
8
INTERIOR
10
1215
20
-525
11
1277
21
-525
0
LINE
8
INTERIOR
10
1277
20
-525
11
1277
21
-315
0
LINE
8
INTERIOR
10
1277
20
-315
11
1215
21
-315
0
LINE
8
INTERIOR
10
1215
20
-315
11
1215
21
-525
0
LINE
8
INTERIOR
10
1118
20
-485
11
1166
21
-485
0
LINE
8
INTERIOR
10
1166
20
-485
11
1166
21
-355
0
LINE
8
INTERIOR
10
1166
20
-355
11
1118
21
-355
0
LINE
8
INTERIOR
10
1118
20
-355
11
1118
21
-485
0
LINE
8
INTERIOR
10
1244
20
-530
11
1276
21
-530
0
LINE
8
INTERIOR
10
1276
20
-530
11
1276
21
-350
0
LINE
8
INTERIOR
10
1276
20
-350
11
1244
21
-350
0
LINE
8
INTERIOR
10
1244
20
-350
11
1244
21
-530
0
LINE
8
INTERIOR
10
1244
20
-605
11
1276
21
-605
0
LINE
8
INTERIOR
10
1276
20
-605
11
1276
21
-435
0
LINE
8
INTERIOR
10
1276
20
-435
11
1244
21
-435
0
LINE
8
INTERIOR
10
1244
20
-435
11
1244
21
-605
0
LINE
8
INTERIOR
10
1225
20
-346
11
1277
21
-346
0
LINE
8
INTERIOR
10
1277
20
-346
11
1277
21
-304
0
LINE
8
INTERIOR
10
1277
20
-304
11
1225
21
-304
0
LINE
8
INTERIOR
10
1225
20
-304
11
1225
21
-346
0
LINE
8
INTERIOR
10
1214
20
-687.5
11
1236
21
-687.5
0
LINE
8
INTERIOR
10
1236
20
-687.5
11
1236
21
-522.5
0
LINE
8
INTERIOR
10
1236
20
-522.5
11
1214
21
-522.5
0
LINE
8
INTERIOR
10
1214
20
-522.5
11
1214
21
-687.5
0
LINE
8
INTERIOR
10
1290
20
-677.5
11
1360
21
-677.5
0
LINE
8
INTERIOR
10
1360
20
-677.5
11
1360
21
-622.5
0
LINE
8
INTERIOR
10
1360
20
-622.5
11
1290
21
-622.5
0
LINE
8
INTERIOR
10
1290
20
-622.5
11
1290
21
-677.5
0
LINE
8
INTERIOR
10
1744
20
-266
11
1776
21
-266
0
LINE
8
INTERIOR
10
1776
20
-266
11
1776
21
-234
0
LINE
8
INTERIOR
10
1776
20
-234
11
1744
21
-234
0
LINE
8
INTERIOR
10
1744
20
-234
11
1744
21
-266
0
LINE
8
INTERIOR
10
1457
20
-78
11
1543
21
-78
0
LINE
8
INTERIOR
10
1543
20
-78
11
1543
21
8
0
LINE
8
INTERIOR
10
1543
20
8
11
1457
21
8
0
LINE
8
INTERIOR
10
1457
20
8
11
1457
21
-78
0
LINE
8
INTERIOR
10
1542
20
-158
11
1618
21
-158
0
LINE
8
INTERIOR
10
1618
20
-158
11
1618
21
-82
0
LINE
8
INTERIOR
10
1618
20
-82
11
1542
21
-82
0
LINE
8
INTERIOR
10
1542
20
-82
11
1542
21
-158
0
LINE
8
INTERIOR
10
1515
20
-438
11
2060
21
-438
0
LINE
8
INTERIOR
10
2060
20
-438
11
2060
21
-402
0
LINE
8
INTERIOR
10
2060
20
-402
11
1515
21
-402
0
LINE
8
INTERIOR
10
1515
20
-402
11
1515
21
-438
0
LINE
8
INTERIOR
10
1515
20
-738
11
2060
21
-738
0
LINE
8
INTERIOR
10
2060
20
-738
11
2060
21
-702
0
LINE
8
INTERIOR
10
2060
20
-702
11
1515
21
-702
0
LINE
8
INTERIOR
10
1515
20
-702
11
1515
21
-738
0
LINE
8
INTERIOR
10
2350
20
-438
11
2895
21
-438
0
LINE
8
INTERIOR
10
2895
20
-438
11
2895
21
-402
0
LINE
8
INTERIOR
10
2895
20
-402
11
2350
21
-402
0
LINE
8
INTERIOR
10
2350
20
-402
11
2350
21
-438
0
LINE
8
INTERIOR
10
2350
20
-738
11
2895
21
-738
0
LINE
8
INTERIOR
10
2895
20
-738
11
2895
21
-702
0
LINE
8
INTERIOR
10
2895
20
-702
11
2350
21
-702
0
LINE
8
INTERIOR
10
2350
20
-702
11
2350
21
-738
0
LINE
8
INTERIOR
10
1730
20
-111
11
1792
21
-111
0
LINE
8
INTERIOR
10
1792
20
-111
11
1792
21
-69
0
LINE
8
INTERIOR
10
1792
20
-69
11
1730
21
-69
0
LINE
8
INTERIOR
10
1730
20
-69
11
1730
21
-111
0
LINE
8
INTERIOR
10
1848
20
-505
11
1872
21
-505
0
LINE
8
INTERIOR
10
1872
20
-505
11
1872
21
-115
0
LINE
8
INTERIOR
10
1872
20
-115
11
1848
21
-115
0
LINE
8
INTERIOR
10
1848
20
-115
11
1848
21
-505
0
LINE
8
INTERIOR
10
1350
20
-560
11
2110
21
-560
0
LINE
8
INTERIOR
10
2110
20
-560
11
2110
21
-60
0
LINE
8
INTERIOR
10
2110
20
-60
11
1350
21
-60
0
LINE
8
INTERIOR
10
1350
20
-60
11
1350
21
-560
0
LINE
8
INTERIOR
10
1515
20
402
11
2060
21
402
0
LINE
8
INTERIOR
10
2060
20
402
11
2060
21
438
0
LINE
8
INTERIOR
10
2060
20
438
11
1515
21
438
0
LINE
8
INTERIOR
10
1515
20
438
11
1515
21
402
0
LINE
8
INTERIOR
10
1515
20
702
11
2060
21
702
0
LINE
8
INTERIOR
10
2060
20
702
11
2060
21
738
0
LINE
8
INTERIOR
10
2060
20
738
11
1515
21
738
0
LINE
8
INTERIOR
10
1515
20
738
11
1515
21
702
0
LINE
8
INTERIOR
10
2350
20
402
11
2895
21
402
0
LINE
8
INTERIOR
10
2895
20
402
11
2895
21
438
0
LINE
8
INTERIOR
10
2895
20
438
11
2350
21
438
0
LINE
8
INTERIOR
10
2350
20
438
11
2350
21
402
0
LINE
8
INTERIOR
10
2350
20
702
11
2895
21
702
0
LINE
8
INTERIOR
10
2895
20
702
11
2895
21
738
0
LINE
8
INTERIOR
10
2895
20
738
11
2350
21
738
0
LINE
8
INTERIOR
10
2350
20
738
11
2350
21
702
0
LINE
8
INTERIOR
10
1730
20
69
11
1792
21
69
0
LINE
8
INTERIOR
10
1792
20
69
11
1792
21
111
0
LINE
8
INTERIOR
10
1792
20
111
11
1730
21
111
0
LINE
8
INTERIOR
10
1730
20
111
11
1730
21
69
0
LINE
8
INTERIOR
10
1848
20
115
11
1872
21
115
0
LINE
8
INTERIOR
10
1872
20
115
11
1872
21
505
0
LINE
8
INTERIOR
10
1872
20
505
11
1848
21
505
0
LINE
8
INTERIOR
10
1848
20
505
11
1848
21
115
0
LINE
8
INTERIOR
10
1350
20
60
11
2110
21
60
0
LINE
8
INTERIOR
10
2110
20
60
11
2110
21
560
0
LINE
8
INTERIOR
10
2110
20
560
11
1350
21
560
0
LINE
8
INTERIOR
10
1350
20
560
11
1350
21
60
0
LINE
8
INTERIOR
10
2220
20
-510
11
3270
21
-510
0
LINE
8
INTERIOR
10
3270
20
-510
11
3270
21
510
0
LINE
8
INTERIOR
10
3270
20
510
11
2220
21
510
0
LINE
8
INTERIOR
10
2220
20
510
11
2220
21
-510
0
LINE
8
INTERIOR
10
2510
20
-505
11
3120
21
-505
0
LINE
8
INTERIOR
10
3120
20
-505
11
3120
21
505
0
LINE
8
INTERIOR
10
3120
20
505
11
2510
21
505
0
LINE
8
INTERIOR
10
2510
20
505
11
2510
21
-505
0
LINE
8
ENGINE_BAY
10
269
20
-67.5
11
331
21
-67.5
0
LINE
8
ENGINE_BAY
10
331
20
-67.5
11
331
21
67.5
0
LINE
8
ENGINE_BAY
10
331
20
67.5
11
269
21
67.5
0
LINE
8
ENGINE_BAY
10
269
20
67.5
11
269
21
-67.5
0
LINE
8
ENGINE_BAY
10
286
20
85
11
324
21
85
0
LINE
8
ENGINE_BAY
10
324
20
85
11
324
21
335
0
LINE
8
ENGINE_BAY
10
324
20
335
11
286
21
335
0
LINE
8
ENGINE_BAY
10
286
20
335
11
286
21
85
0
LINE
8
ENGINE_BAY
10
286
20
-20
11
324
21
-20
0
LINE
8
ENGINE_BAY
10
324
20
-20
11
324
21
230
0
LINE
8
ENGINE_BAY
10
324
20
230
11
286
21
230
0
LINE
8
ENGINE_BAY
10
286
20
230
11
286
21
-20
0
LINE
8
ENGINE_BAY
10
286
20
-230
11
324
21
-230
0
LINE
8
ENGINE_BAY
10
324
20
-230
11
324
21
20
0
LINE
8
ENGINE_BAY
10
324
20
20
11
286
21
20
0
LINE
8
ENGINE_BAY
10
286
20
20
11
286
21
-230
0
LINE
8
ENGINE_BAY
10
286
20
-335
11
324
21
-335
0
LINE
8
ENGINE_BAY
10
324
20
-335
11
324
21
-85
0
LINE
8
ENGINE_BAY
10
324
20
-85
11
286
21
-85
0
LINE
8
ENGINE_BAY
10
286
20
-85
11
286
21
-335
0
LINE
8
ENGINE_BAY
10
286
20
-230
11
324
21
-230
0
LINE
8
ENGINE_BAY
10
324
20
-230
11
324
21
20
0
LINE
8
ENGINE_BAY
10
324
20
20
11
286
21
20
0
LINE
8
ENGINE_BAY
10
286
20
20
11
286
21
-230
0
LINE
8
ENGINE_BAY
10
286
20
-20
11
324
21
-20
0
LINE
8
ENGINE_BAY
10
324
20
-20
11
324
21
230
0
LINE
8
ENGINE_BAY
10
324
20
230
11
286
21
230
0
LINE
8
ENGINE_BAY
10
286
20
230
11
286
21
-20
0
LINE
8
ENGINE_BAY
10
355
20
-72.5
11
415
21
-72.5
0
LINE
8
ENGINE_BAY
10
415
20
-72.5
11
415
21
72.5
0
LINE
8
ENGINE_BAY
10
415
20
72.5
11
355
21
72.5
0
LINE
8
ENGINE_BAY
10
355
20
72.5
11
355
21
-72.5
0
LINE
8
ENGINE_BAY
10
333
20
-62.5
11
387
21
-62.5
0
LINE
8
ENGINE_BAY
10
387
20
-62.5
11
387
21
62.5
0
LINE
8
ENGINE_BAY
10
387
20
62.5
11
333
21
62.5
0
LINE
8
ENGINE_BAY
10
333
20
62.5
11
333
21
-62.5
0
LINE
8
ENGINE_BAY
10
350
20
-19
11
376
21
-19
0
LINE
8
ENGINE_BAY
10
376
20
-19
11
376
21
19
0
LINE
8
ENGINE_BAY
10
376
20
19
11
350
21
19
0
LINE
8
ENGINE_BAY
10
350
20
19
11
350
21
-19
0
LINE
8
ENGINE_BAY
10
385
20
-19
11
411
21
-19
0
LINE
8
ENGINE_BAY
10
411
20
-19
11
411
21
19
0
LINE
8
ENGINE_BAY
10
411
20
19
11
385
21
19
0
LINE
8
ENGINE_BAY
10
385
20
19
11
385
21
-19
0
LINE
8
ENGINE_BAY
10
455
20
230
11
675
21
230
0
LINE
8
ENGINE_BAY
10
675
20
230
11
675
21
420
0
LINE
8
ENGINE_BAY
10
675
20
420
11
455
21
420
0
LINE
8
ENGINE_BAY
10
455
20
420
11
455
21
230
0
LINE
8
ENGINE_BAY
10
575
20
187.5
11
885
21
187.5
0
LINE
8
ENGINE_BAY
10
885
20
187.5
11
885
21
342.5
0
LINE
8
ENGINE_BAY
10
885
20
342.5
11
575
21
342.5
0
LINE
8
ENGINE_BAY
10
575
20
342.5
11
575
21
187.5
0
LINE
8
ENGINE_BAY
10
560
20
-305
11
1020
21
-305
0
LINE
8
ENGINE_BAY
10
1020
20
-305
11
1020
21
-215
0
LINE
8
ENGINE_BAY
10
1020
20
-215
11
560
21
-215
0
LINE
8
ENGINE_BAY
10
560
20
-215
11
560
21
-305
0
LINE
8
ENGINE_BAY
10
575
20
212.5
11
1075
21
212.5
0
LINE
8
ENGINE_BAY
10
1075
20
212.5
11
1075
21
307.5
0
LINE
8
ENGINE_BAY
10
1075
20
307.5
11
575
21
307.5
0
LINE
8
ENGINE_BAY
10
575
20
307.5
11
575
21
212.5
0
LINE
8
ENGINE_BAY
10
685
20
-280
11
805
21
-280
0
LINE
8
ENGINE_BAY
10
805
20
-280
11
805
21
-160
0
LINE
8
ENGINE_BAY
10
805
20
-160
11
685
21
-160
0
LINE
8
ENGINE_BAY
10
685
20
-160
11
685
21
-280
0
LINE
8
ENGINE_BAY
10
630
20
-365
11
890
21
-365
0
LINE
8
ENGINE_BAY
10
890
20
-365
11
890
21
-105
0
LINE
8
ENGINE_BAY
10
890
20
-105
11
630
21
-105
0
LINE
8
ENGINE_BAY
10
630
20
-105
11
630
21
-365
0
LINE
8
ENGINE_BAY
10
1002.5
20
-650
11
1147.5
21
-650
0
LINE
8
ENGINE_BAY
10
1147.5
20
-650
11
1147.5
21
-390
0
LINE
8
ENGINE_BAY
10
1147.5
20
-390
11
1002.5
21
-390
0
LINE
8
ENGINE_BAY
10
1002.5
20
-390
11
1002.5
21
-650
0
LINE
8
ENGINE_BAY
10
830
20
-566
11
1060
21
-566
0
LINE
8
ENGINE_BAY
10
1060
20
-566
11
1060
21
-474
0
LINE
8
ENGINE_BAY
10
1060
20
-474
11
830
21
-474
0
LINE
8
ENGINE_BAY
10
830
20
-474
11
830
21
-566
0
LINE
8
ENGINE_BAY
10
945
20
-391
11
1155
21
-391
0
LINE
8
ENGINE_BAY
10
1155
20
-391
11
1155
21
-309
0
LINE
8
ENGINE_BAY
10
1155
20
-309
11
945
21
-309
0
LINE
8
ENGINE_BAY
10
945
20
-309
11
945
21
-391
0
LINE
8
ENGINE_BAY
10
1112
20
-650
11
1154
21
-650
0
LINE
8
ENGINE_BAY
10
1154
20
-650
11
1154
21
-300
0
LINE
8
ENGINE_BAY
10
1154
20
-300
11
1112
21
-300
0
LINE
8
ENGINE_BAY
10
1112
20
-300
11
1112
21
-650
0
LINE
8
ENGINE_BAY
10
1110
20
-670
11
1158
21
-670
0
LINE
8
ENGINE_BAY
10
1158
20
-670
11
1158
21
-370
0
LINE
8
ENGINE_BAY
10
1158
20
-370
11
1110
21
-370
0
LINE
8
ENGINE_BAY
10
1110
20
-370
11
1110
21
-670
0
LINE
8
ENGINE_BAY
10
820
20
-575
11
930
21
-575
0
LINE
8
ENGINE_BAY
10
930
20
-575
11
930
21
-465
0
LINE
8
ENGINE_BAY
10
930
20
-465
11
820
21
-465
0
LINE
8
ENGINE_BAY
10
820
20
-465
11
820
21
-575
0
LINE
8
ENGINE_BAY
10
834
20
-561
11
916
21
-561
0
LINE
8
ENGINE_BAY
10
916
20
-561
11
916
21
-479
0
LINE
8
ENGINE_BAY
10
916
20
-479
11
834
21
-479
0
LINE
8
ENGINE_BAY
10
834
20
-479
11
834
21
-561
0
LINE
8
ENGINE_BAY
10
585
20
-447
11
1055
21
-447
0
LINE
8
ENGINE_BAY
10
1055
20
-447
11
1055
21
-413
0
LINE
8
ENGINE_BAY
10
1055
20
-413
11
585
21
-413
0
LINE
8
ENGINE_BAY
10
585
20
-413
11
585
21
-447
0
LINE
8
ENGINE_BAY
10
875
20
-385
11
945
21
-385
0
LINE
8
ENGINE_BAY
10
945
20
-385
11
945
21
-315
0
LINE
8
ENGINE_BAY
10
945
20
-315
11
875
21
-315
0
LINE
8
ENGINE_BAY
10
875
20
-315
11
875
21
-385
0
LINE
8
ENGINE_BAY
10
570
20
-357
11
1090
21
-357
0
LINE
8
ENGINE_BAY
10
1090
20
-357
11
1090
21
-343
0
LINE
8
ENGINE_BAY
10
1090
20
-343
11
570
21
-343
0
LINE
8
ENGINE_BAY
10
570
20
-343
11
570
21
-357
0
LINE
8
ENGINE_BAY
10
840
20
-442
11
1180
21
-442
0
LINE
8
ENGINE_BAY
10
1180
20
-442
11
1180
21
-398
0
LINE
8
ENGINE_BAY
10
1180
20
-398
11
840
21
-398
0
LINE
8
ENGINE_BAY
10
840
20
-398
11
840
21
-442
0
LINE
8
ENGINE_BAY
10
811
20
-468
11
869
21
-468
0
LINE
8
ENGINE_BAY
10
869
20
-468
11
869
21
-392
0
LINE
8
ENGINE_BAY
10
869
20
-392
11
811
21
-392
0
LINE
8
ENGINE_BAY
10
811
20
-392
11
811
21
-468
0
LINE
8
ENGINE_BAY
10
510
20
-475
11
870
21
-475
0
LINE
8
ENGINE_BAY
10
870
20
-475
11
870
21
-435
0
LINE
8
ENGINE_BAY
10
870
20
-435
11
510
21
-435
0
LINE
8
ENGINE_BAY
10
510
20
-435
11
510
21
-475
0
LINE
8
ENGINE_BAY
10
570
20
327.5
11
880
21
327.5
0
LINE
8
ENGINE_BAY
10
880
20
327.5
11
880
21
532.5
0
LINE
8
ENGINE_BAY
10
880
20
532.5
11
570
21
532.5
0
LINE
8
ENGINE_BAY
10
570
20
532.5
11
570
21
327.5
0
LINE
8
ENGINE_BAY
10
605
20
338
11
639
21
338
0
LINE
8
ENGINE_BAY
10
639
20
338
11
639
21
372
0
LINE
8
ENGINE_BAY
10
639
20
372
11
605
21
372
0
LINE
8
ENGINE_BAY
10
605
20
372
11
605
21
338
0
LINE
8
ENGINE_BAY
10
795
20
488
11
829
21
488
0
LINE
8
ENGINE_BAY
10
829
20
488
11
829
21
522
0
LINE
8
ENGINE_BAY
10
829
20
522
11
795
21
522
0
LINE
8
ENGINE_BAY
10
795
20
522
11
795
21
488
0
LINE
8
ENGINE_BAY
10
450
20
393
11
970
21
393
0
LINE
8
ENGINE_BAY
10
970
20
393
11
970
21
417
0
LINE
8
ENGINE_BAY
10
970
20
417
11
450
21
417
0
LINE
8
ENGINE_BAY
10
450
20
417
11
450
21
393
0
LINE
8
ENGINE_BAY
10
157.5
20
-515
11
252.5
21
-515
0
LINE
8
ENGINE_BAY
10
252.5
20
-515
11
252.5
21
515
0
LINE
8
ENGINE_BAY
10
252.5
20
515
11
157.5
21
515
0
LINE
8
ENGINE_BAY
10
157.5
20
515
11
157.5
21
-515
0
LINE
8
ENGINE_BAY
10
162.5
20
-515
11
247.5
21
-515
0
LINE
8
ENGINE_BAY
10
247.5
20
-515
11
247.5
21
515
0
LINE
8
ENGINE_BAY
10
247.5
20
515
11
162.5
21
515
0
LINE
8
ENGINE_BAY
10
162.5
20
515
11
162.5
21
-515
0
LINE
8
ENGINE_BAY
10
191
20
233
11
245
21
233
0
LINE
8
ENGINE_BAY
10
245
20
233
11
245
21
287
0
LINE
8
ENGINE_BAY
10
245
20
287
11
191
21
287
0
LINE
8
ENGINE_BAY
10
191
20
287
11
191
21
233
0
LINE
8
ENGINE_BAY
10
795
20
482.5
11
955
21
482.5
0
LINE
8
ENGINE_BAY
10
955
20
482.5
11
955
21
587.5
0
LINE
8
ENGINE_BAY
10
955
20
587.5
11
795
21
587.5
0
LINE
8
ENGINE_BAY
10
795
20
587.5
11
795
21
482.5
0
LINE
8
ENGINE_BAY
10
930
20
572.5
11
1170
21
572.5
0
LINE
8
ENGINE_BAY
10
1170
20
572.5
11
1170
21
647.5
0
LINE
8
ENGINE_BAY
10
1170
20
647.5
11
930
21
647.5
0
LINE
8
ENGINE_BAY
10
930
20
647.5
11
930
21
572.5
0
LINE
8
ENGINE_BAY
10
817
20
107
11
863
21
107
0
LINE
8
ENGINE_BAY
10
863
20
107
11
863
21
153
0
LINE
8
ENGINE_BAY
10
863
20
153
11
817
21
153
0
LINE
8
ENGINE_BAY
10
817
20
153
11
817
21
107
0
LINE
8
FUEL_SYSTEM
10
2870
20
-465
11
3520
21
-465
0
LINE
8
FUEL_SYSTEM
10
3520
20
-465
11
3520
21
465
0
LINE
8
FUEL_SYSTEM
10
3520
20
465
11
2870
21
465
0
LINE
8
FUEL_SYSTEM
10
2870
20
465
11
2870
21
-465
0
LINE
8
FUEL_SYSTEM
10
2780
20
-490
11
2822
21
-490
0
LINE
8
FUEL_SYSTEM
10
2822
20
-490
11
2822
21
490
0
LINE
8
FUEL_SYSTEM
10
2822
20
490
11
2780
21
490
0
LINE
8
FUEL_SYSTEM
10
2780
20
490
11
2780
21
-490
0
LINE
8
FUEL_SYSTEM
10
3020
20
-490
11
3062
21
-490
0
LINE
8
FUEL_SYSTEM
10
3062
20
-490
11
3062
21
490
0
LINE
8
FUEL_SYSTEM
10
3062
20
490
11
3020
21
490
0
LINE
8
FUEL_SYSTEM
10
3020
20
490
11
3020
21
-490
0
LINE
8
FUEL_SYSTEM
10
2962
20
-728
11
3038
21
-728
0
LINE
8
FUEL_SYSTEM
10
3038
20
-728
11
3038
21
-652
0
LINE
8
FUEL_SYSTEM
10
3038
20
-652
11
2962
21
-652
0
LINE
8
FUEL_SYSTEM
10
2962
20
-652
11
2962
21
-728
0
LINE
8
FUEL_SYSTEM
10
845
20
322
11
2915
21
322
0
LINE
8
FUEL_SYSTEM
10
2915
20
322
11
2915
21
338
0
LINE
8
FUEL_SYSTEM
10
2915
20
338
11
845
21
338
0
LINE
8
FUEL_SYSTEM
10
845
20
338
11
845
21
322
0
LINE
8
EXHAUST
10
395
20
276
11
1345
21
276
0
LINE
8
EXHAUST
10
1345
20
276
11
1345
21
344
0
LINE
8
EXHAUST
10
1345
20
344
11
395
21
344
0
LINE
8
EXHAUST
10
395
20
344
11
395
21
276
0
LINE
8
EXHAUST
10
1190
20
296
11
2210
21
296
0
LINE
8
EXHAUST
10
2210
20
296
11
2210
21
364
0
LINE
8
EXHAUST
10
2210
20
364
11
1190
21
364
0
LINE
8
EXHAUST
10
1190
20
364
11
1190
21
296
0
LINE
8
EXHAUST
10
2140
20
299
11
3360
21
299
0
LINE
8
EXHAUST
10
3360
20
299
11
3360
21
361
0
LINE
8
EXHAUST
10
3360
20
361
11
2140
21
361
0
LINE
8
EXHAUST
10
2140
20
361
11
2140
21
299
0
LINE
8
EXHAUST
10
1935
20
205
11
2585
21
205
0
LINE
8
EXHAUST
10
2585
20
205
11
2585
21
455
0
LINE
8
EXHAUST
10
2585
20
455
11
1935
21
455
0
LINE
8
EXHAUST
10
1935
20
455
11
1935
21
205
0
LINE
8
EXHAUST
10
1020
20
301
11
1072
21
301
0
LINE
8
EXHAUST
10
1072
20
301
11
1072
21
359
0
LINE
8
EXHAUST
10
1072
20
359
11
1020
21
359
0
LINE
8
EXHAUST
10
1020
20
359
11
1020
21
301
0
LINE
8
EXHAUST
10
2180
20
301
11
2232
21
301
0
LINE
8
EXHAUST
10
2232
20
301
11
2232
21
359
0
LINE
8
EXHAUST
10
2232
20
359
11
2180
21
359
0
LINE
8
EXHAUST
10
2180
20
359
11
2180
21
301
0
LINE
8
EXHAUST
10
3040
20
301
11
3092
21
301
0
LINE
8
EXHAUST
10
3092
20
301
11
3092
21
359
0
LINE
8
EXHAUST
10
3092
20
359
11
3040
21
359
0
LINE
8
EXHAUST
10
3040
20
359
11
3040
21
301
0
LINE
8
DATUM
10
735
20
-934
11
3020
21
-934
0
LINE
8
DATUM
10
3020
20
-934
11
3020
21
-916
0
LINE
8
DATUM
10
3020
20
-916
11
735
21
-916
0
LINE
8
DATUM
10
735
20
-916
11
735
21
-934
0
LINE
8
DATUM
10
735
20
916
11
3020
21
916
0
LINE
8
DATUM
10
3020
20
916
11
3020
21
934
0
LINE
8
DATUM
10
3020
20
934
11
735
21
934
0
LINE
8
DATUM
10
735
20
934
11
735
21
916
0
LINE
8
DATUM
10
726
20
-705
11
744
21
-705
0
LINE
8
DATUM
10
744
20
-705
11
744
21
705
0
LINE
8
DATUM
10
744
20
705
11
726
21
705
0
LINE
8
DATUM
10
726
20
705
11
726
21
-705
0
LINE
8
DATUM
10
3011
20
-705
11
3029
21
-705
0
LINE
8
DATUM
10
3029
20
-705
11
3029
21
705
0
LINE
8
DATUM
10
3029
20
705
11
3011
21
705
0
LINE
8
DATUM
10
3011
20
705
11
3011
21
-705
0
LINE
8
OVERALL
10
0
20
-832.5
11
3840
21
-832.5
0
LINE
8
OVERALL
10
3840
20
-832.5
11
3840
21
832.5
0
LINE
8
OVERALL
10
3840
20
832.5
11
0
21
832.5
0
LINE
8
OVERALL
10
0
20
832.5
11
0
21
-832.5
0
LINE
8
CHASSIS
10
360
20
2930
11
3500
21
2930
0
LINE
8
CHASSIS
10
3500
20
2930
11
3500
21
3050
0
LINE
8
CHASSIS
10
3500
20
3050
11
360
21
3050
0
LINE
8
CHASSIS
10
360
20
3050
11
360
21
2930
0
LINE
8
CHASSIS
10
360
20
2930
11
3500
21
2930
0
LINE
8
CHASSIS
10
3500
20
2930
11
3500
21
3050
0
LINE
8
CHASSIS
10
3500
20
3050
11
360
21
3050
0
LINE
8
CHASSIS
10
360
20
3050
11
360
21
2930
0
LINE
8
CHASSIS
10
450
20
2955
11
535
21
2955
0
LINE
8
CHASSIS
10
535
20
2955
11
535
21
3050
0
LINE
8
CHASSIS
10
535
20
3050
11
450
21
3050
0
LINE
8
CHASSIS
10
450
20
3050
11
450
21
2955
0
LINE
8
CHASSIS
10
980
20
2955
11
1065
21
2955
0
LINE
8
CHASSIS
10
1065
20
2955
11
1065
21
3050
0
LINE
8
CHASSIS
10
1065
20
3050
11
980
21
3050
0
LINE
8
CHASSIS
10
980
20
3050
11
980
21
2955
0
LINE
8
CHASSIS
10
1660
20
2955
11
1745
21
2955
0
LINE
8
CHASSIS
10
1745
20
2955
11
1745
21
3050
0
LINE
8
CHASSIS
10
1745
20
3050
11
1660
21
3050
0
LINE
8
CHASSIS
10
1660
20
3050
11
1660
21
2955
0
LINE
8
CHASSIS
10
2420
20
2955
11
2505
21
2955
0
LINE
8
CHASSIS
10
2505
20
2955
11
2505
21
3050
0
LINE
8
CHASSIS
10
2505
20
3050
11
2420
21
3050
0
LINE
8
CHASSIS
10
2420
20
3050
11
2420
21
2955
0
LINE
8
CHASSIS
10
3230
20
2955
11
3315
21
2955
0
LINE
8
CHASSIS
10
3315
20
2955
11
3315
21
3050
0
LINE
8
CHASSIS
10
3315
20
3050
11
3230
21
3050
0
LINE
8
CHASSIS
10
3230
20
3050
11
3230
21
2955
0
LINE
8
CHASSIS
10
20
20
3025
11
185
21
3025
0
LINE
8
CHASSIS
10
185
20
3025
11
185
21
3145
0
LINE
8
CHASSIS
10
185
20
3145
11
20
21
3145
0
LINE
8
CHASSIS
10
20
20
3145
11
20
21
3025
0
LINE
8
CHASSIS
10
3665
20
3030
11
3810
21
3030
0
LINE
8
CHASSIS
10
3810
20
3030
11
3810
21
3140
0
LINE
8
CHASSIS
10
3810
20
3140
11
3665
21
3140
0
LINE
8
CHASSIS
10
3665
20
3140
11
3665
21
3030
0
LINE
8
CHASSIS
10
61
20
2892.5
11
89
21
2892.5
0
LINE
8
CHASSIS
10
89
20
2892.5
11
89
21
3007.5
0
LINE
8
CHASSIS
10
89
20
3007.5
11
61
21
3007.5
0
LINE
8
CHASSIS
10
61
20
3007.5
11
61
21
2892.5
0
LINE
8
CHASSIS
10
61
20
2892.5
11
89
21
2892.5
0
LINE
8
CHASSIS
10
89
20
2892.5
11
89
21
3007.5
0
LINE
8
CHASSIS
10
89
20
3007.5
11
61
21
3007.5
0
LINE
8
CHASSIS
10
61
20
3007.5
11
61
21
2892.5
0
LINE
8
RUNNING_GEAR
10
735
20
2895
11
825
21
2895
0
LINE
8
RUNNING_GEAR
10
825
20
2895
11
825
21
2985
0
LINE
8
RUNNING_GEAR
10
825
20
2985
11
735
21
2985
0
LINE
8
RUNNING_GEAR
10
735
20
2985
11
735
21
2895
0
LINE
8
RUNNING_GEAR
10
3020
20
2895
11
3110
21
2895
0
LINE
8
RUNNING_GEAR
10
3110
20
2895
11
3110
21
2985
0
LINE
8
RUNNING_GEAR
10
3110
20
2985
11
3020
21
2985
0
LINE
8
RUNNING_GEAR
10
3020
20
2985
11
3020
21
2895
0
LINE
8
RUNNING_GEAR
10
215
20
2835
11
1265
21
2835
0
LINE
8
RUNNING_GEAR
10
1265
20
2835
11
1265
21
2890
0
LINE
8
RUNNING_GEAR
10
1265
20
2890
11
215
21
2890
0
LINE
8
RUNNING_GEAR
10
215
20
2890
11
215
21
2835
0
LINE
8
RUNNING_GEAR
10
215
20
2835
11
1265
21
2835
0
LINE
8
RUNNING_GEAR
10
1265
20
2835
11
1265
21
2890
0
LINE
8
RUNNING_GEAR
10
1265
20
2890
11
215
21
2890
0
LINE
8
RUNNING_GEAR
10
215
20
2890
11
215
21
2835
0
LINE
8
RUNNING_GEAR
10
2500
20
2835
11
3550
21
2835
0
LINE
8
RUNNING_GEAR
10
3550
20
2835
11
3550
21
2890
0
LINE
8
RUNNING_GEAR
10
3550
20
2890
11
2500
21
2890
0
LINE
8
RUNNING_GEAR
10
2500
20
2890
11
2500
21
2835
0
LINE
8
RUNNING_GEAR
10
2500
20
2835
11
3550
21
2835
0
LINE
8
RUNNING_GEAR
10
3550
20
2835
11
3550
21
2890
0
LINE
8
RUNNING_GEAR
10
3550
20
2890
11
2500
21
2890
0
LINE
8
RUNNING_GEAR
10
2500
20
2890
11
2500
21
2835
0
LINE
8
RUNNING_GEAR
10
340
20
2500
11
1130
21
2500
0
LINE
8
RUNNING_GEAR
10
1130
20
2500
11
1130
21
3290
0
LINE
8
RUNNING_GEAR
10
1130
20
3290
11
340
21
3290
0
LINE
8
RUNNING_GEAR
10
340
20
3290
11
340
21
2500
0
LINE
8
RUNNING_GEAR
10
340
20
2500
11
1130
21
2500
0
LINE
8
RUNNING_GEAR
10
1130
20
2500
11
1130
21
3290
0
LINE
8
RUNNING_GEAR
10
1130
20
3290
11
340
21
3290
0
LINE
8
RUNNING_GEAR
10
340
20
3290
11
340
21
2500
0
LINE
8
RUNNING_GEAR
10
2625
20
2500
11
3415
21
2500
0
LINE
8
RUNNING_GEAR
10
3415
20
2500
11
3415
21
3290
0
LINE
8
RUNNING_GEAR
10
3415
20
3290
11
2625
21
3290
0
LINE
8
RUNNING_GEAR
10
2625
20
3290
11
2625
21
2500
0
LINE
8
RUNNING_GEAR
10
2625
20
2500
11
3415
21
2500
0
LINE
8
RUNNING_GEAR
10
3415
20
2500
11
3415
21
3290
0
LINE
8
RUNNING_GEAR
10
3415
20
3290
11
2625
21
3290
0
LINE
8
RUNNING_GEAR
10
2625
20
3290
11
2625
21
2500
0
LINE
8
RUNNING_GEAR
10
1110
20
2895
11
1205
21
2895
0
LINE
8
RUNNING_GEAR
10
1205
20
2895
11
1205
21
2953
0
LINE
8
RUNNING_GEAR
10
1205
20
2953
11
1110
21
2953
0
LINE
8
RUNNING_GEAR
10
1110
20
2953
11
1110
21
2895
0
LINE
8
RUNNING_GEAR
10
1081.455
20
3038.506
11
1176.455
21
3038.506
0
LINE
8
RUNNING_GEAR
10
1176.455
20
3038.506
11
1176.455
21
3096.506
0
LINE
8
RUNNING_GEAR
10
1176.455
20
3096.506
11
1081.455
21
3096.506
0
LINE
8
RUNNING_GEAR
10
1081.455
20
3096.506
11
1081.455
21
3038.506
0
LINE
8
RUNNING_GEAR
10
1000.165
20
3160.165
11
1095.165
21
3160.165
0
LINE
8
RUNNING_GEAR
10
1095.165
20
3160.165
11
1095.165
21
3218.165
0
LINE
8
RUNNING_GEAR
10
1095.165
20
3218.165
11
1000.165
21
3218.165
0
LINE
8
RUNNING_GEAR
10
1000.165
20
3218.165
11
1000.165
21
3160.165
0
LINE
8
RUNNING_GEAR
10
878.506
20
3241.455
11
973.506
21
3241.455
0
LINE
8
RUNNING_GEAR
10
973.506
20
3241.455
11
973.506
21
3299.455
0
LINE
8
RUNNING_GEAR
10
973.506
20
3299.455
11
878.506
21
3299.455
0
LINE
8
RUNNING_GEAR
10
878.506
20
3299.455
11
878.506
21
3241.455
0
LINE
8
RUNNING_GEAR
10
735
20
3270
11
830
21
3270
0
LINE
8
RUNNING_GEAR
10
830
20
3270
11
830
21
3328
0
LINE
8
RUNNING_GEAR
10
830
20
3328
11
735
21
3328
0
LINE
8
RUNNING_GEAR
10
735
20
3328
11
735
21
3270
0
LINE
8
RUNNING_GEAR
10
591.494
20
3241.455
11
686.494
21
3241.455
0
LINE
8
RUNNING_GEAR
10
686.494
20
3241.455
11
686.494
21
3299.455
0
LINE
8
RUNNING_GEAR
10
686.494
20
3299.455
11
591.494
21
3299.455
0
LINE
8
RUNNING_GEAR
10
591.494
20
3299.455
11
591.494
21
3241.455
0
LINE
8
RUNNING_GEAR
10
469.835
20
3160.165
11
564.835
21
3160.165
0
LINE
8
RUNNING_GEAR
10
564.835
20
3160.165
11
564.835
21
3218.165
0
LINE
8
RUNNING_GEAR
10
564.835
20
3218.165
11
469.835
21
3218.165
0
LINE
8
RUNNING_GEAR
10
469.835
20
3218.165
11
469.835
21
3160.165
0
LINE
8
RUNNING_GEAR
10
388.545
20
3038.506
11
483.545
21
3038.506
0
LINE
8
RUNNING_GEAR
10
483.545
20
3038.506
11
483.545
21
3096.506
0
LINE
8
RUNNING_GEAR
10
483.545
20
3096.506
11
388.545
21
3096.506
0
LINE
8
RUNNING_GEAR
10
388.545
20
3096.506
11
388.545
21
3038.506
0
LINE
8
RUNNING_GEAR
10
360
20
2895
11
455
21
2895
0
LINE
8
RUNNING_GEAR
10
455
20
2895
11
455
21
2953
0
LINE
8
RUNNING_GEAR
10
455
20
2953
11
360
21
2953
0
LINE
8
RUNNING_GEAR
10
360
20
2953
11
360
21
2895
0
LINE
8
RUNNING_GEAR
10
388.545
20
2751.494
11
483.545
21
2751.494
0
LINE
8
RUNNING_GEAR
10
483.545
20
2751.494
11
483.545
21
2809.494
0
LINE
8
RUNNING_GEAR
10
483.545
20
2809.494
11
388.545
21
2809.494
0
LINE
8
RUNNING_GEAR
10
388.545
20
2809.494
11
388.545
21
2751.494
0
LINE
8
RUNNING_GEAR
10
469.835
20
2629.835
11
564.835
21
2629.835
0
LINE
8
RUNNING_GEAR
10
564.835
20
2629.835
11
564.835
21
2687.835
0
LINE
8
RUNNING_GEAR
10
564.835
20
2687.835
11
469.835
21
2687.835
0
LINE
8
RUNNING_GEAR
10
469.835
20
2687.835
11
469.835
21
2629.835
0
LINE
8
RUNNING_GEAR
10
591.494
20
2548.545
11
686.494
21
2548.545
0
LINE
8
RUNNING_GEAR
10
686.494
20
2548.545
11
686.494
21
2606.545
0
LINE
8
RUNNING_GEAR
10
686.494
20
2606.545
11
591.494
21
2606.545
0
LINE
8
RUNNING_GEAR
10
591.494
20
2606.545
11
591.494
21
2548.545
0
LINE
8
RUNNING_GEAR
10
735
20
2520
11
830
21
2520
0
LINE
8
RUNNING_GEAR
10
830
20
2520
11
830
21
2578
0
LINE
8
RUNNING_GEAR
10
830
20
2578
11
735
21
2578
0
LINE
8
RUNNING_GEAR
10
735
20
2578
11
735
21
2520
0
LINE
8
RUNNING_GEAR
10
878.506
20
2548.545
11
973.506
21
2548.545
0
LINE
8
RUNNING_GEAR
10
973.506
20
2548.545
11
973.506
21
2606.545
0
LINE
8
RUNNING_GEAR
10
973.506
20
2606.545
11
878.506
21
2606.545
0
LINE
8
RUNNING_GEAR
10
878.506
20
2606.545
11
878.506
21
2548.545
0
LINE
8
RUNNING_GEAR
10
1000.165
20
2629.835
11
1095.165
21
2629.835
0
LINE
8
RUNNING_GEAR
10
1095.165
20
2629.835
11
1095.165
21
2687.835
0
LINE
8
RUNNING_GEAR
10
1095.165
20
2687.835
11
1000.165
21
2687.835
0
LINE
8
RUNNING_GEAR
10
1000.165
20
2687.835
11
1000.165
21
2629.835
0
LINE
8
RUNNING_GEAR
10
1081.455
20
2751.494
11
1176.455
21
2751.494
0
LINE
8
RUNNING_GEAR
10
1176.455
20
2751.494
11
1176.455
21
2809.494
0
LINE
8
RUNNING_GEAR
10
1176.455
20
2809.494
11
1081.455
21
2809.494
0
LINE
8
RUNNING_GEAR
10
1081.455
20
2809.494
11
1081.455
21
2751.494
0
LINE
8
RUNNING_GEAR
10
1110
20
2895
11
1205
21
2895
0
LINE
8
RUNNING_GEAR
10
1205
20
2895
11
1205
21
2953
0
LINE
8
RUNNING_GEAR
10
1205
20
2953
11
1110
21
2953
0
LINE
8
RUNNING_GEAR
10
1110
20
2953
11
1110
21
2895
0
LINE
8
RUNNING_GEAR
10
1081.455
20
3038.506
11
1176.455
21
3038.506
0
LINE
8
RUNNING_GEAR
10
1176.455
20
3038.506
11
1176.455
21
3096.506
0
LINE
8
RUNNING_GEAR
10
1176.455
20
3096.506
11
1081.455
21
3096.506
0
LINE
8
RUNNING_GEAR
10
1081.455
20
3096.506
11
1081.455
21
3038.506
0
LINE
8
RUNNING_GEAR
10
1000.165
20
3160.165
11
1095.165
21
3160.165
0
LINE
8
RUNNING_GEAR
10
1095.165
20
3160.165
11
1095.165
21
3218.165
0
LINE
8
RUNNING_GEAR
10
1095.165
20
3218.165
11
1000.165
21
3218.165
0
LINE
8
RUNNING_GEAR
10
1000.165
20
3218.165
11
1000.165
21
3160.165
0
LINE
8
RUNNING_GEAR
10
878.506
20
3241.455
11
973.506
21
3241.455
0
LINE
8
RUNNING_GEAR
10
973.506
20
3241.455
11
973.506
21
3299.455
0
LINE
8
RUNNING_GEAR
10
973.506
20
3299.455
11
878.506
21
3299.455
0
LINE
8
RUNNING_GEAR
10
878.506
20
3299.455
11
878.506
21
3241.455
0
LINE
8
RUNNING_GEAR
10
735
20
3270
11
830
21
3270
0
LINE
8
RUNNING_GEAR
10
830
20
3270
11
830
21
3328
0
LINE
8
RUNNING_GEAR
10
830
20
3328
11
735
21
3328
0
LINE
8
RUNNING_GEAR
10
735
20
3328
11
735
21
3270
0
LINE
8
RUNNING_GEAR
10
591.494
20
3241.455
11
686.494
21
3241.455
0
LINE
8
RUNNING_GEAR
10
686.494
20
3241.455
11
686.494
21
3299.455
0
LINE
8
RUNNING_GEAR
10
686.494
20
3299.455
11
591.494
21
3299.455
0
LINE
8
RUNNING_GEAR
10
591.494
20
3299.455
11
591.494
21
3241.455
0
LINE
8
RUNNING_GEAR
10
469.835
20
3160.165
11
564.835
21
3160.165
0
LINE
8
RUNNING_GEAR
10
564.835
20
3160.165
11
564.835
21
3218.165
0
LINE
8
RUNNING_GEAR
10
564.835
20
3218.165
11
469.835
21
3218.165
0
LINE
8
RUNNING_GEAR
10
469.835
20
3218.165
11
469.835
21
3160.165
0
LINE
8
RUNNING_GEAR
10
388.545
20
3038.506
11
483.545
21
3038.506
0
LINE
8
RUNNING_GEAR
10
483.545
20
3038.506
11
483.545
21
3096.506
0
LINE
8
RUNNING_GEAR
10
483.545
20
3096.506
11
388.545
21
3096.506
0
LINE
8
RUNNING_GEAR
10
388.545
20
3096.506
11
388.545
21
3038.506
0
LINE
8
RUNNING_GEAR
10
360
20
2895
11
455
21
2895
0
LINE
8
RUNNING_GEAR
10
455
20
2895
11
455
21
2953
0
LINE
8
RUNNING_GEAR
10
455
20
2953
11
360
21
2953
0
LINE
8
RUNNING_GEAR
10
360
20
2953
11
360
21
2895
0
LINE
8
RUNNING_GEAR
10
388.545
20
2751.494
11
483.545
21
2751.494
0
LINE
8
RUNNING_GEAR
10
483.545
20
2751.494
11
483.545
21
2809.494
0
LINE
8
RUNNING_GEAR
10
483.545
20
2809.494
11
388.545
21
2809.494
0
LINE
8
RUNNING_GEAR
10
388.545
20
2809.494
11
388.545
21
2751.494
0
LINE
8
RUNNING_GEAR
10
469.835
20
2629.835
11
564.835
21
2629.835
0
LINE
8
RUNNING_GEAR
10
564.835
20
2629.835
11
564.835
21
2687.835
0
LINE
8
RUNNING_GEAR
10
564.835
20
2687.835
11
469.835
21
2687.835
0
LINE
8
RUNNING_GEAR
10
469.835
20
2687.835
11
469.835
21
2629.835
0
LINE
8
RUNNING_GEAR
10
591.494
20
2548.545
11
686.494
21
2548.545
0
LINE
8
RUNNING_GEAR
10
686.494
20
2548.545
11
686.494
21
2606.545
0
LINE
8
RUNNING_GEAR
10
686.494
20
2606.545
11
591.494
21
2606.545
0
LINE
8
RUNNING_GEAR
10
591.494
20
2606.545
11
591.494
21
2548.545
0
LINE
8
RUNNING_GEAR
10
735
20
2520
11
830
21
2520
0
LINE
8
RUNNING_GEAR
10
830
20
2520
11
830
21
2578
0
LINE
8
RUNNING_GEAR
10
830
20
2578
11
735
21
2578
0
LINE
8
RUNNING_GEAR
10
735
20
2578
11
735
21
2520
0
LINE
8
RUNNING_GEAR
10
878.506
20
2548.545
11
973.506
21
2548.545
0
LINE
8
RUNNING_GEAR
10
973.506
20
2548.545
11
973.506
21
2606.545
0
LINE
8
RUNNING_GEAR
10
973.506
20
2606.545
11
878.506
21
2606.545
0
LINE
8
RUNNING_GEAR
10
878.506
20
2606.545
11
878.506
21
2548.545
0
LINE
8
RUNNING_GEAR
10
1000.165
20
2629.835
11
1095.165
21
2629.835
0
LINE
8
RUNNING_GEAR
10
1095.165
20
2629.835
11
1095.165
21
2687.835
0
LINE
8
RUNNING_GEAR
10
1095.165
20
2687.835
11
1000.165
21
2687.835
0
LINE
8
RUNNING_GEAR
10
1000.165
20
2687.835
11
1000.165
21
2629.835
0
LINE
8
RUNNING_GEAR
10
1081.455
20
2751.494
11
1176.455
21
2751.494
0
LINE
8
RUNNING_GEAR
10
1176.455
20
2751.494
11
1176.455
21
2809.494
0
LINE
8
RUNNING_GEAR
10
1176.455
20
2809.494
11
1081.455
21
2809.494
0
LINE
8
RUNNING_GEAR
10
1081.455
20
2809.494
11
1081.455
21
2751.494
0
LINE
8
RUNNING_GEAR
10
3395
20
2895
11
3490
21
2895
0
LINE
8
RUNNING_GEAR
10
3490
20
2895
11
3490
21
2953
0
LINE
8
RUNNING_GEAR
10
3490
20
2953
11
3395
21
2953
0
LINE
8
RUNNING_GEAR
10
3395
20
2953
11
3395
21
2895
0
LINE
8
RUNNING_GEAR
10
3366.455
20
3038.506
11
3461.455
21
3038.506
0
LINE
8
RUNNING_GEAR
10
3461.455
20
3038.506
11
3461.455
21
3096.506
0
LINE
8
RUNNING_GEAR
10
3461.455
20
3096.506
11
3366.455
21
3096.506
0
LINE
8
RUNNING_GEAR
10
3366.455
20
3096.506
11
3366.455
21
3038.506
0
LINE
8
RUNNING_GEAR
10
3285.165
20
3160.165
11
3380.165
21
3160.165
0
LINE
8
RUNNING_GEAR
10
3380.165
20
3160.165
11
3380.165
21
3218.165
0
LINE
8
RUNNING_GEAR
10
3380.165
20
3218.165
11
3285.165
21
3218.165
0
LINE
8
RUNNING_GEAR
10
3285.165
20
3218.165
11
3285.165
21
3160.165
0
LINE
8
RUNNING_GEAR
10
3163.506
20
3241.455
11
3258.506
21
3241.455
0
LINE
8
RUNNING_GEAR
10
3258.506
20
3241.455
11
3258.506
21
3299.455
0
LINE
8
RUNNING_GEAR
10
3258.506
20
3299.455
11
3163.506
21
3299.455
0
LINE
8
RUNNING_GEAR
10
3163.506
20
3299.455
11
3163.506
21
3241.455
0
LINE
8
RUNNING_GEAR
10
3020
20
3270
11
3115
21
3270
0
LINE
8
RUNNING_GEAR
10
3115
20
3270
11
3115
21
3328
0
LINE
8
RUNNING_GEAR
10
3115
20
3328
11
3020
21
3328
0
LINE
8
RUNNING_GEAR
10
3020
20
3328
11
3020
21
3270
0
LINE
8
RUNNING_GEAR
10
2876.494
20
3241.455
11
2971.494
21
3241.455
0
LINE
8
RUNNING_GEAR
10
2971.494
20
3241.455
11
2971.494
21
3299.455
0
LINE
8
RUNNING_GEAR
10
2971.494
20
3299.455
11
2876.494
21
3299.455
0
LINE
8
RUNNING_GEAR
10
2876.494
20
3299.455
11
2876.494
21
3241.455
0
LINE
8
RUNNING_GEAR
10
2754.835
20
3160.165
11
2849.835
21
3160.165
0
LINE
8
RUNNING_GEAR
10
2849.835
20
3160.165
11
2849.835
21
3218.165
0
LINE
8
RUNNING_GEAR
10
2849.835
20
3218.165
11
2754.835
21
3218.165
0
LINE
8
RUNNING_GEAR
10
2754.835
20
3218.165
11
2754.835
21
3160.165
0
LINE
8
RUNNING_GEAR
10
2673.545
20
3038.506
11
2768.545
21
3038.506
0
LINE
8
RUNNING_GEAR
10
2768.545
20
3038.506
11
2768.545
21
3096.506
0
LINE
8
RUNNING_GEAR
10
2768.545
20
3096.506
11
2673.545
21
3096.506
0
LINE
8
RUNNING_GEAR
10
2673.545
20
3096.506
11
2673.545
21
3038.506
0
LINE
8
RUNNING_GEAR
10
2645
20
2895
11
2740
21
2895
0
LINE
8
RUNNING_GEAR
10
2740
20
2895
11
2740
21
2953
0
LINE
8
RUNNING_GEAR
10
2740
20
2953
11
2645
21
2953
0
LINE
8
RUNNING_GEAR
10
2645
20
2953
11
2645
21
2895
0
LINE
8
RUNNING_GEAR
10
2673.545
20
2751.494
11
2768.545
21
2751.494
0
LINE
8
RUNNING_GEAR
10
2768.545
20
2751.494
11
2768.545
21
2809.494
0
LINE
8
RUNNING_GEAR
10
2768.545
20
2809.494
11
2673.545
21
2809.494
0
LINE
8
RUNNING_GEAR
10
2673.545
20
2809.494
11
2673.545
21
2751.494
0
LINE
8
RUNNING_GEAR
10
2754.835
20
2629.835
11
2849.835
21
2629.835
0
LINE
8
RUNNING_GEAR
10
2849.835
20
2629.835
11
2849.835
21
2687.835
0
LINE
8
RUNNING_GEAR
10
2849.835
20
2687.835
11
2754.835
21
2687.835
0
LINE
8
RUNNING_GEAR
10
2754.835
20
2687.835
11
2754.835
21
2629.835
0
LINE
8
RUNNING_GEAR
10
2876.494
20
2548.545
11
2971.494
21
2548.545
0
LINE
8
RUNNING_GEAR
10
2971.494
20
2548.545
11
2971.494
21
2606.545
0
LINE
8
RUNNING_GEAR
10
2971.494
20
2606.545
11
2876.494
21
2606.545
0
LINE
8
RUNNING_GEAR
10
2876.494
20
2606.545
11
2876.494
21
2548.545
0
LINE
8
RUNNING_GEAR
10
3020
20
2520
11
3115
21
2520
0
LINE
8
RUNNING_GEAR
10
3115
20
2520
11
3115
21
2578
0
LINE
8
RUNNING_GEAR
10
3115
20
2578
11
3020
21
2578
0
LINE
8
RUNNING_GEAR
10
3020
20
2578
11
3020
21
2520
0
LINE
8
RUNNING_GEAR
10
3163.506
20
2548.545
11
3258.506
21
2548.545
0
LINE
8
RUNNING_GEAR
10
3258.506
20
2548.545
11
3258.506
21
2606.545
0
LINE
8
RUNNING_GEAR
10
3258.506
20
2606.545
11
3163.506
21
2606.545
0
LINE
8
RUNNING_GEAR
10
3163.506
20
2606.545
11
3163.506
21
2548.545
0
LINE
8
RUNNING_GEAR
10
3285.165
20
2629.835
11
3380.165
21
2629.835
0
LINE
8
RUNNING_GEAR
10
3380.165
20
2629.835
11
3380.165
21
2687.835
0
LINE
8
RUNNING_GEAR
10
3380.165
20
2687.835
11
3285.165
21
2687.835
0
LINE
8
RUNNING_GEAR
10
3285.165
20
2687.835
11
3285.165
21
2629.835
0
LINE
8
RUNNING_GEAR
10
3366.455
20
2751.494
11
3461.455
21
2751.494
0
LINE
8
RUNNING_GEAR
10
3461.455
20
2751.494
11
3461.455
21
2809.494
0
LINE
8
RUNNING_GEAR
10
3461.455
20
2809.494
11
3366.455
21
2809.494
0
LINE
8
RUNNING_GEAR
10
3366.455
20
2809.494
11
3366.455
21
2751.494
0
LINE
8
RUNNING_GEAR
10
3395
20
2895
11
3490
21
2895
0
LINE
8
RUNNING_GEAR
10
3490
20
2895
11
3490
21
2953
0
LINE
8
RUNNING_GEAR
10
3490
20
2953
11
3395
21
2953
0
LINE
8
RUNNING_GEAR
10
3395
20
2953
11
3395
21
2895
0
LINE
8
RUNNING_GEAR
10
3366.455
20
3038.506
11
3461.455
21
3038.506
0
LINE
8
RUNNING_GEAR
10
3461.455
20
3038.506
11
3461.455
21
3096.506
0
LINE
8
RUNNING_GEAR
10
3461.455
20
3096.506
11
3366.455
21
3096.506
0
LINE
8
RUNNING_GEAR
10
3366.455
20
3096.506
11
3366.455
21
3038.506
0
LINE
8
RUNNING_GEAR
10
3285.165
20
3160.165
11
3380.165
21
3160.165
0
LINE
8
RUNNING_GEAR
10
3380.165
20
3160.165
11
3380.165
21
3218.165
0
LINE
8
RUNNING_GEAR
10
3380.165
20
3218.165
11
3285.165
21
3218.165
0
LINE
8
RUNNING_GEAR
10
3285.165
20
3218.165
11
3285.165
21
3160.165
0
LINE
8
RUNNING_GEAR
10
3163.506
20
3241.455
11
3258.506
21
3241.455
0
LINE
8
RUNNING_GEAR
10
3258.506
20
3241.455
11
3258.506
21
3299.455
0
LINE
8
RUNNING_GEAR
10
3258.506
20
3299.455
11
3163.506
21
3299.455
0
LINE
8
RUNNING_GEAR
10
3163.506
20
3299.455
11
3163.506
21
3241.455
0
LINE
8
RUNNING_GEAR
10
3020
20
3270
11
3115
21
3270
0
LINE
8
RUNNING_GEAR
10
3115
20
3270
11
3115
21
3328
0
LINE
8
RUNNING_GEAR
10
3115
20
3328
11
3020
21
3328
0
LINE
8
RUNNING_GEAR
10
3020
20
3328
11
3020
21
3270
0
LINE
8
RUNNING_GEAR
10
2876.494
20
3241.455
11
2971.494
21
3241.455
0
LINE
8
RUNNING_GEAR
10
2971.494
20
3241.455
11
2971.494
21
3299.455
0
LINE
8
RUNNING_GEAR
10
2971.494
20
3299.455
11
2876.494
21
3299.455
0
LINE
8
RUNNING_GEAR
10
2876.494
20
3299.455
11
2876.494
21
3241.455
0
LINE
8
RUNNING_GEAR
10
2754.835
20
3160.165
11
2849.835
21
3160.165
0
LINE
8
RUNNING_GEAR
10
2849.835
20
3160.165
11
2849.835
21
3218.165
0
LINE
8
RUNNING_GEAR
10
2849.835
20
3218.165
11
2754.835
21
3218.165
0
LINE
8
RUNNING_GEAR
10
2754.835
20
3218.165
11
2754.835
21
3160.165
0
LINE
8
RUNNING_GEAR
10
2673.545
20
3038.506
11
2768.545
21
3038.506
0
LINE
8
RUNNING_GEAR
10
2768.545
20
3038.506
11
2768.545
21
3096.506
0
LINE
8
RUNNING_GEAR
10
2768.545
20
3096.506
11
2673.545
21
3096.506
0
LINE
8
RUNNING_GEAR
10
2673.545
20
3096.506
11
2673.545
21
3038.506
0
LINE
8
RUNNING_GEAR
10
2645
20
2895
11
2740
21
2895
0
LINE
8
RUNNING_GEAR
10
2740
20
2895
11
2740
21
2953
0
LINE
8
RUNNING_GEAR
10
2740
20
2953
11
2645
21
2953
0
LINE
8
RUNNING_GEAR
10
2645
20
2953
11
2645
21
2895
0
LINE
8
RUNNING_GEAR
10
2673.545
20
2751.494
11
2768.545
21
2751.494
0
LINE
8
RUNNING_GEAR
10
2768.545
20
2751.494
11
2768.545
21
2809.494
0
LINE
8
RUNNING_GEAR
10
2768.545
20
2809.494
11
2673.545
21
2809.494
0
LINE
8
RUNNING_GEAR
10
2673.545
20
2809.494
11
2673.545
21
2751.494
0
LINE
8
RUNNING_GEAR
10
2754.835
20
2629.835
11
2849.835
21
2629.835
0
LINE
8
RUNNING_GEAR
10
2849.835
20
2629.835
11
2849.835
21
2687.835
0
LINE
8
RUNNING_GEAR
10
2849.835
20
2687.835
11
2754.835
21
2687.835
0
LINE
8
RUNNING_GEAR
10
2754.835
20
2687.835
11
2754.835
21
2629.835
0
LINE
8
RUNNING_GEAR
10
2876.494
20
2548.545
11
2971.494
21
2548.545
0
LINE
8
RUNNING_GEAR
10
2971.494
20
2548.545
11
2971.494
21
2606.545
0
LINE
8
RUNNING_GEAR
10
2971.494
20
2606.545
11
2876.494
21
2606.545
0
LINE
8
RUNNING_GEAR
10
2876.494
20
2606.545
11
2876.494
21
2548.545
0
LINE
8
RUNNING_GEAR
10
3020
20
2520
11
3115
21
2520
0
LINE
8
RUNNING_GEAR
10
3115
20
2520
11
3115
21
2578
0
LINE
8
RUNNING_GEAR
10
3115
20
2578
11
3020
21
2578
0
LINE
8
RUNNING_GEAR
10
3020
20
2578
11
3020
21
2520
0
LINE
8
RUNNING_GEAR
10
3163.506
20
2548.545
11
3258.506
21
2548.545
0
LINE
8
RUNNING_GEAR
10
3258.506
20
2548.545
11
3258.506
21
2606.545
0
LINE
8
RUNNING_GEAR
10
3258.506
20
2606.545
11
3163.506
21
2606.545
0
LINE
8
RUNNING_GEAR
10
3163.506
20
2606.545
11
3163.506
21
2548.545
0
LINE
8
RUNNING_GEAR
10
3285.165
20
2629.835
11
3380.165
21
2629.835
0
LINE
8
RUNNING_GEAR
10
3380.165
20
2629.835
11
3380.165
21
2687.835
0
LINE
8
RUNNING_GEAR
10
3380.165
20
2687.835
11
3285.165
21
2687.835
0
LINE
8
RUNNING_GEAR
10
3285.165
20
2687.835
11
3285.165
21
2629.835
0
LINE
8
RUNNING_GEAR
10
3366.455
20
2751.494
11
3461.455
21
2751.494
0
LINE
8
RUNNING_GEAR
10
3461.455
20
2751.494
11
3461.455
21
2809.494
0
LINE
8
RUNNING_GEAR
10
3461.455
20
2809.494
11
3366.455
21
2809.494
0
LINE
8
RUNNING_GEAR
10
3366.455
20
2809.494
11
3366.455
21
2751.494
0
LINE
8
RUNNING_GEAR
10
891
20
2890
11
949
21
2890
0
LINE
8
RUNNING_GEAR
10
949
20
2890
11
949
21
3350
0
LINE
8
RUNNING_GEAR
10
949
20
3350
11
891
21
3350
0
LINE
8
RUNNING_GEAR
10
891
20
3350
11
891
21
2890
0
LINE
8
RUNNING_GEAR
10
891
20
2890
11
949
21
2890
0
LINE
8
RUNNING_GEAR
10
949
20
2890
11
949
21
3350
0
LINE
8
RUNNING_GEAR
10
949
20
3350
11
891
21
3350
0
LINE
8
RUNNING_GEAR
10
891
20
3350
11
891
21
2890
0
LINE
8
RUNNING_GEAR
10
625
20
2785
11
845
21
2785
0
LINE
8
RUNNING_GEAR
10
845
20
2785
11
845
21
3005
0
LINE
8
RUNNING_GEAR
10
845
20
3005
11
625
21
3005
0
LINE
8
RUNNING_GEAR
10
625
20
3005
11
625
21
2785
0
LINE
8
RUNNING_GEAR
10
625
20
2785
11
845
21
2785
0
LINE
8
RUNNING_GEAR
10
845
20
2785
11
845
21
3005
0
LINE
8
RUNNING_GEAR
10
845
20
3005
11
625
21
3005
0
LINE
8
RUNNING_GEAR
10
625
20
3005
11
625
21
2785
0
LINE
8
RUNNING_GEAR
10
3176
20
2890
11
3234
21
2890
0
LINE
8
RUNNING_GEAR
10
3234
20
2890
11
3234
21
3350
0
LINE
8
RUNNING_GEAR
10
3234
20
3350
11
3176
21
3350
0
LINE
8
RUNNING_GEAR
10
3176
20
3350
11
3176
21
2890
0
LINE
8
RUNNING_GEAR
10
3176
20
2890
11
3234
21
2890
0
LINE
8
RUNNING_GEAR
10
3234
20
2890
11
3234
21
3350
0
LINE
8
RUNNING_GEAR
10
3234
20
3350
11
3176
21
3350
0
LINE
8
RUNNING_GEAR
10
3176
20
3350
11
3176
21
2890
0
LINE
8
RUNNING_GEAR
10
2910
20
2785
11
3130
21
2785
0
LINE
8
RUNNING_GEAR
10
3130
20
2785
11
3130
21
3005
0
LINE
8
RUNNING_GEAR
10
3130
20
3005
11
2910
21
3005
0
LINE
8
RUNNING_GEAR
10
2910
20
3005
11
2910
21
2785
0
LINE
8
RUNNING_GEAR
10
2910
20
2785
11
3130
21
2785
0
LINE
8
RUNNING_GEAR
10
3130
20
2785
11
3130
21
3005
0
LINE
8
RUNNING_GEAR
10
3130
20
3005
11
2910
21
3005
0
LINE
8
RUNNING_GEAR
10
2910
20
3005
11
2910
21
2785
0
LINE
8
BODY
10
890
20
3115
11
3440
21
3115
0
LINE
8
BODY
10
3440
20
3115
11
3440
21
3170
0
LINE
8
BODY
10
3440
20
3170
11
890
21
3170
0
LINE
8
BODY
10
890
20
3170
11
890
21
3115
0
LINE
8
BODY
10
1000
20
3165
11
3050
21
3165
0
LINE
8
BODY
10
3050
20
3165
11
3050
21
3320
0
LINE
8
BODY
10
3050
20
3320
11
1000
21
3320
0
LINE
8
BODY
10
1000
20
3320
11
1000
21
3165
0
LINE
8
BODY
10
1000
20
3165
11
3050
21
3165
0
LINE
8
BODY
10
3050
20
3165
11
3050
21
3320
0
LINE
8
BODY
10
3050
20
3320
11
1000
21
3320
0
LINE
8
BODY
10
1000
20
3320
11
1000
21
3165
0
LINE
8
BODY
10
2140
20
3225
11
3410
21
3225
0
LINE
8
BODY
10
3410
20
3225
11
3410
21
3835
0
LINE
8
BODY
10
3410
20
3835
11
2140
21
3835
0
LINE
8
BODY
10
2140
20
3835
11
2140
21
3225
0
LINE
8
BODY
10
2140
20
3225
11
3410
21
3225
0
LINE
8
BODY
10
3410
20
3225
11
3410
21
3835
0
LINE
8
BODY
10
3410
20
3835
11
2140
21
3835
0
LINE
8
BODY
10
2140
20
3835
11
2140
21
3225
0
LINE
8
BODY
10
3400
20
3220
11
3470
21
3220
0
LINE
8
BODY
10
3470
20
3220
11
3470
21
3870
0
LINE
8
BODY
10
3470
20
3870
11
3400
21
3870
0
LINE
8
BODY
10
3400
20
3870
11
3400
21
3220
0
LINE
8
BODY
10
1135
20
3190
11
1215
21
3190
0
LINE
8
BODY
10
1215
20
3190
11
1215
21
3970
0
LINE
8
BODY
10
1215
20
3970
11
1135
21
3970
0
LINE
8
BODY
10
1135
20
3970
11
1135
21
3190
0
LINE
8
BODY
10
1085
20
3760
11
1275
21
3760
0
LINE
8
BODY
10
1275
20
3760
11
1275
21
3870
0
LINE
8
BODY
10
1275
20
3870
11
1085
21
3870
0
LINE
8
BODY
10
1085
20
3870
11
1085
21
3760
0
LINE
8
BODY
10
170
20
3290
11
250
21
3290
0
LINE
8
BODY
10
250
20
3290
11
250
21
3810
0
LINE
8
BODY
10
250
20
3810
11
170
21
3810
0
LINE
8
BODY
10
170
20
3810
11
170
21
3290
0
LINE
8
FRONT_DETAIL
10
125
20
3295
11
160
21
3295
0
LINE
8
FRONT_DETAIL
10
160
20
3295
11
160
21
3660
0
LINE
8
FRONT_DETAIL
10
160
20
3660
11
125
21
3660
0
LINE
8
FRONT_DETAIL
10
125
20
3660
11
125
21
3295
0
LINE
8
FRONT_DETAIL
10
105
20
3410
11
135
21
3410
0
LINE
8
FRONT_DETAIL
10
135
20
3410
11
135
21
3565
0
LINE
8
FRONT_DETAIL
10
135
20
3565
11
105
21
3565
0
LINE
8
FRONT_DETAIL
10
105
20
3565
11
105
21
3410
0
LINE
8
FRONT_DETAIL
10
73
20
3372.5
11
111
21
3372.5
0
LINE
8
FRONT_DETAIL
10
111
20
3372.5
11
111
21
3597.5
0
LINE
8
FRONT_DETAIL
10
111
20
3597.5
11
73
21
3597.5
0
LINE
8
FRONT_DETAIL
10
73
20
3597.5
11
73
21
3372.5
0
LINE
8
FRONT_DETAIL
10
73
20
3372.5
11
111
21
3372.5
0
LINE
8
FRONT_DETAIL
10
111
20
3372.5
11
111
21
3597.5
0
LINE
8
FRONT_DETAIL
10
111
20
3597.5
11
73
21
3597.5
0
LINE
8
FRONT_DETAIL
10
73
20
3597.5
11
73
21
3372.5
0
LINE
8
FRONT_DETAIL
10
69
20
3292.5
11
99
21
3292.5
0
LINE
8
FRONT_DETAIL
10
99
20
3292.5
11
99
21
3397.5
0
LINE
8
FRONT_DETAIL
10
99
20
3397.5
11
69
21
3397.5
0
LINE
8
FRONT_DETAIL
10
69
20
3397.5
11
69
21
3292.5
0
LINE
8
FRONT_DETAIL
10
69
20
3292.5
11
99
21
3292.5
0
LINE
8
FRONT_DETAIL
10
99
20
3292.5
11
99
21
3397.5
0
LINE
8
FRONT_DETAIL
10
99
20
3397.5
11
69
21
3397.5
0
LINE
8
FRONT_DETAIL
10
69
20
3397.5
11
69
21
3292.5
0
LINE
8
FRONT_DETAIL
10
7
20
3037.5
11
43
21
3037.5
0
LINE
8
FRONT_DETAIL
10
43
20
3037.5
11
43
21
3202.5
0
LINE
8
FRONT_DETAIL
10
43
20
3202.5
11
7
21
3202.5
0
LINE
8
FRONT_DETAIL
10
7
20
3202.5
11
7
21
3037.5
0
LINE
8
FRONT_DETAIL
10
7
20
3037.5
11
43
21
3037.5
0
LINE
8
FRONT_DETAIL
10
43
20
3037.5
11
43
21
3202.5
0
LINE
8
FRONT_DETAIL
10
43
20
3202.5
11
7
21
3202.5
0
LINE
8
FRONT_DETAIL
10
7
20
3202.5
11
7
21
3037.5
0
LINE
8
BODY
10
230
20
3715
11
1150
21
3715
0
LINE
8
BODY
10
1150
20
3715
11
1150
21
3770
0
LINE
8
BODY
10
1150
20
3770
11
230
21
3770
0
LINE
8
BODY
10
230
20
3770
11
230
21
3715
0
LINE
8
BODY
10
420
20
3920
11
1600
21
3920
0
LINE
8
BODY
10
1600
20
3920
11
1600
21
3955
0
LINE
8
BODY
10
1600
20
3955
11
420
21
3955
0
LINE
8
BODY
10
420
20
3955
11
420
21
3920
0
LINE
8
BODY
10
1016
20
3774
11
1044
21
3774
0
LINE
8
BODY
10
1044
20
3774
11
1044
21
3802
0
LINE
8
BODY
10
1044
20
3802
11
1016
21
3802
0
LINE
8
BODY
10
1016
20
3802
11
1016
21
3774
0
LINE
8
BODY
10
1016
20
3774
11
1044
21
3774
0
LINE
8
BODY
10
1044
20
3774
11
1044
21
3802
0
LINE
8
BODY
10
1044
20
3802
11
1016
21
3802
0
LINE
8
BODY
10
1016
20
3802
11
1016
21
3774
0
LINE
8
BODY
10
270
20
3260
11
1130
21
3260
0
LINE
8
BODY
10
1130
20
3260
11
1130
21
3520
0
LINE
8
BODY
10
1130
20
3520
11
270
21
3520
0
LINE
8
BODY
10
270
20
3520
11
270
21
3260
0
LINE
8
BODY
10
270
20
3260
11
1130
21
3260
0
LINE
8
BODY
10
1130
20
3260
11
1130
21
3520
0
LINE
8
BODY
10
1130
20
3520
11
270
21
3520
0
LINE
8
BODY
10
270
20
3520
11
270
21
3260
0
LINE
8
BODY
10
290
20
3300
11
1090
21
3300
0
LINE
8
BODY
10
1090
20
3300
11
1090
21
3720
0
LINE
8
BODY
10
1090
20
3720
11
290
21
3720
0
LINE
8
BODY
10
290
20
3720
11
290
21
3300
0
LINE
8
BODY
10
290
20
3300
11
1090
21
3300
0
LINE
8
BODY
10
1090
20
3300
11
1090
21
3720
0
LINE
8
BODY
10
1090
20
3720
11
290
21
3720
0
LINE
8
BODY
10
290
20
3720
11
290
21
3300
0
LINE
8
BODY
10
1155
20
3815
11
1235
21
3815
0
LINE
8
BODY
10
1235
20
3815
11
1235
21
4335
0
LINE
8
BODY
10
1235
20
4335
11
1155
21
4335
0
LINE
8
BODY
10
1155
20
4335
11
1155
21
3815
0
LINE
8
BODY
10
1160
20
3880
11
1195
21
3880
0
LINE
8
BODY
10
1195
20
3880
11
1195
21
4290
0
LINE
8
BODY
10
1195
20
4290
11
1160
21
4290
0
LINE
8
BODY
10
1160
20
4290
11
1160
21
3880
0
LINE
8
BODY
10
1098
20
3858
11
1122
21
3858
0
LINE
8
BODY
10
1122
20
3858
11
1122
21
3882
0
LINE
8
BODY
10
1122
20
3882
11
1098
21
3882
0
LINE
8
BODY
10
1098
20
3882
11
1098
21
3858
0
LINE
8
BODY
10
1098
20
3858
11
1122
21
3858
0
LINE
8
BODY
10
1122
20
3858
11
1122
21
3882
0
LINE
8
BODY
10
1122
20
3882
11
1098
21
3882
0
LINE
8
BODY
10
1098
20
3882
11
1098
21
3858
0
LINE
8
HARD_TOP
10
1210
20
4345
11
3500
21
4345
0
LINE
8
HARD_TOP
10
3500
20
4345
11
3500
21
4455
0
LINE
8
HARD_TOP
10
3500
20
4455
11
1210
21
4455
0
LINE
8
HARD_TOP
10
1210
20
4455
11
1210
21
4345
0
LINE
8
HARD_TOP
10
1240
20
3820
11
3440
21
3820
0
LINE
8
HARD_TOP
10
3440
20
3820
11
3440
21
4410
0
LINE
8
HARD_TOP
10
3440
20
4410
11
1240
21
4410
0
LINE
8
HARD_TOP
10
1240
20
4410
11
1240
21
3820
0
LINE
8
HARD_TOP
10
1240
20
3820
11
3440
21
3820
0
LINE
8
HARD_TOP
10
3440
20
3820
11
3440
21
4410
0
LINE
8
HARD_TOP
10
3440
20
4410
11
1240
21
4410
0
LINE
8
HARD_TOP
10
1240
20
4410
11
1240
21
3820
0
LINE
8
HARD_TOP
10
1420
20
3935
11
1920
21
3935
0
LINE
8
HARD_TOP
10
1920
20
3935
11
1920
21
4255
0
LINE
8
HARD_TOP
10
1920
20
4255
11
1420
21
4255
0
LINE
8
HARD_TOP
10
1420
20
4255
11
1420
21
3935
0
LINE
8
HARD_TOP
10
2190
20
3935
11
2800
21
3935
0
LINE
8
HARD_TOP
10
2800
20
3935
11
2800
21
4255
0
LINE
8
HARD_TOP
10
2800
20
4255
11
2190
21
4255
0
LINE
8
HARD_TOP
10
2190
20
4255
11
2190
21
3935
0
LINE
8
HARD_TOP
10
1420
20
3935
11
1920
21
3935
0
LINE
8
HARD_TOP
10
1920
20
3935
11
1920
21
4255
0
LINE
8
HARD_TOP
10
1920
20
4255
11
1420
21
4255
0
LINE
8
HARD_TOP
10
1420
20
4255
11
1420
21
3935
0
LINE
8
HARD_TOP
10
2190
20
3935
11
2800
21
3935
0
LINE
8
HARD_TOP
10
2800
20
3935
11
2800
21
4255
0
LINE
8
HARD_TOP
10
2800
20
4255
11
2190
21
4255
0
LINE
8
HARD_TOP
10
2190
20
4255
11
2190
21
3935
0
LINE
8
HARD_TOP
10
3440
20
3820
11
3495
21
3820
0
LINE
8
HARD_TOP
10
3495
20
3820
11
3495
21
4410
0
LINE
8
HARD_TOP
10
3495
20
4410
11
3440
21
4410
0
LINE
8
HARD_TOP
10
3440
20
4410
11
3440
21
3820
0
LINE
8
HARD_TOP
10
1160
20
4310
11
1230
21
4310
0
LINE
8
HARD_TOP
10
1230
20
4310
11
1230
21
4356
0
LINE
8
HARD_TOP
10
1230
20
4356
11
1160
21
4356
0
LINE
8
HARD_TOP
10
1160
20
4356
11
1160
21
4310
0
LINE
8
HARD_TOP
10
2250
20
4315
11
4450
21
4315
0
LINE
8
HARD_TOP
10
4450
20
4315
11
4450
21
4357
0
LINE
8
HARD_TOP
10
4450
20
4357
11
2250
21
4357
0
LINE
8
HARD_TOP
10
2250
20
4357
11
2250
21
4315
0
LINE
8
HARD_TOP
10
2250
20
4315
11
4450
21
4315
0
LINE
8
HARD_TOP
10
4450
20
4315
11
4450
21
4357
0
LINE
8
HARD_TOP
10
4450
20
4357
11
2250
21
4357
0
LINE
8
HARD_TOP
10
2250
20
4357
11
2250
21
4315
0
LINE
8
BODY
10
1180
20
3260
11
1980
21
3260
0
LINE
8
BODY
10
1980
20
3260
11
1980
21
4110
0
LINE
8
BODY
10
1980
20
4110
11
1180
21
4110
0
LINE
8
BODY
10
1180
20
4110
11
1180
21
3260
0
LINE
8
BODY
10
1180
20
3260
11
1980
21
3260
0
LINE
8
BODY
10
1980
20
3260
11
1980
21
4110
0
LINE
8
BODY
10
1980
20
4110
11
1180
21
4110
0
LINE
8
BODY
10
1180
20
4110
11
1180
21
3260
0
LINE
8
BODY
10
1280
20
3710
11
1800
21
3710
0
LINE
8
BODY
10
1800
20
3710
11
1800
21
4055
0
LINE
8
BODY
10
1800
20
4055
11
1280
21
4055
0
LINE
8
BODY
10
1280
20
4055
11
1280
21
3710
0
LINE
8
BODY
10
1280
20
3710
11
1800
21
3710
0
LINE
8
BODY
10
1800
20
3710
11
1800
21
4055
0
LINE
8
BODY
10
1800
20
4055
11
1280
21
4055
0
LINE
8
BODY
10
1280
20
4055
11
1280
21
3710
0
LINE
8
BODY
10
1116
20
3607.5
11
1154
21
3607.5
0
LINE
8
BODY
10
1154
20
3607.5
11
1154
21
3752.5
0
LINE
8
BODY
10
1154
20
3752.5
11
1116
21
3752.5
0
LINE
8
BODY
10
1116
20
3752.5
11
1116
21
3607.5
0
LINE
8
BODY
10
1116
20
3277.5
11
1154
21
3277.5
0
LINE
8
BODY
10
1154
20
3277.5
11
1154
21
3422.5
0
LINE
8
BODY
10
1154
20
3422.5
11
1116
21
3422.5
0
LINE
8
BODY
10
1116
20
3422.5
11
1116
21
3277.5
0
LINE
8
BODY
10
1116
20
3607.5
11
1154
21
3607.5
0
LINE
8
BODY
10
1154
20
3607.5
11
1154
21
3752.5
0
LINE
8
BODY
10
1154
20
3752.5
11
1116
21
3752.5
0
LINE
8
BODY
10
1116
20
3752.5
11
1116
21
3607.5
0
LINE
8
BODY
10
1116
20
3277.5
11
1154
21
3277.5
0
LINE
8
BODY
10
1154
20
3277.5
11
1154
21
3422.5
0
LINE
8
BODY
10
1154
20
3422.5
11
1116
21
3422.5
0
LINE
8
BODY
10
1116
20
3422.5
11
1116
21
3277.5
0
LINE
8
BODY
10
1575
20
3545
11
1735
21
3545
0
LINE
8
BODY
10
1735
20
3545
11
1735
21
3585
0
LINE
8
BODY
10
1735
20
3585
11
1575
21
3585
0
LINE
8
BODY
10
1575
20
3585
11
1575
21
3545
0
LINE
8
BODY
10
1575
20
3545
11
1735
21
3545
0
LINE
8
BODY
10
1735
20
3545
11
1735
21
3585
0
LINE
8
BODY
10
1735
20
3585
11
1575
21
3585
0
LINE
8
BODY
10
1575
20
3585
11
1575
21
3545
0
LINE
8
ENGINE_BAY
10
460
20
3220
11
980
21
3220
0
LINE
8
ENGINE_BAY
10
980
20
3220
11
980
21
3650
0
LINE
8
ENGINE_BAY
10
980
20
3650
11
460
21
3650
0
LINE
8
ENGINE_BAY
10
460
20
3650
11
460
21
3220
0
LINE
8
ENGINE_BAY
10
510
20
3580
11
970
21
3580
0
LINE
8
ENGINE_BAY
10
970
20
3580
11
970
21
3650
0
LINE
8
ENGINE_BAY
10
970
20
3650
11
510
21
3650
0
LINE
8
ENGINE_BAY
10
510
20
3650
11
510
21
3580
0
LINE
8
ENGINE_BAY
10
235
20
3320
11
310
21
3320
0
LINE
8
ENGINE_BAY
10
310
20
3320
11
310
21
3840
0
LINE
8
ENGINE_BAY
10
310
20
3840
11
235
21
3840
0
LINE
8
ENGINE_BAY
10
235
20
3840
11
235
21
3320
0
LINE
8
ENGINE_BAY
10
760
20
3620
11
970
21
3620
0
LINE
8
ENGINE_BAY
10
970
20
3620
11
970
21
3770
0
LINE
8
ENGINE_BAY
10
970
20
3770
11
760
21
3770
0
LINE
8
ENGINE_BAY
10
760
20
3770
11
760
21
3620
0
LINE
8
ENGINE_BAY
10
600
20
3260
11
930
21
3260
0
LINE
8
ENGINE_BAY
10
930
20
3260
11
930
21
3480
0
LINE
8
ENGINE_BAY
10
930
20
3480
11
600
21
3480
0
LINE
8
ENGINE_BAY
10
600
20
3480
11
600
21
3260
0
LINE
8
ENGINE_BAY
10
447
20
3570
11
493
21
3570
0
LINE
8
ENGINE_BAY
10
493
20
3570
11
493
21
3750
0
LINE
8
ENGINE_BAY
10
493
20
3750
11
447
21
3750
0
LINE
8
ENGINE_BAY
10
447
20
3750
11
447
21
3570
0
LINE
8
ENGINE_BAY
10
447
20
3570
11
493
21
3570
0
LINE
8
ENGINE_BAY
10
493
20
3570
11
493
21
3750
0
LINE
8
ENGINE_BAY
10
493
20
3750
11
447
21
3750
0
LINE
8
ENGINE_BAY
10
447
20
3750
11
447
21
3570
0
LINE
8
ENGINE_BAY
10
447
20
3570
11
493
21
3570
0
LINE
8
ENGINE_BAY
10
493
20
3570
11
493
21
3750
0
LINE
8
ENGINE_BAY
10
493
20
3750
11
447
21
3750
0
LINE
8
ENGINE_BAY
10
447
20
3750
11
447
21
3570
0
LINE
8
ENGINE_BAY
10
447
20
3570
11
493
21
3570
0
LINE
8
ENGINE_BAY
10
493
20
3570
11
493
21
3750
0
LINE
8
ENGINE_BAY
10
493
20
3750
11
447
21
3750
0
LINE
8
ENGINE_BAY
10
447
20
3750
11
447
21
3570
0
LINE
8
ENGINE_BAY
10
447
20
3570
11
493
21
3570
0
LINE
8
ENGINE_BAY
10
493
20
3570
11
493
21
3750
0
LINE
8
ENGINE_BAY
10
493
20
3750
11
447
21
3750
0
LINE
8
ENGINE_BAY
10
447
20
3750
11
447
21
3570
0
LINE
8
ENGINE_BAY
10
447
20
3570
11
493
21
3570
0
LINE
8
ENGINE_BAY
10
493
20
3570
11
493
21
3750
0
LINE
8
ENGINE_BAY
10
493
20
3750
11
447
21
3750
0
LINE
8
ENGINE_BAY
10
447
20
3750
11
447
21
3570
0
LINE
8
ENGINE_BAY
10
115
20
3574
11
545
21
3574
0
LINE
8
ENGINE_BAY
10
545
20
3574
11
545
21
3646
0
LINE
8
ENGINE_BAY
10
545
20
3646
11
115
21
3646
0
LINE
8
ENGINE_BAY
10
115
20
3646
11
115
21
3574
0
LINE
8
ENGINE_BAY
10
574
20
3115
11
656
21
3115
0
LINE
8
ENGINE_BAY
10
656
20
3115
11
656
21
3575
0
LINE
8
ENGINE_BAY
10
656
20
3575
11
574
21
3575
0
LINE
8
ENGINE_BAY
10
574
20
3575
11
574
21
3115
0
LINE
8
INTERIOR
10
1235
20
3580
11
1355
21
3580
0
LINE
8
INTERIOR
10
1355
20
3580
11
1355
21
3800
0
LINE
8
INTERIOR
10
1355
20
3800
11
1235
21
3800
0
LINE
8
INTERIOR
10
1235
20
3800
11
1235
21
3580
0
LINE
8
INTERIOR
10
1135
20
3435
11
1725
21
3435
0
LINE
8
INTERIOR
10
1725
20
3435
11
1725
21
3495
0
LINE
8
INTERIOR
10
1725
20
3495
11
1135
21
3495
0
LINE
8
INTERIOR
10
1135
20
3495
11
1135
21
3435
0
LINE
8
INTERIOR
10
1224
20
3520
11
1256
21
3520
0
LINE
8
INTERIOR
10
1256
20
3520
11
1256
21
3900
0
LINE
8
INTERIOR
10
1256
20
3900
11
1224
21
3900
0
LINE
8
INTERIOR
10
1224
20
3900
11
1224
21
3520
0
LINE
8
INTERIOR
10
1202.5
20
3642.5
11
1257.5
21
3642.5
0
LINE
8
INTERIOR
10
1257.5
20
3642.5
11
1257.5
21
3777.5
0
LINE
8
INTERIOR
10
1257.5
20
3777.5
11
1202.5
21
3777.5
0
LINE
8
INTERIOR
10
1202.5
20
3777.5
11
1202.5
21
3642.5
0
LINE
8
INTERIOR
10
1210
20
3639
11
1234
21
3639
0
LINE
8
INTERIOR
10
1234
20
3639
11
1234
21
3711
0
LINE
8
INTERIOR
10
1234
20
3711
11
1210
21
3711
0
LINE
8
INTERIOR
10
1210
20
3711
11
1210
21
3639
0
LINE
8
INTERIOR
10
1210
20
3639
11
1234
21
3639
0
LINE
8
INTERIOR
10
1234
20
3639
11
1234
21
3711
0
LINE
8
INTERIOR
10
1234
20
3711
11
1210
21
3711
0
LINE
8
INTERIOR
10
1210
20
3711
11
1210
21
3639
0
LINE
8
INTERIOR
10
1210
20
3639
11
1234
21
3639
0
LINE
8
INTERIOR
10
1234
20
3639
11
1234
21
3711
0
LINE
8
INTERIOR
10
1234
20
3711
11
1210
21
3711
0
LINE
8
INTERIOR
10
1210
20
3711
11
1210
21
3639
0
LINE
8
INTERIOR
10
1210
20
3639
11
1234
21
3639
0
LINE
8
INTERIOR
10
1234
20
3639
11
1234
21
3711
0
LINE
8
INTERIOR
10
1234
20
3711
11
1210
21
3711
0
LINE
8
INTERIOR
10
1210
20
3711
11
1210
21
3639
0
LINE
8
INTERIOR
10
1562
20
3177.5
11
1598
21
3177.5
0
LINE
8
INTERIOR
10
1598
20
3177.5
11
1598
21
3462.5
0
LINE
8
INTERIOR
10
1598
20
3462.5
11
1562
21
3462.5
0
LINE
8
INTERIOR
10
1562
20
3462.5
11
1562
21
3177.5
0
LINE
8
INTERIOR
10
1481
20
3155
11
1519
21
3155
0
LINE
8
INTERIOR
10
1519
20
3155
11
1519
21
3485
0
LINE
8
INTERIOR
10
1519
20
3485
11
1481
21
3485
0
LINE
8
INTERIOR
10
1481
20
3485
11
1481
21
3155
0
LINE
8
INTERIOR
10
1660
20
3200
11
2080
21
3200
0
LINE
8
INTERIOR
10
2080
20
3200
11
2080
21
3330
0
LINE
8
INTERIOR
10
2080
20
3330
11
1660
21
3330
0
LINE
8
INTERIOR
10
1660
20
3330
11
1660
21
3200
0
LINE
8
INTERIOR
10
1850
20
3320
11
1945
21
3320
0
LINE
8
INTERIOR
10
1945
20
3320
11
1945
21
3940
0
LINE
8
INTERIOR
10
1945
20
3940
11
1850
21
3940
0
LINE
8
INTERIOR
10
1850
20
3940
11
1850
21
3320
0
LINE
8
INTERIOR
10
1830
20
3860
11
1980
21
3860
0
LINE
8
INTERIOR
10
1980
20
3860
11
1980
21
4010
0
LINE
8
INTERIOR
10
1980
20
4010
11
1830
21
4010
0
LINE
8
INTERIOR
10
1830
20
4010
11
1830
21
3860
0
LINE
8
INTERIOR
10
1660
20
3200
11
2080
21
3200
0
LINE
8
INTERIOR
10
2080
20
3200
11
2080
21
3330
0
LINE
8
INTERIOR
10
2080
20
3330
11
1660
21
3330
0
LINE
8
INTERIOR
10
1660
20
3330
11
1660
21
3200
0
LINE
8
INTERIOR
10
1850
20
3320
11
1945
21
3320
0
LINE
8
INTERIOR
10
1945
20
3320
11
1945
21
3940
0
LINE
8
INTERIOR
10
1945
20
3940
11
1850
21
3940
0
LINE
8
INTERIOR
10
1850
20
3940
11
1850
21
3320
0
LINE
8
INTERIOR
10
1830
20
3860
11
1980
21
3860
0
LINE
8
INTERIOR
10
1980
20
3860
11
1980
21
4010
0
LINE
8
INTERIOR
10
1980
20
4010
11
1830
21
4010
0
LINE
8
INTERIOR
10
1830
20
4010
11
1830
21
3860
0
LINE
8
INTERIOR
10
2510
20
3220
11
3120
21
3220
0
LINE
8
INTERIOR
10
3120
20
3220
11
3120
21
3355
0
LINE
8
INTERIOR
10
3120
20
3355
11
2510
21
3355
0
LINE
8
INTERIOR
10
2510
20
3355
11
2510
21
3220
0
LINE
8
INTERIOR
10
2920
20
3340
11
3025
21
3340
0
LINE
8
INTERIOR
10
3025
20
3340
11
3025
21
3900
0
LINE
8
INTERIOR
10
3025
20
3900
11
2920
21
3900
0
LINE
8
INTERIOR
10
2920
20
3900
11
2920
21
3340
0
LINE
8
INTERIOR
10
2905
20
3820
11
3045
21
3820
0
LINE
8
INTERIOR
10
3045
20
3820
11
3045
21
3960
0
LINE
8
INTERIOR
10
3045
20
3960
11
2905
21
3960
0
LINE
8
INTERIOR
10
2905
20
3960
11
2905
21
3820
0
LINE
8
INTERIOR
10
2905
20
3820
11
3045
21
3820
0
LINE
8
INTERIOR
10
3045
20
3820
11
3045
21
3960
0
LINE
8
INTERIOR
10
3045
20
3960
11
2905
21
3960
0
LINE
8
INTERIOR
10
2905
20
3960
11
2905
21
3820
0
LINE
8
CHASSIS
10
120
20
3055
11
620
21
3055
0
LINE
8
CHASSIS
10
620
20
3055
11
620
21
3079
0
LINE
8
CHASSIS
10
620
20
3079
11
120
21
3079
0
LINE
8
CHASSIS
10
120
20
3079
11
120
21
3055
0
LINE
8
CHASSIS
10
120
20
2940
11
620
21
2940
0
LINE
8
CHASSIS
10
620
20
2940
11
620
21
3090
0
LINE
8
CHASSIS
10
620
20
3090
11
120
21
3090
0
LINE
8
CHASSIS
10
120
20
3090
11
120
21
2940
0
LINE
8
CHASSIS
10
3230
20
3055
11
3650
21
3055
0
LINE
8
CHASSIS
10
3650
20
3055
11
3650
21
3079
0
LINE
8
CHASSIS
10
3650
20
3079
11
3230
21
3079
0
LINE
8
CHASSIS
10
3230
20
3079
11
3230
21
3055
0
LINE
8
CHASSIS
10
3230
20
2940
11
3650
21
2940
0
LINE
8
CHASSIS
10
3650
20
2940
11
3650
21
3085
0
LINE
8
CHASSIS
10
3650
20
3085
11
3230
21
3085
0
LINE
8
CHASSIS
10
3230
20
3085
11
3230
21
2940
0
LINE
8
CHASSIS
10
740
20
3025
11
1020
21
3025
0
LINE
8
CHASSIS
10
1020
20
3025
11
1020
21
3080
0
LINE
8
CHASSIS
10
1020
20
3080
11
740
21
3080
0
LINE
8
CHASSIS
10
740
20
3080
11
740
21
3025
0
LINE
8
CHASSIS
10
906
20
3089
11
1024
21
3089
0
LINE
8
CHASSIS
10
1024
20
3089
11
1024
21
3131
0
LINE
8
CHASSIS
10
1024
20
3131
11
906
21
3131
0
LINE
8
CHASSIS
10
906
20
3131
11
906
21
3089
0
LINE
8
CHASSIS
10
950
20
3097
11
980
21
3097
0
LINE
8
CHASSIS
10
980
20
3097
11
980
21
3167
0
LINE
8
CHASSIS
10
980
20
3167
11
950
21
3167
0
LINE
8
CHASSIS
10
950
20
3167
11
950
21
3097
0
LINE
8
CHASSIS
10
1135
20
3025
11
1415
21
3025
0
LINE
8
CHASSIS
10
1415
20
3025
11
1415
21
3080
0
LINE
8
CHASSIS
10
1415
20
3080
11
1135
21
3080
0
LINE
8
CHASSIS
10
1135
20
3080
11
1135
21
3025
0
LINE
8
CHASSIS
10
1301
20
3089
11
1419
21
3089
0
LINE
8
CHASSIS
10
1419
20
3089
11
1419
21
3131
0
LINE
8
CHASSIS
10
1419
20
3131
11
1301
21
3131
0
LINE
8
CHASSIS
10
1301
20
3131
11
1301
21
3089
0
LINE
8
CHASSIS
10
1345
20
3097
11
1375
21
3097
0
LINE
8
CHASSIS
10
1375
20
3097
11
1375
21
3167
0
LINE
8
CHASSIS
10
1375
20
3167
11
1345
21
3167
0
LINE
8
CHASSIS
10
1345
20
3167
11
1345
21
3097
0
LINE
8
CHASSIS
10
1610
20
3025
11
1890
21
3025
0
LINE
8
CHASSIS
10
1890
20
3025
11
1890
21
3080
0
LINE
8
CHASSIS
10
1890
20
3080
11
1610
21
3080
0
LINE
8
CHASSIS
10
1610
20
3080
11
1610
21
3025
0
LINE
8
CHASSIS
10
1776
20
3089
11
1894
21
3089
0
LINE
8
CHASSIS
10
1894
20
3089
11
1894
21
3131
0
LINE
8
CHASSIS
10
1894
20
3131
11
1776
21
3131
0
LINE
8
CHASSIS
10
1776
20
3131
11
1776
21
3089
0
LINE
8
CHASSIS
10
1820
20
3097
11
1850
21
3097
0
LINE
8
CHASSIS
10
1850
20
3097
11
1850
21
3167
0
LINE
8
CHASSIS
10
1850
20
3167
11
1820
21
3167
0
LINE
8
CHASSIS
10
1820
20
3167
11
1820
21
3097
0
LINE
8
CHASSIS
10
2250
20
3025
11
2530
21
3025
0
LINE
8
CHASSIS
10
2530
20
3025
11
2530
21
3080
0
LINE
8
CHASSIS
10
2530
20
3080
11
2250
21
3080
0
LINE
8
CHASSIS
10
2250
20
3080
11
2250
21
3025
0
LINE
8
CHASSIS
10
2416
20
3089
11
2534
21
3089
0
LINE
8
CHASSIS
10
2534
20
3089
11
2534
21
3131
0
LINE
8
CHASSIS
10
2534
20
3131
11
2416
21
3131
0
LINE
8
CHASSIS
10
2416
20
3131
11
2416
21
3089
0
LINE
8
CHASSIS
10
2460
20
3097
11
2490
21
3097
0
LINE
8
CHASSIS
10
2490
20
3097
11
2490
21
3167
0
LINE
8
CHASSIS
10
2490
20
3167
11
2460
21
3167
0
LINE
8
CHASSIS
10
2460
20
3167
11
2460
21
3097
0
LINE
8
CHASSIS
10
2920
20
3025
11
3200
21
3025
0
LINE
8
CHASSIS
10
3200
20
3025
11
3200
21
3080
0
LINE
8
CHASSIS
10
3200
20
3080
11
2920
21
3080
0
LINE
8
CHASSIS
10
2920
20
3080
11
2920
21
3025
0
LINE
8
CHASSIS
10
3086
20
3089
11
3204
21
3089
0
LINE
8
CHASSIS
10
3204
20
3089
11
3204
21
3131
0
LINE
8
CHASSIS
10
3204
20
3131
11
3086
21
3131
0
LINE
8
CHASSIS
10
3086
20
3131
11
3086
21
3089
0
LINE
8
CHASSIS
10
3130
20
3097
11
3160
21
3097
0
LINE
8
CHASSIS
10
3160
20
3097
11
3160
21
3167
0
LINE
8
CHASSIS
10
3160
20
3167
11
3130
21
3167
0
LINE
8
CHASSIS
10
3130
20
3167
11
3130
21
3097
0
LINE
8
CHASSIS
10
210
20
2860
11
315
21
2860
0
LINE
8
CHASSIS
10
315
20
2860
11
315
21
3040
0
LINE
8
CHASSIS
10
315
20
3040
11
210
21
3040
0
LINE
8
CHASSIS
10
210
20
3040
11
210
21
2860
0
LINE
8
CHASSIS
10
210
20
2860
11
315
21
2860
0
LINE
8
CHASSIS
10
315
20
2860
11
315
21
3040
0
LINE
8
CHASSIS
10
315
20
3040
11
210
21
3040
0
LINE
8
CHASSIS
10
210
20
3040
11
210
21
2860
0
LINE
8
CHASSIS
10
241
20
2909
11
283
21
2909
0
LINE
8
CHASSIS
10
283
20
2909
11
283
21
2951
0
LINE
8
CHASSIS
10
283
20
2951
11
241
21
2951
0
LINE
8
CHASSIS
10
241
20
2951
11
241
21
2909
0
LINE
8
CHASSIS
10
1280
20
2860
11
1385
21
2860
0
LINE
8
CHASSIS
10
1385
20
2860
11
1385
21
3040
0
LINE
8
CHASSIS
10
1385
20
3040
11
1280
21
3040
0
LINE
8
CHASSIS
10
1280
20
3040
11
1280
21
2860
0
LINE
8
CHASSIS
10
1280
20
2860
11
1385
21
2860
0
LINE
8
CHASSIS
10
1385
20
2860
11
1385
21
3040
0
LINE
8
CHASSIS
10
1385
20
3040
11
1280
21
3040
0
LINE
8
CHASSIS
10
1280
20
3040
11
1280
21
2860
0
LINE
8
CHASSIS
10
1311
20
2909
11
1353
21
2909
0
LINE
8
CHASSIS
10
1353
20
2909
11
1353
21
2951
0
LINE
8
CHASSIS
10
1353
20
2951
11
1311
21
2951
0
LINE
8
CHASSIS
10
1311
20
2951
11
1311
21
2909
0
LINE
8
CHASSIS
10
2495
20
2860
11
2600
21
2860
0
LINE
8
CHASSIS
10
2600
20
2860
11
2600
21
3040
0
LINE
8
CHASSIS
10
2600
20
3040
11
2495
21
3040
0
LINE
8
CHASSIS
10
2495
20
3040
11
2495
21
2860
0
LINE
8
CHASSIS
10
2495
20
2860
11
2600
21
2860
0
LINE
8
CHASSIS
10
2600
20
2860
11
2600
21
3040
0
LINE
8
CHASSIS
10
2600
20
3040
11
2495
21
3040
0
LINE
8
CHASSIS
10
2495
20
3040
11
2495
21
2860
0
LINE
8
CHASSIS
10
2526
20
2909
11
2568
21
2909
0
LINE
8
CHASSIS
10
2568
20
2909
11
2568
21
2951
0
LINE
8
CHASSIS
10
2568
20
2951
11
2526
21
2951
0
LINE
8
CHASSIS
10
2526
20
2951
11
2526
21
2909
0
LINE
8
CHASSIS
10
3565
20
2860
11
3670
21
2860
0
LINE
8
CHASSIS
10
3670
20
2860
11
3670
21
3040
0
LINE
8
CHASSIS
10
3670
20
3040
11
3565
21
3040
0
LINE
8
CHASSIS
10
3565
20
3040
11
3565
21
2860
0
LINE
8
CHASSIS
10
3565
20
2860
11
3670
21
2860
0
LINE
8
CHASSIS
10
3670
20
2860
11
3670
21
3040
0
LINE
8
CHASSIS
10
3670
20
3040
11
3565
21
3040
0
LINE
8
CHASSIS
10
3565
20
3040
11
3565
21
2860
0
LINE
8
CHASSIS
10
3596
20
2909
11
3638
21
2909
0
LINE
8
CHASSIS
10
3638
20
2909
11
3638
21
2951
0
LINE
8
CHASSIS
10
3638
20
2951
11
3596
21
2951
0
LINE
8
CHASSIS
10
3596
20
2951
11
3596
21
2909
0
LINE
8
CHASSIS
10
898
20
2965
11
936
21
2965
0
LINE
8
CHASSIS
10
936
20
2965
11
936
21
3055
0
LINE
8
CHASSIS
10
936
20
3055
11
898
21
3055
0
LINE
8
CHASSIS
10
898
20
3055
11
898
21
2965
0
LINE
8
CHASSIS
10
1106
20
2965
11
1144
21
2965
0
LINE
8
CHASSIS
10
1144
20
2965
11
1144
21
3055
0
LINE
8
CHASSIS
10
1144
20
3055
11
1106
21
3055
0
LINE
8
CHASSIS
10
1106
20
3055
11
1106
21
2965
0
LINE
8
CHASSIS
10
1578
20
2965
11
1616
21
2965
0
LINE
8
CHASSIS
10
1616
20
2965
11
1616
21
3055
0
LINE
8
CHASSIS
10
1616
20
3055
11
1578
21
3055
0
LINE
8
CHASSIS
10
1578
20
3055
11
1578
21
2965
0
LINE
8
CHASSIS
10
1786
20
2965
11
1824
21
2965
0
LINE
8
CHASSIS
10
1824
20
2965
11
1824
21
3055
0
LINE
8
CHASSIS
10
1824
20
3055
11
1786
21
3055
0
LINE
8
CHASSIS
10
1786
20
3055
11
1786
21
2965
0
LINE
8
CHASSIS
10
2338
20
2965
11
2376
21
2965
0
LINE
8
CHASSIS
10
2376
20
2965
11
2376
21
3055
0
LINE
8
CHASSIS
10
2376
20
3055
11
2338
21
3055
0
LINE
8
CHASSIS
10
2338
20
3055
11
2338
21
2965
0
LINE
8
CHASSIS
10
2546
20
2965
11
2584
21
2965
0
LINE
8
CHASSIS
10
2584
20
2965
11
2584
21
3055
0
LINE
8
CHASSIS
10
2584
20
3055
11
2546
21
3055
0
LINE
8
CHASSIS
10
2546
20
3055
11
2546
21
2965
0
LINE
8
RUNNING_GEAR
10
945
20
3375
11
1060
21
3375
0
LINE
8
RUNNING_GEAR
10
1060
20
3375
11
1060
21
3510
0
LINE
8
RUNNING_GEAR
10
1060
20
3510
11
945
21
3510
0
LINE
8
RUNNING_GEAR
10
945
20
3510
11
945
21
3375
0
LINE
8
RUNNING_GEAR
10
3185
20
3375
11
3300
21
3375
0
LINE
8
RUNNING_GEAR
10
3300
20
3375
11
3300
21
3510
0
LINE
8
RUNNING_GEAR
10
3300
20
3510
11
3185
21
3510
0
LINE
8
RUNNING_GEAR
10
3185
20
3510
11
3185
21
3375
0
LINE
8
RUNNING_GEAR
10
908
20
3210
11
932
21
3210
0
LINE
8
RUNNING_GEAR
10
932
20
3210
11
932
21
3490
0
LINE
8
RUNNING_GEAR
10
932
20
3490
11
908
21
3490
0
LINE
8
RUNNING_GEAR
10
908
20
3490
11
908
21
3210
0
LINE
8
RUNNING_GEAR
10
3193
20
3210
11
3217
21
3210
0
LINE
8
RUNNING_GEAR
10
3217
20
3210
11
3217
21
3490
0
LINE
8
RUNNING_GEAR
10
3217
20
3490
11
3193
21
3490
0
LINE
8
RUNNING_GEAR
10
3193
20
3490
11
3193
21
3210
0
LINE
8
RUNNING_GEAR
10
640
20
3040
11
755
21
3040
0
LINE
8
RUNNING_GEAR
10
755
20
3040
11
755
21
3112
0
LINE
8
RUNNING_GEAR
10
755
20
3112
11
640
21
3112
0
LINE
8
RUNNING_GEAR
10
640
20
3112
11
640
21
3040
0
LINE
8
RUNNING_GEAR
10
2925
20
3040
11
3040
21
3040
0
LINE
8
RUNNING_GEAR
10
3040
20
3040
11
3040
21
3112
0
LINE
8
RUNNING_GEAR
10
3040
20
3112
11
2925
21
3112
0
LINE
8
RUNNING_GEAR
10
2925
20
3112
11
2925
21
3040
0
LINE
8
CHASSIS
10
120
20
3055
11
620
21
3055
0
LINE
8
CHASSIS
10
620
20
3055
11
620
21
3079
0
LINE
8
CHASSIS
10
620
20
3079
11
120
21
3079
0
LINE
8
CHASSIS
10
120
20
3079
11
120
21
3055
0
LINE
8
CHASSIS
10
120
20
2940
11
620
21
2940
0
LINE
8
CHASSIS
10
620
20
2940
11
620
21
3090
0
LINE
8
CHASSIS
10
620
20
3090
11
120
21
3090
0
LINE
8
CHASSIS
10
120
20
3090
11
120
21
2940
0
LINE
8
CHASSIS
10
3230
20
3055
11
3650
21
3055
0
LINE
8
CHASSIS
10
3650
20
3055
11
3650
21
3079
0
LINE
8
CHASSIS
10
3650
20
3079
11
3230
21
3079
0
LINE
8
CHASSIS
10
3230
20
3079
11
3230
21
3055
0
LINE
8
CHASSIS
10
3230
20
2940
11
3650
21
2940
0
LINE
8
CHASSIS
10
3650
20
2940
11
3650
21
3085
0
LINE
8
CHASSIS
10
3650
20
3085
11
3230
21
3085
0
LINE
8
CHASSIS
10
3230
20
3085
11
3230
21
2940
0
LINE
8
CHASSIS
10
740
20
3025
11
1020
21
3025
0
LINE
8
CHASSIS
10
1020
20
3025
11
1020
21
3080
0
LINE
8
CHASSIS
10
1020
20
3080
11
740
21
3080
0
LINE
8
CHASSIS
10
740
20
3080
11
740
21
3025
0
LINE
8
CHASSIS
10
906
20
3089
11
1024
21
3089
0
LINE
8
CHASSIS
10
1024
20
3089
11
1024
21
3131
0
LINE
8
CHASSIS
10
1024
20
3131
11
906
21
3131
0
LINE
8
CHASSIS
10
906
20
3131
11
906
21
3089
0
LINE
8
CHASSIS
10
950
20
3097
11
980
21
3097
0
LINE
8
CHASSIS
10
980
20
3097
11
980
21
3167
0
LINE
8
CHASSIS
10
980
20
3167
11
950
21
3167
0
LINE
8
CHASSIS
10
950
20
3167
11
950
21
3097
0
LINE
8
CHASSIS
10
1135
20
3025
11
1415
21
3025
0
LINE
8
CHASSIS
10
1415
20
3025
11
1415
21
3080
0
LINE
8
CHASSIS
10
1415
20
3080
11
1135
21
3080
0
LINE
8
CHASSIS
10
1135
20
3080
11
1135
21
3025
0
LINE
8
CHASSIS
10
1301
20
3089
11
1419
21
3089
0
LINE
8
CHASSIS
10
1419
20
3089
11
1419
21
3131
0
LINE
8
CHASSIS
10
1419
20
3131
11
1301
21
3131
0
LINE
8
CHASSIS
10
1301
20
3131
11
1301
21
3089
0
LINE
8
CHASSIS
10
1345
20
3097
11
1375
21
3097
0
LINE
8
CHASSIS
10
1375
20
3097
11
1375
21
3167
0
LINE
8
CHASSIS
10
1375
20
3167
11
1345
21
3167
0
LINE
8
CHASSIS
10
1345
20
3167
11
1345
21
3097
0
LINE
8
CHASSIS
10
1610
20
3025
11
1890
21
3025
0
LINE
8
CHASSIS
10
1890
20
3025
11
1890
21
3080
0
LINE
8
CHASSIS
10
1890
20
3080
11
1610
21
3080
0
LINE
8
CHASSIS
10
1610
20
3080
11
1610
21
3025
0
LINE
8
CHASSIS
10
1776
20
3089
11
1894
21
3089
0
LINE
8
CHASSIS
10
1894
20
3089
11
1894
21
3131
0
LINE
8
CHASSIS
10
1894
20
3131
11
1776
21
3131
0
LINE
8
CHASSIS
10
1776
20
3131
11
1776
21
3089
0
LINE
8
CHASSIS
10
1820
20
3097
11
1850
21
3097
0
LINE
8
CHASSIS
10
1850
20
3097
11
1850
21
3167
0
LINE
8
CHASSIS
10
1850
20
3167
11
1820
21
3167
0
LINE
8
CHASSIS
10
1820
20
3167
11
1820
21
3097
0
LINE
8
CHASSIS
10
2250
20
3025
11
2530
21
3025
0
LINE
8
CHASSIS
10
2530
20
3025
11
2530
21
3080
0
LINE
8
CHASSIS
10
2530
20
3080
11
2250
21
3080
0
LINE
8
CHASSIS
10
2250
20
3080
11
2250
21
3025
0
LINE
8
CHASSIS
10
2416
20
3089
11
2534
21
3089
0
LINE
8
CHASSIS
10
2534
20
3089
11
2534
21
3131
0
LINE
8
CHASSIS
10
2534
20
3131
11
2416
21
3131
0
LINE
8
CHASSIS
10
2416
20
3131
11
2416
21
3089
0
LINE
8
CHASSIS
10
2460
20
3097
11
2490
21
3097
0
LINE
8
CHASSIS
10
2490
20
3097
11
2490
21
3167
0
LINE
8
CHASSIS
10
2490
20
3167
11
2460
21
3167
0
LINE
8
CHASSIS
10
2460
20
3167
11
2460
21
3097
0
LINE
8
CHASSIS
10
2920
20
3025
11
3200
21
3025
0
LINE
8
CHASSIS
10
3200
20
3025
11
3200
21
3080
0
LINE
8
CHASSIS
10
3200
20
3080
11
2920
21
3080
0
LINE
8
CHASSIS
10
2920
20
3080
11
2920
21
3025
0
LINE
8
CHASSIS
10
3086
20
3089
11
3204
21
3089
0
LINE
8
CHASSIS
10
3204
20
3089
11
3204
21
3131
0
LINE
8
CHASSIS
10
3204
20
3131
11
3086
21
3131
0
LINE
8
CHASSIS
10
3086
20
3131
11
3086
21
3089
0
LINE
8
CHASSIS
10
3130
20
3097
11
3160
21
3097
0
LINE
8
CHASSIS
10
3160
20
3097
11
3160
21
3167
0
LINE
8
CHASSIS
10
3160
20
3167
11
3130
21
3167
0
LINE
8
CHASSIS
10
3130
20
3167
11
3130
21
3097
0
LINE
8
CHASSIS
10
210
20
2860
11
315
21
2860
0
LINE
8
CHASSIS
10
315
20
2860
11
315
21
3040
0
LINE
8
CHASSIS
10
315
20
3040
11
210
21
3040
0
LINE
8
CHASSIS
10
210
20
3040
11
210
21
2860
0
LINE
8
CHASSIS
10
210
20
2860
11
315
21
2860
0
LINE
8
CHASSIS
10
315
20
2860
11
315
21
3040
0
LINE
8
CHASSIS
10
315
20
3040
11
210
21
3040
0
LINE
8
CHASSIS
10
210
20
3040
11
210
21
2860
0
LINE
8
CHASSIS
10
241
20
2909
11
283
21
2909
0
LINE
8
CHASSIS
10
283
20
2909
11
283
21
2951
0
LINE
8
CHASSIS
10
283
20
2951
11
241
21
2951
0
LINE
8
CHASSIS
10
241
20
2951
11
241
21
2909
0
LINE
8
CHASSIS
10
1280
20
2860
11
1385
21
2860
0
LINE
8
CHASSIS
10
1385
20
2860
11
1385
21
3040
0
LINE
8
CHASSIS
10
1385
20
3040
11
1280
21
3040
0
LINE
8
CHASSIS
10
1280
20
3040
11
1280
21
2860
0
LINE
8
CHASSIS
10
1280
20
2860
11
1385
21
2860
0
LINE
8
CHASSIS
10
1385
20
2860
11
1385
21
3040
0
LINE
8
CHASSIS
10
1385
20
3040
11
1280
21
3040
0
LINE
8
CHASSIS
10
1280
20
3040
11
1280
21
2860
0
LINE
8
CHASSIS
10
1311
20
2909
11
1353
21
2909
0
LINE
8
CHASSIS
10
1353
20
2909
11
1353
21
2951
0
LINE
8
CHASSIS
10
1353
20
2951
11
1311
21
2951
0
LINE
8
CHASSIS
10
1311
20
2951
11
1311
21
2909
0
LINE
8
CHASSIS
10
2495
20
2860
11
2600
21
2860
0
LINE
8
CHASSIS
10
2600
20
2860
11
2600
21
3040
0
LINE
8
CHASSIS
10
2600
20
3040
11
2495
21
3040
0
LINE
8
CHASSIS
10
2495
20
3040
11
2495
21
2860
0
LINE
8
CHASSIS
10
2495
20
2860
11
2600
21
2860
0
LINE
8
CHASSIS
10
2600
20
2860
11
2600
21
3040
0
LINE
8
CHASSIS
10
2600
20
3040
11
2495
21
3040
0
LINE
8
CHASSIS
10
2495
20
3040
11
2495
21
2860
0
LINE
8
CHASSIS
10
2526
20
2909
11
2568
21
2909
0
LINE
8
CHASSIS
10
2568
20
2909
11
2568
21
2951
0
LINE
8
CHASSIS
10
2568
20
2951
11
2526
21
2951
0
LINE
8
CHASSIS
10
2526
20
2951
11
2526
21
2909
0
LINE
8
CHASSIS
10
3565
20
2860
11
3670
21
2860
0
LINE
8
CHASSIS
10
3670
20
2860
11
3670
21
3040
0
LINE
8
CHASSIS
10
3670
20
3040
11
3565
21
3040
0
LINE
8
CHASSIS
10
3565
20
3040
11
3565
21
2860
0
LINE
8
CHASSIS
10
3565
20
2860
11
3670
21
2860
0
LINE
8
CHASSIS
10
3670
20
2860
11
3670
21
3040
0
LINE
8
CHASSIS
10
3670
20
3040
11
3565
21
3040
0
LINE
8
CHASSIS
10
3565
20
3040
11
3565
21
2860
0
LINE
8
CHASSIS
10
3596
20
2909
11
3638
21
2909
0
LINE
8
CHASSIS
10
3638
20
2909
11
3638
21
2951
0
LINE
8
CHASSIS
10
3638
20
2951
11
3596
21
2951
0
LINE
8
CHASSIS
10
3596
20
2951
11
3596
21
2909
0
LINE
8
CHASSIS
10
898
20
2965
11
936
21
2965
0
LINE
8
CHASSIS
10
936
20
2965
11
936
21
3055
0
LINE
8
CHASSIS
10
936
20
3055
11
898
21
3055
0
LINE
8
CHASSIS
10
898
20
3055
11
898
21
2965
0
LINE
8
CHASSIS
10
1106
20
2965
11
1144
21
2965
0
LINE
8
CHASSIS
10
1144
20
2965
11
1144
21
3055
0
LINE
8
CHASSIS
10
1144
20
3055
11
1106
21
3055
0
LINE
8
CHASSIS
10
1106
20
3055
11
1106
21
2965
0
LINE
8
CHASSIS
10
1578
20
2965
11
1616
21
2965
0
LINE
8
CHASSIS
10
1616
20
2965
11
1616
21
3055
0
LINE
8
CHASSIS
10
1616
20
3055
11
1578
21
3055
0
LINE
8
CHASSIS
10
1578
20
3055
11
1578
21
2965
0
LINE
8
CHASSIS
10
1786
20
2965
11
1824
21
2965
0
LINE
8
CHASSIS
10
1824
20
2965
11
1824
21
3055
0
LINE
8
CHASSIS
10
1824
20
3055
11
1786
21
3055
0
LINE
8
CHASSIS
10
1786
20
3055
11
1786
21
2965
0
LINE
8
CHASSIS
10
2338
20
2965
11
2376
21
2965
0
LINE
8
CHASSIS
10
2376
20
2965
11
2376
21
3055
0
LINE
8
CHASSIS
10
2376
20
3055
11
2338
21
3055
0
LINE
8
CHASSIS
10
2338
20
3055
11
2338
21
2965
0
LINE
8
CHASSIS
10
2546
20
2965
11
2584
21
2965
0
LINE
8
CHASSIS
10
2584
20
2965
11
2584
21
3055
0
LINE
8
CHASSIS
10
2584
20
3055
11
2546
21
3055
0
LINE
8
CHASSIS
10
2546
20
3055
11
2546
21
2965
0
LINE
8
RUNNING_GEAR
10
945
20
3375
11
1060
21
3375
0
LINE
8
RUNNING_GEAR
10
1060
20
3375
11
1060
21
3510
0
LINE
8
RUNNING_GEAR
10
1060
20
3510
11
945
21
3510
0
LINE
8
RUNNING_GEAR
10
945
20
3510
11
945
21
3375
0
LINE
8
RUNNING_GEAR
10
3185
20
3375
11
3300
21
3375
0
LINE
8
RUNNING_GEAR
10
3300
20
3375
11
3300
21
3510
0
LINE
8
RUNNING_GEAR
10
3300
20
3510
11
3185
21
3510
0
LINE
8
RUNNING_GEAR
10
3185
20
3510
11
3185
21
3375
0
LINE
8
RUNNING_GEAR
10
908
20
3210
11
932
21
3210
0
LINE
8
RUNNING_GEAR
10
932
20
3210
11
932
21
3490
0
LINE
8
RUNNING_GEAR
10
932
20
3490
11
908
21
3490
0
LINE
8
RUNNING_GEAR
10
908
20
3490
11
908
21
3210
0
LINE
8
RUNNING_GEAR
10
3193
20
3210
11
3217
21
3210
0
LINE
8
RUNNING_GEAR
10
3217
20
3210
11
3217
21
3490
0
LINE
8
RUNNING_GEAR
10
3217
20
3490
11
3193
21
3490
0
LINE
8
RUNNING_GEAR
10
3193
20
3490
11
3193
21
3210
0
LINE
8
RUNNING_GEAR
10
640
20
3040
11
755
21
3040
0
LINE
8
RUNNING_GEAR
10
755
20
3040
11
755
21
3112
0
LINE
8
RUNNING_GEAR
10
755
20
3112
11
640
21
3112
0
LINE
8
RUNNING_GEAR
10
640
20
3112
11
640
21
3040
0
LINE
8
RUNNING_GEAR
10
2925
20
3040
11
3040
21
3040
0
LINE
8
RUNNING_GEAR
10
3040
20
3040
11
3040
21
3112
0
LINE
8
RUNNING_GEAR
10
3040
20
3112
11
2925
21
3112
0
LINE
8
RUNNING_GEAR
10
2925
20
3112
11
2925
21
3040
0
LINE
8
CHASSIS
10
1710
20
3000
11
1970
21
3000
0
LINE
8
CHASSIS
10
1970
20
3000
11
1970
21
3120
0
LINE
8
CHASSIS
10
1970
20
3120
11
1710
21
3120
0
LINE
8
CHASSIS
10
1710
20
3120
11
1710
21
3000
0
LINE
8
CHASSIS
10
1600
20
2815
11
2120
21
2815
0
LINE
8
CHASSIS
10
2120
20
2815
11
2120
21
2857
0
LINE
8
CHASSIS
10
2120
20
2857
11
1600
21
2857
0
LINE
8
CHASSIS
10
1600
20
2857
11
1600
21
2815
0
LINE
8
RUNNING_GEAR
10
1640
20
3075
11
2050
21
3075
0
LINE
8
RUNNING_GEAR
10
2050
20
3075
11
2050
21
3340
0
LINE
8
RUNNING_GEAR
10
2050
20
3340
11
1640
21
3340
0
LINE
8
RUNNING_GEAR
10
1640
20
3340
11
1640
21
3075
0
LINE
8
RUNNING_GEAR
10
1325
20
3110
11
1755
21
3110
0
LINE
8
RUNNING_GEAR
10
1755
20
3110
11
1755
21
3370
0
LINE
8
RUNNING_GEAR
10
1755
20
3370
11
1325
21
3370
0
LINE
8
RUNNING_GEAR
10
1325
20
3370
11
1325
21
3110
0
LINE
8
RUNNING_GEAR
10
670
20
2924
11
1570
21
2924
0
LINE
8
RUNNING_GEAR
10
1570
20
2924
11
1570
21
3006
0
LINE
8
RUNNING_GEAR
10
1570
20
3006
11
670
21
3006
0
LINE
8
RUNNING_GEAR
10
670
20
3006
11
670
21
2924
0
LINE
8
RUNNING_GEAR
10
1500
20
2924
11
2860
21
2924
0
LINE
8
RUNNING_GEAR
10
2860
20
2924
11
2860
21
3006
0
LINE
8
RUNNING_GEAR
10
2860
20
3006
11
1500
21
3006
0
LINE
8
RUNNING_GEAR
10
1500
20
3006
11
1500
21
2924
0
LINE
8
RUNNING_GEAR
10
555
20
2740
11
915
21
2740
0
LINE
8
RUNNING_GEAR
10
915
20
2740
11
915
21
3100
0
LINE
8
RUNNING_GEAR
10
915
20
3100
11
555
21
3100
0
LINE
8
RUNNING_GEAR
10
555
20
3100
11
555
21
2740
0
LINE
8
RUNNING_GEAR
10
2830
20
2730
11
3210
21
2730
0
LINE
8
RUNNING_GEAR
10
3210
20
2730
11
3210
21
3110
0
LINE
8
RUNNING_GEAR
10
3210
20
3110
11
2830
21
3110
0
LINE
8
RUNNING_GEAR
10
2830
20
3110
11
2830
21
2730
0
LINE
8
RUNNING_GEAR
10
765
20
2857.5
11
1075
21
2857.5
0
LINE
8
RUNNING_GEAR
10
1075
20
2857.5
11
1075
21
3002.5
0
LINE
8
RUNNING_GEAR
10
1075
20
3002.5
11
765
21
3002.5
0
LINE
8
RUNNING_GEAR
10
765
20
3002.5
11
765
21
2857.5
0
LINE
8
RUNNING_GEAR
10
2625
20
2857.5
11
2935
21
2857.5
0
LINE
8
RUNNING_GEAR
10
2935
20
2857.5
11
2935
21
3002.5
0
LINE
8
RUNNING_GEAR
10
2935
20
3002.5
11
2625
21
3002.5
0
LINE
8
RUNNING_GEAR
10
2625
20
3002.5
11
2625
21
2857.5
0
LINE
8
CHASSIS
10
535
20
3110
11
780
21
3110
0
LINE
8
CHASSIS
10
780
20
3110
11
780
21
3340
0
LINE
8
CHASSIS
10
780
20
3340
11
535
21
3340
0
LINE
8
CHASSIS
10
535
20
3340
11
535
21
3110
0
LINE
8
CHASSIS
10
500
20
3100
11
795
21
3100
0
LINE
8
CHASSIS
10
795
20
3100
11
795
21
3360
0
LINE
8
CHASSIS
10
795
20
3360
11
500
21
3360
0
LINE
8
CHASSIS
10
500
20
3360
11
500
21
3100
0
LINE
8
RUNNING_GEAR
10
644
20
2940
11
706
21
2940
0
LINE
8
RUNNING_GEAR
10
706
20
2940
11
706
21
3190
0
LINE
8
RUNNING_GEAR
10
706
20
3190
11
644
21
3190
0
LINE
8
RUNNING_GEAR
10
644
20
3190
11
644
21
2940
0
LINE
8
RUNNING_GEAR
10
565
20
2988
11
1185
21
2988
0
LINE
8
RUNNING_GEAR
10
1185
20
2988
11
1185
21
3022
0
LINE
8
RUNNING_GEAR
10
1185
20
3022
11
565
21
3022
0
LINE
8
RUNNING_GEAR
10
565
20
3022
11
565
21
2988
0
LINE
8
RUNNING_GEAR
10
719
20
2989
11
751
21
2989
0
LINE
8
RUNNING_GEAR
10
751
20
2989
11
751
21
3021
0
LINE
8
RUNNING_GEAR
10
751
20
3021
11
719
21
3021
0
LINE
8
RUNNING_GEAR
10
719
20
3021
11
719
21
2989
0
LINE
8
RUNNING_GEAR
10
645
20
2951
11
1165
21
2951
0
LINE
8
RUNNING_GEAR
10
1165
20
2951
11
1165
21
3009
0
LINE
8
RUNNING_GEAR
10
1165
20
3009
11
645
21
3009
0
LINE
8
RUNNING_GEAR
10
645
20
3009
11
645
21
2951
0
LINE
8
RUNNING_GEAR
10
855
20
2975
11
1005
21
2975
0
LINE
8
RUNNING_GEAR
10
1005
20
2975
11
1005
21
3035
0
LINE
8
RUNNING_GEAR
10
1005
20
3035
11
855
21
3035
0
LINE
8
RUNNING_GEAR
10
855
20
3035
11
855
21
2975
0
LINE
8
RUNNING_GEAR
10
855
20
2975
11
1005
21
2975
0
LINE
8
RUNNING_GEAR
10
1005
20
2975
11
1005
21
3035
0
LINE
8
RUNNING_GEAR
10
1005
20
3035
11
855
21
3035
0
LINE
8
RUNNING_GEAR
10
855
20
3035
11
855
21
2975
0
LINE
8
RUNNING_GEAR
10
552.5
20
2712.5
11
917.5
21
2712.5
0
LINE
8
RUNNING_GEAR
10
917.5
20
2712.5
11
917.5
21
3077.5
0
LINE
8
RUNNING_GEAR
10
917.5
20
3077.5
11
552.5
21
3077.5
0
LINE
8
RUNNING_GEAR
10
552.5
20
3077.5
11
552.5
21
2712.5
0
LINE
8
RUNNING_GEAR
10
552.5
20
2712.5
11
917.5
21
2712.5
0
LINE
8
RUNNING_GEAR
10
917.5
20
2712.5
11
917.5
21
3077.5
0
LINE
8
RUNNING_GEAR
10
917.5
20
3077.5
11
552.5
21
3077.5
0
LINE
8
RUNNING_GEAR
10
552.5
20
3077.5
11
552.5
21
2712.5
0
LINE
8
RUNNING_GEAR
10
215
20
2805
11
1150
21
2805
0
LINE
8
RUNNING_GEAR
10
1150
20
2805
11
1150
21
2819
0
LINE
8
RUNNING_GEAR
10
1150
20
2819
11
215
21
2819
0
LINE
8
RUNNING_GEAR
10
215
20
2819
11
215
21
2805
0
LINE
8
RUNNING_GEAR
10
215
20
2823
11
1035
21
2823
0
LINE
8
RUNNING_GEAR
10
1035
20
2823
11
1035
21
2837
0
LINE
8
RUNNING_GEAR
10
1035
20
2837
11
215
21
2837
0
LINE
8
RUNNING_GEAR
10
215
20
2837
11
215
21
2823
0
LINE
8
RUNNING_GEAR
10
215
20
2841
11
920
21
2841
0
LINE
8
RUNNING_GEAR
10
920
20
2841
11
920
21
2855
0
LINE
8
RUNNING_GEAR
10
920
20
2855
11
215
21
2855
0
LINE
8
RUNNING_GEAR
10
215
20
2855
11
215
21
2841
0
LINE
8
RUNNING_GEAR
10
658
20
2800
11
682
21
2800
0
LINE
8
RUNNING_GEAR
10
682
20
2800
11
682
21
3010
0
LINE
8
RUNNING_GEAR
10
682
20
3010
11
658
21
3010
0
LINE
8
RUNNING_GEAR
10
658
20
3010
11
658
21
2800
0
LINE
8
RUNNING_GEAR
10
788
20
2800
11
812
21
2800
0
LINE
8
RUNNING_GEAR
10
812
20
2800
11
812
21
3010
0
LINE
8
RUNNING_GEAR
10
812
20
3010
11
788
21
3010
0
LINE
8
RUNNING_GEAR
10
788
20
3010
11
788
21
2800
0
LINE
8
RUNNING_GEAR
10
215
20
2805
11
1150
21
2805
0
LINE
8
RUNNING_GEAR
10
1150
20
2805
11
1150
21
2819
0
LINE
8
RUNNING_GEAR
10
1150
20
2819
11
215
21
2819
0
LINE
8
RUNNING_GEAR
10
215
20
2819
11
215
21
2805
0
LINE
8
RUNNING_GEAR
10
215
20
2823
11
1035
21
2823
0
LINE
8
RUNNING_GEAR
10
1035
20
2823
11
1035
21
2837
0
LINE
8
RUNNING_GEAR
10
1035
20
2837
11
215
21
2837
0
LINE
8
RUNNING_GEAR
10
215
20
2837
11
215
21
2823
0
LINE
8
RUNNING_GEAR
10
215
20
2841
11
920
21
2841
0
LINE
8
RUNNING_GEAR
10
920
20
2841
11
920
21
2855
0
LINE
8
RUNNING_GEAR
10
920
20
2855
11
215
21
2855
0
LINE
8
RUNNING_GEAR
10
215
20
2855
11
215
21
2841
0
LINE
8
RUNNING_GEAR
10
658
20
2800
11
682
21
2800
0
LINE
8
RUNNING_GEAR
10
682
20
2800
11
682
21
3010
0
LINE
8
RUNNING_GEAR
10
682
20
3010
11
658
21
3010
0
LINE
8
RUNNING_GEAR
10
658
20
3010
11
658
21
2800
0
LINE
8
RUNNING_GEAR
10
788
20
2800
11
812
21
2800
0
LINE
8
RUNNING_GEAR
10
812
20
2800
11
812
21
3010
0
LINE
8
RUNNING_GEAR
10
812
20
3010
11
788
21
3010
0
LINE
8
RUNNING_GEAR
10
788
20
3010
11
788
21
2800
0
LINE
8
RUNNING_GEAR
10
2837.5
20
2712.5
11
3202.5
21
2712.5
0
LINE
8
RUNNING_GEAR
10
3202.5
20
2712.5
11
3202.5
21
3077.5
0
LINE
8
RUNNING_GEAR
10
3202.5
20
3077.5
11
2837.5
21
3077.5
0
LINE
8
RUNNING_GEAR
10
2837.5
20
3077.5
11
2837.5
21
2712.5
0
LINE
8
RUNNING_GEAR
10
2837.5
20
2712.5
11
3202.5
21
2712.5
0
LINE
8
RUNNING_GEAR
10
3202.5
20
2712.5
11
3202.5
21
3077.5
0
LINE
8
RUNNING_GEAR
10
3202.5
20
3077.5
11
2837.5
21
3077.5
0
LINE
8
RUNNING_GEAR
10
2837.5
20
3077.5
11
2837.5
21
2712.5
0
LINE
8
RUNNING_GEAR
10
2500
20
2805
11
3435
21
2805
0
LINE
8
RUNNING_GEAR
10
3435
20
2805
11
3435
21
2819
0
LINE
8
RUNNING_GEAR
10
3435
20
2819
11
2500
21
2819
0
LINE
8
RUNNING_GEAR
10
2500
20
2819
11
2500
21
2805
0
LINE
8
RUNNING_GEAR
10
2500
20
2823
11
3320
21
2823
0
LINE
8
RUNNING_GEAR
10
3320
20
2823
11
3320
21
2837
0
LINE
8
RUNNING_GEAR
10
3320
20
2837
11
2500
21
2837
0
LINE
8
RUNNING_GEAR
10
2500
20
2837
11
2500
21
2823
0
LINE
8
RUNNING_GEAR
10
2500
20
2841
11
3205
21
2841
0
LINE
8
RUNNING_GEAR
10
3205
20
2841
11
3205
21
2855
0
LINE
8
RUNNING_GEAR
10
3205
20
2855
11
2500
21
2855
0
LINE
8
RUNNING_GEAR
10
2500
20
2855
11
2500
21
2841
0
LINE
8
RUNNING_GEAR
10
2943
20
2800
11
2967
21
2800
0
LINE
8
RUNNING_GEAR
10
2967
20
2800
11
2967
21
3010
0
LINE
8
RUNNING_GEAR
10
2967
20
3010
11
2943
21
3010
0
LINE
8
RUNNING_GEAR
10
2943
20
3010
11
2943
21
2800
0
LINE
8
RUNNING_GEAR
10
3073
20
2800
11
3097
21
2800
0
LINE
8
RUNNING_GEAR
10
3097
20
2800
11
3097
21
3010
0
LINE
8
RUNNING_GEAR
10
3097
20
3010
11
3073
21
3010
0
LINE
8
RUNNING_GEAR
10
3073
20
3010
11
3073
21
2800
0
LINE
8
RUNNING_GEAR
10
2500
20
2805
11
3435
21
2805
0
LINE
8
RUNNING_GEAR
10
3435
20
2805
11
3435
21
2819
0
LINE
8
RUNNING_GEAR
10
3435
20
2819
11
2500
21
2819
0
LINE
8
RUNNING_GEAR
10
2500
20
2819
11
2500
21
2805
0
LINE
8
RUNNING_GEAR
10
2500
20
2823
11
3320
21
2823
0
LINE
8
RUNNING_GEAR
10
3320
20
2823
11
3320
21
2837
0
LINE
8
RUNNING_GEAR
10
3320
20
2837
11
2500
21
2837
0
LINE
8
RUNNING_GEAR
10
2500
20
2837
11
2500
21
2823
0
LINE
8
RUNNING_GEAR
10
2500
20
2841
11
3205
21
2841
0
LINE
8
RUNNING_GEAR
10
3205
20
2841
11
3205
21
2855
0
LINE
8
RUNNING_GEAR
10
3205
20
2855
11
2500
21
2855
0
LINE
8
RUNNING_GEAR
10
2500
20
2855
11
2500
21
2841
0
LINE
8
RUNNING_GEAR
10
2943
20
2800
11
2967
21
2800
0
LINE
8
RUNNING_GEAR
10
2967
20
2800
11
2967
21
3010
0
LINE
8
RUNNING_GEAR
10
2967
20
3010
11
2943
21
3010
0
LINE
8
RUNNING_GEAR
10
2943
20
3010
11
2943
21
2800
0
LINE
8
RUNNING_GEAR
10
3073
20
2800
11
3097
21
2800
0
LINE
8
RUNNING_GEAR
10
3097
20
2800
11
3097
21
3010
0
LINE
8
RUNNING_GEAR
10
3097
20
3010
11
3073
21
3010
0
LINE
8
RUNNING_GEAR
10
3073
20
3010
11
3073
21
2800
0
LINE
8
RUNNING_GEAR
10
507.5
20
2667.5
11
962.5
21
2667.5
0
LINE
8
RUNNING_GEAR
10
962.5
20
2667.5
11
962.5
21
3122.5
0
LINE
8
RUNNING_GEAR
10
962.5
20
3122.5
11
507.5
21
3122.5
0
LINE
8
RUNNING_GEAR
10
507.5
20
3122.5
11
507.5
21
2667.5
0
LINE
8
RUNNING_GEAR
10
577.5
20
2737.5
11
892.5
21
2737.5
0
LINE
8
RUNNING_GEAR
10
892.5
20
2737.5
11
892.5
21
3052.5
0
LINE
8
RUNNING_GEAR
10
892.5
20
3052.5
11
577.5
21
3052.5
0
LINE
8
RUNNING_GEAR
10
577.5
20
3052.5
11
577.5
21
2737.5
0
LINE
8
RUNNING_GEAR
10
854
20
3029
11
876
21
3029
0
LINE
8
RUNNING_GEAR
10
876
20
3029
11
876
21
3051
0
LINE
8
RUNNING_GEAR
10
876
20
3051
11
854
21
3051
0
LINE
8
RUNNING_GEAR
10
854
20
3051
11
854
21
3029
0
LINE
8
RUNNING_GEAR
10
811
20
2879
11
843
21
2879
0
LINE
8
RUNNING_GEAR
10
843
20
2879
11
843
21
2911
0
LINE
8
RUNNING_GEAR
10
843
20
2911
11
811
21
2911
0
LINE
8
RUNNING_GEAR
10
811
20
2911
11
811
21
2879
0
LINE
8
RUNNING_GEAR
10
765
20
2958.674
11
797
21
2958.674
0
LINE
8
RUNNING_GEAR
10
797
20
2958.674
11
797
21
2990.674
0
LINE
8
RUNNING_GEAR
10
797
20
2990.674
11
765
21
2990.674
0
LINE
8
RUNNING_GEAR
10
765
20
2990.674
11
765
21
2958.674
0
LINE
8
RUNNING_GEAR
10
673
20
2958.674
11
705
21
2958.674
0
LINE
8
RUNNING_GEAR
10
705
20
2958.674
11
705
21
2990.674
0
LINE
8
RUNNING_GEAR
10
705
20
2990.674
11
673
21
2990.674
0
LINE
8
RUNNING_GEAR
10
673
20
2990.674
11
673
21
2958.674
0
LINE
8
RUNNING_GEAR
10
627
20
2879
11
659
21
2879
0
LINE
8
RUNNING_GEAR
10
659
20
2879
11
659
21
2911
0
LINE
8
RUNNING_GEAR
10
659
20
2911
11
627
21
2911
0
LINE
8
RUNNING_GEAR
10
627
20
2911
11
627
21
2879
0
LINE
8
RUNNING_GEAR
10
673
20
2799.326
11
705
21
2799.326
0
LINE
8
RUNNING_GEAR
10
705
20
2799.326
11
705
21
2831.326
0
LINE
8
RUNNING_GEAR
10
705
20
2831.326
11
673
21
2831.326
0
LINE
8
RUNNING_GEAR
10
673
20
2831.326
11
673
21
2799.326
0
LINE
8
RUNNING_GEAR
10
765
20
2799.326
11
797
21
2799.326
0
LINE
8
RUNNING_GEAR
10
797
20
2799.326
11
797
21
2831.326
0
LINE
8
RUNNING_GEAR
10
797
20
2831.326
11
765
21
2831.326
0
LINE
8
RUNNING_GEAR
10
765
20
2831.326
11
765
21
2799.326
0
LINE
8
RUNNING_GEAR
10
507.5
20
2667.5
11
962.5
21
2667.5
0
LINE
8
RUNNING_GEAR
10
962.5
20
2667.5
11
962.5
21
3122.5
0
LINE
8
RUNNING_GEAR
10
962.5
20
3122.5
11
507.5
21
3122.5
0
LINE
8
RUNNING_GEAR
10
507.5
20
3122.5
11
507.5
21
2667.5
0
LINE
8
RUNNING_GEAR
10
577.5
20
2737.5
11
892.5
21
2737.5
0
LINE
8
RUNNING_GEAR
10
892.5
20
2737.5
11
892.5
21
3052.5
0
LINE
8
RUNNING_GEAR
10
892.5
20
3052.5
11
577.5
21
3052.5
0
LINE
8
RUNNING_GEAR
10
577.5
20
3052.5
11
577.5
21
2737.5
0
LINE
8
RUNNING_GEAR
10
854
20
3029
11
876
21
3029
0
LINE
8
RUNNING_GEAR
10
876
20
3029
11
876
21
3051
0
LINE
8
RUNNING_GEAR
10
876
20
3051
11
854
21
3051
0
LINE
8
RUNNING_GEAR
10
854
20
3051
11
854
21
3029
0
LINE
8
RUNNING_GEAR
10
811
20
2879
11
843
21
2879
0
LINE
8
RUNNING_GEAR
10
843
20
2879
11
843
21
2911
0
LINE
8
RUNNING_GEAR
10
843
20
2911
11
811
21
2911
0
LINE
8
RUNNING_GEAR
10
811
20
2911
11
811
21
2879
0
LINE
8
RUNNING_GEAR
10
765
20
2958.674
11
797
21
2958.674
0
LINE
8
RUNNING_GEAR
10
797
20
2958.674
11
797
21
2990.674
0
LINE
8
RUNNING_GEAR
10
797
20
2990.674
11
765
21
2990.674
0
LINE
8
RUNNING_GEAR
10
765
20
2990.674
11
765
21
2958.674
0
LINE
8
RUNNING_GEAR
10
673
20
2958.674
11
705
21
2958.674
0
LINE
8
RUNNING_GEAR
10
705
20
2958.674
11
705
21
2990.674
0
LINE
8
RUNNING_GEAR
10
705
20
2990.674
11
673
21
2990.674
0
LINE
8
RUNNING_GEAR
10
673
20
2990.674
11
673
21
2958.674
0
LINE
8
RUNNING_GEAR
10
627
20
2879
11
659
21
2879
0
LINE
8
RUNNING_GEAR
10
659
20
2879
11
659
21
2911
0
LINE
8
RUNNING_GEAR
10
659
20
2911
11
627
21
2911
0
LINE
8
RUNNING_GEAR
10
627
20
2911
11
627
21
2879
0
LINE
8
RUNNING_GEAR
10
673
20
2799.326
11
705
21
2799.326
0
LINE
8
RUNNING_GEAR
10
705
20
2799.326
11
705
21
2831.326
0
LINE
8
RUNNING_GEAR
10
705
20
2831.326
11
673
21
2831.326
0
LINE
8
RUNNING_GEAR
10
673
20
2831.326
11
673
21
2799.326
0
LINE
8
RUNNING_GEAR
10
765
20
2799.326
11
797
21
2799.326
0
LINE
8
RUNNING_GEAR
10
797
20
2799.326
11
797
21
2831.326
0
LINE
8
RUNNING_GEAR
10
797
20
2831.326
11
765
21
2831.326
0
LINE
8
RUNNING_GEAR
10
765
20
2831.326
11
765
21
2799.326
0
LINE
8
RUNNING_GEAR
10
2792.5
20
2667.5
11
3247.5
21
2667.5
0
LINE
8
RUNNING_GEAR
10
3247.5
20
2667.5
11
3247.5
21
3122.5
0
LINE
8
RUNNING_GEAR
10
3247.5
20
3122.5
11
2792.5
21
3122.5
0
LINE
8
RUNNING_GEAR
10
2792.5
20
3122.5
11
2792.5
21
2667.5
0
LINE
8
RUNNING_GEAR
10
2862.5
20
2737.5
11
3177.5
21
2737.5
0
LINE
8
RUNNING_GEAR
10
3177.5
20
2737.5
11
3177.5
21
3052.5
0
LINE
8
RUNNING_GEAR
10
3177.5
20
3052.5
11
2862.5
21
3052.5
0
LINE
8
RUNNING_GEAR
10
2862.5
20
3052.5
11
2862.5
21
2737.5
0
LINE
8
RUNNING_GEAR
10
3139
20
3029
11
3161
21
3029
0
LINE
8
RUNNING_GEAR
10
3161
20
3029
11
3161
21
3051
0
LINE
8
RUNNING_GEAR
10
3161
20
3051
11
3139
21
3051
0
LINE
8
RUNNING_GEAR
10
3139
20
3051
11
3139
21
3029
0
LINE
8
RUNNING_GEAR
10
3096
20
2879
11
3128
21
2879
0
LINE
8
RUNNING_GEAR
10
3128
20
2879
11
3128
21
2911
0
LINE
8
RUNNING_GEAR
10
3128
20
2911
11
3096
21
2911
0
LINE
8
RUNNING_GEAR
10
3096
20
2911
11
3096
21
2879
0
LINE
8
RUNNING_GEAR
10
3050
20
2958.674
11
3082
21
2958.674
0
LINE
8
RUNNING_GEAR
10
3082
20
2958.674
11
3082
21
2990.674
0
LINE
8
RUNNING_GEAR
10
3082
20
2990.674
11
3050
21
2990.674
0
LINE
8
RUNNING_GEAR
10
3050
20
2990.674
11
3050
21
2958.674
0
LINE
8
RUNNING_GEAR
10
2958
20
2958.674
11
2990
21
2958.674
0
LINE
8
RUNNING_GEAR
10
2990
20
2958.674
11
2990
21
2990.674
0
LINE
8
RUNNING_GEAR
10
2990
20
2990.674
11
2958
21
2990.674
0
LINE
8
RUNNING_GEAR
10
2958
20
2990.674
11
2958
21
2958.674
0
LINE
8
RUNNING_GEAR
10
2912
20
2879
11
2944
21
2879
0
LINE
8
RUNNING_GEAR
10
2944
20
2879
11
2944
21
2911
0
LINE
8
RUNNING_GEAR
10
2944
20
2911
11
2912
21
2911
0
LINE
8
RUNNING_GEAR
10
2912
20
2911
11
2912
21
2879
0
LINE
8
RUNNING_GEAR
10
2958
20
2799.326
11
2990
21
2799.326
0
LINE
8
RUNNING_GEAR
10
2990
20
2799.326
11
2990
21
2831.326
0
LINE
8
RUNNING_GEAR
10
2990
20
2831.326
11
2958
21
2831.326
0
LINE
8
RUNNING_GEAR
10
2958
20
2831.326
11
2958
21
2799.326
0
LINE
8
RUNNING_GEAR
10
3050
20
2799.326
11
3082
21
2799.326
0
LINE
8
RUNNING_GEAR
10
3082
20
2799.326
11
3082
21
2831.326
0
LINE
8
RUNNING_GEAR
10
3082
20
2831.326
11
3050
21
2831.326
0
LINE
8
RUNNING_GEAR
10
3050
20
2831.326
11
3050
21
2799.326
0
LINE
8
RUNNING_GEAR
10
2792.5
20
2667.5
11
3247.5
21
2667.5
0
LINE
8
RUNNING_GEAR
10
3247.5
20
2667.5
11
3247.5
21
3122.5
0
LINE
8
RUNNING_GEAR
10
3247.5
20
3122.5
11
2792.5
21
3122.5
0
LINE
8
RUNNING_GEAR
10
2792.5
20
3122.5
11
2792.5
21
2667.5
0
LINE
8
RUNNING_GEAR
10
2862.5
20
2737.5
11
3177.5
21
2737.5
0
LINE
8
RUNNING_GEAR
10
3177.5
20
2737.5
11
3177.5
21
3052.5
0
LINE
8
RUNNING_GEAR
10
3177.5
20
3052.5
11
2862.5
21
3052.5
0
LINE
8
RUNNING_GEAR
10
2862.5
20
3052.5
11
2862.5
21
2737.5
0
LINE
8
RUNNING_GEAR
10
3139
20
3029
11
3161
21
3029
0
LINE
8
RUNNING_GEAR
10
3161
20
3029
11
3161
21
3051
0
LINE
8
RUNNING_GEAR
10
3161
20
3051
11
3139
21
3051
0
LINE
8
RUNNING_GEAR
10
3139
20
3051
11
3139
21
3029
0
LINE
8
RUNNING_GEAR
10
3096
20
2879
11
3128
21
2879
0
LINE
8
RUNNING_GEAR
10
3128
20
2879
11
3128
21
2911
0
LINE
8
RUNNING_GEAR
10
3128
20
2911
11
3096
21
2911
0
LINE
8
RUNNING_GEAR
10
3096
20
2911
11
3096
21
2879
0
LINE
8
RUNNING_GEAR
10
3050
20
2958.674
11
3082
21
2958.674
0
LINE
8
RUNNING_GEAR
10
3082
20
2958.674
11
3082
21
2990.674
0
LINE
8
RUNNING_GEAR
10
3082
20
2990.674
11
3050
21
2990.674
0
LINE
8
RUNNING_GEAR
10
3050
20
2990.674
11
3050
21
2958.674
0
LINE
8
RUNNING_GEAR
10
2958
20
2958.674
11
2990
21
2958.674
0
LINE
8
RUNNING_GEAR
10
2990
20
2958.674
11
2990
21
2990.674
0
LINE
8
RUNNING_GEAR
10
2990
20
2990.674
11
2958
21
2990.674
0
LINE
8
RUNNING_GEAR
10
2958
20
2990.674
11
2958
21
2958.674
0
LINE
8
RUNNING_GEAR
10
2912
20
2879
11
2944
21
2879
0
LINE
8
RUNNING_GEAR
10
2944
20
2879
11
2944
21
2911
0
LINE
8
RUNNING_GEAR
10
2944
20
2911
11
2912
21
2911
0
LINE
8
RUNNING_GEAR
10
2912
20
2911
11
2912
21
2879
0
LINE
8
RUNNING_GEAR
10
2958
20
2799.326
11
2990
21
2799.326
0
LINE
8
RUNNING_GEAR
10
2990
20
2799.326
11
2990
21
2831.326
0
LINE
8
RUNNING_GEAR
10
2990
20
2831.326
11
2958
21
2831.326
0
LINE
8
RUNNING_GEAR
10
2958
20
2831.326
11
2958
21
2799.326
0
LINE
8
RUNNING_GEAR
10
3050
20
2799.326
11
3082
21
2799.326
0
LINE
8
RUNNING_GEAR
10
3082
20
2799.326
11
3082
21
2831.326
0
LINE
8
RUNNING_GEAR
10
3082
20
2831.326
11
3050
21
2831.326
0
LINE
8
RUNNING_GEAR
10
3050
20
2831.326
11
3050
21
2799.326
0
LINE
8
BRAKE_SYSTEM
10
355
20
3066
11
2005
21
3066
0
LINE
8
BRAKE_SYSTEM
10
2005
20
3066
11
2005
21
3084
0
LINE
8
BRAKE_SYSTEM
10
2005
20
3084
11
355
21
3084
0
LINE
8
BRAKE_SYSTEM
10
355
20
3084
11
355
21
3066
0
LINE
8
BRAKE_SYSTEM
10
1570
20
3066
11
3070
21
3066
0
LINE
8
BRAKE_SYSTEM
10
3070
20
3066
11
3070
21
3084
0
LINE
8
BRAKE_SYSTEM
10
3070
20
3084
11
1570
21
3084
0
LINE
8
BRAKE_SYSTEM
10
1570
20
3084
11
1570
21
3066
0
LINE
8
BRAKE_SYSTEM
10
3011
20
3011
11
3029
21
3011
0
LINE
8
BRAKE_SYSTEM
10
3029
20
3011
11
3029
21
3029
0
LINE
8
BRAKE_SYSTEM
10
3029
20
3029
11
3011
21
3029
0
LINE
8
BRAKE_SYSTEM
10
3011
20
3029
11
3011
21
3011
0
LINE
8
BRAKE_SYSTEM
10
1305
20
3034
11
1955
21
3034
0
LINE
8
BRAKE_SYSTEM
10
1955
20
3034
11
1955
21
3056
0
LINE
8
BRAKE_SYSTEM
10
1955
20
3056
11
1305
21
3056
0
LINE
8
BRAKE_SYSTEM
10
1305
20
3056
11
1305
21
3034
0
LINE
8
BRAKE_SYSTEM
10
2295
20
3048
11
2470
21
3048
0
LINE
8
BRAKE_SYSTEM
10
2470
20
3048
11
2470
21
3072
0
LINE
8
BRAKE_SYSTEM
10
2470
20
3072
11
2295
21
3072
0
LINE
8
BRAKE_SYSTEM
10
2295
20
3072
11
2295
21
3048
0
LINE
8
BRAKE_SYSTEM
10
2367
20
3035
11
2393
21
3035
0
LINE
8
BRAKE_SYSTEM
10
2393
20
3035
11
2393
21
3061
0
LINE
8
BRAKE_SYSTEM
10
2393
20
3061
11
2367
21
3061
0
LINE
8
BRAKE_SYSTEM
10
2367
20
3061
11
2367
21
3035
0
LINE
8
BRAKE_SYSTEM
10
2305
20
3024
11
3065
21
3024
0
LINE
8
BRAKE_SYSTEM
10
3065
20
3024
11
3065
21
3046
0
LINE
8
BRAKE_SYSTEM
10
3065
20
3046
11
2305
21
3046
0
LINE
8
BRAKE_SYSTEM
10
2305
20
3046
11
2305
21
3024
0
LINE
8
BRAKE_SYSTEM
10
3035
20
3048
11
3101
21
3048
0
LINE
8
BRAKE_SYSTEM
10
3101
20
3048
11
3101
21
3082
0
LINE
8
BRAKE_SYSTEM
10
3101
20
3082
11
3035
21
3082
0
LINE
8
BRAKE_SYSTEM
10
3035
20
3082
11
3035
21
3048
0
LINE
8
BRAKE_SYSTEM
10
2860
20
3085
11
3030
21
3085
0
LINE
8
BRAKE_SYSTEM
10
3030
20
3085
11
3030
21
3119
0
LINE
8
BRAKE_SYSTEM
10
3030
20
3119
11
2860
21
3119
0
LINE
8
BRAKE_SYSTEM
10
2860
20
3119
11
2860
21
3085
0
LINE
8
BRAKE_SYSTEM
10
2485
20
3045
11
2523
21
3045
0
LINE
8
BRAKE_SYSTEM
10
2523
20
3045
11
2523
21
3079
0
LINE
8
BRAKE_SYSTEM
10
2523
20
3079
11
2485
21
3079
0
LINE
8
BRAKE_SYSTEM
10
2485
20
3079
11
2485
21
3045
0
LINE
8
BRAKE_SYSTEM
10
2805
20
3045
11
2843
21
3045
0
LINE
8
BRAKE_SYSTEM
10
2843
20
3045
11
2843
21
3079
0
LINE
8
BRAKE_SYSTEM
10
2843
20
3079
11
2805
21
3079
0
LINE
8
BRAKE_SYSTEM
10
2805
20
3079
11
2805
21
3045
0
LINE
8
BRAKE_SYSTEM
10
2305
20
3024
11
3065
21
3024
0
LINE
8
BRAKE_SYSTEM
10
3065
20
3024
11
3065
21
3046
0
LINE
8
BRAKE_SYSTEM
10
3065
20
3046
11
2305
21
3046
0
LINE
8
BRAKE_SYSTEM
10
2305
20
3046
11
2305
21
3024
0
LINE
8
BRAKE_SYSTEM
10
3035
20
3048
11
3101
21
3048
0
LINE
8
BRAKE_SYSTEM
10
3101
20
3048
11
3101
21
3082
0
LINE
8
BRAKE_SYSTEM
10
3101
20
3082
11
3035
21
3082
0
LINE
8
BRAKE_SYSTEM
10
3035
20
3082
11
3035
21
3048
0
LINE
8
BRAKE_SYSTEM
10
2860
20
3085
11
3030
21
3085
0
LINE
8
BRAKE_SYSTEM
10
3030
20
3085
11
3030
21
3119
0
LINE
8
BRAKE_SYSTEM
10
3030
20
3119
11
2860
21
3119
0
LINE
8
BRAKE_SYSTEM
10
2860
20
3119
11
2860
21
3085
0
LINE
8
BRAKE_SYSTEM
10
2485
20
3045
11
2523
21
3045
0
LINE
8
BRAKE_SYSTEM
10
2523
20
3045
11
2523
21
3079
0
LINE
8
BRAKE_SYSTEM
10
2523
20
3079
11
2485
21
3079
0
LINE
8
BRAKE_SYSTEM
10
2485
20
3079
11
2485
21
3045
0
LINE
8
BRAKE_SYSTEM
10
2805
20
3045
11
2843
21
3045
0
LINE
8
BRAKE_SYSTEM
10
2843
20
3045
11
2843
21
3079
0
LINE
8
BRAKE_SYSTEM
10
2843
20
3079
11
2805
21
3079
0
LINE
8
BRAKE_SYSTEM
10
2805
20
3079
11
2805
21
3045
0
LINE
8
BODY
10
1250
20
3160
11
2350
21
3160
0
LINE
8
BODY
10
2350
20
3160
11
2350
21
3395
0
LINE
8
BODY
10
2350
20
3395
11
1250
21
3395
0
LINE
8
BODY
10
1250
20
3395
11
1250
21
3160
0
LINE
8
BODY
10
2060
20
3190
11
3240
21
3190
0
LINE
8
BODY
10
3240
20
3190
11
3240
21
3232
0
LINE
8
BODY
10
3240
20
3232
11
2060
21
3232
0
LINE
8
BODY
10
2060
20
3232
11
2060
21
3190
0
LINE
8
BODY
10
2050
20
3240
11
3280
21
3240
0
LINE
8
BODY
10
3280
20
3240
11
3280
21
3282
0
LINE
8
BODY
10
3280
20
3282
11
2050
21
3282
0
LINE
8
BODY
10
2050
20
3282
11
2050
21
3240
0
LINE
8
BODY
10
2050
20
3240
11
3280
21
3240
0
LINE
8
BODY
10
3280
20
3240
11
3280
21
3282
0
LINE
8
BODY
10
3280
20
3282
11
2050
21
3282
0
LINE
8
BODY
10
2050
20
3282
11
2050
21
3240
0
LINE
8
BODY
10
2050
20
3240
11
3280
21
3240
0
LINE
8
BODY
10
3280
20
3240
11
3280
21
3282
0
LINE
8
BODY
10
3280
20
3282
11
2050
21
3282
0
LINE
8
BODY
10
2050
20
3282
11
2050
21
3240
0
LINE
8
BODY
10
2050
20
3240
11
3280
21
3240
0
LINE
8
BODY
10
3280
20
3240
11
3280
21
3282
0
LINE
8
BODY
10
3280
20
3282
11
2050
21
3282
0
LINE
8
BODY
10
2050
20
3282
11
2050
21
3240
0
LINE
8
BODY
10
2050
20
3240
11
3280
21
3240
0
LINE
8
BODY
10
3280
20
3240
11
3280
21
3282
0
LINE
8
BODY
10
3280
20
3282
11
2050
21
3282
0
LINE
8
BODY
10
2050
20
3282
11
2050
21
3240
0
LINE
8
BODY
10
980
20
3235
11
1022
21
3235
0
LINE
8
BODY
10
1022
20
3235
11
1022
21
3269
0
LINE
8
BODY
10
1022
20
3269
11
980
21
3269
0
LINE
8
BODY
10
980
20
3269
11
980
21
3235
0
LINE
8
BODY
10
1280
20
3235
11
1322
21
3235
0
LINE
8
BODY
10
1322
20
3235
11
1322
21
3269
0
LINE
8
BODY
10
1322
20
3269
11
1280
21
3269
0
LINE
8
BODY
10
1280
20
3269
11
1280
21
3235
0
LINE
8
BODY
10
1730
20
3235
11
1772
21
3235
0
LINE
8
BODY
10
1772
20
3235
11
1772
21
3269
0
LINE
8
BODY
10
1772
20
3269
11
1730
21
3269
0
LINE
8
BODY
10
1730
20
3269
11
1730
21
3235
0
LINE
8
BODY
10
2140
20
3235
11
2182
21
3235
0
LINE
8
BODY
10
2182
20
3235
11
2182
21
3269
0
LINE
8
BODY
10
2182
20
3269
11
2140
21
3269
0
LINE
8
BODY
10
2140
20
3269
11
2140
21
3235
0
LINE
8
BODY
10
2570
20
3235
11
2612
21
3235
0
LINE
8
BODY
10
2612
20
3235
11
2612
21
3269
0
LINE
8
BODY
10
2612
20
3269
11
2570
21
3269
0
LINE
8
BODY
10
2570
20
3269
11
2570
21
3235
0
LINE
8
BODY
10
3020
20
3235
11
3062
21
3235
0
LINE
8
BODY
10
3062
20
3235
11
3062
21
3269
0
LINE
8
BODY
10
3062
20
3269
11
3020
21
3269
0
LINE
8
BODY
10
3020
20
3269
11
3020
21
3235
0
LINE
8
BODY
10
365
20
3245
11
1105
21
3245
0
LINE
8
BODY
10
1105
20
3245
11
1105
21
3650
0
LINE
8
BODY
10
1105
20
3650
11
365
21
3650
0
LINE
8
BODY
10
365
20
3650
11
365
21
3245
0
LINE
8
BODY
10
2690
20
3245
11
3380
21
3245
0
LINE
8
BODY
10
3380
20
3245
11
3380
21
3655
0
LINE
8
BODY
10
3380
20
3655
11
2690
21
3655
0
LINE
8
BODY
10
2690
20
3655
11
2690
21
3245
0
LINE
8
BODY
10
2655
20
3255
11
3405
21
3255
0
LINE
8
BODY
10
3405
20
3255
11
3405
21
3640
0
LINE
8
BODY
10
3405
20
3640
11
2655
21
3640
0
LINE
8
BODY
10
2655
20
3640
11
2655
21
3255
0
LINE
8
BODY
10
1960
20
3822
11
3490
21
3822
0
LINE
8
BODY
10
3490
20
3822
11
3490
21
3880
0
LINE
8
BODY
10
3490
20
3880
11
1960
21
3880
0
LINE
8
BODY
10
1960
20
3880
11
1960
21
3822
0
LINE
8
BODY
10
1235
20
3345
11
1960
21
3345
0
LINE
8
BODY
10
1960
20
3345
11
1960
21
3450
0
LINE
8
BODY
10
1960
20
3450
11
1235
21
3450
0
LINE
8
BODY
10
1235
20
3450
11
1235
21
3345
0
LINE
8
BODY
10
1130
20
3280
11
1148
21
3280
0
LINE
8
BODY
10
1148
20
3280
11
1148
21
4060
0
LINE
8
BODY
10
1148
20
4060
11
1130
21
4060
0
LINE
8
BODY
10
1130
20
4060
11
1130
21
3280
0
LINE
8
BODY
10
1940
20
3280
11
1958
21
3280
0
LINE
8
BODY
10
1958
20
3280
11
1958
21
4060
0
LINE
8
BODY
10
1958
20
4060
11
1940
21
4060
0
LINE
8
BODY
10
1940
20
4060
11
1940
21
3280
0
LINE
8
BODY
10
1210
20
3740
11
1420
21
3740
0
LINE
8
BODY
10
1420
20
3740
11
1420
21
3772
0
LINE
8
BODY
10
1420
20
3772
11
1210
21
3772
0
LINE
8
BODY
10
1210
20
3772
11
1210
21
3740
0
LINE
8
BODY
10
1405
20
3695
11
1540
21
3695
0
LINE
8
BODY
10
1540
20
3695
11
1540
21
3805
0
LINE
8
BODY
10
1540
20
3805
11
1405
21
3805
0
LINE
8
BODY
10
1405
20
3805
11
1405
21
3695
0
LINE
8
BODY
10
2877.5
20
3507.5
11
2992.5
21
3507.5
0
LINE
8
BODY
10
2992.5
20
3507.5
11
2992.5
21
3622.5
0
LINE
8
BODY
10
2992.5
20
3622.5
11
2877.5
21
3622.5
0
LINE
8
BODY
10
2877.5
20
3622.5
11
2877.5
21
3507.5
0
LINE
8
BODY
10
365
20
3245
11
1105
21
3245
0
LINE
8
BODY
10
1105
20
3245
11
1105
21
3650
0
LINE
8
BODY
10
1105
20
3650
11
365
21
3650
0
LINE
8
BODY
10
365
20
3650
11
365
21
3245
0
LINE
8
BODY
10
2690
20
3245
11
3380
21
3245
0
LINE
8
BODY
10
3380
20
3245
11
3380
21
3655
0
LINE
8
BODY
10
3380
20
3655
11
2690
21
3655
0
LINE
8
BODY
10
2690
20
3655
11
2690
21
3245
0
LINE
8
BODY
10
2655
20
3255
11
3405
21
3255
0
LINE
8
BODY
10
3405
20
3255
11
3405
21
3640
0
LINE
8
BODY
10
3405
20
3640
11
2655
21
3640
0
LINE
8
BODY
10
2655
20
3640
11
2655
21
3255
0
LINE
8
BODY
10
1960
20
3822
11
3490
21
3822
0
LINE
8
BODY
10
3490
20
3822
11
3490
21
3880
0
LINE
8
BODY
10
3490
20
3880
11
1960
21
3880
0
LINE
8
BODY
10
1960
20
3880
11
1960
21
3822
0
LINE
8
BODY
10
1235
20
3345
11
1960
21
3345
0
LINE
8
BODY
10
1960
20
3345
11
1960
21
3450
0
LINE
8
BODY
10
1960
20
3450
11
1235
21
3450
0
LINE
8
BODY
10
1235
20
3450
11
1235
21
3345
0
LINE
8
BODY
10
1130
20
3280
11
1148
21
3280
0
LINE
8
BODY
10
1148
20
3280
11
1148
21
4060
0
LINE
8
BODY
10
1148
20
4060
11
1130
21
4060
0
LINE
8
BODY
10
1130
20
4060
11
1130
21
3280
0
LINE
8
BODY
10
1940
20
3280
11
1958
21
3280
0
LINE
8
BODY
10
1958
20
3280
11
1958
21
4060
0
LINE
8
BODY
10
1958
20
4060
11
1940
21
4060
0
LINE
8
BODY
10
1940
20
4060
11
1940
21
3280
0
LINE
8
BODY
10
1210
20
3740
11
1420
21
3740
0
LINE
8
BODY
10
1420
20
3740
11
1420
21
3772
0
LINE
8
BODY
10
1420
20
3772
11
1210
21
3772
0
LINE
8
BODY
10
1210
20
3772
11
1210
21
3740
0
LINE
8
BODY
10
1405
20
3695
11
1540
21
3695
0
LINE
8
BODY
10
1540
20
3695
11
1540
21
3805
0
LINE
8
BODY
10
1540
20
3805
11
1405
21
3805
0
LINE
8
BODY
10
1405
20
3805
11
1405
21
3695
0
LINE
8
BODY
10
2877.5
20
3507.5
11
2992.5
21
3507.5
0
LINE
8
BODY
10
2992.5
20
3507.5
11
2992.5
21
3622.5
0
LINE
8
BODY
10
2992.5
20
3622.5
11
2877.5
21
3622.5
0
LINE
8
BODY
10
2877.5
20
3622.5
11
2877.5
21
3507.5
0
LINE
8
BODY
10
3429
20
3273
11
3471
21
3273
0
LINE
8
BODY
10
3471
20
3273
11
3471
21
3327
0
LINE
8
BODY
10
3471
20
3327
11
3429
21
3327
0
LINE
8
BODY
10
3429
20
3327
11
3429
21
3273
0
LINE
8
BODY
10
3429
20
3658
11
3471
21
3658
0
LINE
8
BODY
10
3471
20
3658
11
3471
21
3712
0
LINE
8
BODY
10
3471
20
3712
11
3429
21
3712
0
LINE
8
BODY
10
3429
20
3712
11
3429
21
3658
0
LINE
8
BODY
10
3429
20
3658
11
3471
21
3658
0
LINE
8
BODY
10
3471
20
3658
11
3471
21
3712
0
LINE
8
BODY
10
3471
20
3712
11
3429
21
3712
0
LINE
8
BODY
10
3429
20
3712
11
3429
21
3658
0
LINE
8
BODY
10
3429
20
3273
11
3471
21
3273
0
LINE
8
BODY
10
3471
20
3273
11
3471
21
3327
0
LINE
8
BODY
10
3471
20
3327
11
3429
21
3327
0
LINE
8
BODY
10
3429
20
3327
11
3429
21
3273
0
LINE
8
BODY
10
3438
20
3300
11
3476
21
3300
0
LINE
8
BODY
10
3476
20
3300
11
3476
21
3435
0
LINE
8
BODY
10
3476
20
3435
11
3438
21
3435
0
LINE
8
BODY
10
3438
20
3435
11
3438
21
3300
0
LINE
8
BODY
10
3438
20
3615
11
3476
21
3615
0
LINE
8
BODY
10
3476
20
3615
11
3476
21
3735
0
LINE
8
BODY
10
3476
20
3735
11
3438
21
3735
0
LINE
8
BODY
10
3438
20
3735
11
3438
21
3615
0
LINE
8
BODY
10
3490
20
3160
11
3720
21
3160
0
LINE
8
BODY
10
3720
20
3160
11
3720
21
3880
0
LINE
8
BODY
10
3720
20
3880
11
3490
21
3880
0
LINE
8
BODY
10
3490
20
3880
11
3490
21
3160
0
LINE
8
BODY
10
3492.5
20
3327.5
11
3737.5
21
3327.5
0
LINE
8
BODY
10
3737.5
20
3327.5
11
3737.5
21
3712.5
0
LINE
8
BODY
10
3737.5
20
3712.5
11
3492.5
21
3712.5
0
LINE
8
BODY
10
3492.5
20
3712.5
11
3492.5
21
3327.5
0
LINE
8
BODY
10
3520
20
3300
11
3575
21
3300
0
LINE
8
BODY
10
3575
20
3300
11
3575
21
3880
0
LINE
8
BODY
10
3575
20
3880
11
3520
21
3880
0
LINE
8
BODY
10
3520
20
3880
11
3520
21
3300
0
LINE
8
BODY
10
3515
20
3515
11
3570
21
3515
0
LINE
8
BODY
10
3570
20
3515
11
3570
21
3570
0
LINE
8
BODY
10
3570
20
3570
11
3515
21
3570
0
LINE
8
BODY
10
3515
20
3570
11
3515
21
3515
0
LINE
8
BODY
10
3451
20
3381
11
3489
21
3381
0
LINE
8
BODY
10
3489
20
3381
11
3489
21
3479
0
LINE
8
BODY
10
3489
20
3479
11
3451
21
3479
0
LINE
8
BODY
10
3451
20
3479
11
3451
21
3381
0
LINE
8
BODY
10
3451
20
3381
11
3489
21
3381
0
LINE
8
BODY
10
3489
20
3381
11
3489
21
3479
0
LINE
8
BODY
10
3489
20
3479
11
3451
21
3479
0
LINE
8
BODY
10
3451
20
3479
11
3451
21
3381
0
LINE
8
BODY
10
3505
20
3195
11
3529
21
3195
0
LINE
8
BODY
10
3529
20
3195
11
3529
21
3365
0
LINE
8
BODY
10
3529
20
3365
11
3505
21
3365
0
LINE
8
BODY
10
3505
20
3365
11
3505
21
3195
0
LINE
8
FRONT_DETAIL
10
82
20
3342
11
108
21
3342
0
LINE
8
FRONT_DETAIL
10
108
20
3342
11
108
21
3572
0
LINE
8
FRONT_DETAIL
10
108
20
3572
11
82
21
3572
0
LINE
8
FRONT_DETAIL
10
82
20
3572
11
82
21
3342
0
LINE
8
FRONT_DETAIL
10
82
20
3342
11
108
21
3342
0
LINE
8
FRONT_DETAIL
10
108
20
3342
11
108
21
3572
0
LINE
8
FRONT_DETAIL
10
108
20
3572
11
82
21
3572
0
LINE
8
FRONT_DETAIL
10
82
20
3572
11
82
21
3342
0
LINE
8
FRONT_DETAIL
10
82
20
3342
11
108
21
3342
0
LINE
8
FRONT_DETAIL
10
108
20
3342
11
108
21
3572
0
LINE
8
FRONT_DETAIL
10
108
20
3572
11
82
21
3572
0
LINE
8
FRONT_DETAIL
10
82
20
3572
11
82
21
3342
0
LINE
8
FRONT_DETAIL
10
82
20
3342
11
108
21
3342
0
LINE
8
FRONT_DETAIL
10
108
20
3342
11
108
21
3572
0
LINE
8
FRONT_DETAIL
10
108
20
3572
11
82
21
3572
0
LINE
8
FRONT_DETAIL
10
82
20
3572
11
82
21
3342
0
LINE
8
FRONT_DETAIL
10
82
20
3342
11
108
21
3342
0
LINE
8
FRONT_DETAIL
10
108
20
3342
11
108
21
3572
0
LINE
8
FRONT_DETAIL
10
108
20
3572
11
82
21
3572
0
LINE
8
FRONT_DETAIL
10
82
20
3572
11
82
21
3342
0
LINE
8
FRONT_DETAIL
10
82
20
3342
11
108
21
3342
0
LINE
8
FRONT_DETAIL
10
108
20
3342
11
108
21
3572
0
LINE
8
FRONT_DETAIL
10
108
20
3572
11
82
21
3572
0
LINE
8
FRONT_DETAIL
10
82
20
3572
11
82
21
3342
0
LINE
8
FRONT_DETAIL
10
82
20
3342
11
108
21
3342
0
LINE
8
FRONT_DETAIL
10
108
20
3342
11
108
21
3572
0
LINE
8
FRONT_DETAIL
10
108
20
3572
11
82
21
3572
0
LINE
8
FRONT_DETAIL
10
82
20
3572
11
82
21
3342
0
LINE
8
FRONT_DETAIL
10
66
20
3350
11
94
21
3350
0
LINE
8
FRONT_DETAIL
10
94
20
3350
11
94
21
3620
0
LINE
8
FRONT_DETAIL
10
94
20
3620
11
66
21
3620
0
LINE
8
FRONT_DETAIL
10
66
20
3620
11
66
21
3350
0
LINE
8
FRONT_DETAIL
10
147
20
3464
11
229
21
3464
0
LINE
8
FRONT_DETAIL
10
229
20
3464
11
229
21
3546
0
LINE
8
FRONT_DETAIL
10
229
20
3546
11
147
21
3546
0
LINE
8
FRONT_DETAIL
10
147
20
3546
11
147
21
3464
0
LINE
8
FRONT_DETAIL
10
66
20
3350
11
94
21
3350
0
LINE
8
FRONT_DETAIL
10
94
20
3350
11
94
21
3620
0
LINE
8
FRONT_DETAIL
10
94
20
3620
11
66
21
3620
0
LINE
8
FRONT_DETAIL
10
66
20
3620
11
66
21
3350
0
LINE
8
FRONT_DETAIL
10
147
20
3464
11
229
21
3464
0
LINE
8
FRONT_DETAIL
10
229
20
3464
11
229
21
3546
0
LINE
8
FRONT_DETAIL
10
229
20
3546
11
147
21
3546
0
LINE
8
FRONT_DETAIL
10
147
20
3546
11
147
21
3464
0
LINE
8
FRONT_DETAIL
10
5
20
3150
11
27
21
3150
0
LINE
8
FRONT_DETAIL
10
27
20
3150
11
27
21
3320
0
LINE
8
FRONT_DETAIL
10
27
20
3320
11
5
21
3320
0
LINE
8
FRONT_DETAIL
10
5
20
3320
11
5
21
3150
0
LINE
8
FRONT_DETAIL
10
40
20
3025
11
190
21
3025
0
LINE
8
FRONT_DETAIL
10
190
20
3025
11
190
21
3155
0
LINE
8
FRONT_DETAIL
10
190
20
3155
11
40
21
3155
0
LINE
8
FRONT_DETAIL
10
40
20
3155
11
40
21
3025
0
LINE
8
FRONT_DETAIL
10
40
20
3025
11
190
21
3025
0
LINE
8
FRONT_DETAIL
10
190
20
3025
11
190
21
3155
0
LINE
8
FRONT_DETAIL
10
190
20
3155
11
40
21
3155
0
LINE
8
FRONT_DETAIL
10
40
20
3155
11
40
21
3025
0
LINE
8
BODY
10
320
20
3777
11
1080
21
3777
0
LINE
8
BODY
10
1080
20
3777
11
1080
21
3825
0
LINE
8
BODY
10
1080
20
3825
11
320
21
3825
0
LINE
8
BODY
10
320
20
3825
11
320
21
3777
0
LINE
8
BODY
10
330
20
3765
11
1060
21
3765
0
LINE
8
BODY
10
1060
20
3765
11
1060
21
3803
0
LINE
8
BODY
10
1060
20
3803
11
330
21
3803
0
LINE
8
BODY
10
330
20
3803
11
330
21
3765
0
LINE
8
BODY
10
330
20
3765
11
1060
21
3765
0
LINE
8
BODY
10
1060
20
3765
11
1060
21
3803
0
LINE
8
BODY
10
1060
20
3803
11
330
21
3803
0
LINE
8
BODY
10
330
20
3803
11
330
21
3765
0
LINE
8
BODY
10
810
20
3710
11
898
21
3710
0
LINE
8
BODY
10
898
20
3710
11
898
21
3768
0
LINE
8
BODY
10
898
20
3768
11
810
21
3768
0
LINE
8
BODY
10
810
20
3768
11
810
21
3710
0
LINE
8
BODY
10
1020
20
3835
11
1170
21
3835
0
LINE
8
BODY
10
1170
20
3835
11
1170
21
3861
0
LINE
8
BODY
10
1170
20
3861
11
1020
21
3861
0
LINE
8
BODY
10
1020
20
3861
11
1020
21
3835
0
LINE
8
BODY
10
1122
20
3870
11
1152
21
3870
0
LINE
8
BODY
10
1152
20
3870
11
1152
21
4340
0
LINE
8
BODY
10
1152
20
4340
11
1122
21
4340
0
LINE
8
BODY
10
1122
20
4340
11
1122
21
3870
0
LINE
8
BODY
10
810
20
3710
11
898
21
3710
0
LINE
8
BODY
10
898
20
3710
11
898
21
3768
0
LINE
8
BODY
10
898
20
3768
11
810
21
3768
0
LINE
8
BODY
10
810
20
3768
11
810
21
3710
0
LINE
8
BODY
10
1020
20
3835
11
1170
21
3835
0
LINE
8
BODY
10
1170
20
3835
11
1170
21
3861
0
LINE
8
BODY
10
1170
20
3861
11
1020
21
3861
0
LINE
8
BODY
10
1020
20
3861
11
1020
21
3835
0
LINE
8
BODY
10
1122
20
3870
11
1152
21
3870
0
LINE
8
BODY
10
1152
20
3870
11
1152
21
4340
0
LINE
8
BODY
10
1152
20
4340
11
1122
21
4340
0
LINE
8
BODY
10
1122
20
4340
11
1122
21
3870
0
LINE
8
BODY
10
1122
20
4298
11
1152
21
4298
0
LINE
8
BODY
10
1152
20
4298
11
1152
21
4343
0
LINE
8
BODY
10
1152
20
4343
11
1122
21
4343
0
LINE
8
BODY
10
1122
20
4343
11
1122
21
4298
0
LINE
8
BODY
10
1122
20
3860
11
1152
21
3860
0
LINE
8
BODY
10
1152
20
3860
11
1152
21
3902
0
LINE
8
BODY
10
1152
20
3902
11
1122
21
3902
0
LINE
8
BODY
10
1122
20
3902
11
1122
21
3860
0
LINE
8
HARD_TOP
10
1290
20
4310
11
1335
21
4310
0
LINE
8
HARD_TOP
10
1335
20
4310
11
1335
21
4352
0
LINE
8
HARD_TOP
10
1335
20
4352
11
1290
21
4352
0
LINE
8
HARD_TOP
10
1290
20
4352
11
1290
21
4310
0
LINE
8
HARD_TOP
10
1273
20
3630
11
1307
21
3630
0
LINE
8
HARD_TOP
10
1307
20
3630
11
1307
21
4270
0
LINE
8
HARD_TOP
10
1307
20
4270
11
1273
21
4270
0
LINE
8
HARD_TOP
10
1273
20
4270
11
1273
21
3630
0
LINE
8
HARD_TOP
10
1273
20
3630
11
1307
21
3630
0
LINE
8
HARD_TOP
10
1307
20
3630
11
1307
21
4270
0
LINE
8
HARD_TOP
10
1307
20
4270
11
1273
21
4270
0
LINE
8
HARD_TOP
10
1273
20
4270
11
1273
21
3630
0
LINE
8
HARD_TOP
10
1960
20
4310
11
2005
21
4310
0
LINE
8
HARD_TOP
10
2005
20
4310
11
2005
21
4352
0
LINE
8
HARD_TOP
10
2005
20
4352
11
1960
21
4352
0
LINE
8
HARD_TOP
10
1960
20
4352
11
1960
21
4310
0
LINE
8
HARD_TOP
10
1943
20
3630
11
1977
21
3630
0
LINE
8
HARD_TOP
10
1977
20
3630
11
1977
21
4270
0
LINE
8
HARD_TOP
10
1977
20
4270
11
1943
21
4270
0
LINE
8
HARD_TOP
10
1943
20
4270
11
1943
21
3630
0
LINE
8
HARD_TOP
10
1943
20
3630
11
1977
21
3630
0
LINE
8
HARD_TOP
10
1977
20
3630
11
1977
21
4270
0
LINE
8
HARD_TOP
10
1977
20
4270
11
1943
21
4270
0
LINE
8
HARD_TOP
10
1943
20
4270
11
1943
21
3630
0
LINE
8
HARD_TOP
10
2640
20
4310
11
2685
21
4310
0
LINE
8
HARD_TOP
10
2685
20
4310
11
2685
21
4352
0
LINE
8
HARD_TOP
10
2685
20
4352
11
2640
21
4352
0
LINE
8
HARD_TOP
10
2640
20
4352
11
2640
21
4310
0
LINE
8
HARD_TOP
10
2623
20
3630
11
2657
21
3630
0
LINE
8
HARD_TOP
10
2657
20
3630
11
2657
21
4270
0
LINE
8
HARD_TOP
10
2657
20
4270
11
2623
21
4270
0
LINE
8
HARD_TOP
10
2623
20
4270
11
2623
21
3630
0
LINE
8
HARD_TOP
10
2623
20
3630
11
2657
21
3630
0
LINE
8
HARD_TOP
10
2657
20
3630
11
2657
21
4270
0
LINE
8
HARD_TOP
10
2657
20
4270
11
2623
21
4270
0
LINE
8
HARD_TOP
10
2623
20
4270
11
2623
21
3630
0
LINE
8
HARD_TOP
10
3300
20
4310
11
3345
21
4310
0
LINE
8
HARD_TOP
10
3345
20
4310
11
3345
21
4352
0
LINE
8
HARD_TOP
10
3345
20
4352
11
3300
21
4352
0
LINE
8
HARD_TOP
10
3300
20
4352
11
3300
21
4310
0
LINE
8
HARD_TOP
10
3283
20
3630
11
3317
21
3630
0
LINE
8
HARD_TOP
10
3317
20
3630
11
3317
21
4270
0
LINE
8
HARD_TOP
10
3317
20
4270
11
3283
21
4270
0
LINE
8
HARD_TOP
10
3283
20
4270
11
3283
21
3630
0
LINE
8
HARD_TOP
10
3283
20
3630
11
3317
21
3630
0
LINE
8
HARD_TOP
10
3317
20
3630
11
3317
21
4270
0
LINE
8
HARD_TOP
10
3317
20
4270
11
3283
21
4270
0
LINE
8
HARD_TOP
10
3283
20
4270
11
3283
21
3630
0
LINE
8
HARD_TOP
10
1240
20
3788
11
3440
21
3788
0
LINE
8
HARD_TOP
10
3440
20
3788
11
3440
21
3834
0
LINE
8
HARD_TOP
10
3440
20
3834
11
1240
21
3834
0
LINE
8
HARD_TOP
10
1240
20
3834
11
1240
21
3788
0
LINE
8
HARD_TOP
10
1420
20
3935
11
1955
21
3935
0
LINE
8
HARD_TOP
10
1955
20
3935
11
1955
21
4290
0
LINE
8
HARD_TOP
10
1955
20
4290
11
1420
21
4290
0
LINE
8
HARD_TOP
10
1420
20
4290
11
1420
21
3935
0
LINE
8
HARD_TOP
10
2190
20
3935
11
2840
21
3935
0
LINE
8
HARD_TOP
10
2840
20
3935
11
2840
21
4290
0
LINE
8
HARD_TOP
10
2840
20
4290
11
2190
21
4290
0
LINE
8
HARD_TOP
10
2190
20
4290
11
2190
21
3935
0
LINE
8
HARD_TOP
10
1320
20
3820
11
1342
21
3820
0
LINE
8
HARD_TOP
10
1342
20
3820
11
1342
21
4390
0
LINE
8
HARD_TOP
10
1342
20
4390
11
1320
21
4390
0
LINE
8
HARD_TOP
10
1320
20
4390
11
1320
21
3820
0
LINE
8
HARD_TOP
10
1820
20
3820
11
1842
21
3820
0
LINE
8
HARD_TOP
10
1842
20
3820
11
1842
21
4390
0
LINE
8
HARD_TOP
10
1842
20
4390
11
1820
21
4390
0
LINE
8
HARD_TOP
10
1820
20
4390
11
1820
21
3820
0
LINE
8
HARD_TOP
10
2500
20
3820
11
2522
21
3820
0
LINE
8
HARD_TOP
10
2522
20
3820
11
2522
21
4390
0
LINE
8
HARD_TOP
10
2522
20
4390
11
2500
21
4390
0
LINE
8
HARD_TOP
10
2500
20
4390
11
2500
21
3820
0
LINE
8
HARD_TOP
10
3180
20
3820
11
3202
21
3820
0
LINE
8
HARD_TOP
10
3202
20
3820
11
3202
21
4390
0
LINE
8
HARD_TOP
10
3202
20
4390
11
3180
21
4390
0
LINE
8
HARD_TOP
10
3180
20
4390
11
3180
21
3820
0
LINE
8
BODY
10
1540
20
3120
11
2660
21
3120
0
LINE
8
BODY
10
2660
20
3120
11
2660
21
3175
0
LINE
8
BODY
10
2660
20
3175
11
1540
21
3175
0
LINE
8
BODY
10
1540
20
3175
11
1540
21
3120
0
LINE
8
BODY
10
2925
20
3480
11
3045
21
3480
0
LINE
8
BODY
10
3045
20
3480
11
3045
21
3522
0
LINE
8
BODY
10
3045
20
3522
11
2925
21
3522
0
LINE
8
BODY
10
2925
20
3522
11
2925
21
3480
0
LINE
8
HARD_TOP
10
1240
20
3788
11
3440
21
3788
0
LINE
8
HARD_TOP
10
3440
20
3788
11
3440
21
3834
0
LINE
8
HARD_TOP
10
3440
20
3834
11
1240
21
3834
0
LINE
8
HARD_TOP
10
1240
20
3834
11
1240
21
3788
0
LINE
8
HARD_TOP
10
1420
20
3935
11
1955
21
3935
0
LINE
8
HARD_TOP
10
1955
20
3935
11
1955
21
4290
0
LINE
8
HARD_TOP
10
1955
20
4290
11
1420
21
4290
0
LINE
8
HARD_TOP
10
1420
20
4290
11
1420
21
3935
0
LINE
8
HARD_TOP
10
2190
20
3935
11
2840
21
3935
0
LINE
8
HARD_TOP
10
2840
20
3935
11
2840
21
4290
0
LINE
8
HARD_TOP
10
2840
20
4290
11
2190
21
4290
0
LINE
8
HARD_TOP
10
2190
20
4290
11
2190
21
3935
0
LINE
8
HARD_TOP
10
1320
20
3820
11
1342
21
3820
0
LINE
8
HARD_TOP
10
1342
20
3820
11
1342
21
4390
0
LINE
8
HARD_TOP
10
1342
20
4390
11
1320
21
4390
0
LINE
8
HARD_TOP
10
1320
20
4390
11
1320
21
3820
0
LINE
8
HARD_TOP
10
1820
20
3820
11
1842
21
3820
0
LINE
8
HARD_TOP
10
1842
20
3820
11
1842
21
4390
0
LINE
8
HARD_TOP
10
1842
20
4390
11
1820
21
4390
0
LINE
8
HARD_TOP
10
1820
20
4390
11
1820
21
3820
0
LINE
8
HARD_TOP
10
2500
20
3820
11
2522
21
3820
0
LINE
8
HARD_TOP
10
2522
20
3820
11
2522
21
4390
0
LINE
8
HARD_TOP
10
2522
20
4390
11
2500
21
4390
0
LINE
8
HARD_TOP
10
2500
20
4390
11
2500
21
3820
0
LINE
8
HARD_TOP
10
3180
20
3820
11
3202
21
3820
0
LINE
8
HARD_TOP
10
3202
20
3820
11
3202
21
4390
0
LINE
8
HARD_TOP
10
3202
20
4390
11
3180
21
4390
0
LINE
8
HARD_TOP
10
3180
20
4390
11
3180
21
3820
0
LINE
8
BODY
10
1540
20
3120
11
2660
21
3120
0
LINE
8
BODY
10
2660
20
3120
11
2660
21
3175
0
LINE
8
BODY
10
2660
20
3175
11
1540
21
3175
0
LINE
8
BODY
10
1540
20
3175
11
1540
21
3120
0
LINE
8
BODY
10
2925
20
3480
11
3045
21
3480
0
LINE
8
BODY
10
3045
20
3480
11
3045
21
3522
0
LINE
8
BODY
10
3045
20
3522
11
2925
21
3522
0
LINE
8
BODY
10
2925
20
3522
11
2925
21
3480
0
LINE
8
HARD_TOP
10
3470
20
3960
11
3498
21
3960
0
LINE
8
HARD_TOP
10
3498
20
3960
11
3498
21
4290
0
LINE
8
HARD_TOP
10
3498
20
4290
11
3470
21
4290
0
LINE
8
HARD_TOP
10
3470
20
4290
11
3470
21
3960
0
LINE
8
HARD_TOP
10
3485
20
3970
11
3503
21
3970
0
LINE
8
HARD_TOP
10
3503
20
3970
11
3503
21
4245
0
LINE
8
HARD_TOP
10
3503
20
4245
11
3485
21
4245
0
LINE
8
HARD_TOP
10
3485
20
4245
11
3485
21
3970
0
LINE
8
HARD_TOP
10
3500
20
3915
11
3528
21
3915
0
LINE
8
HARD_TOP
10
3528
20
3915
11
3528
21
4215
0
LINE
8
HARD_TOP
10
3528
20
4215
11
3500
21
4215
0
LINE
8
HARD_TOP
10
3500
20
4215
11
3500
21
3915
0
LINE
8
HARD_TOP
10
3500
20
3915
11
3528
21
3915
0
LINE
8
HARD_TOP
10
3528
20
3915
11
3528
21
4215
0
LINE
8
HARD_TOP
10
3528
20
4215
11
3500
21
4215
0
LINE
8
HARD_TOP
10
3500
20
4215
11
3500
21
3915
0
LINE
8
HARD_TOP
10
3500
20
3915
11
3528
21
3915
0
LINE
8
HARD_TOP
10
3528
20
3915
11
3528
21
4215
0
LINE
8
HARD_TOP
10
3528
20
4215
11
3500
21
4215
0
LINE
8
HARD_TOP
10
3500
20
4215
11
3500
21
3915
0
LINE
8
HARD_TOP
10
3500
20
3915
11
3528
21
3915
0
LINE
8
HARD_TOP
10
3528
20
3915
11
3528
21
4215
0
LINE
8
HARD_TOP
10
3528
20
4215
11
3500
21
4215
0
LINE
8
HARD_TOP
10
3500
20
4215
11
3500
21
3915
0
LINE
8
INTERIOR
10
1212
20
3615
11
1247
21
3615
0
LINE
8
INTERIOR
10
1247
20
3615
11
1247
21
3765
0
LINE
8
INTERIOR
10
1247
20
3765
11
1212
21
3765
0
LINE
8
INTERIOR
10
1212
20
3765
11
1212
21
3615
0
LINE
8
INTERIOR
10
1208
20
3628
11
1244
21
3628
0
LINE
8
INTERIOR
10
1244
20
3628
11
1244
21
3798
0
LINE
8
INTERIOR
10
1244
20
3798
11
1208
21
3798
0
LINE
8
INTERIOR
10
1208
20
3798
11
1208
21
3628
0
LINE
8
INTERIOR
10
1187
20
3533
11
1213
21
3533
0
LINE
8
INTERIOR
10
1213
20
3533
11
1213
21
3567
0
LINE
8
INTERIOR
10
1213
20
3567
11
1187
21
3567
0
LINE
8
INTERIOR
10
1187
20
3567
11
1187
21
3533
0
LINE
8
INTERIOR
10
1187
20
3533
11
1213
21
3533
0
LINE
8
INTERIOR
10
1213
20
3533
11
1213
21
3567
0
LINE
8
INTERIOR
10
1213
20
3567
11
1187
21
3567
0
LINE
8
INTERIOR
10
1187
20
3567
11
1187
21
3533
0
LINE
8
INTERIOR
10
1187
20
3533
11
1213
21
3533
0
LINE
8
INTERIOR
10
1213
20
3533
11
1213
21
3567
0
LINE
8
INTERIOR
10
1213
20
3567
11
1187
21
3567
0
LINE
8
INTERIOR
10
1187
20
3567
11
1187
21
3533
0
LINE
8
INTERIOR
10
1187
20
3533
11
1213
21
3533
0
LINE
8
INTERIOR
10
1213
20
3533
11
1213
21
3567
0
LINE
8
INTERIOR
10
1213
20
3567
11
1187
21
3567
0
LINE
8
INTERIOR
10
1187
20
3567
11
1187
21
3533
0
LINE
8
INTERIOR
10
1187
20
3533
11
1213
21
3533
0
LINE
8
INTERIOR
10
1213
20
3533
11
1213
21
3567
0
LINE
8
INTERIOR
10
1213
20
3567
11
1187
21
3567
0
LINE
8
INTERIOR
10
1187
20
3567
11
1187
21
3533
0
LINE
8
INTERIOR
10
1188
20
3533
11
1212
21
3533
0
LINE
8
INTERIOR
10
1212
20
3533
11
1212
21
3563
0
LINE
8
INTERIOR
10
1212
20
3563
11
1188
21
3563
0
LINE
8
INTERIOR
10
1188
20
3563
11
1188
21
3533
0
LINE
8
INTERIOR
10
1188
20
3533
11
1212
21
3533
0
LINE
8
INTERIOR
10
1212
20
3533
11
1212
21
3563
0
LINE
8
INTERIOR
10
1212
20
3563
11
1188
21
3563
0
LINE
8
INTERIOR
10
1188
20
3563
11
1188
21
3533
0
LINE
8
INTERIOR
10
1188
20
3533
11
1212
21
3533
0
LINE
8
INTERIOR
10
1212
20
3533
11
1212
21
3563
0
LINE
8
INTERIOR
10
1212
20
3563
11
1188
21
3563
0
LINE
8
INTERIOR
10
1188
20
3563
11
1188
21
3533
0
LINE
8
INTERIOR
10
1188
20
3533
11
1212
21
3533
0
LINE
8
INTERIOR
10
1212
20
3533
11
1212
21
3563
0
LINE
8
INTERIOR
10
1212
20
3563
11
1188
21
3563
0
LINE
8
INTERIOR
10
1188
20
3563
11
1188
21
3533
0
LINE
8
INTERIOR
10
1216
20
3705
11
1250
21
3705
0
LINE
8
INTERIOR
10
1250
20
3705
11
1250
21
3723
0
LINE
8
INTERIOR
10
1250
20
3723
11
1216
21
3723
0
LINE
8
INTERIOR
10
1216
20
3723
11
1216
21
3705
0
LINE
8
INTERIOR
10
1216
20
3705
11
1250
21
3705
0
LINE
8
INTERIOR
10
1250
20
3705
11
1250
21
3723
0
LINE
8
INTERIOR
10
1250
20
3723
11
1216
21
3723
0
LINE
8
INTERIOR
10
1216
20
3723
11
1216
21
3705
0
LINE
8
INTERIOR
10
1216
20
3705
11
1250
21
3705
0
LINE
8
INTERIOR
10
1250
20
3705
11
1250
21
3723
0
LINE
8
INTERIOR
10
1250
20
3723
11
1216
21
3723
0
LINE
8
INTERIOR
10
1216
20
3723
11
1216
21
3705
0
LINE
8
INTERIOR
10
1340
20
3205
11
1430
21
3205
0
LINE
8
INTERIOR
10
1430
20
3205
11
1430
21
3315
0
LINE
8
INTERIOR
10
1430
20
3315
11
1340
21
3315
0
LINE
8
INTERIOR
10
1340
20
3315
11
1340
21
3205
0
LINE
8
INTERIOR
10
1289
20
3200
11
1311
21
3200
0
LINE
8
INTERIOR
10
1311
20
3200
11
1311
21
3440
0
LINE
8
INTERIOR
10
1311
20
3440
11
1289
21
3440
0
LINE
8
INTERIOR
10
1289
20
3440
11
1289
21
3200
0
LINE
8
INTERIOR
10
1340
20
3205
11
1430
21
3205
0
LINE
8
INTERIOR
10
1430
20
3205
11
1430
21
3315
0
LINE
8
INTERIOR
10
1430
20
3315
11
1340
21
3315
0
LINE
8
INTERIOR
10
1340
20
3315
11
1340
21
3205
0
LINE
8
INTERIOR
10
1289
20
3200
11
1311
21
3200
0
LINE
8
INTERIOR
10
1311
20
3200
11
1311
21
3440
0
LINE
8
INTERIOR
10
1311
20
3440
11
1289
21
3440
0
LINE
8
INTERIOR
10
1289
20
3440
11
1289
21
3200
0
LINE
8
INTERIOR
10
1340
20
3205
11
1430
21
3205
0
LINE
8
INTERIOR
10
1430
20
3205
11
1430
21
3315
0
LINE
8
INTERIOR
10
1430
20
3315
11
1340
21
3315
0
LINE
8
INTERIOR
10
1340
20
3315
11
1340
21
3205
0
LINE
8
INTERIOR
10
1289
20
3200
11
1311
21
3200
0
LINE
8
INTERIOR
10
1311
20
3200
11
1311
21
3440
0
LINE
8
INTERIOR
10
1311
20
3440
11
1289
21
3440
0
LINE
8
INTERIOR
10
1289
20
3440
11
1289
21
3200
0
LINE
8
INTERIOR
10
1195
20
3350
11
1290
21
3350
0
LINE
8
INTERIOR
10
1290
20
3350
11
1290
21
3600
0
LINE
8
INTERIOR
10
1290
20
3600
11
1195
21
3600
0
LINE
8
INTERIOR
10
1195
20
3600
11
1195
21
3350
0
LINE
8
INTERIOR
10
1215
20
3540
11
1277
21
3540
0
LINE
8
INTERIOR
10
1277
20
3540
11
1277
21
3606
0
LINE
8
INTERIOR
10
1277
20
3606
11
1215
21
3606
0
LINE
8
INTERIOR
10
1215
20
3606
11
1215
21
3540
0
LINE
8
INTERIOR
10
1118
20
3455
11
1166
21
3455
0
LINE
8
INTERIOR
10
1166
20
3455
11
1166
21
3585
0
LINE
8
INTERIOR
10
1166
20
3585
11
1118
21
3585
0
LINE
8
INTERIOR
10
1118
20
3585
11
1118
21
3455
0
LINE
8
INTERIOR
10
1244
20
3444
11
1276
21
3444
0
LINE
8
INTERIOR
10
1276
20
3444
11
1276
21
3476
0
LINE
8
INTERIOR
10
1276
20
3476
11
1244
21
3476
0
LINE
8
INTERIOR
10
1244
20
3476
11
1244
21
3444
0
LINE
8
INTERIOR
10
1244
20
3444
11
1276
21
3444
0
LINE
8
INTERIOR
10
1276
20
3444
11
1276
21
3476
0
LINE
8
INTERIOR
10
1276
20
3476
11
1244
21
3476
0
LINE
8
INTERIOR
10
1244
20
3476
11
1244
21
3444
0
LINE
8
INTERIOR
10
1225
20
3375
11
1277
21
3375
0
LINE
8
INTERIOR
10
1277
20
3375
11
1277
21
3500
0
LINE
8
INTERIOR
10
1277
20
3500
11
1225
21
3500
0
LINE
8
INTERIOR
10
1225
20
3500
11
1225
21
3375
0
LINE
8
INTERIOR
10
1214
20
3709
11
1236
21
3709
0
LINE
8
INTERIOR
10
1236
20
3709
11
1236
21
3731
0
LINE
8
INTERIOR
10
1236
20
3731
11
1214
21
3731
0
LINE
8
INTERIOR
10
1214
20
3731
11
1214
21
3709
0
LINE
8
INTERIOR
10
1290
20
3235
11
1360
21
3235
0
LINE
8
INTERIOR
10
1360
20
3235
11
1360
21
3269
0
LINE
8
INTERIOR
10
1360
20
3269
11
1290
21
3269
0
LINE
8
INTERIOR
10
1290
20
3269
11
1290
21
3235
0
LINE
8
INTERIOR
10
1744
20
3110
11
1776
21
3110
0
LINE
8
INTERIOR
10
1776
20
3110
11
1776
21
3470
0
LINE
8
INTERIOR
10
1776
20
3470
11
1744
21
3470
0
LINE
8
INTERIOR
10
1744
20
3470
11
1744
21
3110
0
LINE
8
INTERIOR
10
1457
20
3630
11
1543
21
3630
0
LINE
8
INTERIOR
10
1543
20
3630
11
1543
21
3690
0
LINE
8
INTERIOR
10
1543
20
3690
11
1457
21
3690
0
LINE
8
INTERIOR
10
1457
20
3690
11
1457
21
3630
0
LINE
8
INTERIOR
10
1542
20
3582.5
11
1618
21
3582.5
0
LINE
8
INTERIOR
10
1618
20
3582.5
11
1618
21
3637.5
0
LINE
8
INTERIOR
10
1618
20
3637.5
11
1542
21
3637.5
0
LINE
8
INTERIOR
10
1542
20
3637.5
11
1542
21
3582.5
0
LINE
8
INTERIOR
10
1515
20
3175
11
2060
21
3175
0
LINE
8
INTERIOR
10
2060
20
3175
11
2060
21
3217
0
LINE
8
INTERIOR
10
2060
20
3217
11
1515
21
3217
0
LINE
8
INTERIOR
10
1515
20
3217
11
1515
21
3175
0
LINE
8
INTERIOR
10
1515
20
3175
11
2060
21
3175
0
LINE
8
INTERIOR
10
2060
20
3175
11
2060
21
3217
0
LINE
8
INTERIOR
10
2060
20
3217
11
1515
21
3217
0
LINE
8
INTERIOR
10
1515
20
3217
11
1515
21
3175
0
LINE
8
INTERIOR
10
2350
20
3175
11
2895
21
3175
0
LINE
8
INTERIOR
10
2895
20
3175
11
2895
21
3217
0
LINE
8
INTERIOR
10
2895
20
3217
11
2350
21
3217
0
LINE
8
INTERIOR
10
2350
20
3217
11
2350
21
3175
0
LINE
8
INTERIOR
10
2350
20
3175
11
2895
21
3175
0
LINE
8
INTERIOR
10
2895
20
3175
11
2895
21
3217
0
LINE
8
INTERIOR
10
2895
20
3217
11
2350
21
3217
0
LINE
8
INTERIOR
10
2350
20
3217
11
2350
21
3175
0
LINE
8
INTERIOR
10
1730
20
3350
11
1792
21
3350
0
LINE
8
INTERIOR
10
1792
20
3350
11
1792
21
3495
0
LINE
8
INTERIOR
10
1792
20
3495
11
1730
21
3495
0
LINE
8
INTERIOR
10
1730
20
3495
11
1730
21
3350
0
LINE
8
INTERIOR
10
1848
20
3580
11
1872
21
3580
0
LINE
8
INTERIOR
10
1872
20
3580
11
1872
21
3608
0
LINE
8
INTERIOR
10
1872
20
3608
11
1848
21
3608
0
LINE
8
INTERIOR
10
1848
20
3608
11
1848
21
3580
0
LINE
8
INTERIOR
10
1350
20
3223
11
2110
21
3223
0
LINE
8
INTERIOR
10
2110
20
3223
11
2110
21
3245
0
LINE
8
INTERIOR
10
2110
20
3245
11
1350
21
3245
0
LINE
8
INTERIOR
10
1350
20
3245
11
1350
21
3223
0
LINE
8
INTERIOR
10
1515
20
3175
11
2060
21
3175
0
LINE
8
INTERIOR
10
2060
20
3175
11
2060
21
3217
0
LINE
8
INTERIOR
10
2060
20
3217
11
1515
21
3217
0
LINE
8
INTERIOR
10
1515
20
3217
11
1515
21
3175
0
LINE
8
INTERIOR
10
1515
20
3175
11
2060
21
3175
0
LINE
8
INTERIOR
10
2060
20
3175
11
2060
21
3217
0
LINE
8
INTERIOR
10
2060
20
3217
11
1515
21
3217
0
LINE
8
INTERIOR
10
1515
20
3217
11
1515
21
3175
0
LINE
8
INTERIOR
10
2350
20
3175
11
2895
21
3175
0
LINE
8
INTERIOR
10
2895
20
3175
11
2895
21
3217
0
LINE
8
INTERIOR
10
2895
20
3217
11
2350
21
3217
0
LINE
8
INTERIOR
10
2350
20
3217
11
2350
21
3175
0
LINE
8
INTERIOR
10
2350
20
3175
11
2895
21
3175
0
LINE
8
INTERIOR
10
2895
20
3175
11
2895
21
3217
0
LINE
8
INTERIOR
10
2895
20
3217
11
2350
21
3217
0
LINE
8
INTERIOR
10
2350
20
3217
11
2350
21
3175
0
LINE
8
INTERIOR
10
1730
20
3350
11
1792
21
3350
0
LINE
8
INTERIOR
10
1792
20
3350
11
1792
21
3495
0
LINE
8
INTERIOR
10
1792
20
3495
11
1730
21
3495
0
LINE
8
INTERIOR
10
1730
20
3495
11
1730
21
3350
0
LINE
8
INTERIOR
10
1848
20
3580
11
1872
21
3580
0
LINE
8
INTERIOR
10
1872
20
3580
11
1872
21
3608
0
LINE
8
INTERIOR
10
1872
20
3608
11
1848
21
3608
0
LINE
8
INTERIOR
10
1848
20
3608
11
1848
21
3580
0
LINE
8
INTERIOR
10
1350
20
3223
11
2110
21
3223
0
LINE
8
INTERIOR
10
2110
20
3223
11
2110
21
3245
0
LINE
8
INTERIOR
10
2110
20
3245
11
1350
21
3245
0
LINE
8
INTERIOR
10
1350
20
3245
11
1350
21
3223
0
LINE
8
INTERIOR
10
2220
20
3248
11
3270
21
3248
0
LINE
8
INTERIOR
10
3270
20
3248
11
3270
21
3270
0
LINE
8
INTERIOR
10
3270
20
3270
11
2220
21
3270
0
LINE
8
INTERIOR
10
2220
20
3270
11
2220
21
3248
0
LINE
8
INTERIOR
10
2510
20
3345
11
3120
21
3345
0
LINE
8
INTERIOR
10
3120
20
3345
11
3120
21
3369
0
LINE
8
INTERIOR
10
3120
20
3369
11
2510
21
3369
0
LINE
8
INTERIOR
10
2510
20
3369
11
2510
21
3345
0
LINE
8
ENGINE_BAY
10
269
20
3442.5
11
331
21
3442.5
0
LINE
8
ENGINE_BAY
10
331
20
3442.5
11
331
21
3577.5
0
LINE
8
ENGINE_BAY
10
331
20
3577.5
11
269
21
3577.5
0
LINE
8
ENGINE_BAY
10
269
20
3577.5
11
269
21
3442.5
0
LINE
8
ENGINE_BAY
10
286
20
3492
11
324
21
3492
0
LINE
8
ENGINE_BAY
10
324
20
3492
11
324
21
3528
0
LINE
8
ENGINE_BAY
10
324
20
3528
11
286
21
3528
0
LINE
8
ENGINE_BAY
10
286
20
3528
11
286
21
3492
0
LINE
8
ENGINE_BAY
10
286
20
3673.865
11
324
21
3673.865
0
LINE
8
ENGINE_BAY
10
324
20
3673.865
11
324
21
3709.865
0
LINE
8
ENGINE_BAY
10
324
20
3709.865
11
286
21
3709.865
0
LINE
8
ENGINE_BAY
10
286
20
3709.865
11
286
21
3673.865
0
LINE
8
ENGINE_BAY
10
286
20
3673.865
11
324
21
3673.865
0
LINE
8
ENGINE_BAY
10
324
20
3673.865
11
324
21
3709.865
0
LINE
8
ENGINE_BAY
10
324
20
3709.865
11
286
21
3709.865
0
LINE
8
ENGINE_BAY
10
286
20
3709.865
11
286
21
3673.865
0
LINE
8
ENGINE_BAY
10
286
20
3492
11
324
21
3492
0
LINE
8
ENGINE_BAY
10
324
20
3492
11
324
21
3528
0
LINE
8
ENGINE_BAY
10
324
20
3528
11
286
21
3528
0
LINE
8
ENGINE_BAY
10
286
20
3528
11
286
21
3492
0
LINE
8
ENGINE_BAY
10
286
20
3310.135
11
324
21
3310.135
0
LINE
8
ENGINE_BAY
10
324
20
3310.135
11
324
21
3346.135
0
LINE
8
ENGINE_BAY
10
324
20
3346.135
11
286
21
3346.135
0
LINE
8
ENGINE_BAY
10
286
20
3346.135
11
286
21
3310.135
0
LINE
8
ENGINE_BAY
10
286
20
3310.135
11
324
21
3310.135
0
LINE
8
ENGINE_BAY
10
324
20
3310.135
11
324
21
3346.135
0
LINE
8
ENGINE_BAY
10
324
20
3346.135
11
286
21
3346.135
0
LINE
8
ENGINE_BAY
10
286
20
3346.135
11
286
21
3310.135
0
LINE
8
ENGINE_BAY
10
355
20
3277.5
11
415
21
3277.5
0
LINE
8
ENGINE_BAY
10
415
20
3277.5
11
415
21
3422.5
0
LINE
8
ENGINE_BAY
10
415
20
3422.5
11
355
21
3422.5
0
LINE
8
ENGINE_BAY
10
355
20
3422.5
11
355
21
3277.5
0
LINE
8
ENGINE_BAY
10
333
20
3447.5
11
387
21
3447.5
0
LINE
8
ENGINE_BAY
10
387
20
3447.5
11
387
21
3572.5
0
LINE
8
ENGINE_BAY
10
387
20
3572.5
11
333
21
3572.5
0
LINE
8
ENGINE_BAY
10
333
20
3572.5
11
333
21
3447.5
0
LINE
8
ENGINE_BAY
10
350
20
3510
11
376
21
3510
0
LINE
8
ENGINE_BAY
10
376
20
3510
11
376
21
3780
0
LINE
8
ENGINE_BAY
10
376
20
3780
11
350
21
3780
0
LINE
8
ENGINE_BAY
10
350
20
3780
11
350
21
3510
0
LINE
8
ENGINE_BAY
10
385
20
3350
11
411
21
3350
0
LINE
8
ENGINE_BAY
10
411
20
3350
11
411
21
3585
0
LINE
8
ENGINE_BAY
10
411
20
3585
11
385
21
3585
0
LINE
8
ENGINE_BAY
10
385
20
3585
11
385
21
3350
0
LINE
8
ENGINE_BAY
10
455
20
3415
11
675
21
3415
0
LINE
8
ENGINE_BAY
10
675
20
3415
11
675
21
3605
0
LINE
8
ENGINE_BAY
10
675
20
3605
11
455
21
3605
0
LINE
8
ENGINE_BAY
10
455
20
3605
11
455
21
3415
0
LINE
8
ENGINE_BAY
10
575
20
3102.5
11
885
21
3102.5
0
LINE
8
ENGINE_BAY
10
885
20
3102.5
11
885
21
3257.5
0
LINE
8
ENGINE_BAY
10
885
20
3257.5
11
575
21
3257.5
0
LINE
8
ENGINE_BAY
10
575
20
3257.5
11
575
21
3102.5
0
LINE
8
ENGINE_BAY
10
560
20
3495
11
1020
21
3495
0
LINE
8
ENGINE_BAY
10
1020
20
3495
11
1020
21
3610
0
LINE
8
ENGINE_BAY
10
1020
20
3610
11
560
21
3610
0
LINE
8
ENGINE_BAY
10
560
20
3610
11
560
21
3495
0
LINE
8
ENGINE_BAY
10
575
20
3400
11
1075
21
3400
0
LINE
8
ENGINE_BAY
10
1075
20
3400
11
1075
21
3545
0
LINE
8
ENGINE_BAY
10
1075
20
3545
11
575
21
3545
0
LINE
8
ENGINE_BAY
10
575
20
3545
11
575
21
3400
0
LINE
8
ENGINE_BAY
10
685
20
3580
11
805
21
3580
0
LINE
8
ENGINE_BAY
10
805
20
3580
11
805
21
3750
0
LINE
8
ENGINE_BAY
10
805
20
3750
11
685
21
3750
0
LINE
8
ENGINE_BAY
10
685
20
3750
11
685
21
3580
0
LINE
8
ENGINE_BAY
10
630
20
3716
11
890
21
3716
0
LINE
8
ENGINE_BAY
10
890
20
3716
11
890
21
3784
0
LINE
8
ENGINE_BAY
10
890
20
3784
11
630
21
3784
0
LINE
8
ENGINE_BAY
10
630
20
3784
11
630
21
3716
0
LINE
8
ENGINE_BAY
10
1002.5
20
3430
11
1147.5
21
3430
0
LINE
8
ENGINE_BAY
10
1147.5
20
3430
11
1147.5
21
3690
0
LINE
8
ENGINE_BAY
10
1147.5
20
3690
11
1002.5
21
3690
0
LINE
8
ENGINE_BAY
10
1002.5
20
3690
11
1002.5
21
3430
0
LINE
8
ENGINE_BAY
10
830
20
3514
11
1060
21
3514
0
LINE
8
ENGINE_BAY
10
1060
20
3514
11
1060
21
3606
0
LINE
8
ENGINE_BAY
10
1060
20
3606
11
830
21
3606
0
LINE
8
ENGINE_BAY
10
830
20
3606
11
830
21
3514
0
LINE
8
ENGINE_BAY
10
945
20
3535
11
1155
21
3535
0
LINE
8
ENGINE_BAY
10
1155
20
3535
11
1155
21
3611
0
LINE
8
ENGINE_BAY
10
1155
20
3611
11
945
21
3611
0
LINE
8
ENGINE_BAY
10
945
20
3611
11
945
21
3535
0
LINE
8
ENGINE_BAY
10
1112
20
3395
11
1154
21
3395
0
LINE
8
ENGINE_BAY
10
1154
20
3395
11
1154
21
3695
0
LINE
8
ENGINE_BAY
10
1154
20
3695
11
1112
21
3695
0
LINE
8
ENGINE_BAY
10
1112
20
3695
11
1112
21
3395
0
LINE
8
ENGINE_BAY
10
1110
20
3515
11
1158
21
3515
0
LINE
8
ENGINE_BAY
10
1158
20
3515
11
1158
21
3765
0
LINE
8
ENGINE_BAY
10
1158
20
3765
11
1110
21
3765
0
LINE
8
ENGINE_BAY
10
1110
20
3765
11
1110
21
3515
0
LINE
8
ENGINE_BAY
10
820
20
3612.5
11
930
21
3612.5
0
LINE
8
ENGINE_BAY
10
930
20
3612.5
11
930
21
3717.5
0
LINE
8
ENGINE_BAY
10
930
20
3717.5
11
820
21
3717.5
0
LINE
8
ENGINE_BAY
10
820
20
3717.5
11
820
21
3612.5
0
LINE
8
ENGINE_BAY
10
834
20
3713
11
916
21
3713
0
LINE
8
ENGINE_BAY
10
916
20
3713
11
916
21
3737
0
LINE
8
ENGINE_BAY
10
916
20
3737
11
834
21
3737
0
LINE
8
ENGINE_BAY
10
834
20
3737
11
834
21
3713
0
LINE
8
ENGINE_BAY
10
585
20
3613
11
1055
21
3613
0
LINE
8
ENGINE_BAY
10
1055
20
3613
11
1055
21
3647
0
LINE
8
ENGINE_BAY
10
1055
20
3647
11
585
21
3647
0
LINE
8
ENGINE_BAY
10
585
20
3647
11
585
21
3613
0
LINE
8
ENGINE_BAY
10
875
20
3617
11
945
21
3617
0
LINE
8
ENGINE_BAY
10
945
20
3617
11
945
21
3643
0
LINE
8
ENGINE_BAY
10
945
20
3643
11
875
21
3643
0
LINE
8
ENGINE_BAY
10
875
20
3643
11
875
21
3617
0
LINE
8
ENGINE_BAY
10
570
20
3473
11
1090
21
3473
0
LINE
8
ENGINE_BAY
10
1090
20
3473
11
1090
21
3487
0
LINE
8
ENGINE_BAY
10
1090
20
3487
11
570
21
3487
0
LINE
8
ENGINE_BAY
10
570
20
3487
11
570
21
3473
0
LINE
8
ENGINE_BAY
10
840
20
3458
11
1180
21
3458
0
LINE
8
ENGINE_BAY
10
1180
20
3458
11
1180
21
3502
0
LINE
8
ENGINE_BAY
10
1180
20
3502
11
840
21
3502
0
LINE
8
ENGINE_BAY
10
840
20
3502
11
840
21
3458
0
LINE
8
ENGINE_BAY
10
811
20
3417
11
869
21
3417
0
LINE
8
ENGINE_BAY
10
869
20
3417
11
869
21
3493
0
LINE
8
ENGINE_BAY
10
869
20
3493
11
811
21
3493
0
LINE
8
ENGINE_BAY
10
811
20
3493
11
811
21
3417
0
LINE
8
ENGINE_BAY
10
510
20
3330
11
870
21
3330
0
LINE
8
ENGINE_BAY
10
870
20
3330
11
870
21
3370
0
LINE
8
ENGINE_BAY
10
870
20
3370
11
510
21
3370
0
LINE
8
ENGINE_BAY
10
510
20
3370
11
510
21
3330
0
LINE
8
ENGINE_BAY
10
570
20
3265
11
880
21
3265
0
LINE
8
ENGINE_BAY
10
880
20
3265
11
880
21
3470
0
LINE
8
ENGINE_BAY
10
880
20
3470
11
570
21
3470
0
LINE
8
ENGINE_BAY
10
570
20
3470
11
570
21
3265
0
LINE
8
ENGINE_BAY
10
605
20
3462
11
639
21
3462
0
LINE
8
ENGINE_BAY
10
639
20
3462
11
639
21
3508
0
LINE
8
ENGINE_BAY
10
639
20
3508
11
605
21
3508
0
LINE
8
ENGINE_BAY
10
605
20
3508
11
605
21
3462
0
LINE
8
ENGINE_BAY
10
795
20
3462
11
829
21
3462
0
LINE
8
ENGINE_BAY
10
829
20
3462
11
829
21
3508
0
LINE
8
ENGINE_BAY
10
829
20
3508
11
795
21
3508
0
LINE
8
ENGINE_BAY
10
795
20
3508
11
795
21
3462
0
LINE
8
ENGINE_BAY
10
450
20
3503
11
970
21
3503
0
LINE
8
ENGINE_BAY
10
970
20
3503
11
970
21
3527
0
LINE
8
ENGINE_BAY
10
970
20
3527
11
450
21
3527
0
LINE
8
ENGINE_BAY
10
450
20
3527
11
450
21
3503
0
LINE
8
ENGINE_BAY
10
157.5
20
3547.5
11
252.5
21
3547.5
0
LINE
8
ENGINE_BAY
10
252.5
20
3547.5
11
252.5
21
3642.5
0
LINE
8
ENGINE_BAY
10
252.5
20
3642.5
11
157.5
21
3642.5
0
LINE
8
ENGINE_BAY
10
157.5
20
3642.5
11
157.5
21
3547.5
0
LINE
8
ENGINE_BAY
10
162.5
20
3177.5
11
247.5
21
3177.5
0
LINE
8
ENGINE_BAY
10
247.5
20
3177.5
11
247.5
21
3262.5
0
LINE
8
ENGINE_BAY
10
247.5
20
3262.5
11
162.5
21
3262.5
0
LINE
8
ENGINE_BAY
10
162.5
20
3262.5
11
162.5
21
3177.5
0
LINE
8
ENGINE_BAY
10
191
20
3637
11
245
21
3637
0
LINE
8
ENGINE_BAY
10
245
20
3637
11
245
21
3673
0
LINE
8
ENGINE_BAY
10
245
20
3673
11
191
21
3673
0
LINE
8
ENGINE_BAY
10
191
20
3673
11
191
21
3637
0
LINE
8
ENGINE_BAY
10
795
20
3350
11
955
21
3350
0
LINE
8
ENGINE_BAY
10
955
20
3350
11
955
21
3560
0
LINE
8
ENGINE_BAY
10
955
20
3560
11
795
21
3560
0
LINE
8
ENGINE_BAY
10
795
20
3560
11
795
21
3350
0
LINE
8
ENGINE_BAY
10
930
20
3430
11
1170
21
3430
0
LINE
8
ENGINE_BAY
10
1170
20
3430
11
1170
21
3650
0
LINE
8
ENGINE_BAY
10
1170
20
3650
11
930
21
3650
0
LINE
8
ENGINE_BAY
10
930
20
3650
11
930
21
3430
0
LINE
8
ENGINE_BAY
10
817
20
3516
11
863
21
3516
0
LINE
8
ENGINE_BAY
10
863
20
3516
11
863
21
3544
0
LINE
8
ENGINE_BAY
10
863
20
3544
11
817
21
3544
0
LINE
8
ENGINE_BAY
10
817
20
3544
11
817
21
3516
0
LINE
8
FUEL_SYSTEM
10
2870
20
2905
11
3520
21
2905
0
LINE
8
FUEL_SYSTEM
10
3520
20
2905
11
3520
21
3165
0
LINE
8
FUEL_SYSTEM
10
3520
20
3165
11
2870
21
3165
0
LINE
8
FUEL_SYSTEM
10
2870
20
3165
11
2870
21
2905
0
LINE
8
FUEL_SYSTEM
10
2780
20
3055
11
2822
21
3055
0
LINE
8
FUEL_SYSTEM
10
2822
20
3055
11
2822
21
3093
0
LINE
8
FUEL_SYSTEM
10
2822
20
3093
11
2780
21
3093
0
LINE
8
FUEL_SYSTEM
10
2780
20
3093
11
2780
21
3055
0
LINE
8
FUEL_SYSTEM
10
3020
20
3055
11
3062
21
3055
0
LINE
8
FUEL_SYSTEM
10
3062
20
3055
11
3062
21
3093
0
LINE
8
FUEL_SYSTEM
10
3062
20
3093
11
3020
21
3093
0
LINE
8
FUEL_SYSTEM
10
3020
20
3093
11
3020
21
3055
0
LINE
8
FUEL_SYSTEM
10
2962
20
3235
11
3038
21
3235
0
LINE
8
FUEL_SYSTEM
10
3038
20
3235
11
3038
21
3645
0
LINE
8
FUEL_SYSTEM
10
3038
20
3645
11
2962
21
3645
0
LINE
8
FUEL_SYSTEM
10
2962
20
3645
11
2962
21
3235
0
LINE
8
FUEL_SYSTEM
10
845
20
3052
11
2915
21
3052
0
LINE
8
FUEL_SYSTEM
10
2915
20
3052
11
2915
21
3068
0
LINE
8
FUEL_SYSTEM
10
2915
20
3068
11
845
21
3068
0
LINE
8
FUEL_SYSTEM
10
845
20
3068
11
845
21
3052
0
LINE
8
EXHAUST
10
395
20
2986
11
1345
21
2986
0
LINE
8
EXHAUST
10
1345
20
2986
11
1345
21
3054
0
LINE
8
EXHAUST
10
1345
20
3054
11
395
21
3054
0
LINE
8
EXHAUST
10
395
20
3054
11
395
21
2986
0
LINE
8
EXHAUST
10
1190
20
2936
11
2210
21
2936
0
LINE
8
EXHAUST
10
2210
20
2936
11
2210
21
3004
0
LINE
8
EXHAUST
10
2210
20
3004
11
1190
21
3004
0
LINE
8
EXHAUST
10
1190
20
3004
11
1190
21
2936
0
LINE
8
EXHAUST
10
2140
20
2939
11
3360
21
2939
0
LINE
8
EXHAUST
10
3360
20
2939
11
3360
21
3001
0
LINE
8
EXHAUST
10
3360
20
3001
11
2140
21
3001
0
LINE
8
EXHAUST
10
2140
20
3001
11
2140
21
2939
0
LINE
8
EXHAUST
10
1935
20
2840
11
2585
21
2840
0
LINE
8
EXHAUST
10
2585
20
2840
11
2585
21
3090
0
LINE
8
EXHAUST
10
2585
20
3090
11
1935
21
3090
0
LINE
8
EXHAUST
10
1935
20
3090
11
1935
21
2840
0
LINE
8
EXHAUST
10
1020
20
3090
11
1072
21
3090
0
LINE
8
EXHAUST
10
1072
20
3090
11
1072
21
3225
0
LINE
8
EXHAUST
10
1072
20
3225
11
1020
21
3225
0
LINE
8
EXHAUST
10
1020
20
3225
11
1020
21
3090
0
LINE
8
EXHAUST
10
2180
20
3090
11
2232
21
3090
0
LINE
8
EXHAUST
10
2232
20
3090
11
2232
21
3225
0
LINE
8
EXHAUST
10
2232
20
3225
11
2180
21
3225
0
LINE
8
EXHAUST
10
2180
20
3225
11
2180
21
3090
0
LINE
8
EXHAUST
10
3040
20
3090
11
3092
21
3090
0
LINE
8
EXHAUST
10
3092
20
3090
11
3092
21
3225
0
LINE
8
EXHAUST
10
3092
20
3225
11
3040
21
3225
0
LINE
8
EXHAUST
10
3040
20
3225
11
3040
21
3090
0
LINE
8
DATUM
10
735
20
2776
11
3020
21
2776
0
LINE
8
DATUM
10
3020
20
2776
11
3020
21
2794
0
LINE
8
DATUM
10
3020
20
2794
11
735
21
2794
0
LINE
8
DATUM
10
735
20
2794
11
735
21
2776
0
LINE
8
DATUM
10
735
20
2776
11
3020
21
2776
0
LINE
8
DATUM
10
3020
20
2776
11
3020
21
2794
0
LINE
8
DATUM
10
3020
20
2794
11
735
21
2794
0
LINE
8
DATUM
10
735
20
2794
11
735
21
2776
0
LINE
8
DATUM
10
726
20
2751
11
744
21
2751
0
LINE
8
DATUM
10
744
20
2751
11
744
21
2769
0
LINE
8
DATUM
10
744
20
2769
11
726
21
2769
0
LINE
8
DATUM
10
726
20
2769
11
726
21
2751
0
LINE
8
DATUM
10
3011
20
2751
11
3029
21
2751
0
LINE
8
DATUM
10
3029
20
2751
11
3029
21
2769
0
LINE
8
DATUM
10
3029
20
2769
11
3011
21
2769
0
LINE
8
DATUM
10
3011
20
2769
11
3011
21
2751
0
LINE
8
OVERALL
10
0
20
2500
11
3840
21
2500
0
LINE
8
OVERALL
10
3840
20
2500
11
3840
21
4450
0
LINE
8
OVERALL
10
3840
20
4450
11
0
21
4450
0
LINE
8
OVERALL
10
0
20
4450
11
0
21
2500
0
LINE
8
CHASSIS
10
4567.5
20
2930
11
4652.5
21
2930
0
LINE
8
CHASSIS
10
4652.5
20
2930
11
4652.5
21
3050
0
LINE
8
CHASSIS
10
4652.5
20
3050
11
4567.5
21
3050
0
LINE
8
CHASSIS
10
4567.5
20
3050
11
4567.5
21
2930
0
LINE
8
CHASSIS
10
5347.5
20
2930
11
5432.5
21
2930
0
LINE
8
CHASSIS
10
5432.5
20
2930
11
5432.5
21
3050
0
LINE
8
CHASSIS
10
5432.5
20
3050
11
5347.5
21
3050
0
LINE
8
CHASSIS
10
5347.5
20
3050
11
5347.5
21
2930
0
LINE
8
CHASSIS
10
4560
20
2955
11
5440
21
2955
0
LINE
8
CHASSIS
10
5440
20
2955
11
5440
21
3050
0
LINE
8
CHASSIS
10
5440
20
3050
11
4560
21
3050
0
LINE
8
CHASSIS
10
4560
20
3050
11
4560
21
2955
0
LINE
8
CHASSIS
10
4560
20
2955
11
5440
21
2955
0
LINE
8
CHASSIS
10
5440
20
2955
11
5440
21
3050
0
LINE
8
CHASSIS
10
5440
20
3050
11
4560
21
3050
0
LINE
8
CHASSIS
10
4560
20
3050
11
4560
21
2955
0
LINE
8
CHASSIS
10
4560
20
2955
11
5440
21
2955
0
LINE
8
CHASSIS
10
5440
20
2955
11
5440
21
3050
0
LINE
8
CHASSIS
10
5440
20
3050
11
4560
21
3050
0
LINE
8
CHASSIS
10
4560
20
3050
11
4560
21
2955
0
LINE
8
CHASSIS
10
4560
20
2955
11
5440
21
2955
0
LINE
8
CHASSIS
10
5440
20
2955
11
5440
21
3050
0
LINE
8
CHASSIS
10
5440
20
3050
11
4560
21
3050
0
LINE
8
CHASSIS
10
4560
20
3050
11
4560
21
2955
0
LINE
8
CHASSIS
10
4560
20
2955
11
5440
21
2955
0
LINE
8
CHASSIS
10
5440
20
2955
11
5440
21
3050
0
LINE
8
CHASSIS
10
5440
20
3050
11
4560
21
3050
0
LINE
8
CHASSIS
10
4560
20
3050
11
4560
21
2955
0
LINE
8
CHASSIS
10
4190
20
3025
11
5810
21
3025
0
LINE
8
CHASSIS
10
5810
20
3025
11
5810
21
3145
0
LINE
8
CHASSIS
10
5810
20
3145
11
4190
21
3145
0
LINE
8
CHASSIS
10
4190
20
3145
11
4190
21
3025
0
LINE
8
CHASSIS
10
4225
20
3030
11
5775
21
3030
0
LINE
8
CHASSIS
10
5775
20
3030
11
5775
21
3140
0
LINE
8
CHASSIS
10
5775
20
3140
11
4225
21
3140
0
LINE
8
CHASSIS
10
4225
20
3140
11
4225
21
3030
0
LINE
8
CHASSIS
10
4512.5
20
2892.5
11
4627.5
21
2892.5
0
LINE
8
CHASSIS
10
4627.5
20
2892.5
11
4627.5
21
3007.5
0
LINE
8
CHASSIS
10
4627.5
20
3007.5
11
4512.5
21
3007.5
0
LINE
8
CHASSIS
10
4512.5
20
3007.5
11
4512.5
21
2892.5
0
LINE
8
CHASSIS
10
5372.5
20
2892.5
11
5487.5
21
2892.5
0
LINE
8
CHASSIS
10
5487.5
20
2892.5
11
5487.5
21
3007.5
0
LINE
8
CHASSIS
10
5487.5
20
3007.5
11
5372.5
21
3007.5
0
LINE
8
CHASSIS
10
5372.5
20
3007.5
11
5372.5
21
2892.5
0
LINE
8
RUNNING_GEAR
10
4220
20
2895
11
5780
21
2895
0
LINE
8
RUNNING_GEAR
10
5780
20
2895
11
5780
21
2985
0
LINE
8
RUNNING_GEAR
10
5780
20
2985
11
4220
21
2985
0
LINE
8
RUNNING_GEAR
10
4220
20
2985
11
4220
21
2895
0
LINE
8
RUNNING_GEAR
10
4220
20
2895
11
5780
21
2895
0
LINE
8
RUNNING_GEAR
10
5780
20
2895
11
5780
21
2985
0
LINE
8
RUNNING_GEAR
10
5780
20
2985
11
4220
21
2985
0
LINE
8
RUNNING_GEAR
10
4220
20
2985
11
4220
21
2895
0
LINE
8
RUNNING_GEAR
10
4537.5
20
2835
11
4602.5
21
2835
0
LINE
8
RUNNING_GEAR
10
4602.5
20
2835
11
4602.5
21
2890
0
LINE
8
RUNNING_GEAR
10
4602.5
20
2890
11
4537.5
21
2890
0
LINE
8
RUNNING_GEAR
10
4537.5
20
2890
11
4537.5
21
2835
0
LINE
8
RUNNING_GEAR
10
5397.5
20
2835
11
5462.5
21
2835
0
LINE
8
RUNNING_GEAR
10
5462.5
20
2835
11
5462.5
21
2890
0
LINE
8
RUNNING_GEAR
10
5462.5
20
2890
11
5397.5
21
2890
0
LINE
8
RUNNING_GEAR
10
5397.5
20
2890
11
5397.5
21
2835
0
LINE
8
RUNNING_GEAR
10
4537.5
20
2835
11
4602.5
21
2835
0
LINE
8
RUNNING_GEAR
10
4602.5
20
2835
11
4602.5
21
2890
0
LINE
8
RUNNING_GEAR
10
4602.5
20
2890
11
4537.5
21
2890
0
LINE
8
RUNNING_GEAR
10
4537.5
20
2890
11
4537.5
21
2835
0
LINE
8
RUNNING_GEAR
10
5397.5
20
2835
11
5462.5
21
2835
0
LINE
8
RUNNING_GEAR
10
5462.5
20
2835
11
5462.5
21
2890
0
LINE
8
RUNNING_GEAR
10
5462.5
20
2890
11
5397.5
21
2890
0
LINE
8
RUNNING_GEAR
10
5397.5
20
2890
11
5397.5
21
2835
0
LINE
8
RUNNING_GEAR
10
4170
20
2500
11
4420
21
2500
0
LINE
8
RUNNING_GEAR
10
4420
20
2500
11
4420
21
3290
0
LINE
8
RUNNING_GEAR
10
4420
20
3290
11
4170
21
3290
0
LINE
8
RUNNING_GEAR
10
4170
20
3290
11
4170
21
2500
0
LINE
8
RUNNING_GEAR
10
5580
20
2500
11
5830
21
2500
0
LINE
8
RUNNING_GEAR
10
5830
20
2500
11
5830
21
3290
0
LINE
8
RUNNING_GEAR
10
5830
20
3290
11
5580
21
3290
0
LINE
8
RUNNING_GEAR
10
5580
20
3290
11
5580
21
2500
0
LINE
8
RUNNING_GEAR
10
4170
20
2500
11
4420
21
2500
0
LINE
8
RUNNING_GEAR
10
4420
20
2500
11
4420
21
3290
0
LINE
8
RUNNING_GEAR
10
4420
20
3290
11
4170
21
3290
0
LINE
8
RUNNING_GEAR
10
4170
20
3290
11
4170
21
2500
0
LINE
8
RUNNING_GEAR
10
5580
20
2500
11
5830
21
2500
0
LINE
8
RUNNING_GEAR
10
5830
20
2500
11
5830
21
3290
0
LINE
8
RUNNING_GEAR
10
5830
20
3290
11
5580
21
3290
0
LINE
8
RUNNING_GEAR
10
5580
20
3290
11
5580
21
2500
0
LINE
8
RUNNING_GEAR
10
4271
20
2895
11
4319
21
2895
0
LINE
8
RUNNING_GEAR
10
4319
20
2895
11
4319
21
2953
0
LINE
8
RUNNING_GEAR
10
4319
20
2953
11
4271
21
2953
0
LINE
8
RUNNING_GEAR
10
4271
20
2953
11
4271
21
2895
0
LINE
8
RUNNING_GEAR
10
4271
20
3038.506
11
4319
21
3038.506
0
LINE
8
RUNNING_GEAR
10
4319
20
3038.506
11
4319
21
3096.506
0
LINE
8
RUNNING_GEAR
10
4319
20
3096.506
11
4271
21
3096.506
0
LINE
8
RUNNING_GEAR
10
4271
20
3096.506
11
4271
21
3038.506
0
LINE
8
RUNNING_GEAR
10
4271
20
3160.165
11
4319
21
3160.165
0
LINE
8
RUNNING_GEAR
10
4319
20
3160.165
11
4319
21
3218.165
0
LINE
8
RUNNING_GEAR
10
4319
20
3218.165
11
4271
21
3218.165
0
LINE
8
RUNNING_GEAR
10
4271
20
3218.165
11
4271
21
3160.165
0
LINE
8
RUNNING_GEAR
10
4271
20
3241.455
11
4319
21
3241.455
0
LINE
8
RUNNING_GEAR
10
4319
20
3241.455
11
4319
21
3299.455
0
LINE
8
RUNNING_GEAR
10
4319
20
3299.455
11
4271
21
3299.455
0
LINE
8
RUNNING_GEAR
10
4271
20
3299.455
11
4271
21
3241.455
0
LINE
8
RUNNING_GEAR
10
4271
20
3270
11
4319
21
3270
0
LINE
8
RUNNING_GEAR
10
4319
20
3270
11
4319
21
3328
0
LINE
8
RUNNING_GEAR
10
4319
20
3328
11
4271
21
3328
0
LINE
8
RUNNING_GEAR
10
4271
20
3328
11
4271
21
3270
0
LINE
8
RUNNING_GEAR
10
4271
20
3241.455
11
4319
21
3241.455
0
LINE
8
RUNNING_GEAR
10
4319
20
3241.455
11
4319
21
3299.455
0
LINE
8
RUNNING_GEAR
10
4319
20
3299.455
11
4271
21
3299.455
0
LINE
8
RUNNING_GEAR
10
4271
20
3299.455
11
4271
21
3241.455
0
LINE
8
RUNNING_GEAR
10
4271
20
3160.165
11
4319
21
3160.165
0
LINE
8
RUNNING_GEAR
10
4319
20
3160.165
11
4319
21
3218.165
0
LINE
8
RUNNING_GEAR
10
4319
20
3218.165
11
4271
21
3218.165
0
LINE
8
RUNNING_GEAR
10
4271
20
3218.165
11
4271
21
3160.165
0
LINE
8
RUNNING_GEAR
10
4271
20
3038.506
11
4319
21
3038.506
0
LINE
8
RUNNING_GEAR
10
4319
20
3038.506
11
4319
21
3096.506
0
LINE
8
RUNNING_GEAR
10
4319
20
3096.506
11
4271
21
3096.506
0
LINE
8
RUNNING_GEAR
10
4271
20
3096.506
11
4271
21
3038.506
0
LINE
8
RUNNING_GEAR
10
4271
20
2895
11
4319
21
2895
0
LINE
8
RUNNING_GEAR
10
4319
20
2895
11
4319
21
2953
0
LINE
8
RUNNING_GEAR
10
4319
20
2953
11
4271
21
2953
0
LINE
8
RUNNING_GEAR
10
4271
20
2953
11
4271
21
2895
0
LINE
8
RUNNING_GEAR
10
4271
20
2751.494
11
4319
21
2751.494
0
LINE
8
RUNNING_GEAR
10
4319
20
2751.494
11
4319
21
2809.494
0
LINE
8
RUNNING_GEAR
10
4319
20
2809.494
11
4271
21
2809.494
0
LINE
8
RUNNING_GEAR
10
4271
20
2809.494
11
4271
21
2751.494
0
LINE
8
RUNNING_GEAR
10
4271
20
2629.835
11
4319
21
2629.835
0
LINE
8
RUNNING_GEAR
10
4319
20
2629.835
11
4319
21
2687.835
0
LINE
8
RUNNING_GEAR
10
4319
20
2687.835
11
4271
21
2687.835
0
LINE
8
RUNNING_GEAR
10
4271
20
2687.835
11
4271
21
2629.835
0
LINE
8
RUNNING_GEAR
10
4271
20
2548.545
11
4319
21
2548.545
0
LINE
8
RUNNING_GEAR
10
4319
20
2548.545
11
4319
21
2606.545
0
LINE
8
RUNNING_GEAR
10
4319
20
2606.545
11
4271
21
2606.545
0
LINE
8
RUNNING_GEAR
10
4271
20
2606.545
11
4271
21
2548.545
0
LINE
8
RUNNING_GEAR
10
4271
20
2520
11
4319
21
2520
0
LINE
8
RUNNING_GEAR
10
4319
20
2520
11
4319
21
2578
0
LINE
8
RUNNING_GEAR
10
4319
20
2578
11
4271
21
2578
0
LINE
8
RUNNING_GEAR
10
4271
20
2578
11
4271
21
2520
0
LINE
8
RUNNING_GEAR
10
4271
20
2548.545
11
4319
21
2548.545
0
LINE
8
RUNNING_GEAR
10
4319
20
2548.545
11
4319
21
2606.545
0
LINE
8
RUNNING_GEAR
10
4319
20
2606.545
11
4271
21
2606.545
0
LINE
8
RUNNING_GEAR
10
4271
20
2606.545
11
4271
21
2548.545
0
LINE
8
RUNNING_GEAR
10
4271
20
2629.835
11
4319
21
2629.835
0
LINE
8
RUNNING_GEAR
10
4319
20
2629.835
11
4319
21
2687.835
0
LINE
8
RUNNING_GEAR
10
4319
20
2687.835
11
4271
21
2687.835
0
LINE
8
RUNNING_GEAR
10
4271
20
2687.835
11
4271
21
2629.835
0
LINE
8
RUNNING_GEAR
10
4271
20
2751.494
11
4319
21
2751.494
0
LINE
8
RUNNING_GEAR
10
4319
20
2751.494
11
4319
21
2809.494
0
LINE
8
RUNNING_GEAR
10
4319
20
2809.494
11
4271
21
2809.494
0
LINE
8
RUNNING_GEAR
10
4271
20
2809.494
11
4271
21
2751.494
0
LINE
8
RUNNING_GEAR
10
5681
20
2895
11
5729
21
2895
0
LINE
8
RUNNING_GEAR
10
5729
20
2895
11
5729
21
2953
0
LINE
8
RUNNING_GEAR
10
5729
20
2953
11
5681
21
2953
0
LINE
8
RUNNING_GEAR
10
5681
20
2953
11
5681
21
2895
0
LINE
8
RUNNING_GEAR
10
5681
20
3038.506
11
5729
21
3038.506
0
LINE
8
RUNNING_GEAR
10
5729
20
3038.506
11
5729
21
3096.506
0
LINE
8
RUNNING_GEAR
10
5729
20
3096.506
11
5681
21
3096.506
0
LINE
8
RUNNING_GEAR
10
5681
20
3096.506
11
5681
21
3038.506
0
LINE
8
RUNNING_GEAR
10
5681
20
3160.165
11
5729
21
3160.165
0
LINE
8
RUNNING_GEAR
10
5729
20
3160.165
11
5729
21
3218.165
0
LINE
8
RUNNING_GEAR
10
5729
20
3218.165
11
5681
21
3218.165
0
LINE
8
RUNNING_GEAR
10
5681
20
3218.165
11
5681
21
3160.165
0
LINE
8
RUNNING_GEAR
10
5681
20
3241.455
11
5729
21
3241.455
0
LINE
8
RUNNING_GEAR
10
5729
20
3241.455
11
5729
21
3299.455
0
LINE
8
RUNNING_GEAR
10
5729
20
3299.455
11
5681
21
3299.455
0
LINE
8
RUNNING_GEAR
10
5681
20
3299.455
11
5681
21
3241.455
0
LINE
8
RUNNING_GEAR
10
5681
20
3270
11
5729
21
3270
0
LINE
8
RUNNING_GEAR
10
5729
20
3270
11
5729
21
3328
0
LINE
8
RUNNING_GEAR
10
5729
20
3328
11
5681
21
3328
0
LINE
8
RUNNING_GEAR
10
5681
20
3328
11
5681
21
3270
0
LINE
8
RUNNING_GEAR
10
5681
20
3241.455
11
5729
21
3241.455
0
LINE
8
RUNNING_GEAR
10
5729
20
3241.455
11
5729
21
3299.455
0
LINE
8
RUNNING_GEAR
10
5729
20
3299.455
11
5681
21
3299.455
0
LINE
8
RUNNING_GEAR
10
5681
20
3299.455
11
5681
21
3241.455
0
LINE
8
RUNNING_GEAR
10
5681
20
3160.165
11
5729
21
3160.165
0
LINE
8
RUNNING_GEAR
10
5729
20
3160.165
11
5729
21
3218.165
0
LINE
8
RUNNING_GEAR
10
5729
20
3218.165
11
5681
21
3218.165
0
LINE
8
RUNNING_GEAR
10
5681
20
3218.165
11
5681
21
3160.165
0
LINE
8
RUNNING_GEAR
10
5681
20
3038.506
11
5729
21
3038.506
0
LINE
8
RUNNING_GEAR
10
5729
20
3038.506
11
5729
21
3096.506
0
LINE
8
RUNNING_GEAR
10
5729
20
3096.506
11
5681
21
3096.506
0
LINE
8
RUNNING_GEAR
10
5681
20
3096.506
11
5681
21
3038.506
0
LINE
8
RUNNING_GEAR
10
5681
20
2895
11
5729
21
2895
0
LINE
8
RUNNING_GEAR
10
5729
20
2895
11
5729
21
2953
0
LINE
8
RUNNING_GEAR
10
5729
20
2953
11
5681
21
2953
0
LINE
8
RUNNING_GEAR
10
5681
20
2953
11
5681
21
2895
0
LINE
8
RUNNING_GEAR
10
5681
20
2751.494
11
5729
21
2751.494
0
LINE
8
RUNNING_GEAR
10
5729
20
2751.494
11
5729
21
2809.494
0
LINE
8
RUNNING_GEAR
10
5729
20
2809.494
11
5681
21
2809.494
0
LINE
8
RUNNING_GEAR
10
5681
20
2809.494
11
5681
21
2751.494
0
LINE
8
RUNNING_GEAR
10
5681
20
2629.835
11
5729
21
2629.835
0
LINE
8
RUNNING_GEAR
10
5729
20
2629.835
11
5729
21
2687.835
0
LINE
8
RUNNING_GEAR
10
5729
20
2687.835
11
5681
21
2687.835
0
LINE
8
RUNNING_GEAR
10
5681
20
2687.835
11
5681
21
2629.835
0
LINE
8
RUNNING_GEAR
10
5681
20
2548.545
11
5729
21
2548.545
0
LINE
8
RUNNING_GEAR
10
5729
20
2548.545
11
5729
21
2606.545
0
LINE
8
RUNNING_GEAR
10
5729
20
2606.545
11
5681
21
2606.545
0
LINE
8
RUNNING_GEAR
10
5681
20
2606.545
11
5681
21
2548.545
0
LINE
8
RUNNING_GEAR
10
5681
20
2520
11
5729
21
2520
0
LINE
8
RUNNING_GEAR
10
5729
20
2520
11
5729
21
2578
0
LINE
8
RUNNING_GEAR
10
5729
20
2578
11
5681
21
2578
0
LINE
8
RUNNING_GEAR
10
5681
20
2578
11
5681
21
2520
0
LINE
8
RUNNING_GEAR
10
5681
20
2548.545
11
5729
21
2548.545
0
LINE
8
RUNNING_GEAR
10
5729
20
2548.545
11
5729
21
2606.545
0
LINE
8
RUNNING_GEAR
10
5729
20
2606.545
11
5681
21
2606.545
0
LINE
8
RUNNING_GEAR
10
5681
20
2606.545
11
5681
21
2548.545
0
LINE
8
RUNNING_GEAR
10
5681
20
2629.835
11
5729
21
2629.835
0
LINE
8
RUNNING_GEAR
10
5729
20
2629.835
11
5729
21
2687.835
0
LINE
8
RUNNING_GEAR
10
5729
20
2687.835
11
5681
21
2687.835
0
LINE
8
RUNNING_GEAR
10
5681
20
2687.835
11
5681
21
2629.835
0
LINE
8
RUNNING_GEAR
10
5681
20
2751.494
11
5729
21
2751.494
0
LINE
8
RUNNING_GEAR
10
5729
20
2751.494
11
5729
21
2809.494
0
LINE
8
RUNNING_GEAR
10
5729
20
2809.494
11
5681
21
2809.494
0
LINE
8
RUNNING_GEAR
10
5681
20
2809.494
11
5681
21
2751.494
0
LINE
8
RUNNING_GEAR
10
4271
20
2895
11
4319
21
2895
0
LINE
8
RUNNING_GEAR
10
4319
20
2895
11
4319
21
2953
0
LINE
8
RUNNING_GEAR
10
4319
20
2953
11
4271
21
2953
0
LINE
8
RUNNING_GEAR
10
4271
20
2953
11
4271
21
2895
0
LINE
8
RUNNING_GEAR
10
4271
20
3038.506
11
4319
21
3038.506
0
LINE
8
RUNNING_GEAR
10
4319
20
3038.506
11
4319
21
3096.506
0
LINE
8
RUNNING_GEAR
10
4319
20
3096.506
11
4271
21
3096.506
0
LINE
8
RUNNING_GEAR
10
4271
20
3096.506
11
4271
21
3038.506
0
LINE
8
RUNNING_GEAR
10
4271
20
3160.165
11
4319
21
3160.165
0
LINE
8
RUNNING_GEAR
10
4319
20
3160.165
11
4319
21
3218.165
0
LINE
8
RUNNING_GEAR
10
4319
20
3218.165
11
4271
21
3218.165
0
LINE
8
RUNNING_GEAR
10
4271
20
3218.165
11
4271
21
3160.165
0
LINE
8
RUNNING_GEAR
10
4271
20
3241.455
11
4319
21
3241.455
0
LINE
8
RUNNING_GEAR
10
4319
20
3241.455
11
4319
21
3299.455
0
LINE
8
RUNNING_GEAR
10
4319
20
3299.455
11
4271
21
3299.455
0
LINE
8
RUNNING_GEAR
10
4271
20
3299.455
11
4271
21
3241.455
0
LINE
8
RUNNING_GEAR
10
4271
20
3270
11
4319
21
3270
0
LINE
8
RUNNING_GEAR
10
4319
20
3270
11
4319
21
3328
0
LINE
8
RUNNING_GEAR
10
4319
20
3328
11
4271
21
3328
0
LINE
8
RUNNING_GEAR
10
4271
20
3328
11
4271
21
3270
0
LINE
8
RUNNING_GEAR
10
4271
20
3241.455
11
4319
21
3241.455
0
LINE
8
RUNNING_GEAR
10
4319
20
3241.455
11
4319
21
3299.455
0
LINE
8
RUNNING_GEAR
10
4319
20
3299.455
11
4271
21
3299.455
0
LINE
8
RUNNING_GEAR
10
4271
20
3299.455
11
4271
21
3241.455
0
LINE
8
RUNNING_GEAR
10
4271
20
3160.165
11
4319
21
3160.165
0
LINE
8
RUNNING_GEAR
10
4319
20
3160.165
11
4319
21
3218.165
0
LINE
8
RUNNING_GEAR
10
4319
20
3218.165
11
4271
21
3218.165
0
LINE
8
RUNNING_GEAR
10
4271
20
3218.165
11
4271
21
3160.165
0
LINE
8
RUNNING_GEAR
10
4271
20
3038.506
11
4319
21
3038.506
0
LINE
8
RUNNING_GEAR
10
4319
20
3038.506
11
4319
21
3096.506
0
LINE
8
RUNNING_GEAR
10
4319
20
3096.506
11
4271
21
3096.506
0
LINE
8
RUNNING_GEAR
10
4271
20
3096.506
11
4271
21
3038.506
0
LINE
8
RUNNING_GEAR
10
4271
20
2895
11
4319
21
2895
0
LINE
8
RUNNING_GEAR
10
4319
20
2895
11
4319
21
2953
0
LINE
8
RUNNING_GEAR
10
4319
20
2953
11
4271
21
2953
0
LINE
8
RUNNING_GEAR
10
4271
20
2953
11
4271
21
2895
0
LINE
8
RUNNING_GEAR
10
4271
20
2751.494
11
4319
21
2751.494
0
LINE
8
RUNNING_GEAR
10
4319
20
2751.494
11
4319
21
2809.494
0
LINE
8
RUNNING_GEAR
10
4319
20
2809.494
11
4271
21
2809.494
0
LINE
8
RUNNING_GEAR
10
4271
20
2809.494
11
4271
21
2751.494
0
LINE
8
RUNNING_GEAR
10
4271
20
2629.835
11
4319
21
2629.835
0
LINE
8
RUNNING_GEAR
10
4319
20
2629.835
11
4319
21
2687.835
0
LINE
8
RUNNING_GEAR
10
4319
20
2687.835
11
4271
21
2687.835
0
LINE
8
RUNNING_GEAR
10
4271
20
2687.835
11
4271
21
2629.835
0
LINE
8
RUNNING_GEAR
10
4271
20
2548.545
11
4319
21
2548.545
0
LINE
8
RUNNING_GEAR
10
4319
20
2548.545
11
4319
21
2606.545
0
LINE
8
RUNNING_GEAR
10
4319
20
2606.545
11
4271
21
2606.545
0
LINE
8
RUNNING_GEAR
10
4271
20
2606.545
11
4271
21
2548.545
0
LINE
8
RUNNING_GEAR
10
4271
20
2520
11
4319
21
2520
0
LINE
8
RUNNING_GEAR
10
4319
20
2520
11
4319
21
2578
0
LINE
8
RUNNING_GEAR
10
4319
20
2578
11
4271
21
2578
0
LINE
8
RUNNING_GEAR
10
4271
20
2578
11
4271
21
2520
0
LINE
8
RUNNING_GEAR
10
4271
20
2548.545
11
4319
21
2548.545
0
LINE
8
RUNNING_GEAR
10
4319
20
2548.545
11
4319
21
2606.545
0
LINE
8
RUNNING_GEAR
10
4319
20
2606.545
11
4271
21
2606.545
0
LINE
8
RUNNING_GEAR
10
4271
20
2606.545
11
4271
21
2548.545
0
LINE
8
RUNNING_GEAR
10
4271
20
2629.835
11
4319
21
2629.835
0
LINE
8
RUNNING_GEAR
10
4319
20
2629.835
11
4319
21
2687.835
0
LINE
8
RUNNING_GEAR
10
4319
20
2687.835
11
4271
21
2687.835
0
LINE
8
RUNNING_GEAR
10
4271
20
2687.835
11
4271
21
2629.835
0
LINE
8
RUNNING_GEAR
10
4271
20
2751.494
11
4319
21
2751.494
0
LINE
8
RUNNING_GEAR
10
4319
20
2751.494
11
4319
21
2809.494
0
LINE
8
RUNNING_GEAR
10
4319
20
2809.494
11
4271
21
2809.494
0
LINE
8
RUNNING_GEAR
10
4271
20
2809.494
11
4271
21
2751.494
0
LINE
8
RUNNING_GEAR
10
5681
20
2895
11
5729
21
2895
0
LINE
8
RUNNING_GEAR
10
5729
20
2895
11
5729
21
2953
0
LINE
8
RUNNING_GEAR
10
5729
20
2953
11
5681
21
2953
0
LINE
8
RUNNING_GEAR
10
5681
20
2953
11
5681
21
2895
0
LINE
8
RUNNING_GEAR
10
5681
20
3038.506
11
5729
21
3038.506
0
LINE
8
RUNNING_GEAR
10
5729
20
3038.506
11
5729
21
3096.506
0
LINE
8
RUNNING_GEAR
10
5729
20
3096.506
11
5681
21
3096.506
0
LINE
8
RUNNING_GEAR
10
5681
20
3096.506
11
5681
21
3038.506
0
LINE
8
RUNNING_GEAR
10
5681
20
3160.165
11
5729
21
3160.165
0
LINE
8
RUNNING_GEAR
10
5729
20
3160.165
11
5729
21
3218.165
0
LINE
8
RUNNING_GEAR
10
5729
20
3218.165
11
5681
21
3218.165
0
LINE
8
RUNNING_GEAR
10
5681
20
3218.165
11
5681
21
3160.165
0
LINE
8
RUNNING_GEAR
10
5681
20
3241.455
11
5729
21
3241.455
0
LINE
8
RUNNING_GEAR
10
5729
20
3241.455
11
5729
21
3299.455
0
LINE
8
RUNNING_GEAR
10
5729
20
3299.455
11
5681
21
3299.455
0
LINE
8
RUNNING_GEAR
10
5681
20
3299.455
11
5681
21
3241.455
0
LINE
8
RUNNING_GEAR
10
5681
20
3270
11
5729
21
3270
0
LINE
8
RUNNING_GEAR
10
5729
20
3270
11
5729
21
3328
0
LINE
8
RUNNING_GEAR
10
5729
20
3328
11
5681
21
3328
0
LINE
8
RUNNING_GEAR
10
5681
20
3328
11
5681
21
3270
0
LINE
8
RUNNING_GEAR
10
5681
20
3241.455
11
5729
21
3241.455
0
LINE
8
RUNNING_GEAR
10
5729
20
3241.455
11
5729
21
3299.455
0
LINE
8
RUNNING_GEAR
10
5729
20
3299.455
11
5681
21
3299.455
0
LINE
8
RUNNING_GEAR
10
5681
20
3299.455
11
5681
21
3241.455
0
LINE
8
RUNNING_GEAR
10
5681
20
3160.165
11
5729
21
3160.165
0
LINE
8
RUNNING_GEAR
10
5729
20
3160.165
11
5729
21
3218.165
0
LINE
8
RUNNING_GEAR
10
5729
20
3218.165
11
5681
21
3218.165
0
LINE
8
RUNNING_GEAR
10
5681
20
3218.165
11
5681
21
3160.165
0
LINE
8
RUNNING_GEAR
10
5681
20
3038.506
11
5729
21
3038.506
0
LINE
8
RUNNING_GEAR
10
5729
20
3038.506
11
5729
21
3096.506
0
LINE
8
RUNNING_GEAR
10
5729
20
3096.506
11
5681
21
3096.506
0
LINE
8
RUNNING_GEAR
10
5681
20
3096.506
11
5681
21
3038.506
0
LINE
8
RUNNING_GEAR
10
5681
20
2895
11
5729
21
2895
0
LINE
8
RUNNING_GEAR
10
5729
20
2895
11
5729
21
2953
0
LINE
8
RUNNING_GEAR
10
5729
20
2953
11
5681
21
2953
0
LINE
8
RUNNING_GEAR
10
5681
20
2953
11
5681
21
2895
0
LINE
8
RUNNING_GEAR
10
5681
20
2751.494
11
5729
21
2751.494
0
LINE
8
RUNNING_GEAR
10
5729
20
2751.494
11
5729
21
2809.494
0
LINE
8
RUNNING_GEAR
10
5729
20
2809.494
11
5681
21
2809.494
0
LINE
8
RUNNING_GEAR
10
5681
20
2809.494
11
5681
21
2751.494
0
LINE
8
RUNNING_GEAR
10
5681
20
2629.835
11
5729
21
2629.835
0
LINE
8
RUNNING_GEAR
10
5729
20
2629.835
11
5729
21
2687.835
0
LINE
8
RUNNING_GEAR
10
5729
20
2687.835
11
5681
21
2687.835
0
LINE
8
RUNNING_GEAR
10
5681
20
2687.835
11
5681
21
2629.835
0
LINE
8
RUNNING_GEAR
10
5681
20
2548.545
11
5729
21
2548.545
0
LINE
8
RUNNING_GEAR
10
5729
20
2548.545
11
5729
21
2606.545
0
LINE
8
RUNNING_GEAR
10
5729
20
2606.545
11
5681
21
2606.545
0
LINE
8
RUNNING_GEAR
10
5681
20
2606.545
11
5681
21
2548.545
0
LINE
8
RUNNING_GEAR
10
5681
20
2520
11
5729
21
2520
0
LINE
8
RUNNING_GEAR
10
5729
20
2520
11
5729
21
2578
0
LINE
8
RUNNING_GEAR
10
5729
20
2578
11
5681
21
2578
0
LINE
8
RUNNING_GEAR
10
5681
20
2578
11
5681
21
2520
0
LINE
8
RUNNING_GEAR
10
5681
20
2548.545
11
5729
21
2548.545
0
LINE
8
RUNNING_GEAR
10
5729
20
2548.545
11
5729
21
2606.545
0
LINE
8
RUNNING_GEAR
10
5729
20
2606.545
11
5681
21
2606.545
0
LINE
8
RUNNING_GEAR
10
5681
20
2606.545
11
5681
21
2548.545
0
LINE
8
RUNNING_GEAR
10
5681
20
2629.835
11
5729
21
2629.835
0
LINE
8
RUNNING_GEAR
10
5729
20
2629.835
11
5729
21
2687.835
0
LINE
8
RUNNING_GEAR
10
5729
20
2687.835
11
5681
21
2687.835
0
LINE
8
RUNNING_GEAR
10
5681
20
2687.835
11
5681
21
2629.835
0
LINE
8
RUNNING_GEAR
10
5681
20
2751.494
11
5729
21
2751.494
0
LINE
8
RUNNING_GEAR
10
5729
20
2751.494
11
5729
21
2809.494
0
LINE
8
RUNNING_GEAR
10
5729
20
2809.494
11
5681
21
2809.494
0
LINE
8
RUNNING_GEAR
10
5681
20
2809.494
11
5681
21
2751.494
0
LINE
8
RUNNING_GEAR
10
4451
20
2890
11
4509
21
2890
0
LINE
8
RUNNING_GEAR
10
4509
20
2890
11
4509
21
3350
0
LINE
8
RUNNING_GEAR
10
4509
20
3350
11
4451
21
3350
0
LINE
8
RUNNING_GEAR
10
4451
20
3350
11
4451
21
2890
0
LINE
8
RUNNING_GEAR
10
5491
20
2890
11
5549
21
2890
0
LINE
8
RUNNING_GEAR
10
5549
20
2890
11
5549
21
3350
0
LINE
8
RUNNING_GEAR
10
5549
20
3350
11
5491
21
3350
0
LINE
8
RUNNING_GEAR
10
5491
20
3350
11
5491
21
2890
0
LINE
8
RUNNING_GEAR
10
4120
20
2785
11
4200
21
2785
0
LINE
8
RUNNING_GEAR
10
4200
20
2785
11
4200
21
3005
0
LINE
8
RUNNING_GEAR
10
4200
20
3005
11
4120
21
3005
0
LINE
8
RUNNING_GEAR
10
4120
20
3005
11
4120
21
2785
0
LINE
8
RUNNING_GEAR
10
5800
20
2785
11
5880
21
2785
0
LINE
8
RUNNING_GEAR
10
5880
20
2785
11
5880
21
3005
0
LINE
8
RUNNING_GEAR
10
5880
20
3005
11
5800
21
3005
0
LINE
8
RUNNING_GEAR
10
5800
20
3005
11
5800
21
2785
0
LINE
8
RUNNING_GEAR
10
4451
20
2890
11
4509
21
2890
0
LINE
8
RUNNING_GEAR
10
4509
20
2890
11
4509
21
3350
0
LINE
8
RUNNING_GEAR
10
4509
20
3350
11
4451
21
3350
0
LINE
8
RUNNING_GEAR
10
4451
20
3350
11
4451
21
2890
0
LINE
8
RUNNING_GEAR
10
5491
20
2890
11
5549
21
2890
0
LINE
8
RUNNING_GEAR
10
5549
20
2890
11
5549
21
3350
0
LINE
8
RUNNING_GEAR
10
5549
20
3350
11
5491
21
3350
0
LINE
8
RUNNING_GEAR
10
5491
20
3350
11
5491
21
2890
0
LINE
8
RUNNING_GEAR
10
4120
20
2785
11
4200
21
2785
0
LINE
8
RUNNING_GEAR
10
4200
20
2785
11
4200
21
3005
0
LINE
8
RUNNING_GEAR
10
4200
20
3005
11
4120
21
3005
0
LINE
8
RUNNING_GEAR
10
4120
20
3005
11
4120
21
2785
0
LINE
8
RUNNING_GEAR
10
5800
20
2785
11
5880
21
2785
0
LINE
8
RUNNING_GEAR
10
5880
20
2785
11
5880
21
3005
0
LINE
8
RUNNING_GEAR
10
5880
20
3005
11
5800
21
3005
0
LINE
8
RUNNING_GEAR
10
5800
20
3005
11
5800
21
2785
0
LINE
8
BODY
10
4335
20
3115
11
5665
21
3115
0
LINE
8
BODY
10
5665
20
3115
11
5665
21
3170
0
LINE
8
BODY
10
5665
20
3170
11
4335
21
3170
0
LINE
8
BODY
10
4335
20
3170
11
4335
21
3115
0
LINE
8
BODY
10
4232.5
20
3165
11
4327.5
21
3165
0
LINE
8
BODY
10
4327.5
20
3165
11
4327.5
21
3320
0
LINE
8
BODY
10
4327.5
20
3320
11
4232.5
21
3320
0
LINE
8
BODY
10
4232.5
20
3320
11
4232.5
21
3165
0
LINE
8
BODY
10
5672.5
20
3165
11
5767.5
21
3165
0
LINE
8
BODY
10
5767.5
20
3165
11
5767.5
21
3320
0
LINE
8
BODY
10
5767.5
20
3320
11
5672.5
21
3320
0
LINE
8
BODY
10
5672.5
20
3320
11
5672.5
21
3165
0
LINE
8
BODY
10
4205
20
3225
11
4275
21
3225
0
LINE
8
BODY
10
4275
20
3225
11
4275
21
3835
0
LINE
8
BODY
10
4275
20
3835
11
4205
21
3835
0
LINE
8
BODY
10
4205
20
3835
11
4205
21
3225
0
LINE
8
BODY
10
5725
20
3225
11
5795
21
3225
0
LINE
8
BODY
10
5795
20
3225
11
5795
21
3835
0
LINE
8
BODY
10
5795
20
3835
11
5725
21
3835
0
LINE
8
BODY
10
5725
20
3835
11
5725
21
3225
0
LINE
8
BODY
10
4285
20
3220
11
5715
21
3220
0
LINE
8
BODY
10
5715
20
3220
11
5715
21
3870
0
LINE
8
BODY
10
5715
20
3870
11
4285
21
3870
0
LINE
8
BODY
10
4285
20
3870
11
4285
21
3220
0
LINE
8
BODY
10
4290
20
3190
11
5710
21
3190
0
LINE
8
BODY
10
5710
20
3190
11
5710
21
3970
0
LINE
8
BODY
10
5710
20
3970
11
4290
21
3970
0
LINE
8
BODY
10
4290
20
3970
11
4290
21
3190
0
LINE
8
BODY
10
4270
20
3760
11
5730
21
3760
0
LINE
8
BODY
10
5730
20
3760
11
5730
21
3870
0
LINE
8
BODY
10
5730
20
3870
11
4270
21
3870
0
LINE
8
BODY
10
4270
20
3870
11
4270
21
3760
0
LINE
8
BODY
10
4295
20
3290
11
5705
21
3290
0
LINE
8
BODY
10
5705
20
3290
11
5705
21
3810
0
LINE
8
BODY
10
5705
20
3810
11
4295
21
3810
0
LINE
8
BODY
10
4295
20
3810
11
4295
21
3290
0
LINE
8
FRONT_DETAIL
10
4440
20
3295
11
5560
21
3295
0
LINE
8
FRONT_DETAIL
10
5560
20
3295
11
5560
21
3660
0
LINE
8
FRONT_DETAIL
10
5560
20
3660
11
4440
21
3660
0
LINE
8
FRONT_DETAIL
10
4440
20
3660
11
4440
21
3295
0
LINE
8
FRONT_DETAIL
10
4680
20
3410
11
5320
21
3410
0
LINE
8
FRONT_DETAIL
10
5320
20
3410
11
5320
21
3565
0
LINE
8
FRONT_DETAIL
10
5320
20
3565
11
4680
21
3565
0
LINE
8
FRONT_DETAIL
10
4680
20
3565
11
4680
21
3410
0
LINE
8
FRONT_DETAIL
10
4442.5
20
3372.5
11
4667.5
21
3372.5
0
LINE
8
FRONT_DETAIL
10
4667.5
20
3372.5
11
4667.5
21
3597.5
0
LINE
8
FRONT_DETAIL
10
4667.5
20
3597.5
11
4442.5
21
3597.5
0
LINE
8
FRONT_DETAIL
10
4442.5
20
3597.5
11
4442.5
21
3372.5
0
LINE
8
FRONT_DETAIL
10
5332.5
20
3372.5
11
5557.5
21
3372.5
0
LINE
8
FRONT_DETAIL
10
5557.5
20
3372.5
11
5557.5
21
3597.5
0
LINE
8
FRONT_DETAIL
10
5557.5
20
3597.5
11
5332.5
21
3597.5
0
LINE
8
FRONT_DETAIL
10
5332.5
20
3597.5
11
5332.5
21
3372.5
0
LINE
8
FRONT_DETAIL
10
4227.5
20
3292.5
11
4332.5
21
3292.5
0
LINE
8
FRONT_DETAIL
10
4332.5
20
3292.5
11
4332.5
21
3397.5
0
LINE
8
FRONT_DETAIL
10
4332.5
20
3397.5
11
4227.5
21
3397.5
0
LINE
8
FRONT_DETAIL
10
4227.5
20
3397.5
11
4227.5
21
3292.5
0
LINE
8
FRONT_DETAIL
10
5667.5
20
3292.5
11
5772.5
21
3292.5
0
LINE
8
FRONT_DETAIL
10
5772.5
20
3292.5
11
5772.5
21
3397.5
0
LINE
8
FRONT_DETAIL
10
5772.5
20
3397.5
11
5667.5
21
3397.5
0
LINE
8
FRONT_DETAIL
10
5667.5
20
3397.5
11
5667.5
21
3292.5
0
LINE
8
FRONT_DETAIL
10
4557.5
20
3037.5
11
4722.5
21
3037.5
0
LINE
8
FRONT_DETAIL
10
4722.5
20
3037.5
11
4722.5
21
3202.5
0
LINE
8
FRONT_DETAIL
10
4722.5
20
3202.5
11
4557.5
21
3202.5
0
LINE
8
FRONT_DETAIL
10
4557.5
20
3202.5
11
4557.5
21
3037.5
0
LINE
8
FRONT_DETAIL
10
5277.5
20
3037.5
11
5442.5
21
3037.5
0
LINE
8
FRONT_DETAIL
10
5442.5
20
3037.5
11
5442.5
21
3202.5
0
LINE
8
FRONT_DETAIL
10
5442.5
20
3202.5
11
5277.5
21
3202.5
0
LINE
8
FRONT_DETAIL
10
5277.5
20
3202.5
11
5277.5
21
3037.5
0
LINE
8
BODY
10
4305
20
3715
11
5695
21
3715
0
LINE
8
BODY
10
5695
20
3715
11
5695
21
3770
0
LINE
8
BODY
10
5695
20
3770
11
4305
21
3770
0
LINE
8
BODY
10
4305
20
3770
11
4305
21
3715
0
LINE
8
BODY
10
4305
20
3920
11
5695
21
3920
0
LINE
8
BODY
10
5695
20
3920
11
5695
21
3955
0
LINE
8
BODY
10
5695
20
3955
11
4305
21
3955
0
LINE
8
BODY
10
4305
20
3955
11
4305
21
3920
0
LINE
8
BODY
10
4345
20
3774
11
4575
21
3774
0
LINE
8
BODY
10
4575
20
3774
11
4575
21
3802
0
LINE
8
BODY
10
4575
20
3802
11
4345
21
3802
0
LINE
8
BODY
10
4345
20
3802
11
4345
21
3774
0
LINE
8
BODY
10
5425
20
3774
11
5655
21
3774
0
LINE
8
BODY
10
5655
20
3774
11
5655
21
3802
0
LINE
8
BODY
10
5655
20
3802
11
5425
21
3802
0
LINE
8
BODY
10
5425
20
3802
11
5425
21
3774
0
LINE
8
BODY
10
4145
20
3260
11
4415
21
3260
0
LINE
8
BODY
10
4415
20
3260
11
4415
21
3520
0
LINE
8
BODY
10
4415
20
3520
11
4145
21
3520
0
LINE
8
BODY
10
4145
20
3520
11
4145
21
3260
0
LINE
8
BODY
10
5585
20
3260
11
5855
21
3260
0
LINE
8
BODY
10
5855
20
3260
11
5855
21
3520
0
LINE
8
BODY
10
5855
20
3520
11
5585
21
3520
0
LINE
8
BODY
10
5585
20
3520
11
5585
21
3260
0
LINE
8
BODY
10
4445
20
3300
11
4515
21
3300
0
LINE
8
BODY
10
4515
20
3300
11
4515
21
3720
0
LINE
8
BODY
10
4515
20
3720
11
4445
21
3720
0
LINE
8
BODY
10
4445
20
3720
11
4445
21
3300
0
LINE
8
BODY
10
5485
20
3300
11
5555
21
3300
0
LINE
8
BODY
10
5555
20
3300
11
5555
21
3720
0
LINE
8
BODY
10
5555
20
3720
11
5485
21
3720
0
LINE
8
BODY
10
5485
20
3720
11
5485
21
3300
0
LINE
8
BODY
10
4260
20
3815
11
5740
21
3815
0
LINE
8
BODY
10
5740
20
3815
11
5740
21
4335
0
LINE
8
BODY
10
5740
20
4335
11
4260
21
4335
0
LINE
8
BODY
10
4260
20
4335
11
4260
21
3815
0
LINE
8
BODY
10
4350
20
3880
11
5650
21
3880
0
LINE
8
BODY
10
5650
20
3880
11
5650
21
4290
0
LINE
8
BODY
10
5650
20
4290
11
4350
21
4290
0
LINE
8
BODY
10
4350
20
4290
11
4350
21
3880
0
LINE
8
BODY
10
4535
20
3858
11
4965
21
3858
0
LINE
8
BODY
10
4965
20
3858
11
4965
21
3882
0
LINE
8
BODY
10
4965
20
3882
11
4535
21
3882
0
LINE
8
BODY
10
4535
20
3882
11
4535
21
3858
0
LINE
8
BODY
10
5035
20
3858
11
5465
21
3858
0
LINE
8
BODY
10
5465
20
3858
11
5465
21
3882
0
LINE
8
BODY
10
5465
20
3882
11
5035
21
3882
0
LINE
8
BODY
10
5035
20
3882
11
5035
21
3858
0
LINE
8
HARD_TOP
10
4230
20
4345
11
5770
21
4345
0
LINE
8
HARD_TOP
10
5770
20
4345
11
5770
21
4455
0
LINE
8
HARD_TOP
10
5770
20
4455
11
4230
21
4455
0
LINE
8
HARD_TOP
10
4230
20
4455
11
4230
21
4345
0
LINE
8
HARD_TOP
10
4182.5
20
3820
11
4237.5
21
3820
0
LINE
8
HARD_TOP
10
4237.5
20
3820
11
4237.5
21
4410
0
LINE
8
HARD_TOP
10
4237.5
20
4410
11
4182.5
21
4410
0
LINE
8
HARD_TOP
10
4182.5
20
4410
11
4182.5
21
3820
0
LINE
8
HARD_TOP
10
5762.5
20
3820
11
5817.5
21
3820
0
LINE
8
HARD_TOP
10
5817.5
20
3820
11
5817.5
21
4410
0
LINE
8
HARD_TOP
10
5817.5
20
4410
11
5762.5
21
4410
0
LINE
8
HARD_TOP
10
5762.5
20
4410
11
5762.5
21
3820
0
LINE
8
HARD_TOP
10
4167
20
3935
11
4187
21
3935
0
LINE
8
HARD_TOP
10
4187
20
3935
11
4187
21
4255
0
LINE
8
HARD_TOP
10
4187
20
4255
11
4167
21
4255
0
LINE
8
HARD_TOP
10
4167
20
4255
11
4167
21
3935
0
LINE
8
HARD_TOP
10
4167
20
3935
11
4187
21
3935
0
LINE
8
HARD_TOP
10
4187
20
3935
11
4187
21
4255
0
LINE
8
HARD_TOP
10
4187
20
4255
11
4167
21
4255
0
LINE
8
HARD_TOP
10
4167
20
4255
11
4167
21
3935
0
LINE
8
HARD_TOP
10
5813
20
3935
11
5833
21
3935
0
LINE
8
HARD_TOP
10
5833
20
3935
11
5833
21
4255
0
LINE
8
HARD_TOP
10
5833
20
4255
11
5813
21
4255
0
LINE
8
HARD_TOP
10
5813
20
4255
11
5813
21
3935
0
LINE
8
HARD_TOP
10
5813
20
3935
11
5833
21
3935
0
LINE
8
HARD_TOP
10
5833
20
3935
11
5833
21
4255
0
LINE
8
HARD_TOP
10
5833
20
4255
11
5813
21
4255
0
LINE
8
HARD_TOP
10
5813
20
4255
11
5813
21
3935
0
LINE
8
HARD_TOP
10
4230
20
3820
11
5770
21
3820
0
LINE
8
HARD_TOP
10
5770
20
3820
11
5770
21
4410
0
LINE
8
HARD_TOP
10
5770
20
4410
11
4230
21
4410
0
LINE
8
HARD_TOP
10
4230
20
4410
11
4230
21
3820
0
LINE
8
HARD_TOP
10
4212.5
20
4310
11
5787.5
21
4310
0
LINE
8
HARD_TOP
10
5787.5
20
4310
11
5787.5
21
4356
0
LINE
8
HARD_TOP
10
5787.5
20
4356
11
4212.5
21
4356
0
LINE
8
HARD_TOP
10
4212.5
20
4356
11
4212.5
21
4310
0
LINE
8
HARD_TOP
10
4141
20
4315
11
4199
21
4315
0
LINE
8
HARD_TOP
10
4199
20
4315
11
4199
21
4357
0
LINE
8
HARD_TOP
10
4199
20
4357
11
4141
21
4357
0
LINE
8
HARD_TOP
10
4141
20
4357
11
4141
21
4315
0
LINE
8
HARD_TOP
10
5801
20
4315
11
5859
21
4315
0
LINE
8
HARD_TOP
10
5859
20
4315
11
5859
21
4357
0
LINE
8
HARD_TOP
10
5859
20
4357
11
5801
21
4357
0
LINE
8
HARD_TOP
10
5801
20
4357
11
5801
21
4315
0
LINE
8
BODY
10
4055
20
3260
11
4125
21
3260
0
LINE
8
BODY
10
4125
20
3260
11
4125
21
4110
0
LINE
8
BODY
10
4125
20
4110
11
4055
21
4110
0
LINE
8
BODY
10
4055
20
4110
11
4055
21
3260
0
LINE
8
BODY
10
5725
20
3260
11
5795
21
3260
0
LINE
8
BODY
10
5795
20
3260
11
5795
21
4110
0
LINE
8
BODY
10
5795
20
4110
11
5725
21
4110
0
LINE
8
BODY
10
5725
20
4110
11
5725
21
3260
0
LINE
8
BODY
10
4041
20
3710
11
4063
21
3710
0
LINE
8
BODY
10
4063
20
3710
11
4063
21
4055
0
LINE
8
BODY
10
4063
20
4055
11
4041
21
4055
0
LINE
8
BODY
10
4041
20
4055
11
4041
21
3710
0
LINE
8
BODY
10
5787
20
3710
11
5809
21
3710
0
LINE
8
BODY
10
5809
20
3710
11
5809
21
4055
0
LINE
8
BODY
10
5809
20
4055
11
5787
21
4055
0
LINE
8
BODY
10
5787
20
4055
11
5787
21
3710
0
LINE
8
BODY
10
4026
20
3607.5
11
4064
21
3607.5
0
LINE
8
BODY
10
4064
20
3607.5
11
4064
21
3752.5
0
LINE
8
BODY
10
4064
20
3752.5
11
4026
21
3752.5
0
LINE
8
BODY
10
4026
20
3752.5
11
4026
21
3607.5
0
LINE
8
BODY
10
4026
20
3277.5
11
4064
21
3277.5
0
LINE
8
BODY
10
4064
20
3277.5
11
4064
21
3422.5
0
LINE
8
BODY
10
4064
20
3422.5
11
4026
21
3422.5
0
LINE
8
BODY
10
4026
20
3422.5
11
4026
21
3277.5
0
LINE
8
BODY
10
5786
20
3607.5
11
5824
21
3607.5
0
LINE
8
BODY
10
5824
20
3607.5
11
5824
21
3752.5
0
LINE
8
BODY
10
5824
20
3752.5
11
5786
21
3752.5
0
LINE
8
BODY
10
5786
20
3752.5
11
5786
21
3607.5
0
LINE
8
BODY
10
5786
20
3277.5
11
5824
21
3277.5
0
LINE
8
BODY
10
5824
20
3277.5
11
5824
21
3422.5
0
LINE
8
BODY
10
5824
20
3422.5
11
5786
21
3422.5
0
LINE
8
BODY
10
5786
20
3422.5
11
5786
21
3277.5
0
LINE
8
BODY
10
4030
20
3545
11
4060
21
3545
0
LINE
8
BODY
10
4060
20
3545
11
4060
21
3585
0
LINE
8
BODY
10
4060
20
3585
11
4030
21
3585
0
LINE
8
BODY
10
4030
20
3585
11
4030
21
3545
0
LINE
8
BODY
10
5790
20
3545
11
5820
21
3545
0
LINE
8
BODY
10
5820
20
3545
11
5820
21
3585
0
LINE
8
BODY
10
5820
20
3585
11
5790
21
3585
0
LINE
8
BODY
10
5790
20
3585
11
5790
21
3545
0
LINE
8
ENGINE_BAY
10
4790
20
3220
11
5210
21
3220
0
LINE
8
ENGINE_BAY
10
5210
20
3220
11
5210
21
3650
0
LINE
8
ENGINE_BAY
10
5210
20
3650
11
4790
21
3650
0
LINE
8
ENGINE_BAY
10
4790
20
3650
11
4790
21
3220
0
LINE
8
ENGINE_BAY
10
4910
20
3580
11
5090
21
3580
0
LINE
8
ENGINE_BAY
10
5090
20
3580
11
5090
21
3650
0
LINE
8
ENGINE_BAY
10
5090
20
3650
11
4910
21
3650
0
LINE
8
ENGINE_BAY
10
4910
20
3650
11
4910
21
3580
0
LINE
8
ENGINE_BAY
10
4510
20
3320
11
5490
21
3320
0
LINE
8
ENGINE_BAY
10
5490
20
3320
11
5490
21
3840
0
LINE
8
ENGINE_BAY
10
5490
20
3840
11
4510
21
3840
0
LINE
8
ENGINE_BAY
10
4510
20
3840
11
4510
21
3320
0
LINE
8
ENGINE_BAY
10
4660
20
3620
11
4870
21
3620
0
LINE
8
ENGINE_BAY
10
4870
20
3620
11
4870
21
3770
0
LINE
8
ENGINE_BAY
10
4870
20
3770
11
4660
21
3770
0
LINE
8
ENGINE_BAY
10
4660
20
3770
11
4660
21
3620
0
LINE
8
ENGINE_BAY
10
5320
20
3260
11
5540
21
3260
0
LINE
8
ENGINE_BAY
10
5540
20
3260
11
5540
21
3480
0
LINE
8
ENGINE_BAY
10
5540
20
3480
11
5320
21
3480
0
LINE
8
ENGINE_BAY
10
5320
20
3480
11
5320
21
3260
0
LINE
8
ENGINE_BAY
10
4812
20
3570
11
4858
21
3570
0
LINE
8
ENGINE_BAY
10
4858
20
3570
11
4858
21
3750
0
LINE
8
ENGINE_BAY
10
4858
20
3750
11
4812
21
3750
0
LINE
8
ENGINE_BAY
10
4812
20
3750
11
4812
21
3570
0
LINE
8
ENGINE_BAY
10
4878
20
3570
11
4924
21
3570
0
LINE
8
ENGINE_BAY
10
4924
20
3570
11
4924
21
3750
0
LINE
8
ENGINE_BAY
10
4924
20
3750
11
4878
21
3750
0
LINE
8
ENGINE_BAY
10
4878
20
3750
11
4878
21
3570
0
LINE
8
ENGINE_BAY
10
4944
20
3570
11
4990
21
3570
0
LINE
8
ENGINE_BAY
10
4990
20
3570
11
4990
21
3750
0
LINE
8
ENGINE_BAY
10
4990
20
3750
11
4944
21
3750
0
LINE
8
ENGINE_BAY
10
4944
20
3750
11
4944
21
3570
0
LINE
8
ENGINE_BAY
10
5010
20
3570
11
5056
21
3570
0
LINE
8
ENGINE_BAY
10
5056
20
3570
11
5056
21
3750
0
LINE
8
ENGINE_BAY
10
5056
20
3750
11
5010
21
3750
0
LINE
8
ENGINE_BAY
10
5010
20
3750
11
5010
21
3570
0
LINE
8
ENGINE_BAY
10
5076
20
3570
11
5122
21
3570
0
LINE
8
ENGINE_BAY
10
5122
20
3570
11
5122
21
3750
0
LINE
8
ENGINE_BAY
10
5122
20
3750
11
5076
21
3750
0
LINE
8
ENGINE_BAY
10
5076
20
3750
11
5076
21
3570
0
LINE
8
ENGINE_BAY
10
5142
20
3570
11
5188
21
3570
0
LINE
8
ENGINE_BAY
10
5188
20
3570
11
5188
21
3750
0
LINE
8
ENGINE_BAY
10
5188
20
3750
11
5142
21
3750
0
LINE
8
ENGINE_BAY
10
5142
20
3750
11
5142
21
3570
0
LINE
8
ENGINE_BAY
10
4779
20
3574
11
4851
21
3574
0
LINE
8
ENGINE_BAY
10
4851
20
3574
11
4851
21
3646
0
LINE
8
ENGINE_BAY
10
4851
20
3646
11
4779
21
3646
0
LINE
8
ENGINE_BAY
10
4779
20
3646
11
4779
21
3574
0
LINE
8
ENGINE_BAY
10
5214
20
3115
11
5296
21
3115
0
LINE
8
ENGINE_BAY
10
5296
20
3115
11
5296
21
3575
0
LINE
8
ENGINE_BAY
10
5296
20
3575
11
5214
21
3575
0
LINE
8
ENGINE_BAY
10
5214
20
3575
11
5214
21
3115
0
LINE
8
INTERIOR
10
4340
20
3580
11
5660
21
3580
0
LINE
8
INTERIOR
10
5660
20
3580
11
5660
21
3800
0
LINE
8
INTERIOR
10
5660
20
3800
11
4340
21
3800
0
LINE
8
INTERIOR
10
4340
20
3800
11
4340
21
3580
0
LINE
8
INTERIOR
10
4550
20
3435
11
4610
21
3435
0
LINE
8
INTERIOR
10
4610
20
3435
11
4610
21
3495
0
LINE
8
INTERIOR
10
4610
20
3495
11
4550
21
3495
0
LINE
8
INTERIOR
10
4550
20
3495
11
4550
21
3435
0
LINE
8
INTERIOR
10
4390
20
3520
11
4770
21
3520
0
LINE
8
INTERIOR
10
4770
20
3520
11
4770
21
3900
0
LINE
8
INTERIOR
10
4770
20
3900
11
4390
21
3900
0
LINE
8
INTERIOR
10
4390
20
3900
11
4390
21
3520
0
LINE
8
INTERIOR
10
4512.5
20
3642.5
11
4647.5
21
3642.5
0
LINE
8
INTERIOR
10
4647.5
20
3642.5
11
4647.5
21
3777.5
0
LINE
8
INTERIOR
10
4647.5
20
3777.5
11
4512.5
21
3777.5
0
LINE
8
INTERIOR
10
4512.5
20
3777.5
11
4512.5
21
3642.5
0
LINE
8
INTERIOR
10
4404
20
3639
11
4476
21
3639
0
LINE
8
INTERIOR
10
4476
20
3639
11
4476
21
3711
0
LINE
8
INTERIOR
10
4476
20
3711
11
4404
21
3711
0
LINE
8
INTERIOR
10
4404
20
3711
11
4404
21
3639
0
LINE
8
INTERIOR
10
4494
20
3639
11
4566
21
3639
0
LINE
8
INTERIOR
10
4566
20
3639
11
4566
21
3711
0
LINE
8
INTERIOR
10
4566
20
3711
11
4494
21
3711
0
LINE
8
INTERIOR
10
4494
20
3711
11
4494
21
3639
0
LINE
8
INTERIOR
10
4584
20
3639
11
4656
21
3639
0
LINE
8
INTERIOR
10
4656
20
3639
11
4656
21
3711
0
LINE
8
INTERIOR
10
4656
20
3711
11
4584
21
3711
0
LINE
8
INTERIOR
10
4584
20
3711
11
4584
21
3639
0
LINE
8
INTERIOR
10
4674
20
3639
11
4746
21
3639
0
LINE
8
INTERIOR
10
4746
20
3639
11
4746
21
3711
0
LINE
8
INTERIOR
10
4746
20
3711
11
4674
21
3711
0
LINE
8
INTERIOR
10
4674
20
3711
11
4674
21
3639
0
LINE
8
INTERIOR
10
4862
20
3177.5
11
4898
21
3177.5
0
LINE
8
INTERIOR
10
4898
20
3177.5
11
4898
21
3462.5
0
LINE
8
INTERIOR
10
4898
20
3462.5
11
4862
21
3462.5
0
LINE
8
INTERIOR
10
4862
20
3462.5
11
4862
21
3177.5
0
LINE
8
INTERIOR
10
4946
20
3155
11
4984
21
3155
0
LINE
8
INTERIOR
10
4984
20
3155
11
4984
21
3485
0
LINE
8
INTERIOR
10
4984
20
3485
11
4946
21
3485
0
LINE
8
INTERIOR
10
4946
20
3485
11
4946
21
3155
0
LINE
8
INTERIOR
10
4485
20
3200
11
4895
21
3200
0
LINE
8
INTERIOR
10
4895
20
3200
11
4895
21
3330
0
LINE
8
INTERIOR
10
4895
20
3330
11
4485
21
3330
0
LINE
8
INTERIOR
10
4485
20
3330
11
4485
21
3200
0
LINE
8
INTERIOR
10
4485
20
3320
11
4895
21
3320
0
LINE
8
INTERIOR
10
4895
20
3320
11
4895
21
3940
0
LINE
8
INTERIOR
10
4895
20
3940
11
4485
21
3940
0
LINE
8
INTERIOR
10
4485
20
3940
11
4485
21
3320
0
LINE
8
INTERIOR
10
4540
20
3860
11
4840
21
3860
0
LINE
8
INTERIOR
10
4840
20
3860
11
4840
21
4010
0
LINE
8
INTERIOR
10
4840
20
4010
11
4540
21
4010
0
LINE
8
INTERIOR
10
4540
20
4010
11
4540
21
3860
0
LINE
8
INTERIOR
10
5105
20
3200
11
5515
21
3200
0
LINE
8
INTERIOR
10
5515
20
3200
11
5515
21
3330
0
LINE
8
INTERIOR
10
5515
20
3330
11
5105
21
3330
0
LINE
8
INTERIOR
10
5105
20
3330
11
5105
21
3200
0
LINE
8
INTERIOR
10
5105
20
3320
11
5515
21
3320
0
LINE
8
INTERIOR
10
5515
20
3320
11
5515
21
3940
0
LINE
8
INTERIOR
10
5515
20
3940
11
5105
21
3940
0
LINE
8
INTERIOR
10
5105
20
3940
11
5105
21
3320
0
LINE
8
INTERIOR
10
5160
20
3860
11
5460
21
3860
0
LINE
8
INTERIOR
10
5460
20
3860
11
5460
21
4010
0
LINE
8
INTERIOR
10
5460
20
4010
11
5160
21
4010
0
LINE
8
INTERIOR
10
5160
20
4010
11
5160
21
3860
0
LINE
8
INTERIOR
10
4460
20
3220
11
5540
21
3220
0
LINE
8
INTERIOR
10
5540
20
3220
11
5540
21
3355
0
LINE
8
INTERIOR
10
5540
20
3355
11
4460
21
3355
0
LINE
8
INTERIOR
10
4460
20
3355
11
4460
21
3220
0
LINE
8
INTERIOR
10
4460
20
3340
11
5540
21
3340
0
LINE
8
INTERIOR
10
5540
20
3340
11
5540
21
3900
0
LINE
8
INTERIOR
10
5540
20
3900
11
4460
21
3900
0
LINE
8
INTERIOR
10
4460
20
3900
11
4460
21
3340
0
LINE
8
INTERIOR
10
4515
20
3820
11
4785
21
3820
0
LINE
8
INTERIOR
10
4785
20
3820
11
4785
21
3960
0
LINE
8
INTERIOR
10
4785
20
3960
11
4515
21
3960
0
LINE
8
INTERIOR
10
4515
20
3960
11
4515
21
3820
0
LINE
8
INTERIOR
10
5215
20
3820
11
5485
21
3820
0
LINE
8
INTERIOR
10
5485
20
3820
11
5485
21
3960
0
LINE
8
INTERIOR
10
5485
20
3960
11
5215
21
3960
0
LINE
8
INTERIOR
10
5215
20
3960
11
5215
21
3820
0
LINE
8
CHASSIS
10
4562.5
20
3055
11
4657.5
21
3055
0
LINE
8
CHASSIS
10
4657.5
20
3055
11
4657.5
21
3079
0
LINE
8
CHASSIS
10
4657.5
20
3079
11
4562.5
21
3079
0
LINE
8
CHASSIS
10
4562.5
20
3079
11
4562.5
21
3055
0
LINE
8
CHASSIS
10
4543
20
2940
11
4561
21
2940
0
LINE
8
CHASSIS
10
4561
20
2940
11
4561
21
3090
0
LINE
8
CHASSIS
10
4561
20
3090
11
4543
21
3090
0
LINE
8
CHASSIS
10
4543
20
3090
11
4543
21
2940
0
LINE
8
CHASSIS
10
4562.5
20
3055
11
4657.5
21
3055
0
LINE
8
CHASSIS
10
4657.5
20
3055
11
4657.5
21
3079
0
LINE
8
CHASSIS
10
4657.5
20
3079
11
4562.5
21
3079
0
LINE
8
CHASSIS
10
4562.5
20
3079
11
4562.5
21
3055
0
LINE
8
CHASSIS
10
4543
20
2940
11
4561
21
2940
0
LINE
8
CHASSIS
10
4561
20
2940
11
4561
21
3085
0
LINE
8
CHASSIS
10
4561
20
3085
11
4543
21
3085
0
LINE
8
CHASSIS
10
4543
20
3085
11
4543
21
2940
0
LINE
8
CHASSIS
10
4440
20
3025
11
4510
21
3025
0
LINE
8
CHASSIS
10
4510
20
3025
11
4510
21
3080
0
LINE
8
CHASSIS
10
4510
20
3080
11
4440
21
3080
0
LINE
8
CHASSIS
10
4440
20
3080
11
4440
21
3025
0
LINE
8
CHASSIS
10
4326
20
3089
11
4444
21
3089
0
LINE
8
CHASSIS
10
4444
20
3089
11
4444
21
3131
0
LINE
8
CHASSIS
10
4444
20
3131
11
4326
21
3131
0
LINE
8
CHASSIS
10
4326
20
3131
11
4326
21
3089
0
LINE
8
CHASSIS
10
4370
20
3097
11
4400
21
3097
0
LINE
8
CHASSIS
10
4400
20
3097
11
4400
21
3167
0
LINE
8
CHASSIS
10
4400
20
3167
11
4370
21
3167
0
LINE
8
CHASSIS
10
4370
20
3167
11
4370
21
3097
0
LINE
8
CHASSIS
10
4440
20
3025
11
4510
21
3025
0
LINE
8
CHASSIS
10
4510
20
3025
11
4510
21
3080
0
LINE
8
CHASSIS
10
4510
20
3080
11
4440
21
3080
0
LINE
8
CHASSIS
10
4440
20
3080
11
4440
21
3025
0
LINE
8
CHASSIS
10
4326
20
3089
11
4444
21
3089
0
LINE
8
CHASSIS
10
4444
20
3089
11
4444
21
3131
0
LINE
8
CHASSIS
10
4444
20
3131
11
4326
21
3131
0
LINE
8
CHASSIS
10
4326
20
3131
11
4326
21
3089
0
LINE
8
CHASSIS
10
4370
20
3097
11
4400
21
3097
0
LINE
8
CHASSIS
10
4400
20
3097
11
4400
21
3167
0
LINE
8
CHASSIS
10
4400
20
3167
11
4370
21
3167
0
LINE
8
CHASSIS
10
4370
20
3167
11
4370
21
3097
0
LINE
8
CHASSIS
10
4440
20
3025
11
4510
21
3025
0
LINE
8
CHASSIS
10
4510
20
3025
11
4510
21
3080
0
LINE
8
CHASSIS
10
4510
20
3080
11
4440
21
3080
0
LINE
8
CHASSIS
10
4440
20
3080
11
4440
21
3025
0
LINE
8
CHASSIS
10
4326
20
3089
11
4444
21
3089
0
LINE
8
CHASSIS
10
4444
20
3089
11
4444
21
3131
0
LINE
8
CHASSIS
10
4444
20
3131
11
4326
21
3131
0
LINE
8
CHASSIS
10
4326
20
3131
11
4326
21
3089
0
LINE
8
CHASSIS
10
4370
20
3097
11
4400
21
3097
0
LINE
8
CHASSIS
10
4400
20
3097
11
4400
21
3167
0
LINE
8
CHASSIS
10
4400
20
3167
11
4370
21
3167
0
LINE
8
CHASSIS
10
4370
20
3167
11
4370
21
3097
0
LINE
8
CHASSIS
10
4440
20
3025
11
4510
21
3025
0
LINE
8
CHASSIS
10
4510
20
3025
11
4510
21
3080
0
LINE
8
CHASSIS
10
4510
20
3080
11
4440
21
3080
0
LINE
8
CHASSIS
10
4440
20
3080
11
4440
21
3025
0
LINE
8
CHASSIS
10
4326
20
3089
11
4444
21
3089
0
LINE
8
CHASSIS
10
4444
20
3089
11
4444
21
3131
0
LINE
8
CHASSIS
10
4444
20
3131
11
4326
21
3131
0
LINE
8
CHASSIS
10
4326
20
3131
11
4326
21
3089
0
LINE
8
CHASSIS
10
4370
20
3097
11
4400
21
3097
0
LINE
8
CHASSIS
10
4400
20
3097
11
4400
21
3167
0
LINE
8
CHASSIS
10
4400
20
3167
11
4370
21
3167
0
LINE
8
CHASSIS
10
4370
20
3167
11
4370
21
3097
0
LINE
8
CHASSIS
10
4440
20
3025
11
4510
21
3025
0
LINE
8
CHASSIS
10
4510
20
3025
11
4510
21
3080
0
LINE
8
CHASSIS
10
4510
20
3080
11
4440
21
3080
0
LINE
8
CHASSIS
10
4440
20
3080
11
4440
21
3025
0
LINE
8
CHASSIS
10
4326
20
3089
11
4444
21
3089
0
LINE
8
CHASSIS
10
4444
20
3089
11
4444
21
3131
0
LINE
8
CHASSIS
10
4444
20
3131
11
4326
21
3131
0
LINE
8
CHASSIS
10
4326
20
3131
11
4326
21
3089
0
LINE
8
CHASSIS
10
4370
20
3097
11
4400
21
3097
0
LINE
8
CHASSIS
10
4400
20
3097
11
4400
21
3167
0
LINE
8
CHASSIS
10
4400
20
3167
11
4370
21
3167
0
LINE
8
CHASSIS
10
4370
20
3167
11
4370
21
3097
0
LINE
8
CHASSIS
10
4511
20
2860
11
4539
21
2860
0
LINE
8
CHASSIS
10
4539
20
2860
11
4539
21
3040
0
LINE
8
CHASSIS
10
4539
20
3040
11
4511
21
3040
0
LINE
8
CHASSIS
10
4511
20
3040
11
4511
21
2860
0
LINE
8
CHASSIS
10
4596
20
2860
11
4624
21
2860
0
LINE
8
CHASSIS
10
4624
20
2860
11
4624
21
3040
0
LINE
8
CHASSIS
10
4624
20
3040
11
4596
21
3040
0
LINE
8
CHASSIS
10
4596
20
3040
11
4596
21
2860
0
LINE
8
CHASSIS
10
4502.5
20
2909
11
4632.5
21
2909
0
LINE
8
CHASSIS
10
4632.5
20
2909
11
4632.5
21
2951
0
LINE
8
CHASSIS
10
4632.5
20
2951
11
4502.5
21
2951
0
LINE
8
CHASSIS
10
4502.5
20
2951
11
4502.5
21
2909
0
LINE
8
CHASSIS
10
4511
20
2860
11
4539
21
2860
0
LINE
8
CHASSIS
10
4539
20
2860
11
4539
21
3040
0
LINE
8
CHASSIS
10
4539
20
3040
11
4511
21
3040
0
LINE
8
CHASSIS
10
4511
20
3040
11
4511
21
2860
0
LINE
8
CHASSIS
10
4596
20
2860
11
4624
21
2860
0
LINE
8
CHASSIS
10
4624
20
2860
11
4624
21
3040
0
LINE
8
CHASSIS
10
4624
20
3040
11
4596
21
3040
0
LINE
8
CHASSIS
10
4596
20
3040
11
4596
21
2860
0
LINE
8
CHASSIS
10
4502.5
20
2909
11
4632.5
21
2909
0
LINE
8
CHASSIS
10
4632.5
20
2909
11
4632.5
21
2951
0
LINE
8
CHASSIS
10
4632.5
20
2951
11
4502.5
21
2951
0
LINE
8
CHASSIS
10
4502.5
20
2951
11
4502.5
21
2909
0
LINE
8
CHASSIS
10
4511
20
2860
11
4539
21
2860
0
LINE
8
CHASSIS
10
4539
20
2860
11
4539
21
3040
0
LINE
8
CHASSIS
10
4539
20
3040
11
4511
21
3040
0
LINE
8
CHASSIS
10
4511
20
3040
11
4511
21
2860
0
LINE
8
CHASSIS
10
4596
20
2860
11
4624
21
2860
0
LINE
8
CHASSIS
10
4624
20
2860
11
4624
21
3040
0
LINE
8
CHASSIS
10
4624
20
3040
11
4596
21
3040
0
LINE
8
CHASSIS
10
4596
20
3040
11
4596
21
2860
0
LINE
8
CHASSIS
10
4502.5
20
2909
11
4632.5
21
2909
0
LINE
8
CHASSIS
10
4632.5
20
2909
11
4632.5
21
2951
0
LINE
8
CHASSIS
10
4632.5
20
2951
11
4502.5
21
2951
0
LINE
8
CHASSIS
10
4502.5
20
2951
11
4502.5
21
2909
0
LINE
8
CHASSIS
10
4511
20
2860
11
4539
21
2860
0
LINE
8
CHASSIS
10
4539
20
2860
11
4539
21
3040
0
LINE
8
CHASSIS
10
4539
20
3040
11
4511
21
3040
0
LINE
8
CHASSIS
10
4511
20
3040
11
4511
21
2860
0
LINE
8
CHASSIS
10
4596
20
2860
11
4624
21
2860
0
LINE
8
CHASSIS
10
4624
20
2860
11
4624
21
3040
0
LINE
8
CHASSIS
10
4624
20
3040
11
4596
21
3040
0
LINE
8
CHASSIS
10
4596
20
3040
11
4596
21
2860
0
LINE
8
CHASSIS
10
4502.5
20
2909
11
4632.5
21
2909
0
LINE
8
CHASSIS
10
4632.5
20
2909
11
4632.5
21
2951
0
LINE
8
CHASSIS
10
4632.5
20
2951
11
4502.5
21
2951
0
LINE
8
CHASSIS
10
4502.5
20
2951
11
4502.5
21
2909
0
LINE
8
CHASSIS
10
4495
20
2965
11
4725
21
2965
0
LINE
8
CHASSIS
10
4725
20
2965
11
4725
21
3055
0
LINE
8
CHASSIS
10
4725
20
3055
11
4495
21
3055
0
LINE
8
CHASSIS
10
4495
20
3055
11
4495
21
2965
0
LINE
8
CHASSIS
10
4495
20
2965
11
4725
21
2965
0
LINE
8
CHASSIS
10
4725
20
2965
11
4725
21
3055
0
LINE
8
CHASSIS
10
4725
20
3055
11
4495
21
3055
0
LINE
8
CHASSIS
10
4495
20
3055
11
4495
21
2965
0
LINE
8
CHASSIS
10
4495
20
2965
11
4725
21
2965
0
LINE
8
CHASSIS
10
4725
20
2965
11
4725
21
3055
0
LINE
8
CHASSIS
10
4725
20
3055
11
4495
21
3055
0
LINE
8
CHASSIS
10
4495
20
3055
11
4495
21
2965
0
LINE
8
CHASSIS
10
4495
20
2965
11
4725
21
2965
0
LINE
8
CHASSIS
10
4725
20
2965
11
4725
21
3055
0
LINE
8
CHASSIS
10
4725
20
3055
11
4495
21
3055
0
LINE
8
CHASSIS
10
4495
20
3055
11
4495
21
2965
0
LINE
8
CHASSIS
10
4495
20
2965
11
4725
21
2965
0
LINE
8
CHASSIS
10
4725
20
2965
11
4725
21
3055
0
LINE
8
CHASSIS
10
4725
20
3055
11
4495
21
3055
0
LINE
8
CHASSIS
10
4495
20
3055
11
4495
21
2965
0
LINE
8
CHASSIS
10
4495
20
2965
11
4725
21
2965
0
LINE
8
CHASSIS
10
4725
20
2965
11
4725
21
3055
0
LINE
8
CHASSIS
10
4725
20
3055
11
4495
21
3055
0
LINE
8
CHASSIS
10
4495
20
3055
11
4495
21
2965
0
LINE
8
RUNNING_GEAR
10
4370
20
3375
11
4480
21
3375
0
LINE
8
RUNNING_GEAR
10
4480
20
3375
11
4480
21
3510
0
LINE
8
RUNNING_GEAR
10
4480
20
3510
11
4370
21
3510
0
LINE
8
RUNNING_GEAR
10
4370
20
3510
11
4370
21
3375
0
LINE
8
RUNNING_GEAR
10
4370
20
3375
11
4480
21
3375
0
LINE
8
RUNNING_GEAR
10
4480
20
3375
11
4480
21
3510
0
LINE
8
RUNNING_GEAR
10
4480
20
3510
11
4370
21
3510
0
LINE
8
RUNNING_GEAR
10
4370
20
3510
11
4370
21
3375
0
LINE
8
RUNNING_GEAR
10
4468
20
3210
11
4492
21
3210
0
LINE
8
RUNNING_GEAR
10
4492
20
3210
11
4492
21
3490
0
LINE
8
RUNNING_GEAR
10
4492
20
3490
11
4468
21
3490
0
LINE
8
RUNNING_GEAR
10
4468
20
3490
11
4468
21
3210
0
LINE
8
RUNNING_GEAR
10
4468
20
3210
11
4492
21
3210
0
LINE
8
RUNNING_GEAR
10
4492
20
3210
11
4492
21
3490
0
LINE
8
RUNNING_GEAR
10
4492
20
3490
11
4468
21
3490
0
LINE
8
RUNNING_GEAR
10
4468
20
3490
11
4468
21
3210
0
LINE
8
RUNNING_GEAR
10
4465
20
3040
11
4545
21
3040
0
LINE
8
RUNNING_GEAR
10
4545
20
3040
11
4545
21
3112
0
LINE
8
RUNNING_GEAR
10
4545
20
3112
11
4465
21
3112
0
LINE
8
RUNNING_GEAR
10
4465
20
3112
11
4465
21
3040
0
LINE
8
RUNNING_GEAR
10
4465
20
3040
11
4545
21
3040
0
LINE
8
RUNNING_GEAR
10
4545
20
3040
11
4545
21
3112
0
LINE
8
RUNNING_GEAR
10
4545
20
3112
11
4465
21
3112
0
LINE
8
RUNNING_GEAR
10
4465
20
3112
11
4465
21
3040
0
LINE
8
CHASSIS
10
5342.5
20
3055
11
5437.5
21
3055
0
LINE
8
CHASSIS
10
5437.5
20
3055
11
5437.5
21
3079
0
LINE
8
CHASSIS
10
5437.5
20
3079
11
5342.5
21
3079
0
LINE
8
CHASSIS
10
5342.5
20
3079
11
5342.5
21
3055
0
LINE
8
CHASSIS
10
5439
20
2940
11
5457
21
2940
0
LINE
8
CHASSIS
10
5457
20
2940
11
5457
21
3090
0
LINE
8
CHASSIS
10
5457
20
3090
11
5439
21
3090
0
LINE
8
CHASSIS
10
5439
20
3090
11
5439
21
2940
0
LINE
8
CHASSIS
10
5342.5
20
3055
11
5437.5
21
3055
0
LINE
8
CHASSIS
10
5437.5
20
3055
11
5437.5
21
3079
0
LINE
8
CHASSIS
10
5437.5
20
3079
11
5342.5
21
3079
0
LINE
8
CHASSIS
10
5342.5
20
3079
11
5342.5
21
3055
0
LINE
8
CHASSIS
10
5439
20
2940
11
5457
21
2940
0
LINE
8
CHASSIS
10
5457
20
2940
11
5457
21
3085
0
LINE
8
CHASSIS
10
5457
20
3085
11
5439
21
3085
0
LINE
8
CHASSIS
10
5439
20
3085
11
5439
21
2940
0
LINE
8
CHASSIS
10
5490
20
3025
11
5560
21
3025
0
LINE
8
CHASSIS
10
5560
20
3025
11
5560
21
3080
0
LINE
8
CHASSIS
10
5560
20
3080
11
5490
21
3080
0
LINE
8
CHASSIS
10
5490
20
3080
11
5490
21
3025
0
LINE
8
CHASSIS
10
5556
20
3089
11
5674
21
3089
0
LINE
8
CHASSIS
10
5674
20
3089
11
5674
21
3131
0
LINE
8
CHASSIS
10
5674
20
3131
11
5556
21
3131
0
LINE
8
CHASSIS
10
5556
20
3131
11
5556
21
3089
0
LINE
8
CHASSIS
10
5600
20
3097
11
5630
21
3097
0
LINE
8
CHASSIS
10
5630
20
3097
11
5630
21
3167
0
LINE
8
CHASSIS
10
5630
20
3167
11
5600
21
3167
0
LINE
8
CHASSIS
10
5600
20
3167
11
5600
21
3097
0
LINE
8
CHASSIS
10
5490
20
3025
11
5560
21
3025
0
LINE
8
CHASSIS
10
5560
20
3025
11
5560
21
3080
0
LINE
8
CHASSIS
10
5560
20
3080
11
5490
21
3080
0
LINE
8
CHASSIS
10
5490
20
3080
11
5490
21
3025
0
LINE
8
CHASSIS
10
5556
20
3089
11
5674
21
3089
0
LINE
8
CHASSIS
10
5674
20
3089
11
5674
21
3131
0
LINE
8
CHASSIS
10
5674
20
3131
11
5556
21
3131
0
LINE
8
CHASSIS
10
5556
20
3131
11
5556
21
3089
0
LINE
8
CHASSIS
10
5600
20
3097
11
5630
21
3097
0
LINE
8
CHASSIS
10
5630
20
3097
11
5630
21
3167
0
LINE
8
CHASSIS
10
5630
20
3167
11
5600
21
3167
0
LINE
8
CHASSIS
10
5600
20
3167
11
5600
21
3097
0
LINE
8
CHASSIS
10
5490
20
3025
11
5560
21
3025
0
LINE
8
CHASSIS
10
5560
20
3025
11
5560
21
3080
0
LINE
8
CHASSIS
10
5560
20
3080
11
5490
21
3080
0
LINE
8
CHASSIS
10
5490
20
3080
11
5490
21
3025
0
LINE
8
CHASSIS
10
5556
20
3089
11
5674
21
3089
0
LINE
8
CHASSIS
10
5674
20
3089
11
5674
21
3131
0
LINE
8
CHASSIS
10
5674
20
3131
11
5556
21
3131
0
LINE
8
CHASSIS
10
5556
20
3131
11
5556
21
3089
0
LINE
8
CHASSIS
10
5600
20
3097
11
5630
21
3097
0
LINE
8
CHASSIS
10
5630
20
3097
11
5630
21
3167
0
LINE
8
CHASSIS
10
5630
20
3167
11
5600
21
3167
0
LINE
8
CHASSIS
10
5600
20
3167
11
5600
21
3097
0
LINE
8
CHASSIS
10
5490
20
3025
11
5560
21
3025
0
LINE
8
CHASSIS
10
5560
20
3025
11
5560
21
3080
0
LINE
8
CHASSIS
10
5560
20
3080
11
5490
21
3080
0
LINE
8
CHASSIS
10
5490
20
3080
11
5490
21
3025
0
LINE
8
CHASSIS
10
5556
20
3089
11
5674
21
3089
0
LINE
8
CHASSIS
10
5674
20
3089
11
5674
21
3131
0
LINE
8
CHASSIS
10
5674
20
3131
11
5556
21
3131
0
LINE
8
CHASSIS
10
5556
20
3131
11
5556
21
3089
0
LINE
8
CHASSIS
10
5600
20
3097
11
5630
21
3097
0
LINE
8
CHASSIS
10
5630
20
3097
11
5630
21
3167
0
LINE
8
CHASSIS
10
5630
20
3167
11
5600
21
3167
0
LINE
8
CHASSIS
10
5600
20
3167
11
5600
21
3097
0
LINE
8
CHASSIS
10
5490
20
3025
11
5560
21
3025
0
LINE
8
CHASSIS
10
5560
20
3025
11
5560
21
3080
0
LINE
8
CHASSIS
10
5560
20
3080
11
5490
21
3080
0
LINE
8
CHASSIS
10
5490
20
3080
11
5490
21
3025
0
LINE
8
CHASSIS
10
5556
20
3089
11
5674
21
3089
0
LINE
8
CHASSIS
10
5674
20
3089
11
5674
21
3131
0
LINE
8
CHASSIS
10
5674
20
3131
11
5556
21
3131
0
LINE
8
CHASSIS
10
5556
20
3131
11
5556
21
3089
0
LINE
8
CHASSIS
10
5600
20
3097
11
5630
21
3097
0
LINE
8
CHASSIS
10
5630
20
3097
11
5630
21
3167
0
LINE
8
CHASSIS
10
5630
20
3167
11
5600
21
3167
0
LINE
8
CHASSIS
10
5600
20
3167
11
5600
21
3097
0
LINE
8
CHASSIS
10
5461
20
2860
11
5489
21
2860
0
LINE
8
CHASSIS
10
5489
20
2860
11
5489
21
3040
0
LINE
8
CHASSIS
10
5489
20
3040
11
5461
21
3040
0
LINE
8
CHASSIS
10
5461
20
3040
11
5461
21
2860
0
LINE
8
CHASSIS
10
5376
20
2860
11
5404
21
2860
0
LINE
8
CHASSIS
10
5404
20
2860
11
5404
21
3040
0
LINE
8
CHASSIS
10
5404
20
3040
11
5376
21
3040
0
LINE
8
CHASSIS
10
5376
20
3040
11
5376
21
2860
0
LINE
8
CHASSIS
10
5367.5
20
2909
11
5497.5
21
2909
0
LINE
8
CHASSIS
10
5497.5
20
2909
11
5497.5
21
2951
0
LINE
8
CHASSIS
10
5497.5
20
2951
11
5367.5
21
2951
0
LINE
8
CHASSIS
10
5367.5
20
2951
11
5367.5
21
2909
0
LINE
8
CHASSIS
10
5461
20
2860
11
5489
21
2860
0
LINE
8
CHASSIS
10
5489
20
2860
11
5489
21
3040
0
LINE
8
CHASSIS
10
5489
20
3040
11
5461
21
3040
0
LINE
8
CHASSIS
10
5461
20
3040
11
5461
21
2860
0
LINE
8
CHASSIS
10
5376
20
2860
11
5404
21
2860
0
LINE
8
CHASSIS
10
5404
20
2860
11
5404
21
3040
0
LINE
8
CHASSIS
10
5404
20
3040
11
5376
21
3040
0
LINE
8
CHASSIS
10
5376
20
3040
11
5376
21
2860
0
LINE
8
CHASSIS
10
5367.5
20
2909
11
5497.5
21
2909
0
LINE
8
CHASSIS
10
5497.5
20
2909
11
5497.5
21
2951
0
LINE
8
CHASSIS
10
5497.5
20
2951
11
5367.5
21
2951
0
LINE
8
CHASSIS
10
5367.5
20
2951
11
5367.5
21
2909
0
LINE
8
CHASSIS
10
5461
20
2860
11
5489
21
2860
0
LINE
8
CHASSIS
10
5489
20
2860
11
5489
21
3040
0
LINE
8
CHASSIS
10
5489
20
3040
11
5461
21
3040
0
LINE
8
CHASSIS
10
5461
20
3040
11
5461
21
2860
0
LINE
8
CHASSIS
10
5376
20
2860
11
5404
21
2860
0
LINE
8
CHASSIS
10
5404
20
2860
11
5404
21
3040
0
LINE
8
CHASSIS
10
5404
20
3040
11
5376
21
3040
0
LINE
8
CHASSIS
10
5376
20
3040
11
5376
21
2860
0
LINE
8
CHASSIS
10
5367.5
20
2909
11
5497.5
21
2909
0
LINE
8
CHASSIS
10
5497.5
20
2909
11
5497.5
21
2951
0
LINE
8
CHASSIS
10
5497.5
20
2951
11
5367.5
21
2951
0
LINE
8
CHASSIS
10
5367.5
20
2951
11
5367.5
21
2909
0
LINE
8
CHASSIS
10
5461
20
2860
11
5489
21
2860
0
LINE
8
CHASSIS
10
5489
20
2860
11
5489
21
3040
0
LINE
8
CHASSIS
10
5489
20
3040
11
5461
21
3040
0
LINE
8
CHASSIS
10
5461
20
3040
11
5461
21
2860
0
LINE
8
CHASSIS
10
5376
20
2860
11
5404
21
2860
0
LINE
8
CHASSIS
10
5404
20
2860
11
5404
21
3040
0
LINE
8
CHASSIS
10
5404
20
3040
11
5376
21
3040
0
LINE
8
CHASSIS
10
5376
20
3040
11
5376
21
2860
0
LINE
8
CHASSIS
10
5367.5
20
2909
11
5497.5
21
2909
0
LINE
8
CHASSIS
10
5497.5
20
2909
11
5497.5
21
2951
0
LINE
8
CHASSIS
10
5497.5
20
2951
11
5367.5
21
2951
0
LINE
8
CHASSIS
10
5367.5
20
2951
11
5367.5
21
2909
0
LINE
8
CHASSIS
10
5275
20
2965
11
5505
21
2965
0
LINE
8
CHASSIS
10
5505
20
2965
11
5505
21
3055
0
LINE
8
CHASSIS
10
5505
20
3055
11
5275
21
3055
0
LINE
8
CHASSIS
10
5275
20
3055
11
5275
21
2965
0
LINE
8
CHASSIS
10
5275
20
2965
11
5505
21
2965
0
LINE
8
CHASSIS
10
5505
20
2965
11
5505
21
3055
0
LINE
8
CHASSIS
10
5505
20
3055
11
5275
21
3055
0
LINE
8
CHASSIS
10
5275
20
3055
11
5275
21
2965
0
LINE
8
CHASSIS
10
5275
20
2965
11
5505
21
2965
0
LINE
8
CHASSIS
10
5505
20
2965
11
5505
21
3055
0
LINE
8
CHASSIS
10
5505
20
3055
11
5275
21
3055
0
LINE
8
CHASSIS
10
5275
20
3055
11
5275
21
2965
0
LINE
8
CHASSIS
10
5275
20
2965
11
5505
21
2965
0
LINE
8
CHASSIS
10
5505
20
2965
11
5505
21
3055
0
LINE
8
CHASSIS
10
5505
20
3055
11
5275
21
3055
0
LINE
8
CHASSIS
10
5275
20
3055
11
5275
21
2965
0
LINE
8
CHASSIS
10
5275
20
2965
11
5505
21
2965
0
LINE
8
CHASSIS
10
5505
20
2965
11
5505
21
3055
0
LINE
8
CHASSIS
10
5505
20
3055
11
5275
21
3055
0
LINE
8
CHASSIS
10
5275
20
3055
11
5275
21
2965
0
LINE
8
CHASSIS
10
5275
20
2965
11
5505
21
2965
0
LINE
8
CHASSIS
10
5505
20
2965
11
5505
21
3055
0
LINE
8
CHASSIS
10
5505
20
3055
11
5275
21
3055
0
LINE
8
CHASSIS
10
5275
20
3055
11
5275
21
2965
0
LINE
8
RUNNING_GEAR
10
5520
20
3375
11
5630
21
3375
0
LINE
8
RUNNING_GEAR
10
5630
20
3375
11
5630
21
3510
0
LINE
8
RUNNING_GEAR
10
5630
20
3510
11
5520
21
3510
0
LINE
8
RUNNING_GEAR
10
5520
20
3510
11
5520
21
3375
0
LINE
8
RUNNING_GEAR
10
5520
20
3375
11
5630
21
3375
0
LINE
8
RUNNING_GEAR
10
5630
20
3375
11
5630
21
3510
0
LINE
8
RUNNING_GEAR
10
5630
20
3510
11
5520
21
3510
0
LINE
8
RUNNING_GEAR
10
5520
20
3510
11
5520
21
3375
0
LINE
8
RUNNING_GEAR
10
5508
20
3210
11
5532
21
3210
0
LINE
8
RUNNING_GEAR
10
5532
20
3210
11
5532
21
3490
0
LINE
8
RUNNING_GEAR
10
5532
20
3490
11
5508
21
3490
0
LINE
8
RUNNING_GEAR
10
5508
20
3490
11
5508
21
3210
0
LINE
8
RUNNING_GEAR
10
5508
20
3210
11
5532
21
3210
0
LINE
8
RUNNING_GEAR
10
5532
20
3210
11
5532
21
3490
0
LINE
8
RUNNING_GEAR
10
5532
20
3490
11
5508
21
3490
0
LINE
8
RUNNING_GEAR
10
5508
20
3490
11
5508
21
3210
0
LINE
8
RUNNING_GEAR
10
5455
20
3040
11
5535
21
3040
0
LINE
8
RUNNING_GEAR
10
5535
20
3040
11
5535
21
3112
0
LINE
8
RUNNING_GEAR
10
5535
20
3112
11
5455
21
3112
0
LINE
8
RUNNING_GEAR
10
5455
20
3112
11
5455
21
3040
0
LINE
8
RUNNING_GEAR
10
5455
20
3040
11
5535
21
3040
0
LINE
8
RUNNING_GEAR
10
5535
20
3040
11
5535
21
3112
0
LINE
8
RUNNING_GEAR
10
5535
20
3112
11
5455
21
3112
0
LINE
8
RUNNING_GEAR
10
5455
20
3112
11
5455
21
3040
0
LINE
8
CHASSIS
10
4530
20
3000
11
5470
21
3000
0
LINE
8
CHASSIS
10
5470
20
3000
11
5470
21
3120
0
LINE
8
CHASSIS
10
5470
20
3120
11
4530
21
3120
0
LINE
8
CHASSIS
10
4530
20
3120
11
4530
21
3000
0
LINE
8
CHASSIS
10
4690
20
2815
11
5310
21
2815
0
LINE
8
CHASSIS
10
5310
20
2815
11
5310
21
2857
0
LINE
8
CHASSIS
10
5310
20
2857
11
4690
21
2857
0
LINE
8
CHASSIS
10
4690
20
2857
11
4690
21
2815
0
LINE
8
RUNNING_GEAR
10
4820
20
3075
11
5180
21
3075
0
LINE
8
RUNNING_GEAR
10
5180
20
3075
11
5180
21
3340
0
LINE
8
RUNNING_GEAR
10
5180
20
3340
11
4820
21
3340
0
LINE
8
RUNNING_GEAR
10
4820
20
3340
11
4820
21
3075
0
LINE
8
RUNNING_GEAR
10
4850
20
3110
11
5150
21
3110
0
LINE
8
RUNNING_GEAR
10
5150
20
3110
11
5150
21
3370
0
LINE
8
RUNNING_GEAR
10
5150
20
3370
11
4850
21
3370
0
LINE
8
RUNNING_GEAR
10
4850
20
3370
11
4850
21
3110
0
LINE
8
RUNNING_GEAR
10
4959
20
2924
11
5041
21
2924
0
LINE
8
RUNNING_GEAR
10
5041
20
2924
11
5041
21
3006
0
LINE
8
RUNNING_GEAR
10
5041
20
3006
11
4959
21
3006
0
LINE
8
RUNNING_GEAR
10
4959
20
3006
11
4959
21
2924
0
LINE
8
RUNNING_GEAR
10
4959
20
2924
11
5041
21
2924
0
LINE
8
RUNNING_GEAR
10
5041
20
2924
11
5041
21
3006
0
LINE
8
RUNNING_GEAR
10
5041
20
3006
11
4959
21
3006
0
LINE
8
RUNNING_GEAR
10
4959
20
3006
11
4959
21
2924
0
LINE
8
RUNNING_GEAR
10
4850
20
2740
11
5150
21
2740
0
LINE
8
RUNNING_GEAR
10
5150
20
2740
11
5150
21
3100
0
LINE
8
RUNNING_GEAR
10
5150
20
3100
11
4850
21
3100
0
LINE
8
RUNNING_GEAR
10
4850
20
3100
11
4850
21
2740
0
LINE
8
RUNNING_GEAR
10
4840
20
2730
11
5160
21
2730
0
LINE
8
RUNNING_GEAR
10
5160
20
2730
11
5160
21
3110
0
LINE
8
RUNNING_GEAR
10
5160
20
3110
11
4840
21
3110
0
LINE
8
RUNNING_GEAR
10
4840
20
3110
11
4840
21
2730
0
LINE
8
RUNNING_GEAR
10
4927.5
20
2857.5
11
5072.5
21
2857.5
0
LINE
8
RUNNING_GEAR
10
5072.5
20
2857.5
11
5072.5
21
3002.5
0
LINE
8
RUNNING_GEAR
10
5072.5
20
3002.5
11
4927.5
21
3002.5
0
LINE
8
RUNNING_GEAR
10
4927.5
20
3002.5
11
4927.5
21
2857.5
0
LINE
8
RUNNING_GEAR
10
4927.5
20
2857.5
11
5072.5
21
2857.5
0
LINE
8
RUNNING_GEAR
10
5072.5
20
2857.5
11
5072.5
21
3002.5
0
LINE
8
RUNNING_GEAR
10
5072.5
20
3002.5
11
4927.5
21
3002.5
0
LINE
8
RUNNING_GEAR
10
4927.5
20
3002.5
11
4927.5
21
2857.5
0
LINE
8
CHASSIS
10
4397.5
20
3110
11
4572.5
21
3110
0
LINE
8
CHASSIS
10
4572.5
20
3110
11
4572.5
21
3340
0
LINE
8
CHASSIS
10
4572.5
20
3340
11
4397.5
21
3340
0
LINE
8
CHASSIS
10
4397.5
20
3340
11
4397.5
21
3110
0
LINE
8
CHASSIS
10
4541
20
3100
11
4569
21
3100
0
LINE
8
CHASSIS
10
4569
20
3100
11
4569
21
3360
0
LINE
8
CHASSIS
10
4569
20
3360
11
4541
21
3360
0
LINE
8
CHASSIS
10
4541
20
3360
11
4541
21
3100
0
LINE
8
RUNNING_GEAR
10
4414
20
2940
11
4476
21
2940
0
LINE
8
RUNNING_GEAR
10
4476
20
2940
11
4476
21
3190
0
LINE
8
RUNNING_GEAR
10
4476
20
3190
11
4414
21
3190
0
LINE
8
RUNNING_GEAR
10
4414
20
3190
11
4414
21
2940
0
LINE
8
RUNNING_GEAR
10
4428
20
2988
11
4462
21
2988
0
LINE
8
RUNNING_GEAR
10
4462
20
2988
11
4462
21
3022
0
LINE
8
RUNNING_GEAR
10
4462
20
3022
11
4428
21
3022
0
LINE
8
RUNNING_GEAR
10
4428
20
3022
11
4428
21
2988
0
LINE
8
RUNNING_GEAR
10
4290
20
2989
11
5710
21
2989
0
LINE
8
RUNNING_GEAR
10
5710
20
2989
11
5710
21
3021
0
LINE
8
RUNNING_GEAR
10
5710
20
3021
11
4290
21
3021
0
LINE
8
RUNNING_GEAR
10
4290
20
3021
11
4290
21
2989
0
LINE
8
RUNNING_GEAR
10
4621
20
2951
11
4679
21
2951
0
LINE
8
RUNNING_GEAR
10
4679
20
2951
11
4679
21
3009
0
LINE
8
RUNNING_GEAR
10
4679
20
3009
11
4621
21
3009
0
LINE
8
RUNNING_GEAR
10
4621
20
3009
11
4621
21
2951
0
LINE
8
RUNNING_GEAR
10
4281
20
2975
11
4339
21
2975
0
LINE
8
RUNNING_GEAR
10
4339
20
2975
11
4339
21
3035
0
LINE
8
RUNNING_GEAR
10
4339
20
3035
11
4281
21
3035
0
LINE
8
RUNNING_GEAR
10
4281
20
3035
11
4281
21
2975
0
LINE
8
RUNNING_GEAR
10
5661
20
2975
11
5719
21
2975
0
LINE
8
RUNNING_GEAR
10
5719
20
2975
11
5719
21
3035
0
LINE
8
RUNNING_GEAR
10
5719
20
3035
11
5661
21
3035
0
LINE
8
RUNNING_GEAR
10
5661
20
3035
11
5661
21
2975
0
LINE
8
RUNNING_GEAR
10
4222.5
20
2712.5
11
4277.5
21
2712.5
0
LINE
8
RUNNING_GEAR
10
4277.5
20
2712.5
11
4277.5
21
3077.5
0
LINE
8
RUNNING_GEAR
10
4277.5
20
3077.5
11
4222.5
21
3077.5
0
LINE
8
RUNNING_GEAR
10
4222.5
20
3077.5
11
4222.5
21
2712.5
0
LINE
8
RUNNING_GEAR
10
5722.5
20
2712.5
11
5777.5
21
2712.5
0
LINE
8
RUNNING_GEAR
10
5777.5
20
2712.5
11
5777.5
21
3077.5
0
LINE
8
RUNNING_GEAR
10
5777.5
20
3077.5
11
5722.5
21
3077.5
0
LINE
8
RUNNING_GEAR
10
5722.5
20
3077.5
11
5722.5
21
2712.5
0
LINE
8
RUNNING_GEAR
10
4531
20
2805
11
4609
21
2805
0
LINE
8
RUNNING_GEAR
10
4609
20
2805
11
4609
21
2819
0
LINE
8
RUNNING_GEAR
10
4609
20
2819
11
4531
21
2819
0
LINE
8
RUNNING_GEAR
10
4531
20
2819
11
4531
21
2805
0
LINE
8
RUNNING_GEAR
10
4531
20
2823
11
4609
21
2823
0
LINE
8
RUNNING_GEAR
10
4609
20
2823
11
4609
21
2837
0
LINE
8
RUNNING_GEAR
10
4609
20
2837
11
4531
21
2837
0
LINE
8
RUNNING_GEAR
10
4531
20
2837
11
4531
21
2823
0
LINE
8
RUNNING_GEAR
10
4531
20
2841
11
4609
21
2841
0
LINE
8
RUNNING_GEAR
10
4609
20
2841
11
4609
21
2855
0
LINE
8
RUNNING_GEAR
10
4609
20
2855
11
4531
21
2855
0
LINE
8
RUNNING_GEAR
10
4531
20
2855
11
4531
21
2841
0
LINE
8
RUNNING_GEAR
10
4558
20
2800
11
4582
21
2800
0
LINE
8
RUNNING_GEAR
10
4582
20
2800
11
4582
21
3010
0
LINE
8
RUNNING_GEAR
10
4582
20
3010
11
4558
21
3010
0
LINE
8
RUNNING_GEAR
10
4558
20
3010
11
4558
21
2800
0
LINE
8
RUNNING_GEAR
10
4558
20
2800
11
4582
21
2800
0
LINE
8
RUNNING_GEAR
10
4582
20
2800
11
4582
21
3010
0
LINE
8
RUNNING_GEAR
10
4582
20
3010
11
4558
21
3010
0
LINE
8
RUNNING_GEAR
10
4558
20
3010
11
4558
21
2800
0
LINE
8
RUNNING_GEAR
10
5391
20
2805
11
5469
21
2805
0
LINE
8
RUNNING_GEAR
10
5469
20
2805
11
5469
21
2819
0
LINE
8
RUNNING_GEAR
10
5469
20
2819
11
5391
21
2819
0
LINE
8
RUNNING_GEAR
10
5391
20
2819
11
5391
21
2805
0
LINE
8
RUNNING_GEAR
10
5391
20
2823
11
5469
21
2823
0
LINE
8
RUNNING_GEAR
10
5469
20
2823
11
5469
21
2837
0
LINE
8
RUNNING_GEAR
10
5469
20
2837
11
5391
21
2837
0
LINE
8
RUNNING_GEAR
10
5391
20
2837
11
5391
21
2823
0
LINE
8
RUNNING_GEAR
10
5391
20
2841
11
5469
21
2841
0
LINE
8
RUNNING_GEAR
10
5469
20
2841
11
5469
21
2855
0
LINE
8
RUNNING_GEAR
10
5469
20
2855
11
5391
21
2855
0
LINE
8
RUNNING_GEAR
10
5391
20
2855
11
5391
21
2841
0
LINE
8
RUNNING_GEAR
10
5418
20
2800
11
5442
21
2800
0
LINE
8
RUNNING_GEAR
10
5442
20
2800
11
5442
21
3010
0
LINE
8
RUNNING_GEAR
10
5442
20
3010
11
5418
21
3010
0
LINE
8
RUNNING_GEAR
10
5418
20
3010
11
5418
21
2800
0
LINE
8
RUNNING_GEAR
10
5418
20
2800
11
5442
21
2800
0
LINE
8
RUNNING_GEAR
10
5442
20
2800
11
5442
21
3010
0
LINE
8
RUNNING_GEAR
10
5442
20
3010
11
5418
21
3010
0
LINE
8
RUNNING_GEAR
10
5418
20
3010
11
5418
21
2800
0
LINE
8
RUNNING_GEAR
10
4222.5
20
2712.5
11
4277.5
21
2712.5
0
LINE
8
RUNNING_GEAR
10
4277.5
20
2712.5
11
4277.5
21
3077.5
0
LINE
8
RUNNING_GEAR
10
4277.5
20
3077.5
11
4222.5
21
3077.5
0
LINE
8
RUNNING_GEAR
10
4222.5
20
3077.5
11
4222.5
21
2712.5
0
LINE
8
RUNNING_GEAR
10
5722.5
20
2712.5
11
5777.5
21
2712.5
0
LINE
8
RUNNING_GEAR
10
5777.5
20
2712.5
11
5777.5
21
3077.5
0
LINE
8
RUNNING_GEAR
10
5777.5
20
3077.5
11
5722.5
21
3077.5
0
LINE
8
RUNNING_GEAR
10
5722.5
20
3077.5
11
5722.5
21
2712.5
0
LINE
8
RUNNING_GEAR
10
4531
20
2805
11
4609
21
2805
0
LINE
8
RUNNING_GEAR
10
4609
20
2805
11
4609
21
2819
0
LINE
8
RUNNING_GEAR
10
4609
20
2819
11
4531
21
2819
0
LINE
8
RUNNING_GEAR
10
4531
20
2819
11
4531
21
2805
0
LINE
8
RUNNING_GEAR
10
4531
20
2823
11
4609
21
2823
0
LINE
8
RUNNING_GEAR
10
4609
20
2823
11
4609
21
2837
0
LINE
8
RUNNING_GEAR
10
4609
20
2837
11
4531
21
2837
0
LINE
8
RUNNING_GEAR
10
4531
20
2837
11
4531
21
2823
0
LINE
8
RUNNING_GEAR
10
4531
20
2841
11
4609
21
2841
0
LINE
8
RUNNING_GEAR
10
4609
20
2841
11
4609
21
2855
0
LINE
8
RUNNING_GEAR
10
4609
20
2855
11
4531
21
2855
0
LINE
8
RUNNING_GEAR
10
4531
20
2855
11
4531
21
2841
0
LINE
8
RUNNING_GEAR
10
4558
20
2800
11
4582
21
2800
0
LINE
8
RUNNING_GEAR
10
4582
20
2800
11
4582
21
3010
0
LINE
8
RUNNING_GEAR
10
4582
20
3010
11
4558
21
3010
0
LINE
8
RUNNING_GEAR
10
4558
20
3010
11
4558
21
2800
0
LINE
8
RUNNING_GEAR
10
4558
20
2800
11
4582
21
2800
0
LINE
8
RUNNING_GEAR
10
4582
20
2800
11
4582
21
3010
0
LINE
8
RUNNING_GEAR
10
4582
20
3010
11
4558
21
3010
0
LINE
8
RUNNING_GEAR
10
4558
20
3010
11
4558
21
2800
0
LINE
8
RUNNING_GEAR
10
5391
20
2805
11
5469
21
2805
0
LINE
8
RUNNING_GEAR
10
5469
20
2805
11
5469
21
2819
0
LINE
8
RUNNING_GEAR
10
5469
20
2819
11
5391
21
2819
0
LINE
8
RUNNING_GEAR
10
5391
20
2819
11
5391
21
2805
0
LINE
8
RUNNING_GEAR
10
5391
20
2823
11
5469
21
2823
0
LINE
8
RUNNING_GEAR
10
5469
20
2823
11
5469
21
2837
0
LINE
8
RUNNING_GEAR
10
5469
20
2837
11
5391
21
2837
0
LINE
8
RUNNING_GEAR
10
5391
20
2837
11
5391
21
2823
0
LINE
8
RUNNING_GEAR
10
5391
20
2841
11
5469
21
2841
0
LINE
8
RUNNING_GEAR
10
5469
20
2841
11
5469
21
2855
0
LINE
8
RUNNING_GEAR
10
5469
20
2855
11
5391
21
2855
0
LINE
8
RUNNING_GEAR
10
5391
20
2855
11
5391
21
2841
0
LINE
8
RUNNING_GEAR
10
5418
20
2800
11
5442
21
2800
0
LINE
8
RUNNING_GEAR
10
5442
20
2800
11
5442
21
3010
0
LINE
8
RUNNING_GEAR
10
5442
20
3010
11
5418
21
3010
0
LINE
8
RUNNING_GEAR
10
5418
20
3010
11
5418
21
2800
0
LINE
8
RUNNING_GEAR
10
5418
20
2800
11
5442
21
2800
0
LINE
8
RUNNING_GEAR
10
5442
20
2800
11
5442
21
3010
0
LINE
8
RUNNING_GEAR
10
5442
20
3010
11
5418
21
3010
0
LINE
8
RUNNING_GEAR
10
5418
20
3010
11
5418
21
2800
0
LINE
8
RUNNING_GEAR
10
4138
20
2667.5
11
4172
21
2667.5
0
LINE
8
RUNNING_GEAR
10
4172
20
2667.5
11
4172
21
3122.5
0
LINE
8
RUNNING_GEAR
10
4172
20
3122.5
11
4138
21
3122.5
0
LINE
8
RUNNING_GEAR
10
4138
20
3122.5
11
4138
21
2667.5
0
LINE
8
RUNNING_GEAR
10
4134
20
2737.5
11
4156
21
2737.5
0
LINE
8
RUNNING_GEAR
10
4156
20
2737.5
11
4156
21
3052.5
0
LINE
8
RUNNING_GEAR
10
4156
20
3052.5
11
4134
21
3052.5
0
LINE
8
RUNNING_GEAR
10
4134
20
3052.5
11
4134
21
2737.5
0
LINE
8
RUNNING_GEAR
10
4105
20
3029
11
4155
21
3029
0
LINE
8
RUNNING_GEAR
10
4155
20
3029
11
4155
21
3051
0
LINE
8
RUNNING_GEAR
10
4155
20
3051
11
4105
21
3051
0
LINE
8
RUNNING_GEAR
10
4105
20
3051
11
4105
21
3029
0
LINE
8
RUNNING_GEAR
10
4105
20
2879
11
4141
21
2879
0
LINE
8
RUNNING_GEAR
10
4141
20
2879
11
4141
21
2911
0
LINE
8
RUNNING_GEAR
10
4141
20
2911
11
4105
21
2911
0
LINE
8
RUNNING_GEAR
10
4105
20
2911
11
4105
21
2879
0
LINE
8
RUNNING_GEAR
10
4105
20
2958.674
11
4141
21
2958.674
0
LINE
8
RUNNING_GEAR
10
4141
20
2958.674
11
4141
21
2990.674
0
LINE
8
RUNNING_GEAR
10
4141
20
2990.674
11
4105
21
2990.674
0
LINE
8
RUNNING_GEAR
10
4105
20
2990.674
11
4105
21
2958.674
0
LINE
8
RUNNING_GEAR
10
4105
20
2958.674
11
4141
21
2958.674
0
LINE
8
RUNNING_GEAR
10
4141
20
2958.674
11
4141
21
2990.674
0
LINE
8
RUNNING_GEAR
10
4141
20
2990.674
11
4105
21
2990.674
0
LINE
8
RUNNING_GEAR
10
4105
20
2990.674
11
4105
21
2958.674
0
LINE
8
RUNNING_GEAR
10
4105
20
2879
11
4141
21
2879
0
LINE
8
RUNNING_GEAR
10
4141
20
2879
11
4141
21
2911
0
LINE
8
RUNNING_GEAR
10
4141
20
2911
11
4105
21
2911
0
LINE
8
RUNNING_GEAR
10
4105
20
2911
11
4105
21
2879
0
LINE
8
RUNNING_GEAR
10
4105
20
2799.326
11
4141
21
2799.326
0
LINE
8
RUNNING_GEAR
10
4141
20
2799.326
11
4141
21
2831.326
0
LINE
8
RUNNING_GEAR
10
4141
20
2831.326
11
4105
21
2831.326
0
LINE
8
RUNNING_GEAR
10
4105
20
2831.326
11
4105
21
2799.326
0
LINE
8
RUNNING_GEAR
10
4105
20
2799.326
11
4141
21
2799.326
0
LINE
8
RUNNING_GEAR
10
4141
20
2799.326
11
4141
21
2831.326
0
LINE
8
RUNNING_GEAR
10
4141
20
2831.326
11
4105
21
2831.326
0
LINE
8
RUNNING_GEAR
10
4105
20
2831.326
11
4105
21
2799.326
0
LINE
8
RUNNING_GEAR
10
5828
20
2667.5
11
5862
21
2667.5
0
LINE
8
RUNNING_GEAR
10
5862
20
2667.5
11
5862
21
3122.5
0
LINE
8
RUNNING_GEAR
10
5862
20
3122.5
11
5828
21
3122.5
0
LINE
8
RUNNING_GEAR
10
5828
20
3122.5
11
5828
21
2667.5
0
LINE
8
RUNNING_GEAR
10
5844
20
2737.5
11
5866
21
2737.5
0
LINE
8
RUNNING_GEAR
10
5866
20
2737.5
11
5866
21
3052.5
0
LINE
8
RUNNING_GEAR
10
5866
20
3052.5
11
5844
21
3052.5
0
LINE
8
RUNNING_GEAR
10
5844
20
3052.5
11
5844
21
2737.5
0
LINE
8
RUNNING_GEAR
10
5845
20
3029
11
5895
21
3029
0
LINE
8
RUNNING_GEAR
10
5895
20
3029
11
5895
21
3051
0
LINE
8
RUNNING_GEAR
10
5895
20
3051
11
5845
21
3051
0
LINE
8
RUNNING_GEAR
10
5845
20
3051
11
5845
21
3029
0
LINE
8
RUNNING_GEAR
10
5859
20
2879
11
5895
21
2879
0
LINE
8
RUNNING_GEAR
10
5895
20
2879
11
5895
21
2911
0
LINE
8
RUNNING_GEAR
10
5895
20
2911
11
5859
21
2911
0
LINE
8
RUNNING_GEAR
10
5859
20
2911
11
5859
21
2879
0
LINE
8
RUNNING_GEAR
10
5859
20
2958.674
11
5895
21
2958.674
0
LINE
8
RUNNING_GEAR
10
5895
20
2958.674
11
5895
21
2990.674
0
LINE
8
RUNNING_GEAR
10
5895
20
2990.674
11
5859
21
2990.674
0
LINE
8
RUNNING_GEAR
10
5859
20
2990.674
11
5859
21
2958.674
0
LINE
8
RUNNING_GEAR
10
5859
20
2958.674
11
5895
21
2958.674
0
LINE
8
RUNNING_GEAR
10
5895
20
2958.674
11
5895
21
2990.674
0
LINE
8
RUNNING_GEAR
10
5895
20
2990.674
11
5859
21
2990.674
0
LINE
8
RUNNING_GEAR
10
5859
20
2990.674
11
5859
21
2958.674
0
LINE
8
RUNNING_GEAR
10
5859
20
2879
11
5895
21
2879
0
LINE
8
RUNNING_GEAR
10
5895
20
2879
11
5895
21
2911
0
LINE
8
RUNNING_GEAR
10
5895
20
2911
11
5859
21
2911
0
LINE
8
RUNNING_GEAR
10
5859
20
2911
11
5859
21
2879
0
LINE
8
RUNNING_GEAR
10
5859
20
2799.326
11
5895
21
2799.326
0
LINE
8
RUNNING_GEAR
10
5895
20
2799.326
11
5895
21
2831.326
0
LINE
8
RUNNING_GEAR
10
5895
20
2831.326
11
5859
21
2831.326
0
LINE
8
RUNNING_GEAR
10
5859
20
2831.326
11
5859
21
2799.326
0
LINE
8
RUNNING_GEAR
10
5859
20
2799.326
11
5895
21
2799.326
0
LINE
8
RUNNING_GEAR
10
5895
20
2799.326
11
5895
21
2831.326
0
LINE
8
RUNNING_GEAR
10
5895
20
2831.326
11
5859
21
2831.326
0
LINE
8
RUNNING_GEAR
10
5859
20
2831.326
11
5859
21
2799.326
0
LINE
8
RUNNING_GEAR
10
4138
20
2667.5
11
4172
21
2667.5
0
LINE
8
RUNNING_GEAR
10
4172
20
2667.5
11
4172
21
3122.5
0
LINE
8
RUNNING_GEAR
10
4172
20
3122.5
11
4138
21
3122.5
0
LINE
8
RUNNING_GEAR
10
4138
20
3122.5
11
4138
21
2667.5
0
LINE
8
RUNNING_GEAR
10
4134
20
2737.5
11
4156
21
2737.5
0
LINE
8
RUNNING_GEAR
10
4156
20
2737.5
11
4156
21
3052.5
0
LINE
8
RUNNING_GEAR
10
4156
20
3052.5
11
4134
21
3052.5
0
LINE
8
RUNNING_GEAR
10
4134
20
3052.5
11
4134
21
2737.5
0
LINE
8
RUNNING_GEAR
10
4105
20
3029
11
4155
21
3029
0
LINE
8
RUNNING_GEAR
10
4155
20
3029
11
4155
21
3051
0
LINE
8
RUNNING_GEAR
10
4155
20
3051
11
4105
21
3051
0
LINE
8
RUNNING_GEAR
10
4105
20
3051
11
4105
21
3029
0
LINE
8
RUNNING_GEAR
10
4105
20
2879
11
4141
21
2879
0
LINE
8
RUNNING_GEAR
10
4141
20
2879
11
4141
21
2911
0
LINE
8
RUNNING_GEAR
10
4141
20
2911
11
4105
21
2911
0
LINE
8
RUNNING_GEAR
10
4105
20
2911
11
4105
21
2879
0
LINE
8
RUNNING_GEAR
10
4105
20
2958.674
11
4141
21
2958.674
0
LINE
8
RUNNING_GEAR
10
4141
20
2958.674
11
4141
21
2990.674
0
LINE
8
RUNNING_GEAR
10
4141
20
2990.674
11
4105
21
2990.674
0
LINE
8
RUNNING_GEAR
10
4105
20
2990.674
11
4105
21
2958.674
0
LINE
8
RUNNING_GEAR
10
4105
20
2958.674
11
4141
21
2958.674
0
LINE
8
RUNNING_GEAR
10
4141
20
2958.674
11
4141
21
2990.674
0
LINE
8
RUNNING_GEAR
10
4141
20
2990.674
11
4105
21
2990.674
0
LINE
8
RUNNING_GEAR
10
4105
20
2990.674
11
4105
21
2958.674
0
LINE
8
RUNNING_GEAR
10
4105
20
2879
11
4141
21
2879
0
LINE
8
RUNNING_GEAR
10
4141
20
2879
11
4141
21
2911
0
LINE
8
RUNNING_GEAR
10
4141
20
2911
11
4105
21
2911
0
LINE
8
RUNNING_GEAR
10
4105
20
2911
11
4105
21
2879
0
LINE
8
RUNNING_GEAR
10
4105
20
2799.326
11
4141
21
2799.326
0
LINE
8
RUNNING_GEAR
10
4141
20
2799.326
11
4141
21
2831.326
0
LINE
8
RUNNING_GEAR
10
4141
20
2831.326
11
4105
21
2831.326
0
LINE
8
RUNNING_GEAR
10
4105
20
2831.326
11
4105
21
2799.326
0
LINE
8
RUNNING_GEAR
10
4105
20
2799.326
11
4141
21
2799.326
0
LINE
8
RUNNING_GEAR
10
4141
20
2799.326
11
4141
21
2831.326
0
LINE
8
RUNNING_GEAR
10
4141
20
2831.326
11
4105
21
2831.326
0
LINE
8
RUNNING_GEAR
10
4105
20
2831.326
11
4105
21
2799.326
0
LINE
8
RUNNING_GEAR
10
5828
20
2667.5
11
5862
21
2667.5
0
LINE
8
RUNNING_GEAR
10
5862
20
2667.5
11
5862
21
3122.5
0
LINE
8
RUNNING_GEAR
10
5862
20
3122.5
11
5828
21
3122.5
0
LINE
8
RUNNING_GEAR
10
5828
20
3122.5
11
5828
21
2667.5
0
LINE
8
RUNNING_GEAR
10
5844
20
2737.5
11
5866
21
2737.5
0
LINE
8
RUNNING_GEAR
10
5866
20
2737.5
11
5866
21
3052.5
0
LINE
8
RUNNING_GEAR
10
5866
20
3052.5
11
5844
21
3052.5
0
LINE
8
RUNNING_GEAR
10
5844
20
3052.5
11
5844
21
2737.5
0
LINE
8
RUNNING_GEAR
10
5845
20
3029
11
5895
21
3029
0
LINE
8
RUNNING_GEAR
10
5895
20
3029
11
5895
21
3051
0
LINE
8
RUNNING_GEAR
10
5895
20
3051
11
5845
21
3051
0
LINE
8
RUNNING_GEAR
10
5845
20
3051
11
5845
21
3029
0
LINE
8
RUNNING_GEAR
10
5859
20
2879
11
5895
21
2879
0
LINE
8
RUNNING_GEAR
10
5895
20
2879
11
5895
21
2911
0
LINE
8
RUNNING_GEAR
10
5895
20
2911
11
5859
21
2911
0
LINE
8
RUNNING_GEAR
10
5859
20
2911
11
5859
21
2879
0
LINE
8
RUNNING_GEAR
10
5859
20
2958.674
11
5895
21
2958.674
0
LINE
8
RUNNING_GEAR
10
5895
20
2958.674
11
5895
21
2990.674
0
LINE
8
RUNNING_GEAR
10
5895
20
2990.674
11
5859
21
2990.674
0
LINE
8
RUNNING_GEAR
10
5859
20
2990.674
11
5859
21
2958.674
0
LINE
8
RUNNING_GEAR
10
5859
20
2958.674
11
5895
21
2958.674
0
LINE
8
RUNNING_GEAR
10
5895
20
2958.674
11
5895
21
2990.674
0
LINE
8
RUNNING_GEAR
10
5895
20
2990.674
11
5859
21
2990.674
0
LINE
8
RUNNING_GEAR
10
5859
20
2990.674
11
5859
21
2958.674
0
LINE
8
RUNNING_GEAR
10
5859
20
2879
11
5895
21
2879
0
LINE
8
RUNNING_GEAR
10
5895
20
2879
11
5895
21
2911
0
LINE
8
RUNNING_GEAR
10
5895
20
2911
11
5859
21
2911
0
LINE
8
RUNNING_GEAR
10
5859
20
2911
11
5859
21
2879
0
LINE
8
RUNNING_GEAR
10
5859
20
2799.326
11
5895
21
2799.326
0
LINE
8
RUNNING_GEAR
10
5895
20
2799.326
11
5895
21
2831.326
0
LINE
8
RUNNING_GEAR
10
5895
20
2831.326
11
5859
21
2831.326
0
LINE
8
RUNNING_GEAR
10
5859
20
2831.326
11
5859
21
2799.326
0
LINE
8
RUNNING_GEAR
10
5859
20
2799.326
11
5895
21
2799.326
0
LINE
8
RUNNING_GEAR
10
5895
20
2799.326
11
5895
21
2831.326
0
LINE
8
RUNNING_GEAR
10
5895
20
2831.326
11
5859
21
2831.326
0
LINE
8
RUNNING_GEAR
10
5859
20
2831.326
11
5859
21
2799.326
0
LINE
8
BRAKE_SYSTEM
10
4653
20
3066
11
4671
21
3066
0
LINE
8
BRAKE_SYSTEM
10
4671
20
3066
11
4671
21
3084
0
LINE
8
BRAKE_SYSTEM
10
4671
20
3084
11
4653
21
3084
0
LINE
8
BRAKE_SYSTEM
10
4653
20
3084
11
4653
21
3066
0
LINE
8
BRAKE_SYSTEM
10
4653
20
3066
11
4671
21
3066
0
LINE
8
BRAKE_SYSTEM
10
4671
20
3066
11
4671
21
3084
0
LINE
8
BRAKE_SYSTEM
10
4671
20
3084
11
4653
21
3084
0
LINE
8
BRAKE_SYSTEM
10
4653
20
3084
11
4653
21
3066
0
LINE
8
BRAKE_SYSTEM
10
4360
20
3011
11
5640
21
3011
0
LINE
8
BRAKE_SYSTEM
10
5640
20
3011
11
5640
21
3029
0
LINE
8
BRAKE_SYSTEM
10
5640
20
3029
11
4360
21
3029
0
LINE
8
BRAKE_SYSTEM
10
4360
20
3029
11
4360
21
3011
0
LINE
8
BRAKE_SYSTEM
10
4844
20
3034
11
4866
21
3034
0
LINE
8
BRAKE_SYSTEM
10
4866
20
3034
11
4866
21
3056
0
LINE
8
BRAKE_SYSTEM
10
4866
20
3056
11
4844
21
3056
0
LINE
8
BRAKE_SYSTEM
10
4844
20
3056
11
4844
21
3034
0
LINE
8
BRAKE_SYSTEM
10
4977
20
3048
11
5023
21
3048
0
LINE
8
BRAKE_SYSTEM
10
5023
20
3048
11
5023
21
3072
0
LINE
8
BRAKE_SYSTEM
10
5023
20
3072
11
4977
21
3072
0
LINE
8
BRAKE_SYSTEM
10
4977
20
3072
11
4977
21
3048
0
LINE
8
BRAKE_SYSTEM
10
4940
20
3035
11
5060
21
3035
0
LINE
8
BRAKE_SYSTEM
10
5060
20
3035
11
5060
21
3061
0
LINE
8
BRAKE_SYSTEM
10
5060
20
3061
11
4940
21
3061
0
LINE
8
BRAKE_SYSTEM
10
4940
20
3061
11
4940
21
3035
0
LINE
8
BRAKE_SYSTEM
10
4629
20
3024
11
4651
21
3024
0
LINE
8
BRAKE_SYSTEM
10
4651
20
3024
11
4651
21
3046
0
LINE
8
BRAKE_SYSTEM
10
4651
20
3046
11
4629
21
3046
0
LINE
8
BRAKE_SYSTEM
10
4629
20
3046
11
4629
21
3024
0
LINE
8
BRAKE_SYSTEM
10
4464
20
3048
11
4496
21
3048
0
LINE
8
BRAKE_SYSTEM
10
4496
20
3048
11
4496
21
3082
0
LINE
8
BRAKE_SYSTEM
10
4496
20
3082
11
4464
21
3082
0
LINE
8
BRAKE_SYSTEM
10
4464
20
3082
11
4464
21
3048
0
LINE
8
BRAKE_SYSTEM
10
4463
20
3085
11
4497
21
3085
0
LINE
8
BRAKE_SYSTEM
10
4497
20
3085
11
4497
21
3119
0
LINE
8
BRAKE_SYSTEM
10
4497
20
3119
11
4463
21
3119
0
LINE
8
BRAKE_SYSTEM
10
4463
20
3119
11
4463
21
3085
0
LINE
8
BRAKE_SYSTEM
10
4555
20
3045
11
4585
21
3045
0
LINE
8
BRAKE_SYSTEM
10
4585
20
3045
11
4585
21
3079
0
LINE
8
BRAKE_SYSTEM
10
4585
20
3079
11
4555
21
3079
0
LINE
8
BRAKE_SYSTEM
10
4555
20
3079
11
4555
21
3045
0
LINE
8
BRAKE_SYSTEM
10
4515
20
3045
11
4545
21
3045
0
LINE
8
BRAKE_SYSTEM
10
4545
20
3045
11
4545
21
3079
0
LINE
8
BRAKE_SYSTEM
10
4545
20
3079
11
4515
21
3079
0
LINE
8
BRAKE_SYSTEM
10
4515
20
3079
11
4515
21
3045
0
LINE
8
BRAKE_SYSTEM
10
5349
20
3024
11
5371
21
3024
0
LINE
8
BRAKE_SYSTEM
10
5371
20
3024
11
5371
21
3046
0
LINE
8
BRAKE_SYSTEM
10
5371
20
3046
11
5349
21
3046
0
LINE
8
BRAKE_SYSTEM
10
5349
20
3046
11
5349
21
3024
0
LINE
8
BRAKE_SYSTEM
10
5504
20
3048
11
5536
21
3048
0
LINE
8
BRAKE_SYSTEM
10
5536
20
3048
11
5536
21
3082
0
LINE
8
BRAKE_SYSTEM
10
5536
20
3082
11
5504
21
3082
0
LINE
8
BRAKE_SYSTEM
10
5504
20
3082
11
5504
21
3048
0
LINE
8
BRAKE_SYSTEM
10
5503
20
3085
11
5537
21
3085
0
LINE
8
BRAKE_SYSTEM
10
5537
20
3085
11
5537
21
3119
0
LINE
8
BRAKE_SYSTEM
10
5537
20
3119
11
5503
21
3119
0
LINE
8
BRAKE_SYSTEM
10
5503
20
3119
11
5503
21
3085
0
LINE
8
BRAKE_SYSTEM
10
5415
20
3045
11
5445
21
3045
0
LINE
8
BRAKE_SYSTEM
10
5445
20
3045
11
5445
21
3079
0
LINE
8
BRAKE_SYSTEM
10
5445
20
3079
11
5415
21
3079
0
LINE
8
BRAKE_SYSTEM
10
5415
20
3079
11
5415
21
3045
0
LINE
8
BRAKE_SYSTEM
10
5455
20
3045
11
5485
21
3045
0
LINE
8
BRAKE_SYSTEM
10
5485
20
3045
11
5485
21
3079
0
LINE
8
BRAKE_SYSTEM
10
5485
20
3079
11
5455
21
3079
0
LINE
8
BRAKE_SYSTEM
10
5455
20
3079
11
5455
21
3045
0
LINE
8
BODY
10
4820
20
3160
11
5180
21
3160
0
LINE
8
BODY
10
5180
20
3160
11
5180
21
3395
0
LINE
8
BODY
10
5180
20
3395
11
4820
21
3395
0
LINE
8
BODY
10
4820
20
3395
11
4820
21
3160
0
LINE
8
BODY
10
4385
20
3190
11
5615
21
3190
0
LINE
8
BODY
10
5615
20
3190
11
5615
21
3232
0
LINE
8
BODY
10
5615
20
3232
11
4385
21
3232
0
LINE
8
BODY
10
4385
20
3232
11
4385
21
3190
0
LINE
8
BODY
10
4561
20
3240
11
4599
21
3240
0
LINE
8
BODY
10
4599
20
3240
11
4599
21
3282
0
LINE
8
BODY
10
4599
20
3282
11
4561
21
3282
0
LINE
8
BODY
10
4561
20
3282
11
4561
21
3240
0
LINE
8
BODY
10
4771
20
3240
11
4809
21
3240
0
LINE
8
BODY
10
4809
20
3240
11
4809
21
3282
0
LINE
8
BODY
10
4809
20
3282
11
4771
21
3282
0
LINE
8
BODY
10
4771
20
3282
11
4771
21
3240
0
LINE
8
BODY
10
4981
20
3240
11
5019
21
3240
0
LINE
8
BODY
10
5019
20
3240
11
5019
21
3282
0
LINE
8
BODY
10
5019
20
3282
11
4981
21
3282
0
LINE
8
BODY
10
4981
20
3282
11
4981
21
3240
0
LINE
8
BODY
10
5191
20
3240
11
5229
21
3240
0
LINE
8
BODY
10
5229
20
3240
11
5229
21
3282
0
LINE
8
BODY
10
5229
20
3282
11
5191
21
3282
0
LINE
8
BODY
10
5191
20
3282
11
5191
21
3240
0
LINE
8
BODY
10
5401
20
3240
11
5439
21
3240
0
LINE
8
BODY
10
5439
20
3240
11
5439
21
3282
0
LINE
8
BODY
10
5439
20
3282
11
5401
21
3282
0
LINE
8
BODY
10
5401
20
3282
11
5401
21
3240
0
LINE
8
BODY
10
4370
20
3235
11
5630
21
3235
0
LINE
8
BODY
10
5630
20
3235
11
5630
21
3269
0
LINE
8
BODY
10
5630
20
3269
11
4370
21
3269
0
LINE
8
BODY
10
4370
20
3269
11
4370
21
3235
0
LINE
8
BODY
10
4370
20
3235
11
5630
21
3235
0
LINE
8
BODY
10
5630
20
3235
11
5630
21
3269
0
LINE
8
BODY
10
5630
20
3269
11
4370
21
3269
0
LINE
8
BODY
10
4370
20
3269
11
4370
21
3235
0
LINE
8
BODY
10
4370
20
3235
11
5630
21
3235
0
LINE
8
BODY
10
5630
20
3235
11
5630
21
3269
0
LINE
8
BODY
10
5630
20
3269
11
4370
21
3269
0
LINE
8
BODY
10
4370
20
3269
11
4370
21
3235
0
LINE
8
BODY
10
4370
20
3235
11
5630
21
3235
0
LINE
8
BODY
10
5630
20
3235
11
5630
21
3269
0
LINE
8
BODY
10
5630
20
3269
11
4370
21
3269
0
LINE
8
BODY
10
4370
20
3269
11
4370
21
3235
0
LINE
8
BODY
10
4370
20
3235
11
5630
21
3235
0
LINE
8
BODY
10
5630
20
3235
11
5630
21
3269
0
LINE
8
BODY
10
5630
20
3269
11
4370
21
3269
0
LINE
8
BODY
10
4370
20
3269
11
4370
21
3235
0
LINE
8
BODY
10
4370
20
3235
11
5630
21
3235
0
LINE
8
BODY
10
5630
20
3235
11
5630
21
3269
0
LINE
8
BODY
10
5630
20
3269
11
4370
21
3269
0
LINE
8
BODY
10
4370
20
3269
11
4370
21
3235
0
LINE
8
BODY
10
4248
20
3245
11
4282
21
3245
0
LINE
8
BODY
10
4282
20
3245
11
4282
21
3650
0
LINE
8
BODY
10
4282
20
3650
11
4248
21
3650
0
LINE
8
BODY
10
4248
20
3650
11
4248
21
3245
0
LINE
8
BODY
10
4248
20
3245
11
4282
21
3245
0
LINE
8
BODY
10
4282
20
3245
11
4282
21
3655
0
LINE
8
BODY
10
4282
20
3655
11
4248
21
3655
0
LINE
8
BODY
10
4248
20
3655
11
4248
21
3245
0
LINE
8
BODY
10
4355
20
3255
11
4635
21
3255
0
LINE
8
BODY
10
4635
20
3255
11
4635
21
3640
0
LINE
8
BODY
10
4635
20
3640
11
4355
21
3640
0
LINE
8
BODY
10
4355
20
3640
11
4355
21
3255
0
LINE
8
BODY
10
4142.5
20
3822
11
4247.5
21
3822
0
LINE
8
BODY
10
4247.5
20
3822
11
4247.5
21
3880
0
LINE
8
BODY
10
4247.5
20
3880
11
4142.5
21
3880
0
LINE
8
BODY
10
4142.5
20
3880
11
4142.5
21
3822
0
LINE
8
BODY
10
4193
20
3345
11
4227
21
3345
0
LINE
8
BODY
10
4227
20
3345
11
4227
21
3450
0
LINE
8
BODY
10
4227
20
3450
11
4193
21
3450
0
LINE
8
BODY
10
4193
20
3450
11
4193
21
3345
0
LINE
8
BODY
10
4162
20
3280
11
4190
21
3280
0
LINE
8
BODY
10
4190
20
3280
11
4190
21
4060
0
LINE
8
BODY
10
4190
20
4060
11
4162
21
4060
0
LINE
8
BODY
10
4162
20
4060
11
4162
21
3280
0
LINE
8
BODY
10
4162
20
3280
11
4190
21
3280
0
LINE
8
BODY
10
4190
20
3280
11
4190
21
4060
0
LINE
8
BODY
10
4190
20
4060
11
4162
21
4060
0
LINE
8
BODY
10
4162
20
4060
11
4162
21
3280
0
LINE
8
BODY
10
4103
20
3740
11
4129
21
3740
0
LINE
8
BODY
10
4129
20
3740
11
4129
21
3772
0
LINE
8
BODY
10
4129
20
3772
11
4103
21
3772
0
LINE
8
BODY
10
4103
20
3772
11
4103
21
3740
0
LINE
8
BODY
10
4049
20
3695
11
4091
21
3695
0
LINE
8
BODY
10
4091
20
3695
11
4091
21
3805
0
LINE
8
BODY
10
4091
20
3805
11
4049
21
3805
0
LINE
8
BODY
10
4049
20
3805
11
4049
21
3695
0
LINE
8
BODY
10
4174
20
3507.5
11
4202
21
3507.5
0
LINE
8
BODY
10
4202
20
3507.5
11
4202
21
3622.5
0
LINE
8
BODY
10
4202
20
3622.5
11
4174
21
3622.5
0
LINE
8
BODY
10
4174
20
3622.5
11
4174
21
3507.5
0
LINE
8
BODY
10
5718
20
3245
11
5752
21
3245
0
LINE
8
BODY
10
5752
20
3245
11
5752
21
3650
0
LINE
8
BODY
10
5752
20
3650
11
5718
21
3650
0
LINE
8
BODY
10
5718
20
3650
11
5718
21
3245
0
LINE
8
BODY
10
5718
20
3245
11
5752
21
3245
0
LINE
8
BODY
10
5752
20
3245
11
5752
21
3655
0
LINE
8
BODY
10
5752
20
3655
11
5718
21
3655
0
LINE
8
BODY
10
5718
20
3655
11
5718
21
3245
0
LINE
8
BODY
10
5365
20
3255
11
5645
21
3255
0
LINE
8
BODY
10
5645
20
3255
11
5645
21
3640
0
LINE
8
BODY
10
5645
20
3640
11
5365
21
3640
0
LINE
8
BODY
10
5365
20
3640
11
5365
21
3255
0
LINE
8
BODY
10
5752.5
20
3822
11
5857.5
21
3822
0
LINE
8
BODY
10
5857.5
20
3822
11
5857.5
21
3880
0
LINE
8
BODY
10
5857.5
20
3880
11
5752.5
21
3880
0
LINE
8
BODY
10
5752.5
20
3880
11
5752.5
21
3822
0
LINE
8
BODY
10
5773
20
3345
11
5807
21
3345
0
LINE
8
BODY
10
5807
20
3345
11
5807
21
3450
0
LINE
8
BODY
10
5807
20
3450
11
5773
21
3450
0
LINE
8
BODY
10
5773
20
3450
11
5773
21
3345
0
LINE
8
BODY
10
5810
20
3280
11
5838
21
3280
0
LINE
8
BODY
10
5838
20
3280
11
5838
21
4060
0
LINE
8
BODY
10
5838
20
4060
11
5810
21
4060
0
LINE
8
BODY
10
5810
20
4060
11
5810
21
3280
0
LINE
8
BODY
10
5810
20
3280
11
5838
21
3280
0
LINE
8
BODY
10
5838
20
3280
11
5838
21
4060
0
LINE
8
BODY
10
5838
20
4060
11
5810
21
4060
0
LINE
8
BODY
10
5810
20
4060
11
5810
21
3280
0
LINE
8
BODY
10
5871
20
3740
11
5897
21
3740
0
LINE
8
BODY
10
5897
20
3740
11
5897
21
3772
0
LINE
8
BODY
10
5897
20
3772
11
5871
21
3772
0
LINE
8
BODY
10
5871
20
3772
11
5871
21
3740
0
LINE
8
BODY
10
5909
20
3695
11
5951
21
3695
0
LINE
8
BODY
10
5951
20
3695
11
5951
21
3805
0
LINE
8
BODY
10
5951
20
3805
11
5909
21
3805
0
LINE
8
BODY
10
5909
20
3805
11
5909
21
3695
0
LINE
8
BODY
10
5798
20
3507.5
11
5826
21
3507.5
0
LINE
8
BODY
10
5826
20
3507.5
11
5826
21
3622.5
0
LINE
8
BODY
10
5826
20
3622.5
11
5798
21
3622.5
0
LINE
8
BODY
10
5798
20
3622.5
11
5798
21
3507.5
0
LINE
8
BODY
10
4363
20
3273
11
4417
21
3273
0
LINE
8
BODY
10
4417
20
3273
11
4417
21
3327
0
LINE
8
BODY
10
4417
20
3327
11
4363
21
3327
0
LINE
8
BODY
10
4363
20
3327
11
4363
21
3273
0
LINE
8
BODY
10
4543
20
3658
11
4597
21
3658
0
LINE
8
BODY
10
4597
20
3658
11
4597
21
3712
0
LINE
8
BODY
10
4597
20
3712
11
4543
21
3712
0
LINE
8
BODY
10
4543
20
3712
11
4543
21
3658
0
LINE
8
BODY
10
5403
20
3658
11
5457
21
3658
0
LINE
8
BODY
10
5457
20
3658
11
5457
21
3712
0
LINE
8
BODY
10
5457
20
3712
11
5403
21
3712
0
LINE
8
BODY
10
5403
20
3712
11
5403
21
3658
0
LINE
8
BODY
10
5583
20
3273
11
5637
21
3273
0
LINE
8
BODY
10
5637
20
3273
11
5637
21
3327
0
LINE
8
BODY
10
5637
20
3327
11
5583
21
3327
0
LINE
8
BODY
10
5583
20
3327
11
5583
21
3273
0
LINE
8
BODY
10
4405
20
3300
11
5595
21
3300
0
LINE
8
BODY
10
5595
20
3300
11
5595
21
3435
0
LINE
8
BODY
10
5595
20
3435
11
4405
21
3435
0
LINE
8
BODY
10
4405
20
3435
11
4405
21
3300
0
LINE
8
BODY
10
4405
20
3615
11
5595
21
3615
0
LINE
8
BODY
10
5595
20
3615
11
5595
21
3735
0
LINE
8
BODY
10
5595
20
3735
11
4405
21
3735
0
LINE
8
BODY
10
4405
20
3735
11
4405
21
3615
0
LINE
8
BODY
10
4640
20
3160
11
5360
21
3160
0
LINE
8
BODY
10
5360
20
3160
11
5360
21
3880
0
LINE
8
BODY
10
5360
20
3880
11
4640
21
3880
0
LINE
8
BODY
10
4640
20
3880
11
4640
21
3160
0
LINE
8
BODY
10
4807.5
20
3327.5
11
5192.5
21
3327.5
0
LINE
8
BODY
10
5192.5
20
3327.5
11
5192.5
21
3712.5
0
LINE
8
BODY
10
5192.5
20
3712.5
11
4807.5
21
3712.5
0
LINE
8
BODY
10
4807.5
20
3712.5
11
4807.5
21
3327.5
0
LINE
8
BODY
10
4964
20
3300
11
5036
21
3300
0
LINE
8
BODY
10
5036
20
3300
11
5036
21
3880
0
LINE
8
BODY
10
5036
20
3880
11
4964
21
3880
0
LINE
8
BODY
10
4964
20
3880
11
4964
21
3300
0
LINE
8
BODY
10
4720
20
3515
11
5280
21
3515
0
LINE
8
BODY
10
5280
20
3515
11
5280
21
3570
0
LINE
8
BODY
10
5280
20
3570
11
4720
21
3570
0
LINE
8
BODY
10
4720
20
3570
11
4720
21
3515
0
LINE
8
BODY
10
4276
20
3381
11
4374
21
3381
0
LINE
8
BODY
10
4374
20
3381
11
4374
21
3479
0
LINE
8
BODY
10
4374
20
3479
11
4276
21
3479
0
LINE
8
BODY
10
4276
20
3479
11
4276
21
3381
0
LINE
8
BODY
10
5626
20
3381
11
5724
21
3381
0
LINE
8
BODY
10
5724
20
3381
11
5724
21
3479
0
LINE
8
BODY
10
5724
20
3479
11
5626
21
3479
0
LINE
8
BODY
10
5626
20
3479
11
5626
21
3381
0
LINE
8
BODY
10
4820
20
3195
11
5180
21
3195
0
LINE
8
BODY
10
5180
20
3195
11
5180
21
3365
0
LINE
8
BODY
10
5180
20
3365
11
4820
21
3365
0
LINE
8
BODY
10
4820
20
3365
11
4820
21
3195
0
LINE
8
FRONT_DETAIL
10
4679
20
3342
11
4721
21
3342
0
LINE
8
FRONT_DETAIL
10
4721
20
3342
11
4721
21
3572
0
LINE
8
FRONT_DETAIL
10
4721
20
3572
11
4679
21
3572
0
LINE
8
FRONT_DETAIL
10
4679
20
3572
11
4679
21
3342
0
LINE
8
FRONT_DETAIL
10
4779
20
3342
11
4821
21
3342
0
LINE
8
FRONT_DETAIL
10
4821
20
3342
11
4821
21
3572
0
LINE
8
FRONT_DETAIL
10
4821
20
3572
11
4779
21
3572
0
LINE
8
FRONT_DETAIL
10
4779
20
3572
11
4779
21
3342
0
LINE
8
FRONT_DETAIL
10
4879
20
3342
11
4921
21
3342
0
LINE
8
FRONT_DETAIL
10
4921
20
3342
11
4921
21
3572
0
LINE
8
FRONT_DETAIL
10
4921
20
3572
11
4879
21
3572
0
LINE
8
FRONT_DETAIL
10
4879
20
3572
11
4879
21
3342
0
LINE
8
FRONT_DETAIL
10
4979
20
3342
11
5021
21
3342
0
LINE
8
FRONT_DETAIL
10
5021
20
3342
11
5021
21
3572
0
LINE
8
FRONT_DETAIL
10
5021
20
3572
11
4979
21
3572
0
LINE
8
FRONT_DETAIL
10
4979
20
3572
11
4979
21
3342
0
LINE
8
FRONT_DETAIL
10
5079
20
3342
11
5121
21
3342
0
LINE
8
FRONT_DETAIL
10
5121
20
3342
11
5121
21
3572
0
LINE
8
FRONT_DETAIL
10
5121
20
3572
11
5079
21
3572
0
LINE
8
FRONT_DETAIL
10
5079
20
3572
11
5079
21
3342
0
LINE
8
FRONT_DETAIL
10
5179
20
3342
11
5221
21
3342
0
LINE
8
FRONT_DETAIL
10
5221
20
3342
11
5221
21
3572
0
LINE
8
FRONT_DETAIL
10
5221
20
3572
11
5179
21
3572
0
LINE
8
FRONT_DETAIL
10
5179
20
3572
11
5179
21
3342
0
LINE
8
FRONT_DETAIL
10
5279
20
3342
11
5321
21
3342
0
LINE
8
FRONT_DETAIL
10
5321
20
3342
11
5321
21
3572
0
LINE
8
FRONT_DETAIL
10
5321
20
3572
11
5279
21
3572
0
LINE
8
FRONT_DETAIL
10
5279
20
3572
11
5279
21
3342
0
LINE
8
FRONT_DETAIL
10
4370
20
3350
11
4640
21
3350
0
LINE
8
FRONT_DETAIL
10
4640
20
3350
11
4640
21
3620
0
LINE
8
FRONT_DETAIL
10
4640
20
3620
11
4370
21
3620
0
LINE
8
FRONT_DETAIL
10
4370
20
3620
11
4370
21
3350
0
LINE
8
FRONT_DETAIL
10
4303.9
20
3464
11
4329.9
21
3464
0
LINE
8
FRONT_DETAIL
10
4329.9
20
3464
11
4329.9
21
3546
0
LINE
8
FRONT_DETAIL
10
4329.9
20
3546
11
4303.9
21
3546
0
LINE
8
FRONT_DETAIL
10
4303.9
20
3546
11
4303.9
21
3464
0
LINE
8
FRONT_DETAIL
10
5360
20
3350
11
5630
21
3350
0
LINE
8
FRONT_DETAIL
10
5630
20
3350
11
5630
21
3620
0
LINE
8
FRONT_DETAIL
10
5630
20
3620
11
5360
21
3620
0
LINE
8
FRONT_DETAIL
10
5360
20
3620
11
5360
21
3350
0
LINE
8
FRONT_DETAIL
10
5670.1
20
3464
11
5696.1
21
3464
0
LINE
8
FRONT_DETAIL
10
5696.1
20
3464
11
5696.1
21
3546
0
LINE
8
FRONT_DETAIL
10
5696.1
20
3546
11
5670.1
21
3546
0
LINE
8
FRONT_DETAIL
10
5670.1
20
3546
11
5670.1
21
3464
0
LINE
8
FRONT_DETAIL
10
4820
20
3150
11
5180
21
3150
0
LINE
8
FRONT_DETAIL
10
5180
20
3150
11
5180
21
3320
0
LINE
8
FRONT_DETAIL
10
5180
20
3320
11
4820
21
3320
0
LINE
8
FRONT_DETAIL
10
4820
20
3320
11
4820
21
3150
0
LINE
8
FRONT_DETAIL
10
4162.5
20
3025
11
4277.5
21
3025
0
LINE
8
FRONT_DETAIL
10
4277.5
20
3025
11
4277.5
21
3155
0
LINE
8
FRONT_DETAIL
10
4277.5
20
3155
11
4162.5
21
3155
0
LINE
8
FRONT_DETAIL
10
4162.5
20
3155
11
4162.5
21
3025
0
LINE
8
FRONT_DETAIL
10
5722.5
20
3025
11
5837.5
21
3025
0
LINE
8
FRONT_DETAIL
10
5837.5
20
3025
11
5837.5
21
3155
0
LINE
8
FRONT_DETAIL
10
5837.5
20
3155
11
5722.5
21
3155
0
LINE
8
FRONT_DETAIL
10
5722.5
20
3155
11
5722.5
21
3025
0
LINE
8
BODY
10
4910
20
3777
11
5090
21
3777
0
LINE
8
BODY
10
5090
20
3777
11
5090
21
3825
0
LINE
8
BODY
10
5090
20
3825
11
4910
21
3825
0
LINE
8
BODY
10
4910
20
3825
11
4910
21
3777
0
LINE
8
BODY
10
4504
20
3765
11
4556
21
3765
0
LINE
8
BODY
10
4556
20
3765
11
4556
21
3803
0
LINE
8
BODY
10
4556
20
3803
11
4504
21
3803
0
LINE
8
BODY
10
4504
20
3803
11
4504
21
3765
0
LINE
8
BODY
10
5444
20
3765
11
5496
21
3765
0
LINE
8
BODY
10
5496
20
3765
11
5496
21
3803
0
LINE
8
BODY
10
5496
20
3803
11
5444
21
3803
0
LINE
8
BODY
10
5444
20
3803
11
5444
21
3765
0
LINE
8
BODY
10
4365
20
3710
11
4415
21
3710
0
LINE
8
BODY
10
4415
20
3710
11
4415
21
3768
0
LINE
8
BODY
10
4415
20
3768
11
4365
21
3768
0
LINE
8
BODY
10
4365
20
3768
11
4365
21
3710
0
LINE
8
BODY
10
4629
20
3835
11
4671
21
3835
0
LINE
8
BODY
10
4671
20
3835
11
4671
21
3861
0
LINE
8
BODY
10
4671
20
3861
11
4629
21
3861
0
LINE
8
BODY
10
4629
20
3861
11
4629
21
3835
0
LINE
8
BODY
10
4424.5
20
3870
11
4479.5
21
3870
0
LINE
8
BODY
10
4479.5
20
3870
11
4479.5
21
4340
0
LINE
8
BODY
10
4479.5
20
4340
11
4424.5
21
4340
0
LINE
8
BODY
10
4424.5
20
4340
11
4424.5
21
3870
0
LINE
8
BODY
10
5585
20
3710
11
5635
21
3710
0
LINE
8
BODY
10
5635
20
3710
11
5635
21
3768
0
LINE
8
BODY
10
5635
20
3768
11
5585
21
3768
0
LINE
8
BODY
10
5585
20
3768
11
5585
21
3710
0
LINE
8
BODY
10
5329
20
3835
11
5371
21
3835
0
LINE
8
BODY
10
5371
20
3835
11
5371
21
3861
0
LINE
8
BODY
10
5371
20
3861
11
5329
21
3861
0
LINE
8
BODY
10
5329
20
3861
11
5329
21
3835
0
LINE
8
BODY
10
5520.5
20
3870
11
5575.5
21
3870
0
LINE
8
BODY
10
5575.5
20
3870
11
5575.5
21
4340
0
LINE
8
BODY
10
5575.5
20
4340
11
5520.5
21
4340
0
LINE
8
BODY
10
5520.5
20
4340
11
5520.5
21
3870
0
LINE
8
BODY
10
4340
20
4298
11
5660
21
4298
0
LINE
8
BODY
10
5660
20
4298
11
5660
21
4343
0
LINE
8
BODY
10
5660
20
4343
11
4340
21
4343
0
LINE
8
BODY
10
4340
20
4343
11
4340
21
4298
0
LINE
8
BODY
10
4340
20
3860
11
5660
21
3860
0
LINE
8
BODY
10
5660
20
3860
11
5660
21
3902
0
LINE
8
BODY
10
5660
20
3902
11
4340
21
3902
0
LINE
8
BODY
10
4340
20
3902
11
4340
21
3860
0
LINE
8
HARD_TOP
10
4245
20
4310
11
5755
21
4310
0
LINE
8
HARD_TOP
10
5755
20
4310
11
5755
21
4352
0
LINE
8
HARD_TOP
10
5755
20
4352
11
4245
21
4352
0
LINE
8
HARD_TOP
10
4245
20
4352
11
4245
21
4310
0
LINE
8
HARD_TOP
10
4218
20
3630
11
4252
21
3630
0
LINE
8
HARD_TOP
10
4252
20
3630
11
4252
21
4270
0
LINE
8
HARD_TOP
10
4252
20
4270
11
4218
21
4270
0
LINE
8
HARD_TOP
10
4218
20
4270
11
4218
21
3630
0
LINE
8
HARD_TOP
10
5748
20
3630
11
5782
21
3630
0
LINE
8
HARD_TOP
10
5782
20
3630
11
5782
21
4270
0
LINE
8
HARD_TOP
10
5782
20
4270
11
5748
21
4270
0
LINE
8
HARD_TOP
10
5748
20
4270
11
5748
21
3630
0
LINE
8
HARD_TOP
10
4245
20
4310
11
5755
21
4310
0
LINE
8
HARD_TOP
10
5755
20
4310
11
5755
21
4352
0
LINE
8
HARD_TOP
10
5755
20
4352
11
4245
21
4352
0
LINE
8
HARD_TOP
10
4245
20
4352
11
4245
21
4310
0
LINE
8
HARD_TOP
10
4218
20
3630
11
4252
21
3630
0
LINE
8
HARD_TOP
10
4252
20
3630
11
4252
21
4270
0
LINE
8
HARD_TOP
10
4252
20
4270
11
4218
21
4270
0
LINE
8
HARD_TOP
10
4218
20
4270
11
4218
21
3630
0
LINE
8
HARD_TOP
10
5748
20
3630
11
5782
21
3630
0
LINE
8
HARD_TOP
10
5782
20
3630
11
5782
21
4270
0
LINE
8
HARD_TOP
10
5782
20
4270
11
5748
21
4270
0
LINE
8
HARD_TOP
10
5748
20
4270
11
5748
21
3630
0
LINE
8
HARD_TOP
10
4245
20
4310
11
5755
21
4310
0
LINE
8
HARD_TOP
10
5755
20
4310
11
5755
21
4352
0
LINE
8
HARD_TOP
10
5755
20
4352
11
4245
21
4352
0
LINE
8
HARD_TOP
10
4245
20
4352
11
4245
21
4310
0
LINE
8
HARD_TOP
10
4218
20
3630
11
4252
21
3630
0
LINE
8
HARD_TOP
10
4252
20
3630
11
4252
21
4270
0
LINE
8
HARD_TOP
10
4252
20
4270
11
4218
21
4270
0
LINE
8
HARD_TOP
10
4218
20
4270
11
4218
21
3630
0
LINE
8
HARD_TOP
10
5748
20
3630
11
5782
21
3630
0
LINE
8
HARD_TOP
10
5782
20
3630
11
5782
21
4270
0
LINE
8
HARD_TOP
10
5782
20
4270
11
5748
21
4270
0
LINE
8
HARD_TOP
10
5748
20
4270
11
5748
21
3630
0
LINE
8
HARD_TOP
10
4245
20
4310
11
5755
21
4310
0
LINE
8
HARD_TOP
10
5755
20
4310
11
5755
21
4352
0
LINE
8
HARD_TOP
10
5755
20
4352
11
4245
21
4352
0
LINE
8
HARD_TOP
10
4245
20
4352
11
4245
21
4310
0
LINE
8
HARD_TOP
10
4218
20
3630
11
4252
21
3630
0
LINE
8
HARD_TOP
10
4252
20
3630
11
4252
21
4270
0
LINE
8
HARD_TOP
10
4252
20
4270
11
4218
21
4270
0
LINE
8
HARD_TOP
10
4218
20
4270
11
4218
21
3630
0
LINE
8
HARD_TOP
10
5748
20
3630
11
5782
21
3630
0
LINE
8
HARD_TOP
10
5782
20
3630
11
5782
21
4270
0
LINE
8
HARD_TOP
10
5782
20
4270
11
5748
21
4270
0
LINE
8
HARD_TOP
10
5748
20
4270
11
5748
21
3630
0
LINE
8
HARD_TOP
10
4149
20
3788
11
4191
21
3788
0
LINE
8
HARD_TOP
10
4191
20
3788
11
4191
21
3834
0
LINE
8
HARD_TOP
10
4191
20
3834
11
4149
21
3834
0
LINE
8
HARD_TOP
10
4149
20
3834
11
4149
21
3788
0
LINE
8
HARD_TOP
10
4144
20
3935
11
4172
21
3935
0
LINE
8
HARD_TOP
10
4172
20
3935
11
4172
21
4290
0
LINE
8
HARD_TOP
10
4172
20
4290
11
4144
21
4290
0
LINE
8
HARD_TOP
10
4144
20
4290
11
4144
21
3935
0
LINE
8
HARD_TOP
10
4144
20
3935
11
4172
21
3935
0
LINE
8
HARD_TOP
10
4172
20
3935
11
4172
21
4290
0
LINE
8
HARD_TOP
10
4172
20
4290
11
4144
21
4290
0
LINE
8
HARD_TOP
10
4144
20
4290
11
4144
21
3935
0
LINE
8
HARD_TOP
10
4160
20
3820
11
4188
21
3820
0
LINE
8
HARD_TOP
10
4188
20
3820
11
4188
21
4390
0
LINE
8
HARD_TOP
10
4188
20
4390
11
4160
21
4390
0
LINE
8
HARD_TOP
10
4160
20
4390
11
4160
21
3820
0
LINE
8
HARD_TOP
10
4160
20
3820
11
4188
21
3820
0
LINE
8
HARD_TOP
10
4188
20
3820
11
4188
21
4390
0
LINE
8
HARD_TOP
10
4188
20
4390
11
4160
21
4390
0
LINE
8
HARD_TOP
10
4160
20
4390
11
4160
21
3820
0
LINE
8
HARD_TOP
10
4160
20
3820
11
4188
21
3820
0
LINE
8
HARD_TOP
10
4188
20
3820
11
4188
21
4390
0
LINE
8
HARD_TOP
10
4188
20
4390
11
4160
21
4390
0
LINE
8
HARD_TOP
10
4160
20
4390
11
4160
21
3820
0
LINE
8
HARD_TOP
10
4160
20
3820
11
4188
21
3820
0
LINE
8
HARD_TOP
10
4188
20
3820
11
4188
21
4390
0
LINE
8
HARD_TOP
10
4188
20
4390
11
4160
21
4390
0
LINE
8
HARD_TOP
10
4160
20
4390
11
4160
21
3820
0
LINE
8
BODY
10
4030
20
3120
11
4240
21
3120
0
LINE
8
BODY
10
4240
20
3120
11
4240
21
3175
0
LINE
8
BODY
10
4240
20
3175
11
4030
21
3175
0
LINE
8
BODY
10
4030
20
3175
11
4030
21
3120
0
LINE
8
BODY
10
4166
20
3480
11
4190
21
3480
0
LINE
8
BODY
10
4190
20
3480
11
4190
21
3522
0
LINE
8
BODY
10
4190
20
3522
11
4166
21
3522
0
LINE
8
BODY
10
4166
20
3522
11
4166
21
3480
0
LINE
8
HARD_TOP
10
5809
20
3788
11
5851
21
3788
0
LINE
8
HARD_TOP
10
5851
20
3788
11
5851
21
3834
0
LINE
8
HARD_TOP
10
5851
20
3834
11
5809
21
3834
0
LINE
8
HARD_TOP
10
5809
20
3834
11
5809
21
3788
0
LINE
8
HARD_TOP
10
5828
20
3935
11
5856
21
3935
0
LINE
8
HARD_TOP
10
5856
20
3935
11
5856
21
4290
0
LINE
8
HARD_TOP
10
5856
20
4290
11
5828
21
4290
0
LINE
8
HARD_TOP
10
5828
20
4290
11
5828
21
3935
0
LINE
8
HARD_TOP
10
5828
20
3935
11
5856
21
3935
0
LINE
8
HARD_TOP
10
5856
20
3935
11
5856
21
4290
0
LINE
8
HARD_TOP
10
5856
20
4290
11
5828
21
4290
0
LINE
8
HARD_TOP
10
5828
20
4290
11
5828
21
3935
0
LINE
8
HARD_TOP
10
5812
20
3820
11
5840
21
3820
0
LINE
8
HARD_TOP
10
5840
20
3820
11
5840
21
4390
0
LINE
8
HARD_TOP
10
5840
20
4390
11
5812
21
4390
0
LINE
8
HARD_TOP
10
5812
20
4390
11
5812
21
3820
0
LINE
8
HARD_TOP
10
5812
20
3820
11
5840
21
3820
0
LINE
8
HARD_TOP
10
5840
20
3820
11
5840
21
4390
0
LINE
8
HARD_TOP
10
5840
20
4390
11
5812
21
4390
0
LINE
8
HARD_TOP
10
5812
20
4390
11
5812
21
3820
0
LINE
8
HARD_TOP
10
5812
20
3820
11
5840
21
3820
0
LINE
8
HARD_TOP
10
5840
20
3820
11
5840
21
4390
0
LINE
8
HARD_TOP
10
5840
20
4390
11
5812
21
4390
0
LINE
8
HARD_TOP
10
5812
20
4390
11
5812
21
3820
0
LINE
8
HARD_TOP
10
5812
20
3820
11
5840
21
3820
0
LINE
8
HARD_TOP
10
5840
20
3820
11
5840
21
4390
0
LINE
8
HARD_TOP
10
5840
20
4390
11
5812
21
4390
0
LINE
8
HARD_TOP
10
5812
20
4390
11
5812
21
3820
0
LINE
8
BODY
10
5760
20
3120
11
5970
21
3120
0
LINE
8
BODY
10
5970
20
3120
11
5970
21
3175
0
LINE
8
BODY
10
5970
20
3175
11
5760
21
3175
0
LINE
8
BODY
10
5760
20
3175
11
5760
21
3120
0
LINE
8
BODY
10
5810
20
3480
11
5834
21
3480
0
LINE
8
BODY
10
5834
20
3480
11
5834
21
3522
0
LINE
8
BODY
10
5834
20
3522
11
5810
21
3522
0
LINE
8
BODY
10
5810
20
3522
11
5810
21
3480
0
LINE
8
HARD_TOP
10
4575
20
3960
11
5425
21
3960
0
LINE
8
HARD_TOP
10
5425
20
3960
11
5425
21
4290
0
LINE
8
HARD_TOP
10
5425
20
4290
11
4575
21
4290
0
LINE
8
HARD_TOP
10
4575
20
4290
11
4575
21
3960
0
LINE
8
HARD_TOP
10
4610
20
3970
11
5390
21
3970
0
LINE
8
HARD_TOP
10
5390
20
3970
11
5390
21
4245
0
LINE
8
HARD_TOP
10
5390
20
4245
11
4610
21
4245
0
LINE
8
HARD_TOP
10
4610
20
4245
11
4610
21
3970
0
LINE
8
HARD_TOP
10
4360
20
3915
11
4530
21
3915
0
LINE
8
HARD_TOP
10
4530
20
3915
11
4530
21
4215
0
LINE
8
HARD_TOP
10
4530
20
4215
11
4360
21
4215
0
LINE
8
HARD_TOP
10
4360
20
4215
11
4360
21
3915
0
LINE
8
HARD_TOP
10
4640
20
3915
11
4810
21
3915
0
LINE
8
HARD_TOP
10
4810
20
3915
11
4810
21
4215
0
LINE
8
HARD_TOP
10
4810
20
4215
11
4640
21
4215
0
LINE
8
HARD_TOP
10
4640
20
4215
11
4640
21
3915
0
LINE
8
HARD_TOP
10
5190
20
3915
11
5360
21
3915
0
LINE
8
HARD_TOP
10
5360
20
3915
11
5360
21
4215
0
LINE
8
HARD_TOP
10
5360
20
4215
11
5190
21
4215
0
LINE
8
HARD_TOP
10
5190
20
4215
11
5190
21
3915
0
LINE
8
HARD_TOP
10
5470
20
3915
11
5640
21
3915
0
LINE
8
HARD_TOP
10
5640
20
3915
11
5640
21
4215
0
LINE
8
HARD_TOP
10
5640
20
4215
11
5470
21
4215
0
LINE
8
HARD_TOP
10
5470
20
4215
11
5470
21
3915
0
LINE
8
INTERIOR
10
5252.5
20
3615
11
5587.5
21
3615
0
LINE
8
INTERIOR
10
5587.5
20
3615
11
5587.5
21
3765
0
LINE
8
INTERIOR
10
5587.5
20
3765
11
5252.5
21
3765
0
LINE
8
INTERIOR
10
5252.5
20
3765
11
5252.5
21
3615
0
LINE
8
INTERIOR
10
4415
20
3628
11
4745
21
3628
0
LINE
8
INTERIOR
10
4745
20
3628
11
4745
21
3798
0
LINE
8
INTERIOR
10
4745
20
3798
11
4415
21
3798
0
LINE
8
INTERIOR
10
4415
20
3798
11
4415
21
3628
0
LINE
8
INTERIOR
10
4448
20
3533
11
4482
21
3533
0
LINE
8
INTERIOR
10
4482
20
3533
11
4482
21
3567
0
LINE
8
INTERIOR
10
4482
20
3567
11
4448
21
3567
0
LINE
8
INTERIOR
10
4448
20
3567
11
4448
21
3533
0
LINE
8
INTERIOR
10
4503
20
3533
11
4537
21
3533
0
LINE
8
INTERIOR
10
4537
20
3533
11
4537
21
3567
0
LINE
8
INTERIOR
10
4537
20
3567
11
4503
21
3567
0
LINE
8
INTERIOR
10
4503
20
3567
11
4503
21
3533
0
LINE
8
INTERIOR
10
4558
20
3533
11
4592
21
3533
0
LINE
8
INTERIOR
10
4592
20
3533
11
4592
21
3567
0
LINE
8
INTERIOR
10
4592
20
3567
11
4558
21
3567
0
LINE
8
INTERIOR
10
4558
20
3567
11
4558
21
3533
0
LINE
8
INTERIOR
10
4613
20
3533
11
4647
21
3533
0
LINE
8
INTERIOR
10
4647
20
3533
11
4647
21
3567
0
LINE
8
INTERIOR
10
4647
20
3567
11
4613
21
3567
0
LINE
8
INTERIOR
10
4613
20
3567
11
4613
21
3533
0
LINE
8
INTERIOR
10
4668
20
3533
11
4702
21
3533
0
LINE
8
INTERIOR
10
4702
20
3533
11
4702
21
3567
0
LINE
8
INTERIOR
10
4702
20
3567
11
4668
21
3567
0
LINE
8
INTERIOR
10
4668
20
3567
11
4668
21
3533
0
LINE
8
INTERIOR
10
5075
20
3533
11
5105
21
3533
0
LINE
8
INTERIOR
10
5105
20
3533
11
5105
21
3563
0
LINE
8
INTERIOR
10
5105
20
3563
11
5075
21
3563
0
LINE
8
INTERIOR
10
5075
20
3563
11
5075
21
3533
0
LINE
8
INTERIOR
10
5140
20
3533
11
5170
21
3533
0
LINE
8
INTERIOR
10
5170
20
3533
11
5170
21
3563
0
LINE
8
INTERIOR
10
5170
20
3563
11
5140
21
3563
0
LINE
8
INTERIOR
10
5140
20
3563
11
5140
21
3533
0
LINE
8
INTERIOR
10
5205
20
3533
11
5235
21
3533
0
LINE
8
INTERIOR
10
5235
20
3533
11
5235
21
3563
0
LINE
8
INTERIOR
10
5235
20
3563
11
5205
21
3563
0
LINE
8
INTERIOR
10
5205
20
3563
11
5205
21
3533
0
LINE
8
INTERIOR
10
5270
20
3533
11
5300
21
3533
0
LINE
8
INTERIOR
10
5300
20
3533
11
5300
21
3563
0
LINE
8
INTERIOR
10
5300
20
3563
11
5270
21
3563
0
LINE
8
INTERIOR
10
5270
20
3563
11
5270
21
3533
0
LINE
8
INTERIOR
10
4405
20
3705
11
4575
21
3705
0
LINE
8
INTERIOR
10
4575
20
3705
11
4575
21
3723
0
LINE
8
INTERIOR
10
4575
20
3723
11
4405
21
3723
0
LINE
8
INTERIOR
10
4405
20
3723
11
4405
21
3705
0
LINE
8
INTERIOR
10
4495
20
3705
11
4665
21
3705
0
LINE
8
INTERIOR
10
4665
20
3705
11
4665
21
3723
0
LINE
8
INTERIOR
10
4665
20
3723
11
4495
21
3723
0
LINE
8
INTERIOR
10
4495
20
3723
11
4495
21
3705
0
LINE
8
INTERIOR
10
4585
20
3705
11
4755
21
3705
0
LINE
8
INTERIOR
10
4755
20
3705
11
4755
21
3723
0
LINE
8
INTERIOR
10
4755
20
3723
11
4585
21
3723
0
LINE
8
INTERIOR
10
4585
20
3723
11
4585
21
3705
0
LINE
8
INTERIOR
10
4457.5
20
3205
11
4502.5
21
3205
0
LINE
8
INTERIOR
10
4502.5
20
3205
11
4502.5
21
3315
0
LINE
8
INTERIOR
10
4502.5
20
3315
11
4457.5
21
3315
0
LINE
8
INTERIOR
10
4457.5
20
3315
11
4457.5
21
3205
0
LINE
8
INTERIOR
10
4469
20
3200
11
4491
21
3200
0
LINE
8
INTERIOR
10
4491
20
3200
11
4491
21
3440
0
LINE
8
INTERIOR
10
4491
20
3440
11
4469
21
3440
0
LINE
8
INTERIOR
10
4469
20
3440
11
4469
21
3200
0
LINE
8
INTERIOR
10
4537.5
20
3205
11
4582.5
21
3205
0
LINE
8
INTERIOR
10
4582.5
20
3205
11
4582.5
21
3315
0
LINE
8
INTERIOR
10
4582.5
20
3315
11
4537.5
21
3315
0
LINE
8
INTERIOR
10
4537.5
20
3315
11
4537.5
21
3205
0
LINE
8
INTERIOR
10
4549
20
3200
11
4571
21
3200
0
LINE
8
INTERIOR
10
4571
20
3200
11
4571
21
3440
0
LINE
8
INTERIOR
10
4571
20
3440
11
4549
21
3440
0
LINE
8
INTERIOR
10
4549
20
3440
11
4549
21
3200
0
LINE
8
INTERIOR
10
4627.5
20
3205
11
4672.5
21
3205
0
LINE
8
INTERIOR
10
4672.5
20
3205
11
4672.5
21
3315
0
LINE
8
INTERIOR
10
4672.5
20
3315
11
4627.5
21
3315
0
LINE
8
INTERIOR
10
4627.5
20
3315
11
4627.5
21
3205
0
LINE
8
INTERIOR
10
4639
20
3200
11
4661
21
3200
0
LINE
8
INTERIOR
10
4661
20
3200
11
4661
21
3440
0
LINE
8
INTERIOR
10
4661
20
3440
11
4639
21
3440
0
LINE
8
INTERIOR
10
4639
20
3440
11
4639
21
3200
0
LINE
8
INTERIOR
10
4392.5
20
3350
11
4677.5
21
3350
0
LINE
8
INTERIOR
10
4677.5
20
3350
11
4677.5
21
3600
0
LINE
8
INTERIOR
10
4677.5
20
3600
11
4392.5
21
3600
0
LINE
8
INTERIOR
10
4392.5
20
3600
11
4392.5
21
3350
0
LINE
8
INTERIOR
10
4475
20
3540
11
4685
21
3540
0
LINE
8
INTERIOR
10
4685
20
3540
11
4685
21
3606
0
LINE
8
INTERIOR
10
4685
20
3606
11
4475
21
3606
0
LINE
8
INTERIOR
10
4475
20
3606
11
4475
21
3540
0
LINE
8
INTERIOR
10
4515
20
3455
11
4645
21
3455
0
LINE
8
INTERIOR
10
4645
20
3455
11
4645
21
3585
0
LINE
8
INTERIOR
10
4645
20
3585
11
4515
21
3585
0
LINE
8
INTERIOR
10
4515
20
3585
11
4515
21
3455
0
LINE
8
INTERIOR
10
4470
20
3444
11
4650
21
3444
0
LINE
8
INTERIOR
10
4650
20
3444
11
4650
21
3476
0
LINE
8
INTERIOR
10
4650
20
3476
11
4470
21
3476
0
LINE
8
INTERIOR
10
4470
20
3476
11
4470
21
3444
0
LINE
8
INTERIOR
10
4395
20
3444
11
4565
21
3444
0
LINE
8
INTERIOR
10
4565
20
3444
11
4565
21
3476
0
LINE
8
INTERIOR
10
4565
20
3476
11
4395
21
3476
0
LINE
8
INTERIOR
10
4395
20
3476
11
4395
21
3444
0
LINE
8
INTERIOR
10
4654
20
3375
11
4696
21
3375
0
LINE
8
INTERIOR
10
4696
20
3375
11
4696
21
3500
0
LINE
8
INTERIOR
10
4696
20
3500
11
4654
21
3500
0
LINE
8
INTERIOR
10
4654
20
3500
11
4654
21
3375
0
LINE
8
INTERIOR
10
4312.5
20
3709
11
4477.5
21
3709
0
LINE
8
INTERIOR
10
4477.5
20
3709
11
4477.5
21
3731
0
LINE
8
INTERIOR
10
4477.5
20
3731
11
4312.5
21
3731
0
LINE
8
INTERIOR
10
4312.5
20
3731
11
4312.5
21
3709
0
LINE
8
INTERIOR
10
4322.5
20
3235
11
4377.5
21
3235
0
LINE
8
INTERIOR
10
4377.5
20
3235
11
4377.5
21
3269
0
LINE
8
INTERIOR
10
4377.5
20
3269
11
4322.5
21
3269
0
LINE
8
INTERIOR
10
4322.5
20
3269
11
4322.5
21
3235
0
LINE
8
INTERIOR
10
4734
20
3110
11
4766
21
3110
0
LINE
8
INTERIOR
10
4766
20
3110
11
4766
21
3470
0
LINE
8
INTERIOR
10
4766
20
3470
11
4734
21
3470
0
LINE
8
INTERIOR
10
4734
20
3470
11
4734
21
3110
0
LINE
8
INTERIOR
10
4922
20
3630
11
5008
21
3630
0
LINE
8
INTERIOR
10
5008
20
3630
11
5008
21
3690
0
LINE
8
INTERIOR
10
5008
20
3690
11
4922
21
3690
0
LINE
8
INTERIOR
10
4922
20
3690
11
4922
21
3630
0
LINE
8
INTERIOR
10
4842
20
3582.5
11
4918
21
3582.5
0
LINE
8
INTERIOR
10
4918
20
3582.5
11
4918
21
3637.5
0
LINE
8
INTERIOR
10
4918
20
3637.5
11
4842
21
3637.5
0
LINE
8
INTERIOR
10
4842
20
3637.5
11
4842
21
3582.5
0
LINE
8
INTERIOR
10
4562
20
3175
11
4598
21
3175
0
LINE
8
INTERIOR
10
4598
20
3175
11
4598
21
3217
0
LINE
8
INTERIOR
10
4598
20
3217
11
4562
21
3217
0
LINE
8
INTERIOR
10
4562
20
3217
11
4562
21
3175
0
LINE
8
INTERIOR
10
4262
20
3175
11
4298
21
3175
0
LINE
8
INTERIOR
10
4298
20
3175
11
4298
21
3217
0
LINE
8
INTERIOR
10
4298
20
3217
11
4262
21
3217
0
LINE
8
INTERIOR
10
4262
20
3217
11
4262
21
3175
0
LINE
8
INTERIOR
10
4562
20
3175
11
4598
21
3175
0
LINE
8
INTERIOR
10
4598
20
3175
11
4598
21
3217
0
LINE
8
INTERIOR
10
4598
20
3217
11
4562
21
3217
0
LINE
8
INTERIOR
10
4562
20
3217
11
4562
21
3175
0
LINE
8
INTERIOR
10
4262
20
3175
11
4298
21
3175
0
LINE
8
INTERIOR
10
4298
20
3175
11
4298
21
3217
0
LINE
8
INTERIOR
10
4298
20
3217
11
4262
21
3217
0
LINE
8
INTERIOR
10
4262
20
3217
11
4262
21
3175
0
LINE
8
INTERIOR
10
4889
20
3350
11
4931
21
3350
0
LINE
8
INTERIOR
10
4931
20
3350
11
4931
21
3495
0
LINE
8
INTERIOR
10
4931
20
3495
11
4889
21
3495
0
LINE
8
INTERIOR
10
4889
20
3495
11
4889
21
3350
0
LINE
8
INTERIOR
10
4495
20
3580
11
4885
21
3580
0
LINE
8
INTERIOR
10
4885
20
3580
11
4885
21
3608
0
LINE
8
INTERIOR
10
4885
20
3608
11
4495
21
3608
0
LINE
8
INTERIOR
10
4495
20
3608
11
4495
21
3580
0
LINE
8
INTERIOR
10
4440
20
3223
11
4940
21
3223
0
LINE
8
INTERIOR
10
4940
20
3223
11
4940
21
3245
0
LINE
8
INTERIOR
10
4940
20
3245
11
4440
21
3245
0
LINE
8
INTERIOR
10
4440
20
3245
11
4440
21
3223
0
LINE
8
INTERIOR
10
5402
20
3175
11
5438
21
3175
0
LINE
8
INTERIOR
10
5438
20
3175
11
5438
21
3217
0
LINE
8
INTERIOR
10
5438
20
3217
11
5402
21
3217
0
LINE
8
INTERIOR
10
5402
20
3217
11
5402
21
3175
0
LINE
8
INTERIOR
10
5702
20
3175
11
5738
21
3175
0
LINE
8
INTERIOR
10
5738
20
3175
11
5738
21
3217
0
LINE
8
INTERIOR
10
5738
20
3217
11
5702
21
3217
0
LINE
8
INTERIOR
10
5702
20
3217
11
5702
21
3175
0
LINE
8
INTERIOR
10
5402
20
3175
11
5438
21
3175
0
LINE
8
INTERIOR
10
5438
20
3175
11
5438
21
3217
0
LINE
8
INTERIOR
10
5438
20
3217
11
5402
21
3217
0
LINE
8
INTERIOR
10
5402
20
3217
11
5402
21
3175
0
LINE
8
INTERIOR
10
5702
20
3175
11
5738
21
3175
0
LINE
8
INTERIOR
10
5738
20
3175
11
5738
21
3217
0
LINE
8
INTERIOR
10
5738
20
3217
11
5702
21
3217
0
LINE
8
INTERIOR
10
5702
20
3217
11
5702
21
3175
0
LINE
8
INTERIOR
10
5069
20
3350
11
5111
21
3350
0
LINE
8
INTERIOR
10
5111
20
3350
11
5111
21
3495
0
LINE
8
INTERIOR
10
5111
20
3495
11
5069
21
3495
0
LINE
8
INTERIOR
10
5069
20
3495
11
5069
21
3350
0
LINE
8
INTERIOR
10
5115
20
3580
11
5505
21
3580
0
LINE
8
INTERIOR
10
5505
20
3580
11
5505
21
3608
0
LINE
8
INTERIOR
10
5505
20
3608
11
5115
21
3608
0
LINE
8
INTERIOR
10
5115
20
3608
11
5115
21
3580
0
LINE
8
INTERIOR
10
5060
20
3223
11
5560
21
3223
0
LINE
8
INTERIOR
10
5560
20
3223
11
5560
21
3245
0
LINE
8
INTERIOR
10
5560
20
3245
11
5060
21
3245
0
LINE
8
INTERIOR
10
5060
20
3245
11
5060
21
3223
0
LINE
8
INTERIOR
10
4490
20
3248
11
5510
21
3248
0
LINE
8
INTERIOR
10
5510
20
3248
11
5510
21
3270
0
LINE
8
INTERIOR
10
5510
20
3270
11
4490
21
3270
0
LINE
8
INTERIOR
10
4490
20
3270
11
4490
21
3248
0
LINE
8
INTERIOR
10
4495
20
3345
11
5505
21
3345
0
LINE
8
INTERIOR
10
5505
20
3345
11
5505
21
3369
0
LINE
8
INTERIOR
10
5505
20
3369
11
4495
21
3369
0
LINE
8
INTERIOR
10
4495
20
3369
11
4495
21
3345
0
LINE
8
ENGINE_BAY
10
4932.5
20
3442.5
11
5067.5
21
3442.5
0
LINE
8
ENGINE_BAY
10
5067.5
20
3442.5
11
5067.5
21
3577.5
0
LINE
8
ENGINE_BAY
10
5067.5
20
3577.5
11
4932.5
21
3577.5
0
LINE
8
ENGINE_BAY
10
4932.5
20
3577.5
11
4932.5
21
3442.5
0
LINE
8
ENGINE_BAY
10
5085
20
3492
11
5335
21
3492
0
LINE
8
ENGINE_BAY
10
5335
20
3492
11
5335
21
3528
0
LINE
8
ENGINE_BAY
10
5335
20
3528
11
5085
21
3528
0
LINE
8
ENGINE_BAY
10
5085
20
3528
11
5085
21
3492
0
LINE
8
ENGINE_BAY
10
4980
20
3673.865
11
5230
21
3673.865
0
LINE
8
ENGINE_BAY
10
5230
20
3673.865
11
5230
21
3709.865
0
LINE
8
ENGINE_BAY
10
5230
20
3709.865
11
4980
21
3709.865
0
LINE
8
ENGINE_BAY
10
4980
20
3709.865
11
4980
21
3673.865
0
LINE
8
ENGINE_BAY
10
4770
20
3673.865
11
5020
21
3673.865
0
LINE
8
ENGINE_BAY
10
5020
20
3673.865
11
5020
21
3709.865
0
LINE
8
ENGINE_BAY
10
5020
20
3709.865
11
4770
21
3709.865
0
LINE
8
ENGINE_BAY
10
4770
20
3709.865
11
4770
21
3673.865
0
LINE
8
ENGINE_BAY
10
4665
20
3492
11
4915
21
3492
0
LINE
8
ENGINE_BAY
10
4915
20
3492
11
4915
21
3528
0
LINE
8
ENGINE_BAY
10
4915
20
3528
11
4665
21
3528
0
LINE
8
ENGINE_BAY
10
4665
20
3528
11
4665
21
3492
0
LINE
8
ENGINE_BAY
10
4770
20
3310.135
11
5020
21
3310.135
0
LINE
8
ENGINE_BAY
10
5020
20
3310.135
11
5020
21
3346.135
0
LINE
8
ENGINE_BAY
10
5020
20
3346.135
11
4770
21
3346.135
0
LINE
8
ENGINE_BAY
10
4770
20
3346.135
11
4770
21
3310.135
0
LINE
8
ENGINE_BAY
10
4980
20
3310.135
11
5230
21
3310.135
0
LINE
8
ENGINE_BAY
10
5230
20
3310.135
11
5230
21
3346.135
0
LINE
8
ENGINE_BAY
10
5230
20
3346.135
11
4980
21
3346.135
0
LINE
8
ENGINE_BAY
10
4980
20
3346.135
11
4980
21
3310.135
0
LINE
8
ENGINE_BAY
10
4927.5
20
3277.5
11
5072.5
21
3277.5
0
LINE
8
ENGINE_BAY
10
5072.5
20
3277.5
11
5072.5
21
3422.5
0
LINE
8
ENGINE_BAY
10
5072.5
20
3422.5
11
4927.5
21
3422.5
0
LINE
8
ENGINE_BAY
10
4927.5
20
3422.5
11
4927.5
21
3277.5
0
LINE
8
ENGINE_BAY
10
4937.5
20
3447.5
11
5062.5
21
3447.5
0
LINE
8
ENGINE_BAY
10
5062.5
20
3447.5
11
5062.5
21
3572.5
0
LINE
8
ENGINE_BAY
10
5062.5
20
3572.5
11
4937.5
21
3572.5
0
LINE
8
ENGINE_BAY
10
4937.5
20
3572.5
11
4937.5
21
3447.5
0
LINE
8
ENGINE_BAY
10
4981
20
3510
11
5019
21
3510
0
LINE
8
ENGINE_BAY
10
5019
20
3510
11
5019
21
3780
0
LINE
8
ENGINE_BAY
10
5019
20
3780
11
4981
21
3780
0
LINE
8
ENGINE_BAY
10
4981
20
3780
11
4981
21
3510
0
LINE
8
ENGINE_BAY
10
4981
20
3350
11
5019
21
3350
0
LINE
8
ENGINE_BAY
10
5019
20
3350
11
5019
21
3585
0
LINE
8
ENGINE_BAY
10
5019
20
3585
11
4981
21
3585
0
LINE
8
ENGINE_BAY
10
4981
20
3585
11
4981
21
3350
0
LINE
8
ENGINE_BAY
10
5230
20
3415
11
5420
21
3415
0
LINE
8
ENGINE_BAY
10
5420
20
3415
11
5420
21
3605
0
LINE
8
ENGINE_BAY
10
5420
20
3605
11
5230
21
3605
0
LINE
8
ENGINE_BAY
10
5230
20
3605
11
5230
21
3415
0
LINE
8
ENGINE_BAY
10
5187.5
20
3102.5
11
5342.5
21
3102.5
0
LINE
8
ENGINE_BAY
10
5342.5
20
3102.5
11
5342.5
21
3257.5
0
LINE
8
ENGINE_BAY
10
5342.5
20
3257.5
11
5187.5
21
3257.5
0
LINE
8
ENGINE_BAY
10
5187.5
20
3257.5
11
5187.5
21
3102.5
0
LINE
8
ENGINE_BAY
10
4695
20
3495
11
4785
21
3495
0
LINE
8
ENGINE_BAY
10
4785
20
3495
11
4785
21
3610
0
LINE
8
ENGINE_BAY
10
4785
20
3610
11
4695
21
3610
0
LINE
8
ENGINE_BAY
10
4695
20
3610
11
4695
21
3495
0
LINE
8
ENGINE_BAY
10
5212.5
20
3400
11
5307.5
21
3400
0
LINE
8
ENGINE_BAY
10
5307.5
20
3400
11
5307.5
21
3545
0
LINE
8
ENGINE_BAY
10
5307.5
20
3545
11
5212.5
21
3545
0
LINE
8
ENGINE_BAY
10
5212.5
20
3545
11
5212.5
21
3400
0
LINE
8
ENGINE_BAY
10
4720
20
3580
11
4840
21
3580
0
LINE
8
ENGINE_BAY
10
4840
20
3580
11
4840
21
3750
0
LINE
8
ENGINE_BAY
10
4840
20
3750
11
4720
21
3750
0
LINE
8
ENGINE_BAY
10
4720
20
3750
11
4720
21
3580
0
LINE
8
ENGINE_BAY
10
4635
20
3716
11
4895
21
3716
0
LINE
8
ENGINE_BAY
10
4895
20
3716
11
4895
21
3784
0
LINE
8
ENGINE_BAY
10
4895
20
3784
11
4635
21
3784
0
LINE
8
ENGINE_BAY
10
4635
20
3784
11
4635
21
3716
0
LINE
8
ENGINE_BAY
10
4350
20
3430
11
4610
21
3430
0
LINE
8
ENGINE_BAY
10
4610
20
3430
11
4610
21
3690
0
LINE
8
ENGINE_BAY
10
4610
20
3690
11
4350
21
3690
0
LINE
8
ENGINE_BAY
10
4350
20
3690
11
4350
21
3430
0
LINE
8
ENGINE_BAY
10
4434
20
3514
11
4526
21
3514
0
LINE
8
ENGINE_BAY
10
4526
20
3514
11
4526
21
3606
0
LINE
8
ENGINE_BAY
10
4526
20
3606
11
4434
21
3606
0
LINE
8
ENGINE_BAY
10
4434
20
3606
11
4434
21
3514
0
LINE
8
ENGINE_BAY
10
4609
20
3535
11
4691
21
3535
0
LINE
8
ENGINE_BAY
10
4691
20
3535
11
4691
21
3611
0
LINE
8
ENGINE_BAY
10
4691
20
3611
11
4609
21
3611
0
LINE
8
ENGINE_BAY
10
4609
20
3611
11
4609
21
3535
0
LINE
8
ENGINE_BAY
10
4350
20
3395
11
4700
21
3395
0
LINE
8
ENGINE_BAY
10
4700
20
3395
11
4700
21
3695
0
LINE
8
ENGINE_BAY
10
4700
20
3695
11
4350
21
3695
0
LINE
8
ENGINE_BAY
10
4350
20
3695
11
4350
21
3395
0
LINE
8
ENGINE_BAY
10
4330
20
3515
11
4630
21
3515
0
LINE
8
ENGINE_BAY
10
4630
20
3515
11
4630
21
3765
0
LINE
8
ENGINE_BAY
10
4630
20
3765
11
4330
21
3765
0
LINE
8
ENGINE_BAY
10
4330
20
3765
11
4330
21
3515
0
LINE
8
ENGINE_BAY
10
4425
20
3612.5
11
4535
21
3612.5
0
LINE
8
ENGINE_BAY
10
4535
20
3612.5
11
4535
21
3717.5
0
LINE
8
ENGINE_BAY
10
4535
20
3717.5
11
4425
21
3717.5
0
LINE
8
ENGINE_BAY
10
4425
20
3717.5
11
4425
21
3612.5
0
LINE
8
ENGINE_BAY
10
4439
20
3713
11
4521
21
3713
0
LINE
8
ENGINE_BAY
10
4521
20
3713
11
4521
21
3737
0
LINE
8
ENGINE_BAY
10
4521
20
3737
11
4439
21
3737
0
LINE
8
ENGINE_BAY
10
4439
20
3737
11
4439
21
3713
0
LINE
8
ENGINE_BAY
10
4553
20
3613
11
4587
21
3613
0
LINE
8
ENGINE_BAY
10
4587
20
3613
11
4587
21
3647
0
LINE
8
ENGINE_BAY
10
4587
20
3647
11
4553
21
3647
0
LINE
8
ENGINE_BAY
10
4553
20
3647
11
4553
21
3613
0
LINE
8
ENGINE_BAY
10
4615
20
3617
11
4685
21
3617
0
LINE
8
ENGINE_BAY
10
4685
20
3617
11
4685
21
3643
0
LINE
8
ENGINE_BAY
10
4685
20
3643
11
4615
21
3643
0
LINE
8
ENGINE_BAY
10
4615
20
3643
11
4615
21
3617
0
LINE
8
ENGINE_BAY
10
4643
20
3473
11
4657
21
3473
0
LINE
8
ENGINE_BAY
10
4657
20
3473
11
4657
21
3487
0
LINE
8
ENGINE_BAY
10
4657
20
3487
11
4643
21
3487
0
LINE
8
ENGINE_BAY
10
4643
20
3487
11
4643
21
3473
0
LINE
8
ENGINE_BAY
10
4558
20
3458
11
4602
21
3458
0
LINE
8
ENGINE_BAY
10
4602
20
3458
11
4602
21
3502
0
LINE
8
ENGINE_BAY
10
4602
20
3502
11
4558
21
3502
0
LINE
8
ENGINE_BAY
10
4558
20
3502
11
4558
21
3458
0
LINE
8
ENGINE_BAY
10
4532
20
3417
11
4608
21
3417
0
LINE
8
ENGINE_BAY
10
4608
20
3417
11
4608
21
3493
0
LINE
8
ENGINE_BAY
10
4608
20
3493
11
4532
21
3493
0
LINE
8
ENGINE_BAY
10
4532
20
3493
11
4532
21
3417
0
LINE
8
ENGINE_BAY
10
4525
20
3330
11
4565
21
3330
0
LINE
8
ENGINE_BAY
10
4565
20
3330
11
4565
21
3370
0
LINE
8
ENGINE_BAY
10
4565
20
3370
11
4525
21
3370
0
LINE
8
ENGINE_BAY
10
4525
20
3370
11
4525
21
3330
0
LINE
8
ENGINE_BAY
10
5327.5
20
3265
11
5532.5
21
3265
0
LINE
8
ENGINE_BAY
10
5532.5
20
3265
11
5532.5
21
3470
0
LINE
8
ENGINE_BAY
10
5532.5
20
3470
11
5327.5
21
3470
0
LINE
8
ENGINE_BAY
10
5327.5
20
3470
11
5327.5
21
3265
0
LINE
8
ENGINE_BAY
10
5338
20
3462
11
5372
21
3462
0
LINE
8
ENGINE_BAY
10
5372
20
3462
11
5372
21
3508
0
LINE
8
ENGINE_BAY
10
5372
20
3508
11
5338
21
3508
0
LINE
8
ENGINE_BAY
10
5338
20
3508
11
5338
21
3462
0
LINE
8
ENGINE_BAY
10
5488
20
3462
11
5522
21
3462
0
LINE
8
ENGINE_BAY
10
5522
20
3462
11
5522
21
3508
0
LINE
8
ENGINE_BAY
10
5522
20
3508
11
5488
21
3508
0
LINE
8
ENGINE_BAY
10
5488
20
3508
11
5488
21
3462
0
LINE
8
ENGINE_BAY
10
5393
20
3503
11
5417
21
3503
0
LINE
8
ENGINE_BAY
10
5417
20
3503
11
5417
21
3527
0
LINE
8
ENGINE_BAY
10
5417
20
3527
11
5393
21
3527
0
LINE
8
ENGINE_BAY
10
5393
20
3527
11
5393
21
3503
0
LINE
8
ENGINE_BAY
10
4485
20
3547.5
11
5515
21
3547.5
0
LINE
8
ENGINE_BAY
10
5515
20
3547.5
11
5515
21
3642.5
0
LINE
8
ENGINE_BAY
10
5515
20
3642.5
11
4485
21
3642.5
0
LINE
8
ENGINE_BAY
10
4485
20
3642.5
11
4485
21
3547.5
0
LINE
8
ENGINE_BAY
10
4485
20
3177.5
11
5515
21
3177.5
0
LINE
8
ENGINE_BAY
10
5515
20
3177.5
11
5515
21
3262.5
0
LINE
8
ENGINE_BAY
10
5515
20
3262.5
11
4485
21
3262.5
0
LINE
8
ENGINE_BAY
10
4485
20
3262.5
11
4485
21
3177.5
0
LINE
8
ENGINE_BAY
10
5233
20
3637
11
5287
21
3637
0
LINE
8
ENGINE_BAY
10
5287
20
3637
11
5287
21
3673
0
LINE
8
ENGINE_BAY
10
5287
20
3673
11
5233
21
3673
0
LINE
8
ENGINE_BAY
10
5233
20
3673
11
5233
21
3637
0
LINE
8
ENGINE_BAY
10
5482.5
20
3350
11
5587.5
21
3350
0
LINE
8
ENGINE_BAY
10
5587.5
20
3350
11
5587.5
21
3560
0
LINE
8
ENGINE_BAY
10
5587.5
20
3560
11
5482.5
21
3560
0
LINE
8
ENGINE_BAY
10
5482.5
20
3560
11
5482.5
21
3350
0
LINE
8
ENGINE_BAY
10
5572.5
20
3430
11
5647.5
21
3430
0
LINE
8
ENGINE_BAY
10
5647.5
20
3430
11
5647.5
21
3650
0
LINE
8
ENGINE_BAY
10
5647.5
20
3650
11
5572.5
21
3650
0
LINE
8
ENGINE_BAY
10
5572.5
20
3650
11
5572.5
21
3430
0
LINE
8
ENGINE_BAY
10
5107
20
3516
11
5153
21
3516
0
LINE
8
ENGINE_BAY
10
5153
20
3516
11
5153
21
3544
0
LINE
8
ENGINE_BAY
10
5153
20
3544
11
5107
21
3544
0
LINE
8
ENGINE_BAY
10
5107
20
3544
11
5107
21
3516
0
LINE
8
FUEL_SYSTEM
10
4535
20
2905
11
5465
21
2905
0
LINE
8
FUEL_SYSTEM
10
5465
20
2905
11
5465
21
3165
0
LINE
8
FUEL_SYSTEM
10
5465
20
3165
11
4535
21
3165
0
LINE
8
FUEL_SYSTEM
10
4535
20
3165
11
4535
21
2905
0
LINE
8
FUEL_SYSTEM
10
4510
20
3055
11
5490
21
3055
0
LINE
8
FUEL_SYSTEM
10
5490
20
3055
11
5490
21
3093
0
LINE
8
FUEL_SYSTEM
10
5490
20
3093
11
4510
21
3093
0
LINE
8
FUEL_SYSTEM
10
4510
20
3093
11
4510
21
3055
0
LINE
8
FUEL_SYSTEM
10
4510
20
3055
11
5490
21
3055
0
LINE
8
FUEL_SYSTEM
10
5490
20
3055
11
5490
21
3093
0
LINE
8
FUEL_SYSTEM
10
5490
20
3093
11
4510
21
3093
0
LINE
8
FUEL_SYSTEM
10
4510
20
3093
11
4510
21
3055
0
LINE
8
FUEL_SYSTEM
10
4272
20
3235
11
4348
21
3235
0
LINE
8
FUEL_SYSTEM
10
4348
20
3235
11
4348
21
3645
0
LINE
8
FUEL_SYSTEM
10
4348
20
3645
11
4272
21
3645
0
LINE
8
FUEL_SYSTEM
10
4272
20
3645
11
4272
21
3235
0
LINE
8
FUEL_SYSTEM
10
5322
20
3052
11
5338
21
3052
0
LINE
8
FUEL_SYSTEM
10
5338
20
3052
11
5338
21
3068
0
LINE
8
FUEL_SYSTEM
10
5338
20
3068
11
5322
21
3068
0
LINE
8
FUEL_SYSTEM
10
5322
20
3068
11
5322
21
3052
0
LINE
8
EXHAUST
10
5276
20
2986
11
5344
21
2986
0
LINE
8
EXHAUST
10
5344
20
2986
11
5344
21
3054
0
LINE
8
EXHAUST
10
5344
20
3054
11
5276
21
3054
0
LINE
8
EXHAUST
10
5276
20
3054
11
5276
21
2986
0
LINE
8
EXHAUST
10
5296
20
2936
11
5364
21
2936
0
LINE
8
EXHAUST
10
5364
20
2936
11
5364
21
3004
0
LINE
8
EXHAUST
10
5364
20
3004
11
5296
21
3004
0
LINE
8
EXHAUST
10
5296
20
3004
11
5296
21
2936
0
LINE
8
EXHAUST
10
5299
20
2939
11
5361
21
2939
0
LINE
8
EXHAUST
10
5361
20
2939
11
5361
21
3001
0
LINE
8
EXHAUST
10
5361
20
3001
11
5299
21
3001
0
LINE
8
EXHAUST
10
5299
20
3001
11
5299
21
2939
0
LINE
8
EXHAUST
10
5205
20
2840
11
5455
21
2840
0
LINE
8
EXHAUST
10
5455
20
2840
11
5455
21
3090
0
LINE
8
EXHAUST
10
5455
20
3090
11
5205
21
3090
0
LINE
8
EXHAUST
10
5205
20
3090
11
5205
21
2840
0
LINE
8
EXHAUST
10
5301
20
3090
11
5359
21
3090
0
LINE
8
EXHAUST
10
5359
20
3090
11
5359
21
3225
0
LINE
8
EXHAUST
10
5359
20
3225
11
5301
21
3225
0
LINE
8
EXHAUST
10
5301
20
3225
11
5301
21
3090
0
LINE
8
EXHAUST
10
5301
20
3090
11
5359
21
3090
0
LINE
8
EXHAUST
10
5359
20
3090
11
5359
21
3225
0
LINE
8
EXHAUST
10
5359
20
3225
11
5301
21
3225
0
LINE
8
EXHAUST
10
5301
20
3225
11
5301
21
3090
0
LINE
8
EXHAUST
10
5301
20
3090
11
5359
21
3090
0
LINE
8
EXHAUST
10
5359
20
3090
11
5359
21
3225
0
LINE
8
EXHAUST
10
5359
20
3225
11
5301
21
3225
0
LINE
8
EXHAUST
10
5301
20
3225
11
5301
21
3090
0
LINE
8
DATUM
10
4066
20
2776
11
4084
21
2776
0
LINE
8
DATUM
10
4084
20
2776
11
4084
21
2794
0
LINE
8
DATUM
10
4084
20
2794
11
4066
21
2794
0
LINE
8
DATUM
10
4066
20
2794
11
4066
21
2776
0
LINE
8
DATUM
10
5916
20
2776
11
5934
21
2776
0
LINE
8
DATUM
10
5934
20
2776
11
5934
21
2794
0
LINE
8
DATUM
10
5934
20
2794
11
5916
21
2794
0
LINE
8
DATUM
10
5916
20
2794
11
5916
21
2776
0
LINE
8
DATUM
10
4295
20
2751
11
5705
21
2751
0
LINE
8
DATUM
10
5705
20
2751
11
5705
21
2769
0
LINE
8
DATUM
10
5705
20
2769
11
4295
21
2769
0
LINE
8
DATUM
10
4295
20
2769
11
4295
21
2751
0
LINE
8
DATUM
10
4295
20
2751
11
5705
21
2751
0
LINE
8
DATUM
10
5705
20
2751
11
5705
21
2769
0
LINE
8
DATUM
10
5705
20
2769
11
4295
21
2769
0
LINE
8
DATUM
10
4295
20
2769
11
4295
21
2751
0
LINE
8
OVERALL
10
4167.5
20
2500
11
5832.5
21
2500
0
LINE
8
OVERALL
10
5832.5
20
2500
11
5832.5
21
4450
0
LINE
8
OVERALL
10
5832.5
20
4450
11
4167.5
21
4450
0
LINE
8
OVERALL
10
4167.5
20
4450
11
4167.5
21
2500
0
ENDSEC
0
EOF