entry_id,date,phase,workstream,bucket,category,item,status,amount,currency,amount_status,company,transaction_number,expected_delivery_date,source,evidence_ref,payment_status,delivery_status,procurement_stage,notes
admin_vehicle_purchase,2026-03-12,01_legal_admin,legal_admin,admin,vehicle_purchase,Vehicle purchase price,purchased,,PKR,missing,seller,,,whatsapp_fj40,fj40-00014,paid,completed,completed,Chat confirms the jeep was bought but the exact purchase price is not yet captured in the archive
admin_excise_challan,2026-03-12,01_legal_admin,legal_admin,admin,registration,Excise challan,paid,11365,PKR,confirmed,Fj40 group,,,whatsapp_fj40,fj40-00025,paid,completed,completed,Vehicle transfer cost mentioned in the group chat
admin_vehicle_inspection,2026-03-12,01_legal_admin,legal_admin,admin,inspection,Vehicle inspection,paid,5000,PKR,confirmed,Fj40 group,,,whatsapp_fj40,fj40-00025,paid,needs_confirmation,completed,Inspection cost mentioned in the group chat
part_battery_purchase,2026-03-16,05_mechanical_baseline,mechanical_baseline,parts,battery,New battery purchase - installed,installed,20000,PKR,confirmed,Ghazi Road,,,whatsapp_akber,akber_khan-00753,paid,installed,completed,"New battery is already purchased and installed. Gross PKR 20,000 retained."
tool_grease_gun,,00_site_setup,site_setup,tools,general,Grease gun,received,,PKR,missing,Toolsmart,,2026-03-18,user_seed|whatsapp_akber|whatsapp_fj40,user_seed|akber_khan-00395|akber_khan-00671|fj40-00286|akber_khan-00879,unknown,received,received,"Seeded as received; a later tool basket shows a Harden Pro Grease Gun 500CC at Rs.4,790 and tools later arrived, but the exact paid amount is still left open pending order proof"
tool_torque_wrench,,00_site_setup,site_setup,tools,general,Torque wrench,received,,PKR,missing,ToolsMart.pk,,,user_seed|whatsapp_akber,user_seed|akber_khan-00395,unknown,received,received,Marked with x in the user purchase list; torque wrench was explicitly called out in tool planning chat Vendor backfilled from J40_Costs.xlsx.
tool_cover,,00_site_setup,site_setup,tools,storage,Car cover,received,,PKR,missing,Shopify storefront,932d270cf0bc36f7d57c42f9ede63dae,2026-03-18,user_seed|whatsapp_akber,user_seed|akber_khan-00793|akber_khan-00805|akber_khan-00806|akber_khan-00879,unknown,received,received,"Marked with x in the user purchase list; chat shows it was needed before strip-down, was already on the way on 2026-03-17, budget guidance was 2-4k, and arrival was confirmed on 2026-03-18"
tool_bench_grinder,,00_site_setup,site_setup,tools,general,Bench grinder,cancelled,,PKR,missing,Toolsmart,,2026-03-18,user_seed|whatsapp_akber|whatsapp_fj40,user_seed|akber_khan-00662|akber_khan-00671|fj40-00286|akber_khan-00879,not_paid,not_required,deferred_optional,User update 2026-04-27: bench grinder currently considered not required.
tool_tap_set,,00_site_setup,site_setup,tools,general,Tap set,received,,PKR,missing,ToolsMart.pk,,,user_seed|whatsapp_akber,user_seed|akber_khan-00663|akber_khan-00664,unknown,received,received,Marked with x in the user purchase list; tap set was later discussed as useful for stripped bolts Vendor backfilled from J40_Costs.xlsx.
part_cable_sleeve_protection,,04_electrical_reset,electrical_reset,parts,electrical,"Braided sleeve inventory - 8/10/14/16/20 mm sleeves, 5m lengths received",received,,PKR,missing,electronicsstore.pk / HAQ ELECTRIC,,,user_seed|whatsapp_fj40|whatsapp_akber,user_seed|akber_khan-00489|fj40-00276|fj40-00282,paid,received,received,"Workbook inventory shows braided sleeve stock already received/paid: 8, 10, 14, 16, and 20 mm sleeve entries in 5m lengths. Loom-pipe planning basis for this J40/HJ47: do not buy extra 8mm split pipe. If physical stock count is short after final routing, top-up only 12mm x 10m for cabin/light branches and 16mm x 6m for under-bonnet/cabin trunk branches; existing 14/16/20mm 5m sleeve stock is already counted."
part_dielectric_grease,,04_electrical_reset,electrical_reset,parts,electrical,Dielectric grease,received,5609,PKR,confirmed,Adenwalla & Sons,3070231697777489,,user_seed|whatsapp_akber|gmail,user_seed|akber_khan-00489|gmail_msg_19d0f6304329edde|gmail_msg_19d9ff896e3406a1|gmail_order_3070231697777489|gmail_package_PK001206015RS|photo_20260424_part_dielectric_grease_aliexpress_order_3070231697777489.jpg,paid,received,received,Marked with x in the user purchase list Vendor backfilled from J40_Costs.xlsx. Gmail AliExpress evidence shows dielectric grease order 3070231697777489 shipped and package PK001206015RS delivered.
part_copper_grease,,06_steering_brakes_suspension,steering_brakes_suspension,parts,brakes,Copper grease for brakes,received,,PKR,missing,Pakistan Power Tool,,,user_seed,user_seed,unknown,received,received,Marked with x in the user purchase list Vendor backfilled from J40_Costs.xlsx.
part_rubber_grommet_set,2026-04-22,04_electrical_reset,electrical_reset,parts,electrical,Rubber grommet set,received,,PKR,missing,AliExpress,,,user_seed|whatsapp_akber|whatsapp_fj40|user_update,user_seed|akber_khan-00489|akber_khan-00497|fj40-00276|fj40-00282|user_update_2026-04-22_grommet_received|user_update_2026-05-01_grommet_image_wrong,paid,received,received,User confirmed this grommet set was received; exact product link: https://www.aliexpress.com/i/1005008318051049.html. User correction 2026-05-01: current tracker image is incorrect; require exact order/received photo before treating image as evidence.
part_electric_wires,2026-03-18,04_electrical_reset,electrical_reset,parts,electrical,"Electric wire inventory - 4 AWG red/black silicone cable, 1m each (approx 21 mm2)",received,11529,PKR,confirmed,AliExpress,3070027285627489,,user_seed|whatsapp_akber|user_update,user_seed|akber_khan-00489|akber_khan-00497|user_update_2026-04-22_wiring_built|gmail_msg_19d045e33582292a|gmail_msg_19d3e56a9e4a3991|gmail_order_3070027285627489|gmail_package_PK015187314R|photo_20260424_part_electric_wires_aliexpress_3070027285627489.jpg,paid,received,received,"Received AliExpress order 3070027285627489: 4 AWG silicone cable, red/black, 1m each (approx 21 mm2). Workbook also contains 1.0/1.5/2.5 mm2 roll inventory; physically count before buying more wire."
tool_electrical_test_kit,2026-03-22,04_electrical_reset,electrical_reset,tools,electrical,Electrical test kit,received,8811,PKR,confirmed,AliExpress,3070231697877489,,user_seed|whatsapp_akber|gmail|user_update,user_seed|akber_khan-00489|akber_khan-00638|gmail_msg_19d146a9c4d6e8c9|gmail_msg_19d7678e0f8b0da0|gmail_msg_19d7b9f19fa4f39f|gmail_order_3070231697877489|photo_20260424_tool_electrical_test_kit_aliexpress_order_3070231697877489.jpg|user_update_2026-05-02_electrical_test_kit_received,paid,received,received,AliExpress order 3070231697877489 was ordered and arrived; prior 2026-04-27 uncertainty closed from Gmail/order evidence plus user confirmation on 2026-05-02.
part_android_unit,,09_optional_upgrades,optional_upgrades,parts,interior,Android unit,planned,,PKR,missing,SehgalMotors.PK,,,user_seed|whatsapp_akber|whatsapp_fj40|user_update,user_seed|akber_khan-00318|fj40-00279|fj40-00280|user_update_2026-05-02_dashboard_switch_lcd_update,not_paid,not_ordered,deferred_optional,"9 inch, flush-mounted, integrated into the dash panel. User update 2026-05-02: a specific 9 inch LCD panel has been recommended; capture exact model/link, dimensions, mounting depth, power draw, and camera inputs before purchase. Keep deferred_optional until baseline dash/electrical fit-up is proven."
part_piano_hinge,,09_optional_upgrades,optional_upgrades,parts,interior,Piano hinge,received,,PKR,missing,,,,user_seed,user_seed,unknown,received,received,Listed with Y in the user purchase list
part_bedliner_sprays,2026-05-02,03_body_chassis,body_chassis,parts,bodywork,Bedliner sprays,received,,PKR,missing,U-POL / Raptor on hand,,,user_seed|whatsapp_akber|user_shelf_image,user_seed|akber_khan-00798|akber_khan-00800|user_shelf_image_2026-05-02_raptor_liner_visible,paid,received,received,"Listed by the user as still needed; chat says they are required immediately after floor repair and primer | Marked on hand from shelf image on 2026-05-02: Raptor liner bottles visible. Treat as bedliner/protective coating already acquired, not as primer."
part_primer,2026-05-02,03_body_chassis,body_chassis,parts,bodywork,Hi-Build Zinc Rich Epoxy Primer EC 11 two-pack set,received,25550,PKR,confirmed,Daraz / MM PAINT,242366749280938,2026-05-09,user_seed|whatsapp_akber|user_update|gmail,user_seed|akber_khan-00798|akber_khan-00800|akber_khan-00819|user_update_2026-05-02_zinc_rich_epoxy_primer_order|gmail_msg_19de69fd6503ed45|gmail_order_242366749280938|gmail_msg_19dfcaab0866f88d|gmail_delivery_242366749280938,paid,received,received,"Daraz order 242366749280938 confirmed 2026-05-02 from MM PAINT: ICI industrial coating Zinc Rich epoxy primer set - Zinc Rich primer set - ici industrial x1, product PKR 25000 plus PKR 550 shipping, total PKR 25550, paid by card. Delivery window 2026-05-07 to 2026-05-09. Selected as the zinc-rich two-pack epoxy primer for blasted steel chassis; seller images show separate base and hardener tins. Confirm mix ratio, thinner, and recoat window on receipt. Product link: https://www.daraz.pk/products/i556870547-s4006655573.html?urlFlag=true&mp=1 ; image: https://pk-live-21.slatic.net/kf/Sb3943ecd4f6040c39d009641d24206143.jpg | Gmail Daraz delivery email confirms order 242366749280938 delivered on 2026-05-06; still verify base/hardener tins, mix ratio, thinner, and recoat window before primer use."
part_metal_protection,2026-05-02,03_body_chassis,body_chassis,parts,bodywork,Metal protection and restoration products,cancelled,,PKR,missing,Daraz,,,user_seed|whatsapp_akber|user_update,user_seed|akber_khan-00397|akber_khan-00701|user_update_2026-05-02_zinc_rich_epoxy_primer_order|user_update_2026-05-02_autohub_prep_solvent_cavity_wax_order,not_paid,not_required,not_required_covered_by_epoxy_wax,"Listed by the user as still needed; rust reformer and related metal-treatment products were discussed | Closed on 2026-05-02 as a generic duplicate: current corrosion-protection stack is covered by zinc-rich epoxy primer, prep solvent, seam sealer, cavity wax, and on-hand Raptor bedliner."
part_wax_and_grease_remover,2026-05-02,03_body_chassis,body_chassis,parts,bodywork,3M Prep Solvent-70 1 gallon / wax and grease remover,received,18999,PKR,confirmed,Autohub,62192,2026-05-06,user_seed|whatsapp_akber|user_update|gmail,user_seed|akber_khan-00803|akber_khan-00817|user_update_2026-05-02_autohub_prep_solvent_cavity_wax_order|gmail_msg_19de69d1f1e3d70a|gmail_order_1762192|autohub_order_62192|user_update_2026-05-08_all_remaining_autohub_orders_arrived|user_update_2026-05-11_3m_prep_solvent_received|gmail_msg_19e0c5bc0f1cf25e|blueex_tracking_AhubRider,paid,received,received,"Autohub order 1762192 / order number 62192 confirmed 2026-05-02: 3M Prep Solvent - 70, 1 gal (08983) x1 at PKR 18999. Shared order also includes HB Body U900 cavity wax x2; order subtotal PKR 23997 plus PKR 249 shipping, total PKR 24246. Product link: https://autohub.pk/products/3m-prep-solvent-70-1-gallon ; image: https://cdn.shopify.com/s/files/1/0424/5433/files/3m-08983_medium.png?v=1709701797 | Gmail recheck on 2026-05-08 found the Autohub 1762192 / 62192 confirmation only; later user confirmation on 2026-05-08 closes delivery. | User confirmed on 2026-05-08 that the pre solvent / remaining Autohub orders have arrived; user reconfirmed item-level receipt on 2026-05-11. Receipt check: confirm one sealed 1 gallon 3M Prep Solvent-70 can, intact label, and no leaks or dents. | Gmail recheck 2026-05-12 found Autohub shipment email sent 2026-05-09 for order 1762192 listing 3M Prep Solvent-70 x1 and HB Body U900 cavity wax x2 via Blue-ex AhubRider; user receipt confirmations from 2026-05-08 and 2026-05-11 keep the row received."
part_self_etching_primer,2026-05-02,03_body_chassis,body_chassis,parts,bodywork,Self etching primer,cancelled,,PKR,missing,,,,user_seed|whatsapp_akber|user_update,user_seed|akber_khan-00803|user_update_2026-05-02_zinc_rich_epoxy_primer_order,not_paid,not_required,not_required_with_epoxy,Listed by the user as still needed; explicit bodywork-material mention in chat | Closed on 2026-05-02: not ordering self-etch primer under the selected two-pack zinc-rich epoxy system unless that coating system later explicitly requires it.
part_epoxy_primer,2026-05-02,03_body_chassis,body_chassis,parts,bodywork,Epoxy primer,cancelled,,PKR,missing,Daraz / ICI Industrial Coatings,USER-CONFIRMED-20260502-PRIMER,,user_seed|whatsapp_akber|user_update,user_seed|akber_khan-00803|user_update_2026-05-02_zinc_rich_epoxy_primer_order,not_paid,not_required,not_required_duplicate,Listed by the user as still needed; explicit bodywork-material mention in chat | Closed on 2026-05-02: epoxy-primer need is covered by part_primer order for Hi-Build Zinc Rich Epoxy Primer EC 11; do not buy a second epoxy primer.
part_seam_sealer,2026-03-21,03_body_chassis,body_chassis,parts,bodywork,Seam sealer,received,7696,PKR,confirmed,Autohub,1761310,,user_seed|whatsapp_akber|gmail|user_update,user_seed|akber_khan-00803|akber_khan-00820|gmail_msg_19d0ef66d4eacdee|gmail_msg_19d48a1d197405a3|gmail_order_1761310|photo_20260424_part_seam_sealer_autohub_order_1761310.jpg|user_update_2026-05-02_autohub_prep_solvent_cavity_wax_order|user_update_2026-05-08_all_remaining_autohub_orders_arrived,paid,received,received,"Listed by the user as still needed; later product research includes an Autohub seam-sealer link. Gmail Autohub order 1761310 confirms 3x HB BODY 999 seam sealer and shipment status. | Payment marked paid per user confirmation on 2026-05-02; keep delivery/quantity reconciliation tied to Autohub order 1761310 and physical tube count. | Gmail recheck on 2026-05-08 found the 2026-04-01 Autohub shipment email for order 1761310 but no delivery confirmation; later user confirmation on 2026-05-08 closes delivery. | User confirmed on 2026-05-08 that all remaining Autohub orders have arrived; mark the three HB BODY 999 seam sealer cartridges received. Receipt check: confirm tube count, labels, expiry/softness, and nozzle condition before body sealing."
part_bed_lining,2026-05-03,07_interior_weatherproofing,interior_weatherproofing,parts,bodywork,Bed lining,not_required,,PKR,missing,,,,user_seed|whatsapp_akber|user_update,user_seed|akber_khan-00798|akber_khan-00803|user_update_2026-05-03_remove_duplicate_purchase_items|user_shelf_image_2026-05-02_raptor_liner_visible,not_applicable,not_required,not_required_duplicate_covered_by_raptor_bedliner,Listed by the user as still needed; chat sequences this after welding/primer and before sound deadening | Closed on 2026-05-03 as a duplicate purchase row: Raptor/bedliner material is already tracked on hand under part_bedliner_sprays; do not buy a separate generic bed-lining item unless a later explicit finish spec reopens it.
part_sound_dampening_sheets,,07_interior_weatherproofing,interior_weatherproofing,parts,interior,Sound dampening sheets,planned,,PKR,missing,,,,user_seed|whatsapp_akber,user_seed|akber_khan-00430|akber_khan-00798|akber_khan-00803,not_paid,not_ordered,deferred_until_body_closed,"Deferred until body is welded, sealed, and dry. Estimate for useful full-cabin J40 coverage: buy 3.5-4.0 m2 / 38-43 sqft of 3mm butyl/aluminium damping sheet, equivalent to 10 large 460x800mm sheets minimum; use 12 sheets if also covering doors, tailgate, or hardtop side panels. This is not a tub-off buy."
part_foam,,07_interior_weatherproofing,interior_weatherproofing,parts,interior,Foam,planned,,PKR,missing,,,,user_seed|whatsapp_akber,user_seed|akber_khan-00803,not_paid,not_ordered,deferred_until_body_closed,Listed by the user as still needed; explicit interior finish-stack mention in chat
part_carpet,,07_interior_weatherproofing,interior_weatherproofing,parts,interior,Carpet,planned,,PKR,missing,,,,user_seed|whatsapp_akber,user_seed|akber_khan-00803,not_paid,not_ordered,deferred_until_body_closed,Listed by the user as still needed; explicit interior finish-stack mention in chat
tool_breaker_bar,2026-05-08,00_site_setup,site_setup,tools,general,"1/2 inch 24 inch breaker bar, heavy duty",received,,PKR,missing,local,,,user_seed|whatsapp_akber|user_update,user_seed|akber_khan-00346|user_update_2026-05-08_breaker_bar_arrived,unknown,received,received,"Listed by the user as still needed; breaker bar was part of the minimum tool list discussed around steering work | User confirmed on 2026-05-08 that the breaker bar has arrived. Amount/payment proof is still not captured; verify 1/2 inch drive, approximately 24 inch length, and head/pivot condition before using on seized fasteners."
tool_local_toolbench,2026-05-04,00_site_setup,site_setup,tools,workshop_setup,Toolbench / workbench,planned,,PKR,missing,local hardware/tools market,,,user_update,user_update_2026-05-04_local_purchase_tools,not_paid,not_ordered,purchase_ready,"Scout local market: buy a stable workbench/toolbench with steel frame or heavy hardwood top, minimum 1200 x 600 mm working surface, 850-950 mm working height, flat top, and enough structure to bolt down a vice and pillar drill."
tool_local_bench_drill,2026-05-04,00_site_setup,site_setup,tools,power_tool,Total TDP133501 Drill Press - 350W - 13mm,received,,PKR,missing,Total / seller not captured,,,user_update|gmail,user_update_2026-05-04_total_tdp133501_drill_press_order|user_update_2026-05-12_drill_press_arrived,paid,received,received,"User reported paid order 2026-05-04: Total TDP133501 Drill Press, 350W, 13 mm, quantity 1. Amount, seller, order number, and delivery ETA not yet captured. Receipt check must confirm straight spindle/no visible wobble, locking table, depth stop, and safe 220-240 V power before use. | Gmail recheck 2026-05-12 found no matching TDP133501 / drill-press receipt, shipment, or delivery email; keep pending and use seller/order details from user if available. | User confirmed on 2026-05-12 that the drill press has arrived. Receipt/use check: confirm straight spindle/no visible wobble, locking table, depth stop, chuck/key, power lead/earth, and safe 220-240 V operation before use."
tool_local_bench_vice,2026-05-04,00_site_setup,site_setup,tools,vice,Bench vice / workshop vice,received,14970,PKR,confirmed,ToolsMart.pk,TM25550,,user_update|gmail,user_update_2026-05-04_bench_vice_ordered|gmail_msg_19df40dbc5116bb3|gmail_order_TM25550|user_update_2026-05-12_bench_vice_arrived,unknown,received,received,"User reported the bench vice is now ordered on 2026-05-04. Amount, seller, order number, and delivery ETA are not yet captured. Receipt check must confirm bolt-down mounting lugs, 100-150 mm jaws, smooth screw action, uncracked casting, and clean/replaceable jaws before installation on the workbench. | ToolsMart order TM25550 confirmed on 2026-05-04 includes Harden 4 inch Heavy Duty Table Vice 100mm / 9 Kg x1 at PKR 14970. Receipt check must confirm bolt-down lugs, 100 mm jaws, smooth screw action, uncracked casting, and clean jaws before mounting. | Gmail recheck on 2026-05-08 found only the ToolsMart TM25550 confirmation and no shipment or delivery email; keep pending. Payment is still not proven by Gmail alone. | Gmail recheck 2026-05-12 found only ToolsMart order TM25550 confirmation and no shipment or delivery email; keep pending delivery. | User confirmed on 2026-05-12 that the bench vice has arrived. Receipt/use check: confirm bolt-down lugs, 100 mm jaws, smooth screw action, no cracked casting, clean jaw faces, and secure mounting before use."
part_ironman_foamcell_suspension_kit,2026-05-01,06_steering_brakes_suspension,steering_brakes_suspension,parts,suspension,Ironman Foamcell suspension kit - main shipment (front dampers separate),received,575000,PKR,confirmed,Ironman 4x4 supplier,,,user_update|parts_list_image,user_update_2026-05-01_ironman_foamcell_order|image_2026-05-01_ironman_foamcell_parts_list|user_update_2026-05-08_ironman_main_kit_arrived_front_dampers_pending,unknown,received,received,"User update 2026-05-01: Ironman Foamcell suspension kit ordered from attached parts list; PKR 600000 less PKR 25000 discount = PKR 575000 total. User confirmed on 2026-05-08 that the main suspension kit has arrived minus the separate front damper pair. Treat the main shipment as received, but do not close suspension procurement or start final installation until the separate 24635FE front damper pair is also physically received. Receipt check main shipment against expected kit contents: 24636FE rear dampers, TOY001B front springs, TOY002B rear springs, 415UBK U-bolt kits, 713UK bush kit, 343LH/343RH shackles, 3523 steering damper, 346 pins/shackles as applicable, hardware, labels, and transit damage."
part_ironman_front_dampers_separate_shipment,2026-05-01,06_steering_brakes_suspension,steering_brakes_suspension,parts,suspension,Ironman Foamcell front damper pair - separate shipment (24635FE x2),ordered,,PKR,missing,Ironman 4x4 supplier,,,user_update|parts_list_image|ironman_reference|gmail,user_update_2026-05-01_front_dampers_separate_shipment|image_2026-05-01_ironman_foamcell_parts_list|ironman_24635FE_front_reference|user_update_2026-05-08_ironman_main_kit_arrived_front_dampers_pending,unknown,pending_delivery,ordered_pending_delivery,"Separate shipment tracker for the Ironman 24635FE front damper pair x2. User confirmed on 2026-05-08 that the main suspension kit has arrived without this front damper pair, so this row remains pending delivery. Amount is included in the main Ironman kit total to avoid double-counting. Verify 24635FE x2, bushes, washers, sleeves/spacers, labels, and body/eye clearance on receipt before closing suspension procurement or final installation. | Gmail recheck 2026-05-12 found no matching Ironman / 24635FE / front-damper shipment or delivery email; keep the separate 24635FE front damper pair pending."
part_suspension_wooden_cribbing_blocks,2026-05-04,06_steering_brakes_suspension,steering_brakes_suspension,parts,suspension_support,Seasoned hardwood cribbing cut set - 8 blocks + 4 wedge chocks,received,,PKR,missing,local timber / wood merchant,,,user_update|merchant_spec|fabrication_pack|gmail,user_update_2026-05-02_suspension_wooden_blocks|user_update_2026-05-04_wood_parts_ordered|data/manual/suspension_wood_cribbing_order_specs.csv|docs/suspension-wood-cribbing-merchant-spec.md|data/manual/fabrication/suspension_wood_cribbing_rev_a/README.md|data/manual/fabrication/suspension_wood_cribbing_rev_a/j40_suspension_wood_cribbing_rev_a_dimension_sheet.pdf|user_update_2026-05-17_wooden_blocks_received,not_paid,received,received,"Timber merchant ask: 8 dry hardwood blocks 300 x 150 x 75 mm plus 4 dry hardwood wedges 200 x 100 mm with 75 mm rear and 25 mm nose. Reject wet/soft/board material, cracks, rocking faces, and feather-edge wedges. Supplemental only; use with rated stands. User update 2026-05-04: wood set ordered; merchant name, wood type, price, expected pickup/delivery date, and receipt/photos still need capture. | Gmail recheck 2026-05-12 found no matching hardwood cribbing / wedge chock receipt, shipment, or delivery email before the 2026-05-17 received update. | User update 2026-05-17: wooden cribbing blocks and wedge chocks marked received; price/payment, merchant name, wood type, receipt, and received-condition photos still need capture."
part_power_steering_upgrade,,06_steering_brakes_suspension,steering_brakes_suspension,parts,steering,EPS market scout check - 2005-2011 SCP90/NCP90 complete kit plus General EPS Adapter geometry,researching,,PKR,missing,,,,user_seed|whatsapp_fj40|whatsapp_akber,user_seed|fj40-00006|fj40-00263|akber_khan-00346|akber_khan-00858,not_paid,,pre_payment_market_check,"Market scout only: quote and buy/no-buy check for a complete matched 2005-2011 Vitz/Yaris SCP90/NCP90 EPS kit with its matched EPS ECU/controller or seller-proven integrated control, bench-test video, seller contact, return terms, full kit photos, and donor bracket/shaft geometry for the General EPS Adapter before payment. The J40 has no vehicle ECU, but the donor EPS controller is still required for this route. Adapter fabrication is a separate measured J40-specific release after the donor unit and vehicle-side datum points are mocked up."
part_body_mount_rubber_kit,,03_body_chassis,chassis_rubbers,parts,body_mounts,Consolidated Longman chassis/body custom rubber order,fabrication_controlled,,PKR,missing,,,,user_plan_update|docs_longman_rubber_order_spec|data_longman_rubber_order_specs|data_body_mount_order_release_specs,user_plan_2026-04-22_tub_off_update|docs_tub-off-refit-execution-plan|docs/longman-rubber-order-spec-20260508.md|data/manual/longman_rubber_order_specs.csv|docs/chassis-rubbers-workstream.md|data/manual/body_mount_order_release_specs.csv|data/manual/body_mount_release_actions.csv,not_applicable,not_required,not_required_under_fabrication,"Single consolidated Longman custom rubber order. Quote/order as one supplier bundle: BM-ISO-SM 10 + 2 spares, BM-ISO-LG 2 + 1 spare, FS-OVAL x2, FS-STRIP-L x1, FS-STRIP-R x1, BUMP-60010-LONG x3, and BUMP-60020-SHORT x1. Steel cup/seat washers, sleeves, shims, bolts, and captive-thread repairs remain separate local hardware rows; BODY-LINER-FULL-WIDTH-HOLD and EXH-HGR-90917 are hold/reference lines only, not current order quantities. | User direction 2026-05-29: item is controlled under fabrication/handoff, so remove from active ordering and procurement decision flow; keep fabrication spec/handoff record as source of truth."
part_body_mount_hardware_kit,,03_body_chassis,body_chassis,parts,body_mounts,Body mount hardware kit bolts sleeves washers,spec_ready,,PKR,missing,,,,user_plan_update|docs_tub_off_refit|data_body_mount_order_release_specs,user_plan_2026-04-22_tub_off_update|docs_tub-off-refit-execution-plan|data/manual/body_mount_order_release_specs.csv|data/manual/body_mount_release_actions.csv,not_paid,not_ordered,spec_ready_release_hold,"Spec ready via body_mount_order_release_specs.csv: Toyota 90560-12009 style body-mount sleeves x6, length 48.1mm, local-copy ID 10.8-11.0mm for M10, OD copied from old/OE sleeve; cup/seat washers 14; M10x1.25 class 8.8 minimum trial bolts 70/80/90/100mm x4 each; nuts/washers repair pack with all-metal nuts x12, nyloc x12, flat washers x40, spring washers x20, M10x1.25 weld nuts x4, and 3mm repair tabs x4. M12 front-support pack remains hold until measured. Millat orders cover generic M10/M12 bolt/nut/washer stock only; final body-mount sleeve/cup/length selection remains release-held."
part_body_mount_shim_pack,,03_body_chassis,body_chassis,parts,body_mounts,Body mount shim and spacer pack,spec_ready,,PKR,missing,,,,user_plan_update|docs_tub_off_refit|data_body_mount_order_release_specs,user_plan_2026-04-22_tub_off_update|docs_tub-off-refit-execution-plan|data/manual/body_mount_order_release_specs.csv|data/manual/body_mount_release_actions.csv,not_paid,not_ordered,spec_ready_release_hold,"Track under body-mount rubbers/rubber ordering, not generic fastener buy. Spec ready: thin slotted steel shims 1/2/3/5mm x12 each plus thick control spacers 5/10/15mm x4 each; preserve originals by station and release after body station height measurement."
part_fastener_kit_a_millat,2026-04-18,03_body_chassis,body_chassis,parts,body_mounts,"Fastener Kit A: Tub-to-chassis mounts (OEM positions) - M10/M12 class 8.8 bolts, matching nuts, flat+spring washers, sleeves",ordered,,PKR,missing,MTL Parts,38902|38903,,gmail|deliverables_fastener_cart|manual_reconciliation,gmail_msg_19d9d26f415b48fa|gmail_msg_19d9cd91c8d55038|gmail_msg_19d9ce99ff7c3bab|gmail_msg_19db2d73afb4876e|gmail_msg_19db2d7aa7027a2c|gmail_msg_19dbc4673054004c|gmail_msg_19dbc462741aef46|gmail_msg_19e0722af30bb1af|gmail_msg_19e63d37bef39526|gmail_order_38903_processing_20260526,paid,pending_delivery,ordered_pending_delivery,"Registered under paid MTL/Millat orders 38902 and 38903 from 2026-04-18. Gmail evidence shows both MTL order-received emails plus user payment follow-ups on 2026-04-22 and 2026-04-24. Covers the Millat M10/M12 bolt, nut, flat-washer, and lock-washer stock; sleeve/spacer cutting still waits for body-mount dry-stack measurements before final installation. | Gmail recheck 2026-05-12 found user follow-up sent 2026-05-08 asking MTL to dispatch paid orders #38902 and #38903 because they were still marked on hold; no dispatch or delivery response was found, so keep pending delivery/on-hold follow-up. | Gmail recheck 2026-05-26 found a fresh MTL Parts order-received/processing email for order #38903: M12 flat washers x40, M8 flat washers x20, and plate-spacers x4, total PKR 1038. No dispatch, tracking, or delivery proof yet, so keep pending delivery; #38902 still needs delivery confirmation."
part_fastener_kit_b_millat,2026-04-18,03_body_chassis,body_chassis,parts,body_hardware,"Fastener Kit B: Body panel/bracket hardware - M6/M8 class 8.8 flange bolts, nyloc nuts, washers",ordered,,PKR,missing,MTL Parts,38902|38903,,gmail|deliverables_fastener_cart|manual_reconciliation,gmail_msg_19d9d26f415b48fa|gmail_msg_19d9cd91c8d55038|gmail_msg_19d9ce99ff7c3bab|gmail_msg_19db2d73afb4876e|gmail_msg_19db2d7aa7027a2c|gmail_msg_19dbc4673054004c|gmail_msg_19dbc462741aef46|gmail_msg_19e0722af30bb1af|gmail_msg_19e63d37bef39526|gmail_order_38903_processing_20260526,paid,pending_delivery,ordered_pending_delivery,"Registered under paid MTL/Millat orders 38902 and 38903 from 2026-04-18. Covers the Millat M6/M8 bolt, nut, and washer portion of the body-panel/bracket hardware set. Receipt check still needs to verify exact lengths, quantities, and any local top-up for sizes that were not clean Millat matches. | Gmail recheck 2026-05-12 found user follow-up sent 2026-05-08 asking MTL to dispatch paid orders #38902 and #38903 because they were still marked on hold; no dispatch or delivery response was found, so keep pending delivery/on-hold follow-up. | Gmail recheck 2026-05-26 found a fresh MTL Parts order-received/processing email for order #38903: M12 flat washers x40, M8 flat washers x20, and plate-spacers x4, total PKR 1038. No dispatch, tracking, or delivery proof yet, so keep pending delivery; #38902 still needs delivery confirmation."
part_fastener_kit_c_captive_clip_nuts,2026-05-03,03_body_chassis,body_chassis,parts,body_hardware,Fastener Kit C remaining: Captive/clip/speed nut and weld-nut assortment - M6/M8,planned,,PKR,missing,Bilal Ganj clip/captive/rivnut suppliers,,,photo_inventory|workbook_reconciliation|user_update|count_estimate,20260503_153832_gp_0FJJiLHg|workbook_parts#row_227|user_update_2026-05-03_screw_photo_review|data/manual/fastener_photo_count_estimates.csv|user_update_2026-05-08_rivets_received|user_update_2026-05-09_m6_m8_rivnut_confirmation|photos/20260508_rivnuts_received_user_photo.png|photos/20260508_m6_rivnut_box_labels_user_photo.png,not_paid,not_ordered,purchase_ready,"User-selected loose fastener photo shows rusted captive/clip/speed nuts and old panel/body hardware that are not covered by Millat orders 38902/38903, which only cover loose metric screws, bolts, nuts, flat washers, lock washers, and plate spacers. Photo estimate: 22-40 visible captive/clip/speed nut and rivnut/weld-nut candidates, likely 30. User photos on 2026-05-08 confirm yellow-zinc knurled flat-head threaded rivet nuts/nutserts, with visible label text reading Product Name: Rivetnut and size M6. User clarified on 2026-05-09 that the two boxes are M6 and M8, so treat M6 and M8 rivnut/nutsert portions as received unless physical receipt check contradicts this. Remaining open scope is captive/clip/speed nuts and weld nuts: original workbook basis M6 captive/clip nuts x120, M8 captive/clip nuts x60, weld nuts M6 x30, weld nuts M8 x20. Use new yellow-zinc or equivalent plated hardware; do not reuse rusted spring clips or captive nuts. Confirm final split against old samples before purchase."
part_m6_m8_threaded_rivnut_nutsert_assortment_received,2026-05-08,03_body_chassis,body_chassis,parts,body_hardware,M6 and M8 threaded rivet nuts / rivnuts / nutserts - received,received,,PKR,missing,Temu / Shenzhen Shangsha Trading Co. Ltd.,,,user_update|photo_evidence,user_update_2026-05-08_rivets_received|user_update_2026-05-09_m6_m8_rivnut_confirmation|photos/20260508_rivnuts_received_user_photo.png|photos/20260508_m6_rivnut_box_labels_user_photo.png,unknown,received,received,"User confirmed on 2026-05-08 that the rivets have arrived; follow-up photos show two boxes of yellow-zinc knurled flat-head internally threaded rivet nuts/nutserts. Visible box label text: Product Name Rivetnut, size M6, Made in China, manufacturer Shenzhen Shangsha Trading Co. Ltd. User clarified on 2026-05-09 that the two boxes are M6 and M8. These are not plain pop/blind rivets. Treat as the M6 and M8 rivnut/nutsert portion of Fastener Kit C now on hand; exact counts, grip ranges, and payment amount still need physical receipt check before installation."
part_fastener_kit_d_millat,2026-04-18,04_electrical_reset,electrical_reset,parts,electrical_grounding,Fastener Kit D: Grounding hardware - star/serrated washers M6/M8/M10 + cleaned contact points,ordered,,PKR,missing,MTL Parts,38902|38903,,gmail|deliverables_fastener_cart|manual_reconciliation,gmail_msg_19d9d26f415b48fa|gmail_msg_19d9cd91c8d55038|gmail_msg_19d9ce99ff7c3bab|gmail_msg_19db2d73afb4876e|gmail_msg_19db2d7aa7027a2c|gmail_msg_19dbc4673054004c|gmail_msg_19dbc462741aef46|gmail_msg_19e0722af30bb1af|gmail_msg_19e63d37bef39526|gmail_order_38903_processing_20260526,paid,pending_delivery,ordered_pending_delivery,"Registered under paid MTL/Millat orders 38902 and 38903 from 2026-04-18. Covers the ordered Millat washer/lock-washer stock used for grounding and vibration-resistant joints. Conductive paste and any non-Millat grounding top-up remain separate until physically confirmed. | Gmail recheck 2026-05-12 found user follow-up sent 2026-05-08 asking MTL to dispatch paid orders #38902 and #38903 because they were still marked on hold; no dispatch or delivery response was found, so keep pending delivery/on-hold follow-up. | Gmail recheck 2026-05-26 found a fresh MTL Parts order-received/processing email for order #38903: M12 flat washers x40, M8 flat washers x20, and plate-spacers x4, total PKR 1038. No dispatch, tracking, or delivery proof yet, so keep pending delivery; #38902 still needs delivery confirmation."
part_fastener_kit_e_millat,2026-04-18,03_body_chassis,body_chassis,parts,body_hardware,"Millat order #38902 metric screw pack - M10x20 x20, M6x16 x60, M6x12 x120, M8x16 x60",ordered,1880,PKR,confirmed,MTL Parts,38902,,gmail|manual_reconciliation,gmail_msg_19d9d26f415b48fa|gmail_msg_19dbc4673054004c|gmail_order_38902|gmail_msg_19e0722af30bb1af,paid,pending_delivery,ordered_pending_delivery,"Gmail MTL order #38902 confirms screw lines: SCREW M10 X20MM (163084 - 1163084) x20 PKR 320; SCREW M6X16 (133061 - 1133061) x60 PKR 300; SCREW M6 X 12MM (144035 - 1391074) x120 PKR 720, all 120 backordered; SCREW M8X16MM (163070 - 1163070) x60 PKR 540. Screw line subtotal PKR 1880; part of order #38902 total PKR 10291 including GST with other nuts, bolts, and washers. Payment follow-up sent 2026-04-24; delivery still pending. This MTL row does not cover stainless trim screws, self-tapping screws, countersunk screws, cup washers, or captive/clip nuts. | Gmail recheck 2026-05-12 found user follow-up sent 2026-05-08 asking MTL to dispatch paid orders #38902 and #38903 because they were still marked on hold; no dispatch or delivery response was found, so keep pending delivery/on-hold follow-up."
part_fastener_kit_e_trim_screws_cup_washers,2026-05-03,07_interior_weatherproofing,interior_weatherproofing,parts,interior_trim_hardware,Fastener Kit E: Stainless/non-structural trim screws plus cup/finishing washers,planned,,PKR,missing,local fastener / trim hardware supplier,,,photo_inventory|workbook_reconciliation|user_update|count_estimate,20260503_153832_gp_0FJJiLHg|workbook_parts#row_229|user_update_2026-05-03_screw_photo_review|data/manual/fastener_photo_count_estimates.csv,not_paid,not_ordered,deferred_until_body_closed,"User-selected loose fastener photo shows pointed sheet-metal/self-tapping screws, countersunk/slotted trim screws, and cup/finishing washer styles not covered by MTL order 38902. Photo estimate: 35-70 visible self-tapping/trim/countersunk screws and cup/finishing washers, likely 50. Buy only after panel/trim alignment and old-screw sorting confirm positions, head styles, lengths, and washer/cup needs. Non-structural only; use stainless or zinc-plated new hardware and do not reuse rusted old trim screws."
part_body_retaining_clips_cotter_pin_pack,2026-05-04,03_body_chassis,body_chassis,parts,body_hardware,Body retaining clip pack - R-clips hairpins split pins circlips and small cotters,planned,,PKR,missing,local fastener / body hardware supplier,,,photo_inventory|user_update|count_estimate,20260503_153832_gp_0FJJiLHg|user_update_2026-05-04_fastener_photo_gap_review|data/manual/fastener_photo_count_estimates.csv,not_paid,not_ordered,purchase_ready,"User-selected loose hardware photo shows small wire retaining clips, cotter-style pins, and spring retaining clips mixed with the screws. These are not covered by Millat orders 38902/38903 or the ordered screw/bolt/nut/washer rows. Photo estimate: 6-15 visible retaining clips/cotters, likely 10. Buy new zinc-plated or stainless assorted R-clips, hairpins, split pins, circlips/E-clips, and small cotters after sorting the old samples by pin diameter and installed location; do not reuse rusty retaining clips."
part_body_rubber_plastic_bumpers_isolators,2026-05-04,03_body_chassis,body_chassis,parts,body_rubbers,Body rubber/plastic bumpers isolators knobs and small spacers,planned,,PKR,missing,Bilal Ganj rubber/body trim supplier,,,photo_inventory|user_update|count_estimate,20260503_153832_gp_0FJJiLHg|user_update_2026-05-04_fastener_photo_gap_review|data/manual/fastener_photo_count_estimates.csv,not_paid,not_ordered,spec_needed_before_order,"User-selected loose hardware photo shows black and white rubber/plastic knobs, bumpers, pads, isolators, and small spacers that are not part of the Millat screw/nut/washer orders and are not covered by the body-mount rubber kit unless a sample proves a body-mount location. Photo estimate: 8-18 visible rubber/plastic pieces, likely 12. Sort by location, diameter, height, thread/stud size, and material hardness; buy new sample-matched replacements only and keep originals as templates."
part_body_shoulder_pins_sleeves_spacers,2026-05-04,03_body_chassis,body_chassis,parts,body_hardware,Body shoulder bolts pivot pins sleeves and stand-off spacers - sample matched,planned,,PKR,missing,local fastener / machine shop supplier,,,photo_inventory|user_update|count_estimate,20260503_153832_gp_0FJJiLHg|user_update_2026-05-04_fastener_photo_gap_review|data/manual/fastener_photo_count_estimates.csv,not_paid,not_ordered,spec_needed_before_order,"User-selected loose hardware photo shows long shoulder/pivot-style bolts, cylindrical sleeves, stand-off spacers, and stepped pins that are not covered by Millat orders 38902/38903, which are loose metric screws, bolts, nuts, and washers only. Photo estimate: 10-24 visible shoulder/pivot bolts, sleeves, stand-offs, and stepped pins, likely 16. Measure shoulder diameter, threaded section, grip length, total length, head style, and installed location before purchase or machine-shop fabrication; do not substitute ordinary fully threaded bolts where a shoulder or sleeve controls alignment."
part_body_specialty_brackets_retainer_plates,2026-05-04,03_body_chassis,body_chassis,parts,body_hardware,Body specialty bracket and retainer plate repair/replacement pack,planned,,PKR,missing,local body hardware fabricator / Bilal Ganj,,,photo_inventory|user_update|count_estimate,20260503_153832_gp_0FJJiLHg|user_update_2026-05-04_fastener_photo_gap_review|data/manual/fastener_photo_count_estimates.csv,not_paid,not_ordered,spec_needed_before_order,"User-selected loose hardware photo shows rusted rectangular bracket plates, slotted retainers, captive-nut plates, and bent link/strap brackets mixed with the fasteners. These are not supplied by the Millat screw/nut/washer orders. Photo estimate: 8-18 visible specialty bracket/retainer plates, likely 12. Sort by installed location and function, then refurbish only sound originals; buy or fabricate replacements for bent, thin, cracked, or captive-thread-damaged brackets using the old samples as templates."
quote_rubber_grommet_set_chat,2026-03-18,04_electrical_reset,electrical_reset,parts,electrical,Electrical wire grommet set (200pcs),not_required,7860,PKR,confirmed,starshop.pk,,,whatsapp_fj40,fj40-00276,not_applicable,not_required,not_required_duplicate_received_grommet_mix,User cleanup 2026-05-29: do not buy this 200pc electrical wire grommet set. It duplicates the received mixed grommet stock and rubber fabrication coverage; reopen only for a measured missing size.
part_firewall_grommet_set_small_medium,,04_electrical_reset,electrical_reset,parts,electrical,Additional firewall grommet set IDs 6/8/10/12 mm,not_required,,PKR,missing,,,,user_plan_update|docs_bilal_ganj,user_plan_2026-04-22_grommet_size_gap_review|docs_bilal-ganj-master-shopping-list,not_applicable,not_required,not_required_unknown_final_sizes_use_on_hand_grommet_mix,User cleanup 2026-05-29: drop this vague extra grommet buy. On-hand mixed grommet assortment already exists and final pass-through sizes are unknown; reopen only as a measured hole or wire size after mock-up.
part_firewall_grommet_set_large_power,,04_electrical_reset,electrical_reset,parts,electrical,Additional firewall grommet set IDs 16/20/25 mm,not_required,,PKR,missing,,,,user_plan_update|docs_bilal_ganj|docs_wire_cutlist,user_plan_2026-04-22_grommet_size_gap_review|docs_bilal-ganj-master-shopping-list|docs_wire-heavy-resize-cutlist,not_applicable,not_required,not_required_unknown_final_sizes_use_on_hand_grommet_mix,User cleanup 2026-05-29: drop this vague large firewall grommet buy. On-hand mixed grommet assortment already exists and final heavy-feed pass-through sizes are unknown; reopen only as a measured hole or cable size after mock-up.
part_star_washers,2026-05-28,04_electrical_reset,electrical_reset,parts,electrical,"Star / lock washer pack - M6 x120, M8 x60, M10 x30",received_candidate,,PKR,missing,Amir / Montgomery Road local fastener supplier,amir_local_procurement_20260528,,user_image|manual_reconciliation|user_correction|user_update|docs_amir_montgomery,user_image_2026-03-21_electrical_leftovers|part_fastener_kit_d_millat|user_correction_2026-05-26_star_washers_not_ordered|duplicate_hold_part_fastener_kit_d_millat_20260527|user_update_2026-05-27_amir_star_washer_purchase_run|user_update_2026-05-27_millat_order_now_coming_suppress_duplicate|docs/amir-montgomery-road-shopping-list-20260527.md|user_update_2026-05-28_procured_by_amir,unknown,needs_confirmation,received_candidate,"User clarification 2026-05-28: mark the standalone star/lock washer pack as procured by Amir: M6 x120, M8 x60, M10 x30. The user message wrote M2-; this is treated as the existing M10 grounding-washer line, not a new M2 size. This overrides the 2026-05-27 duplicate suppression against Millat Kit D; keep both rows and reconcile physical counts after receipt. Receipt check: confirm plated or stainless star/serrated lock washers, counts, and clean metal-biting form before grounding use."
part_split_conduit_braided_sleeve_small,,04_electrical_reset,electrical_reset,parts,electrical,"Split conduit / braided sleeve inventory - 8/10 mm, 5m lengths received; no extra 8mm order",received,,PKR,missing,electronicsstore.pk / workbook inventory,,,user_image,user_image_2026-03-21_electrical_leftovers,paid,received,received,"Covered by received workbook sleeve inventory (8mm and 10mm, 5m lengths). User update 2026-05-04: drop separate 8mm split wiring pipe from required list; no additional small sleeve required until physical count shows a confirmed gap."
part_split_conduit_braided_sleeve_medium,,04_electrical_reset,electrical_reset,parts,electrical,"Split conduit / braided sleeve inventory - 14/16 mm, 5m lengths",received,,PKR,missing,electronicsstore.pk / workbook inventory,,,user_image,user_image_2026-03-21_electrical_leftovers,paid,received,received,"Covered by received workbook sleeve inventory (14mm and 16mm, 5m lengths). No additional medium sleeve required until physical count shows a gap."
part_split_conduit_braided_sleeve_large,,04_electrical_reset,electrical_reset,parts,electrical,"Split conduit / braided sleeve inventory - 20 mm, 5m lengths",received,,PKR,missing,electronicsstore.pk / workbook inventory,,,user_image,user_image_2026-03-21_electrical_leftovers,paid,received,received,"Covered by received workbook sleeve inventory (20mm, 5m lengths). No additional large sleeve required until physical count shows a gap."
part_spotlight_switch,,04_electrical_reset,electrical_reset,parts,electrical,Spotlight switch,not_required,,PKR,missing,,,,user_image|switch_allocation,user_image_2026-03-21_electrical_leftovers|switch_plan_20260417|electrical_master_T5,not_applicable,not_required,not_required_allocated_existing_selector,Spot lamp control is already allocated to the received Schneider 2-way selector at right dash hole 3 and relay T5; no standalone spotlight switch purchase.
part_hidden_diesel_cutoff_switch,,04_electrical_reset,electrical_reset,parts,electrical,Fuel stop switch / hidden diesel cutoff (needle-type switch),received,,PKR,missing,,,,user_image|user_update,user_image_2026-03-21_electrical_leftovers|photo_20260420_221819_gp_YV69fbvA|photo_20260421_194401_gp_1dY3fLdw|user_update_2026-05-02_parts_review,paid,received,received,User confirmed the fuel stop switch is already purchased; simple needle-type switch visible in the April 20/21 control photos. Treat this as the on-hand hidden kill/starter-interrupt arm-disarm switch unless final wiring proves a separate control is needed.
part_winch_switch,,04_electrical_reset,electrical_reset,parts,electrical,Winch switch,not_required,,PKR,missing,,,,user_image|user_update,user_image_2026-03-21_electrical_leftovers|user_update_2026-05-02_parts_review|user_update_2026-05-02_winch_3rd_lever,not_applicable,not_required,not_required_confirmed_3rd_lever,Winch control is identified on the 3rd lever; no standalone dash winch switch purchase is required.
part_horn_relay,,04_electrical_reset,electrical_reset,parts,electrical,Horn relay,not_required,,PKR,missing,,,,user_image|electrical_master,user_image_2026-03-21_electrical_leftovers|electrical_master_T3|user_update_2026-05-02_parts_review,not_applicable,not_required,not_required_duplicate,Duplicate with the active/as-built T3 horn relay and existing relay stock; do not buy another horn relay unless functional testing shows a failed relay.
part_h4_ceramic_headlight_connector_high,2026-03-21,04_electrical_reset,electrical_reset,parts,electrical,H4 ceramic headlight connectors - x4 received,received,1350,PKR,confirmed,Auto Xpert Pakistan,1599,,user_image|gmail|workbook|user_update,user_image_2026-03-21_electrical_leftovers|gmail_msg_19d0ecbd9da965f4|gmail_order_1599|workbook_parts_row_76_received_y_paid_y|photo_20260424_part_h4_ceramic_headlight_connector_high_autoxpert_order_1599.jpg|user_update_2026-05-01_h4_connectors_received,paid,received,received,"User has 4 H4 ceramic headlight connectors received. Only 2 are required for the headlights, leaving 2 spares; no additional H4 connectors are required."
part_mech_engine_oil_filter_service,,05_mechanical_baseline,mechanical_baseline,parts,engine_service,Engine oil + oil filter service pack,planned,,PKR,missing,Autohub online / Automize online,,,user_plan_update|user_update|web_search,user_plan_2026-04-12_engine_bay_review|user_update_2026-05-29_online_click_buy_engine_oil_filter|user_update_2026-05-29_liqui_moly_guard_added|https://autohub.pk/products/liqui-moly-touring-high-tech-shpd-motor-oil-15w-40|https://automize.pk/products/guard-oil-filter-gdo-135,not_paid,not_ordered,purchase_ready,"Online click-to-buy selected by user 2026-05-29: Liqui Moly Touring High Tech SHPD-Motor Oil 15W-40 (5 Liter) from Autohub plus Guard Oil Filter GDO-135 from Automize. Record this as engine oil and engine oil filter, not transmission/gearbox oil. Before payment confirm final oil quantity covers the 2H service fill/top-up and Guard GDO-135 cross-reference 15600-41010/15601-41010 is acceptable for the fitted filter head."
part_mech_transmission_oil_service,,05_mechanical_baseline,gearbox_oil_service,parts,gearbox_service,Gearbox oil service pack - correct oil drain inspect refill washers and sample kit,planned,,PKR,missing,,,,user_update|whatsapp_archive|docs_gearbox_oil_service_workstream|docs_gearbox_top_cover_workstream,user_update_2026-05-29_transmission_oil_task|user_update_2026-05-29_liqui_moly_15w40_not_gearbox_oil|mcp_whatsapp_number_2_false_971527520120_1517397900_g_us_ac7917c65ffdf01e2f1ac6687691ab93_37911810572503_lid|docs/gearbox-oil-service-workstream.md|docs/gearbox-top-cover-workstream.md,not_paid,not_ordered,spec_needed_before_order,"Specific buying requirement: WhatsApp history confirms 2H engine with 5-speed gear, so treat H55F as active candidate until case/top-cover marks prove a different 5-speed swap. If H55F is confirmed, buy SAE75W-90 API GL-4/GL-5 gearbox oil, 4.9 L capacity, buy 5 L, plus matched drain/fill plug sealing washers, clear sample cup/bottle, clean catch pan, and filler pump/hose if workshop does not supply one. Open fill plug before draining; drain into clean pan; photograph oil, drain plug/magnet, water/glitter/sludge/debris; refill only if inspection is acceptable. Do not count Liqui Moly Touring High Tech SHPD-Motor Oil 15W-40 as this row; it is engine oil. Do not substitute differential/hypoid LSD oil, transfer-case oil, engine oil, or brake fluid. Stop for water, heavy metal, damaged threads, burnt oil, chunks, abnormal noise, or open top-cover work."
part_mech_air_filter,,05_mechanical_baseline,mechanical_baseline,parts,engine_service,Air filter element,received,,PKR,missing,,,,user_plan_update|user_update,user_plan_2026-04-12_engine_bay_review|user_update_2026-04-20_photo_review,unknown,received,received,Marked received per user confirmation; fitment/condition can be validated during installation
part_mech_fuel_filter,,05_mechanical_baseline,mechanical_baseline,parts,fuel_system,Fuel filter,planned,,PKR,missing,Amir runner / local Toyota diesel parts counter,,,user_plan_update|user_update|docs_amir_montgomery,user_plan_2026-04-12_engine_bay_review|user_update_2026-05-29_list_under_amir_mechanical_easy|docs/amir-montgomery-road-shopping-list-20260527.md,not_paid,not_ordered,runner_spec_controlled,"List under Amir/local runner. Buy only if the shop supplies an exact 2H/HJ47 fuel-filter element match by old sample, chassis/manual basis, or Toyota part number candidate 23303-54071 / 04234-68010. Otherwise collect photos of box/element/part number, price, and shop card before payment."
part_mech_heat_glow_plugs_set,,05_mechanical_baseline,mechanical_baseline,parts,engine_service,Toyota OE glow plugs 19850-68030 x6 - diesel 2H,new_only_planned,,PKR,missing,Amir runner / verified Toyota diesel parts counter,,,user_plan_update|user_update|docs_amir_montgomery,user_plan_2026-04-12_engine_bay_review|user_update_2026-05-01_engine_diesel_correction|user_update_2026-05-29_list_under_amir_mechanical_easy|docs/amir-montgomery-road-shopping-list-20260527.md,not_paid,not_ordered,purchase_ready,"Buy exact new Toyota-labelled glow plugs through a verified new-parts counter/order lane: primary target Toyota 19850-68030 x6 for HJ47-style 2H 12V/8.5V. If the old plug/system proves later 24V/superglow, use Toyota 19850-68060 x6 instead. Amir may buy only a sealed exact Toyota-labelled/new trusted equivalent set; reject used/refurbished/PT-107/1C/2C listings or any seller-led substitute."
part_mech_spark_plugs_set,,05_mechanical_baseline,mechanical_baseline,parts,ignition,Spark plugs set,cancelled,,PKR,missing,,,,user_plan_update|user_update,user_plan_2026-04-12_engine_bay_review|user_update_2026-05-01_engine_diesel_correction,not_paid,not_required,not_required_diesel_engine,User correction 2026-05-01: not applicable to the fitted 2H diesel engine; replaced in active baseline by diesel heat/glow plugs.
part_mech_distributor_cap_rotor_tuneup,,05_mechanical_baseline,mechanical_baseline,parts,ignition,Distributor cap rotor and ignition tune-up consumables,cancelled,,PKR,missing,,,,user_plan_update|user_update,user_plan_2026-04-12_engine_bay_review|user_update_2026-05-01_engine_diesel_correction,not_paid,not_required,not_required_diesel_engine,User correction 2026-05-01: not applicable to the fitted 2H diesel engine; no distributor ignition tune-up item required.
part_mech_accessory_belt_set,,05_mechanical_baseline,mechanical_baseline,parts,engine_front,Accessory belt set,planned,,PKR,missing,Amir runner / local belt supplier / Toyota diesel parts counter,,,user_plan_update|user_update|docs_amir_montgomery,user_plan_2026-04-12_engine_bay_review|user_update_2026-05-29_list_under_amir_mechanical_easy|docs/amir-montgomery-road-shopping-list-20260527.md,not_paid,not_ordered,runner_spec_controlled,"List under Amir/local runner. Buy only by old belt sample/printed belt code or measured profile and effective length for the actual alternator/fan/accessory layout. Prefer Bando/Mitsuboshi/Gates or trusted equivalent. If size/profile is not proven, collect photos/price only."
part_mech_radiator_hose_set,,05_mechanical_baseline,mechanical_baseline,parts,cooling,"Cooling hose/pipe package - upper/lower radiator hoses, overflow hose, formed coolant pipe",purchase_ready,,PKR,missing,Amir runner / Longman Mills / local radiator hose or pipe fabricator,,,user_plan_update|user_update|data_replacement_pipe_order_release_specs|data_longman_pipe_hose_order_specs|docs_amir_montgomery,user_plan_2026-04-12_engine_bay_review|user_update_2026-05-01_engine_hose_spec|data/manual/replacement_pipe_order_release_specs.csv|data/manual/replacement_pipe_release_actions.csv|data/manual/longman_pipe_hose_order_specs.csv|user_update_2026-05-29_list_under_amir_mechanical_easy|docs/amir-montgomery-road-shopping-list-20260527.md,not_paid,not_ordered,purchase_ready_standard_and_template_quote,"List under Amir/Longman local runner. Longman quote/order ready via RPO-COOL-001/002/003/005/006: molded upper hose x1, molded lower hose x1, overflow EPDM hose x 1000 mm, formed coolant pipe from 28-30 mm OD tube with 1.2-1.6 mm wall and 1000 mm shop-stock / 750 mm absolute-minimum blank, and two 500 mm EPDM connector blanks at 28-30 mm ID exact order basis. Final dry-fit, clamp, chafe, and coolant pressure-test remain install checks."
part_mech_heater_hose_set,,05_mechanical_baseline,mechanical_baseline,parts,cooling,"Heater hose pair - EPDM 400 mm inlet + 280 mm outlet, 16 mm ID",purchase_ready,,PKR,missing,Amir runner / Longman Mills / local hose supplier,,,user_plan_update|user_update|data_replacement_pipe_order_release_specs|data_longman_pipe_hose_order_specs|docs_amir_montgomery,user_plan_2026-04-12_engine_bay_review|user_update_2026-05-01_engine_hose_spec|data/manual/replacement_pipe_order_release_specs.csv|data/manual/replacement_pipe_release_actions.csv|data/manual/longman_pipe_hose_order_specs.csv|user_update_2026-05-29_list_under_amir_mechanical_easy|docs/amir-montgomery-road-shopping-list-20260527.md,not_paid,not_ordered,purchase_ready_standard_stock,"List under Amir/Longman local runner. Longman quote/order ready via RPO-COOL-004A/B: quote/order 1000 mm of 16 mm / 5/8 in EPDM SAE J20R3 or better heater hose stock, then cut 400 mm inlet and 280 mm outlet from released stock during install. Final trim, clamp, and chafe check remain at install."
part_mech_thermostat_gasket,,05_mechanical_baseline,mechanical_baseline,parts,cooling,Thermostat plus gasket,received,,PKR,missing,,,,user_plan_update|user_update,user_plan_2026-04-12_engine_bay_review|user_update_2026-04-20_photo_review,unknown,received,received,Marked received per user confirmation; compatibility/usability can be validated during install planning
part_mech_radiator_cap,,05_mechanical_baseline,mechanical_baseline,parts,cooling,Radiator cap,planned,,PKR,missing,Amir runner / local radiator shop / Toyota parts counter,,,user_plan_update|user_update|docs_amir_montgomery,user_plan_2026-04-12_engine_bay_review|user_update_2026-05-01_engine_hose_spec|user_update_2026-05-29_list_under_amir_mechanical_easy|docs/amir-montgomery-road-shopping-list-20260527.md,not_paid,not_ordered,runner_spec_controlled,"List under Amir/local runner. Buy Toyota radiator cap 16401-41021 or exact pressure-equivalent cap only after the fitted radiator neck/sample confirms large/small neck and pressure. 0.9 bar is a candidate only if the radiator/manual basis confirms it. Replace with coolant hose service."
part_mech_vacuum_hose_refresh,,05_mechanical_baseline,mechanical_baseline,parts,vacuum,Vacuum/breather hose kit - 10-12 mm vacuum + 16-19 mm oil-resistant breather,purchase_ready,,PKR,missing,Amir runner / Longman Mills / local hose supplier,,,user_plan_update|user_update|data_replacement_pipe_order_release_specs|data_longman_pipe_hose_order_specs|docs_amir_montgomery,user_plan_2026-04-12_engine_bay_review|user_update_2026-05-01_engine_hose_spec|data/manual/replacement_pipe_order_release_specs.csv|data/manual/replacement_pipe_release_actions.csv|data/manual/longman_pipe_hose_order_specs.csv|user_update_2026-05-29_list_under_amir_mechanical_easy|docs/amir-montgomery-road-shopping-list-20260527.md,not_paid,not_ordered,purchase_ready_standard_stock,"List under Amir/Longman local runner. Longman quote/order ready via RPO-VAC-001A/B: quote/order new reinforced 10-12 mm ID brake-booster/vacuum hose x 2000 mm and new oil-resistant 16-19 mm ID breather hose x 1000 mm. 2H vacuum pump oil outlet molded hose is presence-gated and replaced new if fitted. Final barb fit, check-valve direction, brake-assist vacuum, and oil-swelling checks remain at install."
part_mech_fuel_hose_and_clamps,,05_mechanical_baseline,mechanical_baseline,parts,fuel_system,"Diesel fuel hose/line package - 8 mm feed, 6 mm return, leak-off hose, new hard lines",purchase_ready,,PKR,missing,Amir runner / Longman Mills / local diesel hose supplier,,,user_plan_update|user_update|data_replacement_pipe_order_release_specs|data_longman_pipe_hose_order_specs|docs_amir_montgomery,user_plan_2026-04-12_engine_bay_review|user_update_2026-05-01_engine_hose_spec|data/manual/replacement_pipe_order_release_specs.csv|data/manual/replacement_pipe_release_actions.csv|data/manual/longman_pipe_hose_order_specs.csv|user_update_2026-05-29_list_under_amir_mechanical_easy|docs/amir-montgomery-road-shopping-list-20260527.md,not_paid,not_ordered,purchase_ready_measured_stock,"List under Amir/Longman local runner. Longman quote/order ready via RPO-FUEL-001A/B/C and RPO-FUEL-002A/B: quote/order new diesel-rated 8 mm ID feed hose x 1500 mm for the measured approx 1200 mm tank-to-engine route, new 6 mm ID return/bleed hose x 2000 mm, new 3.2-3.5 mm ID braided leak-off hose x 1000 mm, new rolled-edge fuel clamps, plus conditional 8 mm OD x 5000 mm feed hard-line stock only if a separate rigid feed line exists and 6 mm OD x 5000 mm return hard-line stock as new replacement allowance. Final cut, clamp, support, and fuel-prime leak test remain at install."
part_mech_brake_flex_hose_set,,06_steering_brakes_suspension,steering_brakes_suspension,parts,brakes,Brake hydraulic hose/line package - new flex hoses + 4.75 mm hard-line coil allowance,planned,,PKR,missing,Aamir runner / Montgomery Road brake pipe-hose supplier / written spec or mechanic-labelled sample required,aamir_local_run_20260527,,user_plan_update|data_replacement_pipe_order_release_specs|web_research_20260524|user_update,user_plan_2026-04-12_engine_bay_review|data/manual/replacement_pipe_order_release_specs.csv|data/manual/replacement_pipe_release_actions.csv|docs/brake-line-cheap-sourcing-20260524.md|docs/pakistan-brake-piping-handbrake-sources-20260524.md|web_sna_industries_steel_brake_pipes_brake_hoses|user_update_2026-05-24_price_brake_lines_before_other_parts|user_update_2026-05-27_gettable_local_brake_items|docs/amir-montgomery-road-shopping-list-20260527.md|user_update_2026-05-27_aamir_runner_not_mechanic|user_update_2026-05-27_spec_controlled_runner_purchase|docs/brake-runner-spec-capture-20260528.md|user_update_2026-05-28_rear_parking_brake_back_section_photos,not_paid,not_ordered,runner_spec_controlled,"Spec-controlled runner brake hose/line task. Aamir may collect prices, shop cards, package/marking photos, and availability from Montgomery Road suppliers. He may buy only against a written hose spec or mechanic-labelled old sample: complete crimped automotive brake hose assemblies, DOT/SAE J1401 or OEM-equivalent, matching free length, bracket groove, end fittings/thread/seat/banjo as applicable, hose rating, and fitted route clearance. Any hard-line coil/fitting purchase must be reconciled against the separate Aamir tube-stock row. No generic rubber hose, compression fittings, bare copper, duplicate hard-line coil, imported pre-bent kit, substitute fitting, or seller-led fit decision without mechanic/user approval. If any spec point is uncertain, collect photos/price only and ask before payment. User corrections 2026-05-27: Aamir is office/runner support, not a mechanic; project/mechanic can define the specs he buys against. Spec capture guide 2026-05-28: use docs/brake-runner-spec-capture-20260528.md to capture installed photos, labelled old samples, ruler/caliper measurements, end/clip/thread/seat close-ups, and bagged parts by position before releasing any exact-spec runner purchase. User update 2026-05-28: existing rear back-section photos cover the rear-center hose/T-union and axle route context, but do not release the hose order by themselves. Rear-center hose still needs old-sample/free-length/end-thread confirmation; front hoses still need their own fitted-end/free-length capture."
tool_brake_fuel_line_cutter_bender_flaring_kit,2026-05-04,06c_brake_system,brake_system,tools,line_fabrication,"Brake/fuel hard-line cutter, hand bender, deburrer, and flaring kit",not_required,,PKR,not_applicable,local tool market / Daraz / Toolsmart,,,user_update|web_search|docs_brake_suspension_order_links|gmail,user_update_2026-05-04_line_shaping_tool_needed|user_update_2026-05-04_daraz_pipe_bender_order|https://4lifetimelines.com/products/master-flaring-tool-set-sae-double-iso-bubble-flares|docs/brake-suspension-order-links-20260503.md|gmail_msg_19df40dbc5116bb3|gmail_order_TM25550|user_update_2026-05-27_inventory_markoff_review,not_applicable,not_required,not_required_split_to_component_tool_rows,Suppress this old aggregate so it does not appear as another unbought bender/tool-kit row. Separate rows now carry the real state: Daraz pipe bender is received; Harden mini tube cutter and PARD flaring/cutting kit are received-candidates pending physical fit check; dedicated 4.75 mm bender is conditional reopen only; deburrer/reamer remains the only active small-tool gap unless the delivered kit includes one.
part_front_disc_pads_hardware,,06c_brake_system,brake_system,parts,brakes,Front disc pads and retaining hardware - visible Sumitomo fixed caliper,planned,,PKR,missing,,,,photo_inventory|data_brake_system_requirements,BR-FRONT-001|20260529_183947_gp_lSYuESVg|20260529_183959_gp_MlRssDVA|20260529_184010_gp_3htpDpPQ|20260529_184012_gp_Q01c08NA|user_update_2026-05-29_replace_all_front_disc_parts,not_paid,not_ordered,spec_needed_before_order,"BASELINE MUST REPLACE. User confirmed replace all front disc service parts. May 29 front wheel closeups show a fixed Sumitomo caliper with external bridge/transfer pipe and dust shield; buy pads/hardware only after pad outline, retaining-pin/spring/clip style, and rotor thickness are captured from the truck. Do not buy by 1978 catalog alone."
part_front_caliper_rebuild_or_replace_pair,,06c_brake_system,brake_system,parts,brakes,Front Sumitomo fixed-caliper replacement or professional rebuild pair,planned,,PKR,missing,,,,photo_inventory|data_brake_system_requirements,BR-FRONT-002|20260529_183947_gp_lSYuESVg|20260529_183959_gp_MlRssDVA|20260529_184010_gp_3htpDpPQ|20260529_184012_gp_Q01c08NA|user_update_2026-05-29_replace_all_front_disc_parts,not_paid,not_ordered,spec_needed_before_order,"Visible front calipers are Sumitomo fixed type. Renew both front calipers as a matched pair, using professional rebuild only if the bodies, pistons, bores, bleed screws, bridge pipes, inlet fittings, mounting ears, and pad hardware all sample-match and pass inspection."
part_front_rotor_service_pair,,06c_brake_system,brake_system,parts,brakes,Front rotor replacement pair - measure old rotors for exact match,planned,,PKR,missing,,,,photo_inventory|data_brake_system_requirements,BR-FRONT-003|20260529_183947_gp_lSYuESVg|20260529_183959_gp_MlRssDVA|20260529_184010_gp_3htpDpPQ|20260529_184012_gp_Q01c08NA|user_update_2026-05-29_replace_all_front_disc_parts,not_paid,not_ordered,spec_needed_before_order,"May 29 photos show the fitted front rotor/dust-shield area behind the Sumitomo caliper. Replace both rotors; measure the old rotors only to identify the correct diameter, thickness, hub/register fit, service limit family, dust-shield clearance, and Sumitomo caliper/wheel clearance."
part_front_brake_hose_pair,,06c_brake_system,brake_system,parts,brakes,Front flexible brake hose pair - visible bracket and short hard-line route,planned,,PKR,missing,,,,photo_inventory|data_brake_system_requirements,BR-FRONT-004|20260529_183947_gp_lSYuESVg|20260529_183959_gp_MlRssDVA|20260529_184010_gp_3htpDpPQ|20260529_184012_gp_Q01c08NA|user_update_2026-05-29_replace_all_front_disc_parts,not_paid,not_ordered,spec_needed_before_order,"BASELINE MUST REPLACE. User confirmed replace all front disc service parts. May 29 photos show chassis/bracket-to-short-hard-line routing at the front caliper; order complete crimped DOT/SAE J1401 or OEM-equivalent hoses only after old-sample free length, chassis-side thread/seat, caliper-side fitting, bracket groove/clip, and full-lock clearance are confirmed. Child line of part_mech_brake_flex_hose_set; do not double-buy."
part_brake_master_reservoir_refresh,2026-05-25,06c_brake_system,brake_system,parts,brakes,Brake master cylinder candidate order - ULTIMA UFM-1041 x2; reservoir/proportioning still inspect,ordered,12596,PKR,confirmed,PakWheels AUTOSTORE,1075298|1075421,after_eid_vendor_note_no_exact_date,photo_inventory|data_brake_system_requirements|gmail|pakwheels_order_20260525,BR-SYS-001|20260331_224409|20260331_224423|gmail_msg_19e5e217925bd4c7|gmail_msg_19e5ea23342cd9ed|gmail_order_1075298|gmail_order_1075421,unknown,pending_delivery,ordered_pending_delivery,"PakWheels orders #1075298 and #1075421 confirmed 2026-05-25: ULTIMA Master Brake Cylinder For Toyota FJ40 1975-1990, UFM-1041, qty 2 at PKR 6000 each. Allocated ledger amount PKR 12596 equals PKR 12000 line subtotal plus PKR 596 prorated shipping/tax from the two mixed orders. Treat these as candidate stock only: final use still requires installed master bore/markings, port threads, flare seats, reservoir layout, booster pushrod depth, and proportioning/bias plumbing confirmation before installation."
part_brake_booster_servo_44610_60050,2026-05-29,06c_brake_system,brake_system,parts,brakes,Brake vacuum booster servo - refurbish or direct-match exchange by old sample,planned,,PKR,missing,Amir runner / Land Cruiser House / brake servo rebuilder / local brake specialist,,,user_update|web_search|data_brake_system_requirements|docs_brake_parts_pakistan|docs_amir_refurb_video_gates,user_update_2026-05-04_front_disc_rear_drum_booster_sourcing|BR-SYS-003|user_update_2026-05-29_booster_can_go_amir_refurb_route|docs/amir-refurbishment-video-gates-20260529.md,not_paid,not_ordered,amir_refurb_quote_video_gate,"Amir may take the old booster/servo as a sample for professional rebuild or a direct-match refurbished exchange unit. Payment is blocked until video proof is approved: old sample identity, side-by-side sample match, interface close-ups, vacuum hold for at least 60 seconds with gauge visible, assist movement, contamination check, and final acceptance video. Target Toyota 44610-60050 tandem/dual-diaphragm family; quote 44610-60100/44610-60180 only if supplier verifies all mounting/pushrod/master/check-valve dimensions from sample. Reject raw untested used boosters, 44610-60040 single/drum, later 44610-60160 unless sample-matched and approved, welded shells, missing check valve/grommet, brake-fluid contamination, hissing, or leakdown."
part_dot3_brake_fluid_autohub_6x354ml,2026-05-03,06c_brake_system,brake_system,parts,brakes,DOT 3 brake fluid x6 - Autohub agreed replacement/substitution received,received,5349,PKR,confirmed,Autohub,62228,2026-05-06,gmail|user_update,gmail_msg_19def26c095be6e3|gmail_order_1762228|autohub_order_62228|bank_alert_19def26f0ee43471|gmail_msg_19df71b7d1c14a42|gmail_msg_19df81f2b45fe7de|blueex_tracking_AhubRider|user_update_2026-05-08_brake_fluid_replacement_arrived,paid,received,received,"Autohub order 1762228 / order number 62228 confirmed 2026-05-03 for DOT 3 brake fluid x6, subtotal PKR 5100 plus PKR 249 shipping, total PKR 5349. Shipment emails on 2026-05-05 conflicted on Lion DOT-3 x6 versus STP BRAKE FLUID DOT 3 x6, and the user confirmed on 2026-05-08 that the replacement/substitution was agreed and the brake fluid has arrived. Treat as received DOT 3 stock for brake/clutch bleeding; before use, verify six sealed fresh bottles, actual brand/label, DOT 3 rating, and unbroken caps."
part_brake_clutch_475_hard_line_stock_full_vehicle_20260514,2026-05-28,06c_brake_system,brake_system,parts,brakes,"Full vehicle brake/clutch hard-line tube stock - 4.75 mm / 3/16 in OD, 12 m preferred",received_candidate,,PKR,missing,Amir / Montgomery Road brake pipe supplier,amir_local_procurement_20260528,,user_update|docs_brake_workstream|data_longman_pipe_hose_order_specs|web_research_20260524|docs_amir_montgomery,user_update_2026-05-14_full_vehicle_brake_clutch_line_purchase_list|HLS-15|HLS-19|BR-REAR-002|RP-BRAKE-001|RP-CLUTCH-001|docs/brake-line-cheap-sourcing-20260524.md|docs/pakistan-brake-piping-handbrake-sources-20260524.md|web_sna_industries_steel_brake_pipes_brake_hoses|gari_lahore_mild_steel_hydraulic_brake_pipe_reference|fedhill_25ft_cunifer_reference|fcp_euro_25ft_cunifer_reference|user_update_2026-05-24_price_brake_lines_before_other_parts|user_update_2026-05-27_amir_brake_tube_purchase_run|docs/amir-montgomery-road-shopping-list-20260527.md|user_update_2026-05-28_procured_by_amir,unknown,needs_confirmation,received_candidate,"User clarification 2026-05-28: mark the brake hard-line tube as procured by Amir from the new shopping list: 25 ft of 3/16 in zinc-coated/galvanised steel brake tube. Receipt/spec check still gates use: confirm automotive brake-rated 4.75 mm / 3/16 in coated Bundy/equivalent tube, 25 ft minimum, no bare copper/plumbing/compression tube, and ability to form correct double/inverted flares before fabrication. Fittings, flare nuts, unions, and final bends remain old-sample/thread/seat controlled."
part_brake_clutch_hard_line_fittings_20260514,2026-05-14,06c_brake_system,brake_system,parts,brakes,Brake/clutch hard-line flare nuts and fitting assortment - match old threads and seats,planned,,PKR,missing,local brake hydraulic pipe specialist,quote_with_4.75mm_line_stock,,user_update|docs_brake_workstream|data_longman_pipe_hose_order_specs|web_research_20260524,user_update_2026-05-14_full_vehicle_brake_clutch_line_purchase_list|HLS-15|HLS-19|BR-CAPTURE-001|20260514_111300_user_brake_flare_side_view|docs/brake-line-cheap-sourcing-20260524.md|user_update_2026-05-24_price_brake_lines_before_other_parts,not_paid,not_ordered,spec_needed_before_order_quote_with_line_stock,"Quote fittings with the cheap brake-line package, but order new brake-rated flare nuts and fittings only after the old fittings are identified. May 14 installed-fitting photos plus the user flare side-view point to Toyota-style double/inverted brake-line flares, but final payment still waits for removed-line straight-on sealing face, thread, and seat confirmation. Must cover master/proportioning ports, front hose chassis ends, rear center hose/T-union ends, rear wheel-cylinder ports, and clutch master/slave or clutch hose ends as fitted. Buy extras for practice/scrap flares; do not buy single-flare, ISO bubble, plumbing, or compression fittings unless sample-proven."
part_brake_hydraulic_tees_unions_splitters_20260514,2026-05-14,06c_brake_system,brake_system,parts,brakes,Brake hydraulic splitter T-union and inline union replacement set,planned,,PKR,missing,local brake hydraulic pipe specialist,quote_after_old_sample_thread_seat_check,,user_update|docs_brake_workstream|data_brake_system_requirements|web_research_20260524,user_update_2026-05-14_rear_axle_splitter_purchase_list|BR-REAR-002|BR-REAR-003|BR-SYS-001|BR-CAPTURE-001|docs/brake-line-cheap-sourcing-20260524.md|user_update_2026-05-24_price_brake_lines_before_other_parts,not_paid,not_ordered,spec_needed_before_order_quote_with_line_stock,"Quote with the cheap brake-line package, but replace the rear axle T-union/splitter only if corroded, damaged, seized, or mismatched, and replace chassis inline unions/splitters only if disturbed during the full hard-line rebuild. Match thread, flare seat, port orientation, mounting hole/bracket style, and tube entry angles from old samples. Do not use plumbing brass or unknown hydraulic fittings."
part_brake_flex_hose_retaining_clip_pack_20260514,2026-05-14,06c_brake_system,brake_system,parts,brakes,Brake flex-hose retaining U-clips and bracket hardware pack,planned,,PKR,missing,brake hydraulic pipe specialist / local brake parts supplier,,,user_update|docs_brake_workstream,user_update_2026-05-14_full_vehicle_brake_clutch_line_purchase_list|HLS-17|BR-FRONT-004|BR-REAR-003|docs/rear-drum-brake-buy-sheet-20260524.md,not_paid,not_ordered,purchase_ready,"Buy new brake flex-hose retaining U-clips / horseshoe clips and small bracket hardware for front left, front right, and rear center hose brackets. Quantity target 8-12 mixed clips. Match clip thickness and groove width to the selected hose assemblies and bracket tab thickness. Replace loose, bent, or rusty clips; do not rely on wire, cable ties, or unsupported hose fittings."
part_brake_clutch_line_support_clamps_full_vehicle_20260514,2026-05-14,06c_brake_system,brake_system,parts,line_support,"Full vehicle brake/clutch line support pack - P-clips, clamp-on axle supports, edge protection",planned,,PKR,missing,local brake parts / hydraulic line support supplier,,,user_update|docs_brake_workstream|data_longman_pipe_hose_order_specs,user_update_2026-05-14_clamp_on_line_supports|HLS-16|BR-REAR-006|docs/rear-drum-brake-buy-sheet-20260524.md,not_paid,not_ordered,purchase_ready,"Buy the brake pipe clip/support pack: 4.75 mm / 3/16 in rubber-lined P-clips x25-30, rear axle hard-line support clips or clamp-on rubber-lined axle supports x10-20, edge trim / anti-chafe sleeve 1-2 m, rubber sleeves/grommets x10-20 mixed, and M5/M6 plated fastener sets x20-30. Include larger saddles for parking-brake cable outer sheath where needed. Use permanent supports every 300-400 mm on hard lines and near unions/bends; no cable ties as final support; reject bare metal clips directly on brake pipe."
part_clutch_flex_hose_assembly_20260514,2026-05-14,06c_brake_system,brake_system,parts,clutch_hydraulic,Clutch hydraulic flex hose assembly - complete crimped hose by sample,planned,,PKR,missing,brake/clutch hydraulic hose supplier,,,user_update|data_longman_pipe_hose_order_specs,user_update_2026-05-14_full_vehicle_brake_clutch_line_purchase_list|HLS-18|RP-CLUTCH-001,not_paid,not_ordered,spec_needed_before_order,"Replace with one new complete brake/clutch-rated crimped hydraulic hose assembly. Copy old free length, end threads/seats, bracket grooves, and movement clearance. No generic rubber hose, roll hose, or used clutch hose."
part_clutch_hard_line_fittings_20260514,2026-05-14,06c_brake_system,brake_system,parts,clutch_hydraulic,Clutch hard-line fitting set and route release - 4.75 mm hydraulic line,planned,,PKR,missing,brake/clutch hydraulic pipe specialist,,,user_update|data_longman_pipe_hose_order_specs,user_update_2026-05-14_full_vehicle_brake_clutch_line_purchase_list|HLS-19|RP-CLUTCH-001,not_paid,not_ordered,spec_needed_before_order,"Use the shared 4.75 mm brake/clutch tube stock for the clutch hard line, then buy new hydraulic fittings after clutch master, clutch flex hose, and slave cylinder port threads/seats are identified. Final route must clear drivetrain movement and be clipped like the brake lines."
part_clutch_master_slave_cylinders_20260514,2026-05-25,06c_brake_system,brake_system,parts,clutch_hydraulic,Clutch master cylinder candidate order - Trupart FM-1246; slave cylinder still inspect,ordered,3700,PKR,confirmed,PakWheels AUTOSTORE,1075298,after_eid_vendor_note_no_exact_date,user_update|data_longman_pipe_hose_order_specs|gmail|pakwheels_order_20260525,user_update_2026-05-14_full_vehicle_brake_clutch_line_purchase_list|RP-CLUTCH-001|gmail_msg_19e5e217925bd4c7|gmail_order_1075298,unknown,pending_delivery,ordered_partial_pending_delivery,"PakWheels order #1075298 confirmed 2026-05-25: Trupart Clutch Master Cylinder For Toyota BJ40+BJ60+HJ60 FM-1246 OEM, qty 1 at PKR 3520. Allocated ledger amount PKR 3700 equals line subtotal plus PKR 180 prorated shipping/tax from the mixed order. This only covers the clutch master candidate; slave cylinder, flex hose, hard-line fittings, bore/port/thread/pushrod match, and leak inspection remain open before installation."
part_rear_parking_brake_cable_set,2026-05-25,06c_brake_system,brake_system,parts,brakes,FJ40 BJ-40 Toyota Land Cruiser hand brake cable,received,5795,PKR,confirmed,Daraz / Vintage Jeep Parts,243701549680938,2026-05-28_to_2026-06-05,photo_inventory|data_brake_system_requirements|web_research_20260524|gmail|user_update,BR-REAR-001|20260501_194305_gp_EllBGvXA|20260501_194322_gp_XuRtjN4w|20260512_072723_gp_r9KEkOdg|20260512_072742_gp_uSvGBUiA|20260512_072947_gp_bNB9GvHA|toyota_46410-60092_reference|cruiserparts_46410-60092_reference|web_mustakbil_sna_auto_control_cables|docs/pakistan-brake-piping-handbrake-sources-20260524.md|gmail_msg_19e5e241f244eee6|gmail_order_243701549680938|bank_alert_19e5e24ab832b0b7|user_update_2026-05-26_hand_brake_cable_received|gmail_msg_19e6365b0b6ff3b2|gmail_delivery_243701549680938,paid,received,received,"Daraz order 243701549680938 confirmed 2026-05-25 from Vintage Jeep Parts: FJ40 BJ-40 TOYOTA LAND CRUISER HAND BRAKE CABLE x1, item PKR 5600 plus PKR 195 shipping, total PKR 5795, paid by card. User confirmed physical receipt on 2026-05-26. Receipt/fit check before installation: confirm whether the received cable is a complete left/right rear set or a single cable, check sheath length, overall length, backing-plate end, equalizer/intermediate end, adjuster/clevis/clip hardware, and match old samples before use. Old cables remain samples until replacement fit is proven. | Gmail delivery confirmation 2026-05-26 says Daraz order 243701549680938 was successfully delivered; keep receipt/packaging and still sample-match before installation."
part_rear_parking_brake_attachment_hardware_20260527,2026-05-27,06c_brake_system,brake_system,parts,brakes,Rear parking-brake cable attachment hardware - clevis/equalizer/return springs/clips,planned,,PKR,missing,Aamir runner / local brake parts or hardware supplier / written spec or mechanic-labelled sample required,,,user_update|data_brake_system_requirements|docs_brake_workstream,BR-REAR-009|BR-REAR-001|BR-REAR-007|part_rear_parking_brake_cable_set|user_update_2026-05-27_required_purchase_line_cleanup|user_update_2026-05-27_gettable_local_brake_items|user_update_2026-05-27_aamir_runner_not_mechanic|user_update_2026-05-27_spec_controlled_runner_purchase|docs/brake-runner-spec-capture-20260528.md|user_update_2026-05-28_rear_parking_brake_back_section_photos,not_paid,not_ordered,runner_spec_controlled,"Spec-controlled runner task now controlled by dedicated requirement BR-REAR-009. Rear parking-brake attachment hardware remains gettable locally, but Aamir may buy only after the received cable/old hardware gives a written/sample spec for clevis/equalizer pieces, pins, clips, adjuster nut, cable-end clips, and return springs. Do not buy duplicates if the cable package or Centric drum hardware kit includes matching pieces. Until the spec/sample is released, collect shop photos/prices only; mechanic/user approval controls payment and any substitute fit decision. User corrections 2026-05-27: Aamir is office/runner support, not a mechanic; project/mechanic can define the specs he buys against. Spec capture guide 2026-05-28: use docs/brake-runner-spec-capture-20260528.md to capture installed photos, labelled old samples, ruler/caliper measurements, end/clip/thread/seat close-ups, and bagged parts by position before releasing any exact-spec runner purchase. User update 2026-05-28: existing rear back-section photos satisfy installed-route/layout evidence for the parking-brake cable path, backing-plate lever entry, external return spring, clip/bracket area, and axle/chassis routing. Remaining release gap is measured/labelled small hardware and received-cable comparison: clevis/equalizer pieces, pin diameters, clip types, adjuster thread, return-spring dimensions, and cable-end dimensions."
part_rear_axle_hard_brake_lines,,06c_brake_system,brake_system,parts,brakes,Rear axle brake hard-line pair - 4.75 mm / 3/16 in tube with fittings by flare/thread,planned,,PKR,missing,,,,photo_inventory|data_brake_system_requirements,BR-REAR-002|20260501_194305_gp_EllBGvXA|20260501_194313_gp_lfUqLibA|20260514_100647_gp_foDr3ymA,not_paid,not_ordered,spec_needed_before_order,"BASELINE MUST RECREATE during the suspension/brake access window. Recreate left/right rear axle lines in brake-rated 4.75 mm / 3/16 in tube from the 7600 mm / 25 ft brake tube coil allowance using the May 14 working Toyota-style double/inverted flare basis, but only after bare flare face, fitting threads/seats, bend templates, final left/right route lengths, bracket pass-throughs, and clip positions are confirmed. Use brake-rated bundy steel or CuNi/Cunifer; no bare copper."
part_rear_center_brake_flex_hose,,06c_brake_system,brake_system,parts,brakes,Rear center frame-to-axle brake flex hose - local/catalog first using 553-103 reference,planned,,PKR,missing,local brake hose/Toyota parts supplier,553-103_reference_only,,photo_inventory|data_brake_system_requirements|user_chat|web_research_20260524|gmail_import_20260524|user_update,BR-REAR-003|20260501_194305_gp_EllBGvXA|20260501_194313_gp_lfUqLibA|user_chat_2026-05-23_rear_drum_open|cruisercorps_553-103_reference_only|gmail_import_2026-05-24_no_brake_order|user_update_2026-05-24_local_only_no_expensive_imports,not_paid,not_ordered,purchase_ready_local_catalog_first_pending_sample_match,"BASELINE MUST REPLACE. Use Cruiser Corps 553-103 only as a dimension/spec reference for the pre-8/1980 rear drum axle context. Ask local brake-hose and Toyota suppliers first, then confirm old-sample/free-length, fitting style, crimp rating, retaining groove, and bracket retention before payment. No expensive import unless explicitly approved."
part_rear_brake_shoes_hardware,2026-05-25,06c_brake_system,brake_system,parts,brakes,Rear brake shoes/friction set - PakWheels K-2255-N/Y local candidate order; spring hardware separate,ordered,33600,PKR,confirmed,PakWheels AUTOSTORE,1075298|1075421,after_eid_vendor_note_no_exact_date,photo_inventory|data_brake_system_requirements|user_chat|google_photos_picker_20260524|web_research_20260524|user_update|gmail|pakwheels_order_20260525,BR-REAR-005|20260524_025547_gp_yCvA0bxA|20260524_025532_gp_YlEZxOmQ|pakwheels_K-2255-N-Y_local_lead|cruisercorps_549-163_reference_only|cruisercorps_551-113_reference_only|cruisercorps_A16x4_reference_only|sor_3in_non_usa_check_reference_only|user_update_2026-05-24_local_only_no_expensive_imports|gmail_msg_19e5e217925bd4c7|gmail_msg_19e5ea23342cd9ed|gmail_order_1075298|gmail_order_1075421|BR-REAR-007|user_update_2026-05-27_rear_drum_parts_extrapolated,unknown,pending_delivery,ordered_pending_delivery,"PakWheels orders #1075298 and #1075421 confirmed 2026-05-25: Toyota Land Cruiser FJ40 MK Rear Brake Shoe K-2255-N/Y, qty 3 plus qty 2 at PKR 6400 each. Allocated ledger amount PKR 33600 equals PKR 32000 shoe line subtotal plus PKR 1600 prorated shipping/tax from the two mixed orders. Vendor says orders placed after 2026-05-22 will deliver after Eid, with no exact delivery date. Before installation, verify whether each unit is one shoe, a pair, or an axle set, then sample-match shoe width, arc, lining, adjuster contact points, and drum condition. Spring/hold-down/adjuster hardware is split to part_rear_drum_spring_hold_down_hardware_20260527 unless the package proves a complete hardware kit is included; wheel-cylinder fasteners are not proven included."
part_rear_drum_spring_hold_down_hardware_20260527,2026-05-28,06c_brake_system,brake_system,parts,brakes,Rear drum hardware kit - Centric 116971-05110530 1960-1980 Toyota Land Cruiser,received_candidate,,PKR,missing,Amir / local brake parts supplier,amir_local_procurement_20260528,,user_update|data_brake_system_requirements|docs_brake_workstream,BR-REAR-007|20260524_025547_gp_yCvA0bxA|20260524_025532_gp_YlEZxOmQ|20260524_025515_gp_zEaIZo5Q|20260524_025414_gp_VsFMrBNQ|part_rear_brake_shoes_hardware|user_update_2026-05-27_rear_drum_parts_extrapolated|user_update_2026-05-27_gettable_local_brake_items|user_update_2026-05-27_aamir_runner_not_mechanic|user_update_2026-05-27_spec_controlled_runner_purchase|docs/brake-runner-spec-capture-20260528.md|user_update_2026-05-28_rear_parking_brake_back_section_photos|user_update_2026-05-28_procured_by_amir|user_update_2026-05-28_procured_by_amir_addendum,unknown,needs_confirmation,received_candidate,"User clarification 2026-05-28: mark the Drum Brake Hardware Kit - 1960-1980 Toyota Land Cruiser - Centric 116971-05110530 as procured by Amir. Treat as a received candidate only until kit contents and fit are checked against the opened rear drums: spring layout, hold-down pin/cup/spring dimensions, adjuster handedness/style, parking-brake lever clips, shoe width/web holes, and side-to-side symmetry. Do not install mismatched or incomplete hardware. | User addendum 2026-05-28 also listed this Centric kit explicitly."
part_rear_brake_line_cable_clips,,06c_brake_system,brake_system,parts,brakes,Rear line/cable support pack - brake-line clips cable retainers and rubber-lined P-clips,planned,,PKR,missing,local brake parts / hardware supplier,,,photo_inventory|data_brake_system_requirements|user_update,BR-REAR-006|20260501_194305_gp_EllBGvXA|20260501_194313_gp_lfUqLibA|20260512_072730_gp_jSK3r3bg|20260512_072929_gp_bpHkNO2Q|20260512_072947_gp_bNB9GvHA|user_update_2026-05-24_local_only_no_expensive_imports,not_paid,not_ordered,spec_needed_before_order_local_hardware_first,"BASELINE MUST REPLACE missing/corroded supports. Count and replace rear brake-line clips, parking-brake cable retainers, rubber sleeves/grommets, and rubber-lined P-clips by position and measured line/cable OD using local/generic hardware matched to old samples. Use permanent supports, not cable ties, before final rear axle routing. No expensive imported clip kit unless explicitly approved."
part_mech_engine_mount_set,2026-05-04,05_mechanical_baseline,mechanical_baseline,parts,mounts,Engine mount inspection note - no active purchase,not_required,,PKR,missing,,,,user_plan_update|user_update,user_plan_2026-04-12_engine_bay_review|user_update_2026-05-03_no_engine_lift_baseline|user_update_2026-05-04_no_engine_removal_scope_parts_trim,not_applicable,not_required,not_required_no_engine_removal_scope,Removed from active parts list 2026-05-04: current baseline keeps the engine installed and no engine support/removal is planned. Inspect current mounts in place after degreasing and under load; reopen a purchase only if mounts fail and another approved job already provides safe engine support.
part_mech_clutch_master_slave_refresh,2026-05-14,05_mechanical_baseline,mechanical_baseline,parts,clutch,Clutch hydraulic refresh aggregate - superseded by explicit brake-system clutch rows,not_required,,PKR,missing,,,,user_plan_update|user_update,user_plan_2026-04-12_engine_bay_review|user_update_2026-05-14_full_vehicle_brake_clutch_line_purchase_list,not_applicable,not_required,not_required_superseded_by_explicit_clutch_rows,"Superseded on 2026-05-14 by explicit brake-system rows: part_clutch_flex_hose_assembly_20260514, part_clutch_hard_line_fittings_20260514, part_clutch_master_slave_cylinders_20260514, and shared part_brake_clutch_475_hard_line_stock_full_vehicle_20260514. Do not buy from this aggregate row."
part_evaporust_5l,2026-04-22,03_body_chassis,body_chassis,parts,bodywork,Evapo-Rust 5 Litre Heavy Duty Rust Remover,received,,PKR,missing,7mart,,,user_update|deliverables_inventory,user_update_2026-04-22_evaporust_delivered|INV-0031,unknown,received,received,Marked delivered per user confirmation; this was previously tracked as quote/pending against INV-0031
part_nylon_fiber_wool_polishing_disc_sets_2x,2026-04-24,03_body_chassis,body_chassis,parts,bodywork,Nylon fiber polishing disc and wool buffing polishing disc set (3pcs) plus drill adapter and grinder nut for metals x2,received,2188,PKR,confirmed,Daraz,241938794080938,2026-04-29,user_update,user_update_2026-04-24_wirecup_schedule_parts_update|gmail_msg_19dbbce97316517e|gmail_order_241938794080938|photo_20260424_part_nylon_fiber_wool_polishing_disc_sets_2x_daraz_241938794080938.jpg|gmail_msg_19dd86b5fbb89675|gmail_delivery_241938794080938,paid,received,received,Daraz order 241938794080938 was delivered per Gmail delivery confirmation dated 2026-04-29. Original order matched exact item + quantity (2) and total PKR 2188.
part_autohub_grez_off_hd_degreaser_32oz,2026-04-27,03_body_chassis,body_chassis,parts,bodywork,GREZ OFF HD DEGREASER - Spray Nine (32 oz.),received,3250,PKR,confirmed,Autohub,62074,2026-04-30,user_update,user_update_2026-04-28_autohub_order_62074|user_update_2026-04-29_autohub_cleaners_received|gmail_msg_19dcbfb32e6a25f5|gmail_msg_19dcf4539d6347c5|gmail_order_1762074,paid,received,received,User-provided order confirmation email: order 62074 placed 2026-04-27; delivery window 2-3 working days. User update 2026-04-29: cleaner parts arrived.
part_autohub_diss_apc_cleaner_5l,2026-04-27,03_body_chassis,body_chassis,parts,bodywork,DISS (APC) All Purpose Cleaner 5L,received,4999,PKR,confirmed,Autohub,62074,2026-04-30,user_update,user_update_2026-04-28_autohub_order_62074|user_update_2026-04-29_autohub_cleaners_received|gmail_msg_19dcbfb32e6a25f5|gmail_msg_19dcf4539d6347c5|gmail_order_1762074,paid,received,received,User-provided order confirmation email: order 62074 placed 2026-04-27; delivery window 2-3 working days. User update 2026-04-29: cleaner parts arrived.
tool_total_round_steel_file_200mm_tht91386,2026-04-27,00_site_setup,site_setup,tools,hand_tools,Total Round steel file 200mm THT91386,received,2000,PKR,confirmed,Toolsmart.pk,TM25430,,gmail|user_update,gmail_msg_19dcb2f888abafa3|gmail_order_TM25430|shopify_order_50e287a9a7fd20d219a1e7572eb18e62|user_update_2026-05-02_toolsmart_tm25430_received,paid,received,received,Toolsmart order #TM25430 confirmed 2026-04-27 local time from Shopify order link 50e287a9a7fd20d219a1e7572eb18e62; quantity 2 line total PKR 2000 plus shared order shipping. User confirmed received on 2026-05-02.
tool_total_bi_metal_hole_saw_22mm_tac410221,2026-04-27,00_site_setup,site_setup,tools,cutting_tool,Total Bi-metal Hole saw 22mm TAC410221,received,2040,PKR,confirmed,Toolsmart.pk,TM25430,,gmail|user_update,gmail_msg_19dcb2f888abafa3|gmail_order_TM25430|shopify_order_50e287a9a7fd20d219a1e7572eb18e62|user_update_2026-05-02_toolsmart_tm25430_received,paid,received,received,Toolsmart order #TM25430 confirmed 2026-04-27 local time from Shopify order link 50e287a9a7fd20d219a1e7572eb18e62; quantity 2 line total PKR 2040 plus shared order shipping. User confirmed received on 2026-05-02.
tool_harden_cup_wire_brush_100mm_m14,2026-04-13,03_body_chassis,body_chassis,tools,abrasive_cleaning,Harden Cup Wire Brush With NutSize100mm x M14x2.0,received_candidate,2920,PKR,confirmed,Toolsmart.pk,TM25240,,gmail|user_update,gmail_msg_19d852aa76c4a57e|gmail_order_TM25240|shopify_order_d0c25d9c64d70f2d5bef2c20a55fa3e7,paid,needs_confirmation,received_candidate,"Toolsmart order #TM25240 confirmed 2026-04-13 from Shopify order link d0c25d9c64d70f2d5bef2c20a55fa3e7; quantity 2 line total PKR 2920. Fulfillment/review emails exist but local receipt photo is still not attached. | Gmail recheck 2026-05-12 found TM25240 order confirmation plus post-fulfillment review emails for the same order, but no item-specific delivery email for this line; because other TM25240 welding lines are received, physically verify this line on the shelf before rebuying or using."
tool_wadfow_abrasive_metal_grinding_disc_wac1353,2026-04-13,03_body_chassis,body_chassis,tools,abrasive_cleaning,Wadfow Abrasive metal grinding disc WAC1353,received_candidate,1440,PKR,confirmed,Toolsmart.pk,TM25240,,gmail|user_update,gmail_msg_19d852aa76c4a57e|gmail_order_TM25240|shopify_order_d0c25d9c64d70f2d5bef2c20a55fa3e7,paid,needs_confirmation,received_candidate,"Toolsmart order #TM25240 confirmed 2026-04-13 from Shopify order link d0c25d9c64d70f2d5bef2c20a55fa3e7; quantity 3 line total PKR 1440. Fulfillment/review emails exist but local receipt photo is still not attached. | Gmail recheck 2026-05-12 found TM25240 order confirmation plus post-fulfillment review emails for the same order, but no item-specific delivery email for this line; because other TM25240 welding lines are received, physically verify this line on the shelf before rebuying or using."
tool_harden_50lb_magnetic_welding_holder_765050,2026-04-13,03_body_chassis,body_chassis,tools,welding_tool,Harden 50LB Magnetic Welding Holder 765050,received,4760,PKR,confirmed,Toolsmart.pk,TM25240,,gmail|user_update,gmail_msg_19d852aa76c4a57e|gmail_order_TM25240|shopify_order_d0c25d9c64d70f2d5bef2c20a55fa3e7|user_update_2026-05-02_toolsmart_tm25240_welding_items_received,paid,received,received,Toolsmart order #TM25240 confirmed 2026-04-13 from Shopify order link d0c25d9c64d70f2d5bef2c20a55fa3e7; quantity 4 line total PKR 4760. Fulfillment/review emails exist but local receipt photo is still not attached. User confirmed received on 2026-05-02.
tool_total_welding_leather_gloves_16_tsp15161,2026-04-13,03_body_chassis,body_chassis,tools,ppe,"Total Welding leather gloves 16"" TSP15161",received,5280,PKR,confirmed,Toolsmart.pk,TM25240,,gmail|user_update,gmail_msg_19d852aa76c4a57e|gmail_msg_19ddcc60fed835a5|gmail_order_TM25240|shopify_order_d0c25d9c64d70f2d5bef2c20a55fa3e7|user_update_2026-05-02_toolsmart_tm25240_welding_items_received,paid,received,received,Toolsmart order #TM25240 confirmed 2026-04-13 from Shopify order link d0c25d9c64d70f2d5bef2c20a55fa3e7; quantity 2 line total PKR 5280. Review email 2026-04-30 references this exact item; local receipt photo is still not attached. User confirmed received on 2026-05-02.
tool_wadfow_auto_darkening_welding_helmet_wwh3503,2026-04-13,03_body_chassis,body_chassis,tools,ppe,Wadfow Auto-darkening welding helmet WWH3503,received,8710,PKR,confirmed,Toolsmart.pk,TM25240,,gmail|user_update,gmail_msg_19d852aa76c4a57e|gmail_msg_19dcd4fe9fa2eeee|gmail_order_TM25240|shopify_order_d0c25d9c64d70f2d5bef2c20a55fa3e7|user_update_2026-05-08_weld_helmet_arrived,paid,received,received,"Toolsmart order #TM25240 confirmed 2026-04-13 from Shopify order link d0c25d9c64d70f2d5bef2c20a55fa3e7; quantity 1 line total PKR 8710. Review email 2026-04-27 references this exact item; local receipt photo is still not attached. | User confirmed on 2026-05-08 that the welding helmet has arrived. Receipt check: test auto-darkening, sensitivity/delay controls, battery/solar condition, headband adjustment, and lens/cover condition before welding."
tool_total_inverter_mma_welding_machine_tw220069,2026-04-13,03_body_chassis,body_chassis,tools,welding_tool,Total Inverter MMA welding machine TW220069,received,55100,PKR,confirmed,Toolsmart.pk,TM25240,,gmail|user_update,gmail_msg_19d852aa76c4a57e|gmail_msg_19dbdd660bbcfbee|gmail_order_TM25240|shopify_order_d0c25d9c64d70f2d5bef2c20a55fa3e7|user_update_2026-05-02_toolsmart_tm25240_welding_items_received,paid,received,received,Toolsmart order #TM25240 confirmed 2026-04-13 from Shopify order link d0c25d9c64d70f2d5bef2c20a55fa3e7; quantity 1 line total PKR 55100. Review email 2026-04-24 references this exact item; local receipt photo is still not attached. User confirmed received on 2026-05-02.
tool_total_wrecking_bar_600mm_tht431242,2026-05-01,00_site_setup,site_setup,tools,hand_tools,Total Wrecking bar 600mm THT431242,received,2860,PKR,confirmed,Toolsmart.pk,TM25493,,user_update,user_update_2026-05-01_toolsmart_chassis_lift_clean_suspension_order|gmail_msg_19de060f62c307f7|gmail_order_TM25493|user_update_2026-05-08_toolsmart_tm25493_arrived,paid,received,received,Paid Toolsmart order dated 2026-05-01; part of the PKR 94510 order for chassis lift/clean/suspension work. Gmail order #TM25493 confirms this line item as part of the PKR 94510 Toolsmart order. | User confirmed on 2026-05-08 that ToolsMart order TM25493 has arrived; mark this line received. Still do item-specific receipt checks before use.
tool_wadfow_pressure_sprayer_wrs1550,2026-05-01,00_site_setup,site_setup,tools,cleaning_tool,Wadfow Pressure sprayer WRS1550,received,2500,PKR,confirmed,Toolsmart.pk,TM25493,,user_update,user_update_2026-05-01_toolsmart_chassis_lift_clean_suspension_order|gmail_msg_19de060f62c307f7|gmail_order_TM25493|user_update_2026-05-08_toolsmart_tm25493_arrived,paid,received,received,Paid Toolsmart order dated 2026-05-01; 5L sprayer for water-based degreaser application during chassis/engine/transmission cleaning. Gmail order #TM25493 confirms this line item as part of the PKR 94510 Toolsmart order. | User confirmed on 2026-05-08 that ToolsMart order TM25493 has arrived; mark this line received. Still do item-specific receipt checks before use.
tool_harden_spring_clamp_set_4in_6pc,2026-05-01,00_site_setup,site_setup,tools,clamps,Harden 6Pc x 4 inch Spring Clamp Set,received,1200,PKR,confirmed,Toolsmart.pk,TM25493,,user_update,user_update_2026-05-01_toolsmart_chassis_lift_clean_suspension_order|gmail_msg_19de060f62c307f7|gmail_order_TM25493|user_update_2026-05-08_toolsmart_tm25493_arrived,paid,received,received,"Paid Toolsmart order dated 2026-05-01; clamp set for holding pads, small parts, and temporary setup during cleaning/bodywork. Gmail order #TM25493 confirms this line item as part of the PKR 94510 Toolsmart order. | User confirmed on 2026-05-08 that ToolsMart order TM25493 has arrived; mark this line received. Still do item-specific receipt checks before use."
tool_harden_white_rubber_mallet_700g_590437,2026-05-01,00_site_setup,site_setup,tools,bodywork_tools,Harden White Rubber Mallet with Fiberglass Handle 700g 590437,received,2380,PKR,confirmed,Toolsmart.pk,TM25493,,user_update,user_update_2026-05-01_toolsmart_chassis_lift_clean_suspension_order|gmail_msg_19de060f62c307f7|gmail_order_TM25493|user_update_2026-05-08_toolsmart_tm25493_arrived,paid,received,received,Paid Toolsmart order dated 2026-05-01; soft mallet for non-marring persuasion and aluminium/bodywork shaping. Gmail order #TM25493 confirms this line item as part of the PKR 94510 Toolsmart order. | User confirmed on 2026-05-08 that ToolsMart order TM25493 has arrived; mark this line received. Still do item-specific receipt checks before use.
tool_ingco_dead_blow_mallet_2lb_hdbm08028,2026-05-01,00_site_setup,site_setup,tools,bodywork_tools,Ingco Dead blow mallet 2lb HDBM08028,received,2050,PKR,confirmed,Toolsmart.pk,TM25493,,user_update,user_update_2026-05-01_toolsmart_chassis_lift_clean_suspension_order|gmail_msg_19de060f62c307f7|gmail_order_TM25493|user_update_2026-05-08_toolsmart_tm25493_arrived,paid,received,received,Paid Toolsmart order dated 2026-05-01; dead blow mallet for controlled non-rebound strikes during suspension/bodywork setup. Gmail order #TM25493 confirms this line item as part of the PKR 94510 Toolsmart order. | User confirmed on 2026-05-08 that ToolsMart order TM25493 has arrived; mark this line received. Still do item-specific receipt checks before use.
tool_wadfow_body_fender_hammer_set_whz1d07,2026-05-01,00_site_setup,site_setup,tools,bodywork_tools,Wadfow 7 Pcs Body And Fender Hammer Set WHZ1D07,received,9870,PKR,confirmed,Toolsmart.pk,TM25493,,user_update,user_update_2026-05-01_toolsmart_chassis_lift_clean_suspension_order|gmail_msg_19de060f62c307f7|gmail_order_TM25493|user_update_2026-05-08_toolsmart_tm25493_arrived,paid,received,received,Paid Toolsmart order dated 2026-05-01; hammer and dolly set for aluminium/body panel shaping. Gmail order #TM25493 confirms this line item as part of the PKR 94510 Toolsmart order. | User confirmed on 2026-05-08 that ToolsMart order TM25493 has arrived; mark this line received. Still do item-specific receipt checks before use.
tool_total_jack_stands_3ton_thjs0301_2pairs,2026-05-01,00_site_setup,site_setup,tools,lifting_support,Total Jack stand 3Ton THJS0301 - 2 pairs,received,19200,PKR,confirmed,Toolsmart.pk,TM25493,,user_update,user_update_2026-05-01_toolsmart_chassis_lift_clean_suspension_order|gmail_msg_19de060f62c307f7|gmail_order_TM25493|user_update_2026-05-08_toolsmart_tm25493_arrived,paid,received,received,"Paid Toolsmart order dated 2026-05-01; quantity 2 pairs at PKR 9600 each, four stands total for chassis support. Gmail order #TM25493 confirms this line item as part of the PKR 94510 Toolsmart order. | User confirmed on 2026-05-08 that ToolsMart order TM25493 has arrived; mark this line received. Still do item-specific receipt checks before use."
tool_harden_3ton_trolley_jack_730213,2026-05-01,00_site_setup,site_setup,tools,lifting_support,Harden 3Ton Hydraulic Trolley Jack 730213,received,54450,PKR,confirmed,Toolsmart.pk,TM25493,,user_update,user_update_2026-05-01_toolsmart_chassis_lift_clean_suspension_order|gmail_msg_19de060f62c307f7|gmail_order_TM25493|user_update_2026-05-08_toolsmart_tm25493_arrived,paid,received,received,Paid Toolsmart order dated 2026-05-01; primary 3T trolley jack for lifting before supporting chassis on stands. Gmail order #TM25493 confirms this line item as part of the PKR 94510 Toolsmart order. | User confirmed on 2026-05-08 that ToolsMart order TM25493 has arrived; mark this line received. Still do item-specific receipt checks before use.
tool_powerhouse_ingco_wb30501_wire_cup_brush_x3,2026-05-02,00_site_setup,site_setup,tools,abrasive_cleaning,Total TAC33021 Wire Cup Brush x3 (Powerhouse substitution for INGCO WB30501),received,1065,PKR,confirmed,Powerhouse Express,26242,,gmail,gmail_msg_19de632df983464c|gmail_order_26242|gmail_msg_19df7037b90900e9|gmail_msg_19df70507d0e285b|gmail_msg_19e021b1cc8e488d|gmail_msg_19e02377924a0205|tracking_postex_22019070003782|tracking_leopard_KI7534590491|gmail_msg_19e0c33c40b6c4da|gmail_delivery_26242,paid,received,received,"Order #26242 confirmed 2026-05-02 for 3x INGCO WB30501 wire cup brushes; subtotal PKR 765 plus PKR 300 shipping. Product link: https://powerhouseexpress.com.pk/products/ingco-wb30501-wire-cup-brush | Powerhouse order 26242 was updated on 2026-05-05: INGCO WB30501 x3 removed and Total TAC33021 Wire Cup Brush x3 substituted; final total remains PKR 1065 after the seller update. Shipment emails on 2026-05-07 list PostEx 22019070003782 and later Leopard KI7534590491; track latest Leopard first and verify the actual TAC33021 brushes on receipt. | Gmail recheck on 2026-05-08 found no delivery confirmation after the 2026-05-07 shipment notices; latest carrier evidence lists Leopard KI7534590491 after PostEx 22019070003782, so track Leopard first and verify TAC33021 x3 on receipt. | Gmail recheck 2026-05-12 found Powerhouse delivery email 2026-05-09 for order #26242: Leopard KI7534590491 delivered with Total TAC33021 Wire Cup Brush x3. Receipt check remains actual TAC33021 x3 and usable brush condition before chassis cleaning."
tool_autohub_engine_detailing_brush_bundle_62191,2026-05-02,00_site_setup,site_setup,tools,cleaning_tool,"Engine/detailing brush bundle - tire sidewall brush, large detailing brush, 5 pc detailing brush set",received,2588,PKR,confirmed,Autohub,62191,2026-05-06,gmail|user_update,gmail_msg_19de62cf4907c036|gmail_order_1762191|autohub_order_62191|gmail_msg_19df21e3bb334d7e|blueex_tracking_AhubRider|user_update_2026-05-08_all_remaining_autohub_orders_arrived,paid,received,received,"Autohub order 1762191 / order number 62191 confirmed 2026-05-02: Tire Side Wall Cleaning Brush x1, Detailing Brush Large x1, 5 Pcs Detailing Brush Set x1; subtotal PKR 2339 plus PKR 249 shipping. Links: https://autohub.pk/products/tire-side-wall-cleaning-brush ; https://autohub.pk/products/detailing-brush-large-16-no ; https://autohub.pk/products/5-pcs-detailing-brush-set | Autohub shipment email on 2026-05-04 says order 1762191 shipped via Blue-ex/AhubRider with tire sidewall brush x1, detailing brush large x1, and 5 pc detailing brush set x1; no delivery email found as of 2026-05-08. | Gmail recheck on 2026-05-08 found no newer delivery email after the 2026-05-04 Blue-ex/AhubRider shipment notice; later user confirmation on 2026-05-08 closes delivery. | User confirmed on 2026-05-08 that all remaining Autohub orders have arrived; mark the brush bundle received. Receipt check: confirm tire sidewall brush x1, large detailing brush x1, and 5 pc detailing brush set x1."
tool_daraz_75mm_knotted_cup_wire_brush_x2,2026-05-02,00_site_setup,site_setup,tools,abrasive_cleaning,75mm 3 inch steel knotted cup rotary wire brush for angle grinder x2,ordered,3896,PKR,confirmed,Daraz / Al Rehman Mart (Lahore),242365766280938,2026-05-07,gmail,gmail_msg_19de62bcd3dd7207|gmail_order_242365766280938,paid,pending_delivery,ordered_pending_delivery,Daraz order confirmed 2026-05-02; delivery window 2026-05-05 to 2026-05-07. Quantity 2 at PKR 1878 each; subtotal PKR 3756 plus PKR 140 shipping. Product link: https://www.daraz.pk/products/i2171955-s1269424717.html?urlFlag=true&mp=1 | Gmail recheck on 2026-05-08 found only the Daraz confirmation for order 242365766280938 and no delivery email; keep pending and overdue against the 2026-05-07 delivery window until the two knotted cup brushes are physically received. | Gmail recheck 2026-05-12 found only Daraz order 242365766280938 confirmation and no delivery email; keep pending and overdue against the 2026-05-07 delivery window until the two knotted cup brushes are physically received.
tool_daraz_mini_wire_brush_set_x2,2026-05-02,00_site_setup,site_setup,tools,cleaning_tool,"3 pc mini wire brush set - brass, nylon, stainless steel bristles x2",received,561,PKR,confirmed,Daraz / Bunyad Collection (Karachi),242365766980938,2026-05-07,gmail,gmail_msg_19de62bcd140fa41|gmail_order_242365766980938|gmail_msg_19df29a687866969|gmail_delivery_242365766980938,paid,received,received,Daraz order confirmed 2026-05-02; delivery window 2026-05-05 to 2026-05-07. Two 3 pc mini wire brush sets at PKR 198 each; subtotal PKR 396 plus PKR 165 shipping. Product link: https://www.daraz.pk/products/i192752152-s1385484991.html?urlFlag=true&mp=1 | Gmail Daraz delivery email confirms order 242365766980938 delivered on 2026-05-04: two 3 pc mini wire brush sets.
tool_daraz_safety_goggles_cleanup,2026-05-02,00_site_setup,site_setup,tools,ppe,Safety goggles / protective glasses for grinding and cleaning,received,764,PKR,confirmed,Daraz / Reliable_Shop,242365766080938,2026-05-07,gmail,gmail_msg_19de62bcddc3ff3a|gmail_order_242365766080938|gmail_msg_19df29a6c4e6d2b8|gmail_delivery_242365766080938,paid,received,received,Daraz order confirmed 2026-05-02; delivery window 2026-05-05 to 2026-05-07. Safety protective glasses x1; subtotal PKR 599 plus PKR 165 shipping. Product link: https://www.daraz.pk/products/i649346371-s3029400460.html?urlFlag=true&mp=1 | Gmail Daraz delivery email confirms order 242365766080938 delivered on 2026-05-04: safety goggles/protective glasses x1.
part_daraz_jubilee_hose_clip_assortment_30pc,2026-05-02,05_mechanical_baseline,mechanical_baseline,parts,hoses_clamps,Jubilee hose clip assortment - 10 pc fuel line/diesel/petrol/coolant clamp packs x3,received,2390,PKR,confirmed,Daraz / Gravax corporation,242365766580938,2026-05-08,gmail,gmail_msg_19de62bcdb1080ff|gmail_order_242365766580938|gmail_msg_19e021d07abdead1|gmail_delivery_242365766580938,paid,received,received,"Daraz order confirmed 2026-05-02; delivery window 2026-05-06 to 2026-05-08. Three 10 pc clamp packs at PKR 750 each; subtotal PKR 2250 plus PKR 140 shipping. Supplemental clamp stock only; does not close fuel-rated hose/clamp kit until sizes and clamp type are validated. Product links: https://www.daraz.pk/products/i645582306-s3011629985.html?urlFlag=true&mp=1 ; https://www.daraz.pk/products/i645582306-s3011629988.html?urlFlag=true&mp=1 ; https://www.daraz.pk/products/i645582306-s3011629989.html?urlFlag=true&mp=1 | Gmail Daraz delivery email confirms order 242365766580938 delivered on 2026-05-07; keep as supplemental clamp stock until sizes, rolled edges, and fuel/coolant suitability are checked."
part_cavity_wax,2026-05-02,03_body_chassis,body_chassis,parts,bodywork,HB Body U900 cavity wax spray 400ml x2,received,4998,PKR,confirmed,Autohub,62192,2026-05-06,user_update|gmail,user_update_2026-05-02_autohub_prep_solvent_cavity_wax_order|gmail_msg_19de69d1f1e3d70a|gmail_order_1762192|autohub_order_62192|user_update_2026-05-08_all_remaining_autohub_orders_arrived|user_update_2026-05-11_2x_u9000_cavity_wax_received|gmail_msg_19e0c5bc0f1cf25e|blueex_tracking_AhubRider,paid,received,received,"Autohub order 1762192 / order number 62192 confirmed 2026-05-02: HB BODY - U900 CAVITY WAX SPRAY U900 - 400ML x2 at PKR 2499 each, line subtotal PKR 4998. Shared order also includes 3M Prep Solvent; order subtotal PKR 23997 plus PKR 249 shipping, total PKR 24246. Product link: https://autohub.pk/products/hb-body-u900-cavity-wax-spray-u900-400ml ; image: https://cdn.shopify.com/s/files/1/0424/5433/files/WEB-900SPRi-Photoroom_1_medium.png?v=1731328302 | Gmail recheck on 2026-05-08 found the shared Autohub 1762192 / 62192 confirmation only; later user confirmation on 2026-05-08 closes delivery. | User confirmed on 2026-05-08 that the cavity wax / remaining Autohub orders have arrived; user reconfirmed receipt of 2x U9000/U900 cavity wax on 2026-05-11. Receipt check: confirm two HB Body U900/U9000 400ml cans, usable nozzles/wands, intact labels, and no leakage. | Gmail recheck 2026-05-12 found Autohub shipment email sent 2026-05-09 for order 1762192 listing 3M Prep Solvent-70 x1 and HB Body U900 cavity wax x2 via Blue-ex AhubRider; user receipt confirmations from 2026-05-08 and 2026-05-11 keep the row received."
part_cabin_compact_fuse_boxes,2026-05-03,04_electrical_reset,electrical_reset,parts,electrical,Compact cabin fuse protection - reuse 12-way plus buy one compact OEM add-on,planned,,PKR,missing,Bilal Ganj / Montgomery Road compact OEM fuse donor supplier / OLX Mehran-Alto donor lead,,,user_update|workbook_correction|docs_cabin_fuse_box_acquisition,user_update_2026-05-03_cabin_fuse_boxes_not_ordered|workbook_parts_row_55_relay_block_received|workbook_parts_row_57_wrong_item_not_bought|user_reference_image_2026-05-03_compact_internal_fuse_box|user_front_rear_fuse_block_images_2026-05-04|docs/cabin-fuse-box-acquisition-20260503.md,not_paid,not_ordered,purchase_ready,"User correction 2026-05-04: under-dash cabin fuse requirement remains three separate input groups, not physical-location boxes and not the MIDI/high-current side. Need 6 constant-battery fuses, 6 ignition-on/RUN fuses, and 6 ignition part-way/ACC fuses minimum. Current preferred plan is to reuse the existing compact 12-way donor block for two 6-fuse groups if rear-terminal continuity and condition checks pass, then buy one matching compact old-OEM fuse carrier for the third group. Add-on can be 6/8/10/12-way if six positions are usable; reject bulky marine/RV/universal covered blocks. Treat branch outputs as <=30A unless manufacturer marks higher. Candidate source/order text is logged in docs/cabin-fuse-box-acquisition-20260503.md."
service_local_3d_printing_fabrication_prototypes,2026-05-04,04b_fabrication_handoff,fabrication_handoff,parts,fabrication_service,MIDI holder plastic underlay / subplate quote,fabrication_controlled,,PKR,missing,local plastic CNC/router or 3D printing service,,,user_update,user_update_2026-05-04_scouting_3d_print_fabricated_items|docs/fabrication-handoff-index.md|data/manual/fabrication_handoff_requirements.csv,not_applicable,not_required,not_required_under_fabrication,"Scout only the MIDI holder non-conductive underlay/subplate: 140 x 85 x 5 mm from midi5_holder_subplate_rev_d DXF/PDF. Metal plate/bracket fabrication remains owner-managed and is intentionally excluded from this scout row. | User direction 2026-05-29: item is controlled under fabrication/handoff, so remove from active ordering and procurement decision flow; keep fabrication spec/handoff record as source of truth."
tool_daraz_pipe_bender_180_tube_bender_20260504,2026-05-04,06c_brake_system,brake_system,tools,line_fabrication,"Pipe Bender 180 tube bender - 3/8 in, 1/4 in, 5/16 in",received,4499,PKR,confirmed,Daraz / Megatronics pk (Peshawar),242508744880938,2026-05-07,user_update|gmail,user_update_2026-05-04_daraz_pipe_bender_order|gmail_msg_19df408ef23d48b1|gmail_msg_19e021d0af9de008|gmail_order_242508744880938|gmail_delivery_242508744880938,paid,received,received,"User reported paid Daraz order 2026-05-04: Pipe Bender 180 tube bender, ratchet tubing bender for 3/8 in, 1/4 in, and 5/16 in copper, brass, aluminum, and thin steel pipes; qty 1; PKR 4499; seller Megatronics pk (Peshawar); seller to pack. This covers 1/4, 5/16, and 3/8 in bending only and is not the primary 4.75 mm / 3/16 in brake-line bender. Cutter, deburrer/reamer, and brake-line flaring tool/dies remain unconfirmed for in-house hard-line fabrication. | Gmail Daraz order 242508744880938 confirmed on 2026-05-05 and delivery email confirms delivered on 2026-05-07; receipt check still needs smooth ratchet action and correct fit for 1/4, 5/16, and 3/8 in tube."
part_daraz_clear_pvc_bleed_hose_2m_20260504,2026-05-04,06c_brake_system,brake_system,parts,brakes,2meter Clear PVC Hose Tube pipe ID7mm OD10mm transparent vinyl tubing,received,227,PKR,confirmed,Daraz / GoBazaar.pk,242508745080938,2026-05-07,user_update|gmail,user_update_2026-05-04_clear_bleed_hose_order|gmail_msg_19df408f0591f0c1|gmail_msg_19e021d05ca94bc4|gmail_order_242508745080938|gmail_delivery_242508745080938,paid,received,received,"User reported paid Daraz order 2026-05-04: 2meter Clear PVC Hose Tube pipe ID7mm OD10mm clear transparent vinyl tubing water pipe; color family Multicolor; qty 1; PKR 227; seller GoBazaar.pk; seller to pack. Temporary brake bleeding hose only; not for permanent fuel, coolant, vacuum, or hydraulic pressure service. | Gmail Daraz order 242508745080938 confirmed on 2026-05-05 and delivery email confirms delivered on 2026-05-07; use only as temporary clear brake bleed hose, not as permanent fuel, coolant, vacuum, or pressure line."
part_daraz_nitrile_gloves_black_l_100pc_20260504,2026-05-04,06c_brake_system,brake_system,parts,brakes,Safety Black Disposable Nitrile gloves 100 PCs Box - black large,received,2333,PKR,confirmed,Daraz,242508745280938,2026-05-14,user_update|gmail,user_update_2026-05-04_nitrile_gloves_order|gmail_msg_19df408f2cc8e480|gmail_order_242508745280938|user_update_2026-05-14_nitrile_gloves_received,paid,received,received,"User reported paid order 2026-05-04: Safety Black Disposable Nitrile gloves 100 PCs Box; color family Black; size L; qty 1; PKR 2333. Brake/cleaning PPE for hydraulic opening prep. Gmail Daraz order 242508745280938 confirmed on 2026-05-05 for Safety Black Disposable Nitrile gloves 100 PCs Box x1. Earlier Gmail checks found the order confirmation but no separate delivery email; user physical receipt on 2026-05-14 supersedes the delivery-email gap. Close delivery as received; receipt check remains: confirm box count, size L, nitrile/powder-free marking if present, and no torn packaging before brake-fluid work."
tool_toolsmart_harden_mini_tube_cutter_3_22mm_20260504,2026-05-04,06c_brake_system,brake_system,tools,line_fabrication_tool,Harden Mini Tube Cutter 3-22mm,received_candidate,1380,PKR,confirmed,ToolsMart.pk,TM25550,,gmail,gmail_msg_19df40dbc5116bb3|gmail_order_TM25550|gmail_fulfillment_review_TM25550|gmail_msg_19e4ba9b39b2d734,unknown,needs_confirmation,received_candidate,"ToolsMart order TM25550 confirmed on 2026-05-04: Harden Mini Tube Cutter 3-22mm x1 at PKR 1380, part of the brake/fuel hard-line fabrication tool set. Receipt check must confirm smooth cutting wheel action and practical fit on 4.75 mm, 6 mm, and 8 mm tube stock before line fabrication. | Gmail recheck on 2026-05-08 found only the ToolsMart TM25550 confirmation and no shipment or delivery email; keep pending. Payment is still not proven by Gmail alone. | Gmail recheck 2026-05-12 found only ToolsMart order TM25550 confirmation and no shipment or delivery email; keep pending delivery. | Gmail review request 2026-05-21 (message 19e4ba9b39b2d734) says ToolsMart fulfilled order TM25550 16 days earlier. Treat as received-candidate and physically verify the cutter is on shelf and fits 4.75/6/8 mm tube before use."
tool_toolsmart_pard_double_flaring_cutting_tool_set_4_16mm_20260504,2026-05-04,06c_brake_system,brake_system,tools,line_fabrication_tool,PARD Double Flaring and Cutting Tool Set - 4-16mm,received_candidate,18210,PKR,confirmed,ToolsMart.pk,TM25550,,gmail,gmail_msg_19df40dbc5116bb3|gmail_order_TM25550|gmail_fulfillment_review_TM25550|gmail_msg_19e4ba9b39b2d734|gmail_fulfillment_review_TM25550_pard|gmail_msg_19e2cb8173b05a0e,unknown,needs_confirmation,received_candidate,"ToolsMart order TM25550 confirmed on 2026-05-04: PARD Double Flaring and Cutting Tool Set - 4-16mm x1 at PKR 18210. Receipt check must verify die sizes cover a true 4.75 mm / 3/16 in brake line and can make the required 45-degree double/inverted flare before any brake/clutch/fuel hard line is made. If the delivered kit only includes generic metric dies such as 4/6/8/10/12/14/16 mm and no 4.75 mm or 3/16 in die, it does not release J40 brake-line fabrication. | Gmail recheck on 2026-05-08 found only the ToolsMart TM25550 confirmation and no shipment or delivery email; keep pending. Payment is still not proven by Gmail alone. | Gmail recheck on 2026-05-12 found only ToolsMart order TM25550 confirmation and no shipment or delivery email; keep pending delivery. | Same TM25550 post-fulfillment Gmail evidence now makes this a received-candidate, not a delivery-tracking item. Physically verify the PARD kit is present and that its dies can make the required 4.75 mm / 3/16 in double/inverted flare before releasing brake-line fabrication. | Gmail review request 2026-05-15 (message 19e2cb8173b05a0e) is item-specific to the PARD Double Flaring and Cutting Tool Set and says ToolsMart fulfilled order TM25550 10 days earlier."
tool_brake_line_deburrer_reamer_20260514,2026-05-14,06c_brake_system,brake_system,tools,line_fabrication_tool,Brake hard-line internal/external deburrer or reamer for 4.75 mm tube,planned,,PKR,missing,Aamir runner / Montgomery Road local tool market / Toolsmart / brake hydraulic pipe specialist,aamir_local_run_20260527,,docs_selection|web|user_update,docs/brake-hard-line-tool-parts-selection-20260514.md|BHL-TOOL-003|web_4lifetimelines_master_flaring_set|user_update_2026-05-27_gettable_local_brake_items|docs/amir-montgomery-road-shopping-list-20260527.md|user_update_2026-05-27_aamir_runner_not_mechanic,not_paid,not_ordered,purchase_ready,"Buy a compact internal/external tube deburrer or reamer unless the delivered flaring kit includes a good one. Every 4.75 mm / 3/16 in brake-line cut must be deburred inside and outside before double/inverted flaring. Reject a workflow that leaves burrs inside the hydraulic tube. | Purchase remains open after TM25550 review: order evidence confirms the Harden cutter and PARD flaring/cutting set only. No captured order line or ToolsMart product text proves a separate internal/external deburrer/reamer was included. | User update 2026-05-27: this is a gettable local tool item; buy a dedicated internal/external deburrer or reamer if Aamir finds one at sensible price, unless the delivered flaring kit is physically confirmed to include a proper deburring tool. | User update 2026-05-27: appropriate office-runner task only if it is a simple labelled internal/external deburrer or reamer for small tube; no brake fitment judgement required."
tool_brake_line_bender_475_3_16_20260514,2026-05-14,06c_brake_system,brake_system,tools,line_fabrication_tool,Brake-line bender with 4.75 mm / 3/16 in groove,not_required,,PKR,not_applicable,local tool market / Toolsmart / brake hydraulic pipe specialist,,,docs_selection|web|user_update,docs/brake-hard-line-tool-parts-selection-20260514.md|BHL-TOOL-004|web_bgs_1270|web_daraz_pipe_bender|user_update_2026-05-27_inventory_markoff_review,not_applicable,not_required,not_required_conditional_reopen_only,"Do not keep this as an active buy. Existing Daraz pipe bender is already received and covers 1/4, 5/16, and 3/8 in bending; CuNi/Cunifer can be hand-formed for broad bends and a brake/hydraulic shop can bend tight 4.75 mm sections if needed. Reopen only if the selected 4.75 mm / 3/16 in tube kinks/flattens in practice bends or if the shop cannot form the required bends."
tool_metric_flare_nut_wrench_set_20260514,2026-05-23,06c_brake_system,brake_system,tools,line_fabrication_tool,Metric flare-nut / brake-line wrench set,ordered,1970,PKR,confirmed,ToolsMart.pk,TM25776,,docs_selection|web|gmail,docs/brake-hard-line-tool-parts-selection-20260514.md|BHL-TOOL-005|web_toolsmart_licota_12x14|web_toolshub_10x12_search|gmail_msg_19e5622147cdd91a|gmail_order_TM25776|bank_alert_19e5622515169f29,paid,pending_delivery,ordered_partial_pending_delivery,"ToolsMart order TM25776 confirmed on 2026-05-23 includes LICOTA MADE IN TAIWAN FLARE NUT WRENCH 12 X 14 x1 at PKR 1970. This partially covers the flare-nut/line-wrench requirement only; still check the actual J40 fitting hexes and whether 10, 11, 17, or 19 mm line wrenches remain needed before opening old hydraulic fittings."
tool_pakoxygen_ar_co2_canister,2026-05-08,03_body_chassis,body_chassis,tools,welding_tool,Ar-CO2 Canister,received,42362,PKR,confirmed,pakoxygen,,,workbook_reconciliation|user_update,workbook_tools#row_41|user_update_2026-05-08_ar_co2_canister_arrived,paid,received,received,"Imported from J40_Costs.xlsx Tools row 41: Ar-CO2 Canister from pakoxygen, PKR 42362, previously paid in the workbook. User confirmed on 2026-05-08 that the Ar-CO2 canister has arrived. Receipt/use check: confirm gas mix, cylinder test date, ownership/deposit paperwork, valve/regulator compatibility, and leak check before MIG welding."
part_chassis_masking_plugs_tape_solvent_wipes,2026-05-08,03b_chassis_fixing,chassis_fixing,parts,chassis_coating_consumables,Chassis coating masking pack - Ultra-cloth solvent-safe wipes and masking tape,received,7099,PKR,confirmed,Autohub + Autostore.pk,1762336|80788,,user_update|gmail,user_update_2026-05-08_chassis_raptor_masking_consumables_needed|user_update_2026-05-08_chassis_masking_tape_wipes_purchased|user_update_2026-05-11_ultra_cloth_masking_tape_received|gmail_msg_19e07889134f5cb5|gmail_order_1762336|gmail_msg_19e0c5bf0525eaf0|blueex_tracking_AhubRider|bank_alert_19e0788ae42cca42|gmail_msg_19e078ab2e5df2f2|autostore_order_80788,paid,received,received,"User update 2026-05-08: Raptor selected as the chassis exposed finish after primer/sealer; extra brushes are on hand and strip/flap discs are angle-grinder consumables with existing recorded stock to count before rebuying. Order before solvent wipe/primer/Raptor: solvent-safe lint-free wipes and automotive masking tape; avoid shedding cloth, newspaper where solvent/wet coating can bleed, and plugs/tape that leave residue. User update 2026-05-11 confirms Ultra-cloth and masking tape received. Masking plugs were not separately ordered: on-hand received rubber grommet assortment may be used as temporary masking for open unthreaded holes only after fit and solvent/residue check. Use sacrificial bolts for threaded holes; do not use grommets for brake/fuel line ends, threaded holes, ground pads, or body-mount bearing faces. Buy separate tapered plugs only if grommet fit/check fails. | Gmail recheck 2026-05-12 ties the received masking pack to Autohub order 1762336 / order no. 62336 for 3M Blue High Performance Ultra Soft Cloth x4 at PKR 4600 plus PKR 249 shipping, total PKR 4849, and Autostore order #80788 for green masking tape 24 mm x2 and 48 mm x1 at PKR 2000 plus PKR 250 shipping, COD total PKR 2250. User already confirmed Ultra-cloth and masking tape received on 2026-05-11."
part_aliexpress_waterproof_relay_5pin_40a_6pc_20260511,2026-05-11,04_electrical_reset,electrical_reset,parts,electrical,Waterproof 5-pin 40A automotive relay pack - 5PIN 40A DC12V x6,received,8196,PKR,confirmed,AliExpress,3070231697837489,,gmail|user_update,gmail_msg_19e10f7bc91fba44|gmail_msg_19e161ddf7117e32|gmail_order_3070231697837489|user_update_2026-05-13_relay_pack_arrived,paid,received,received,"Gmail AliExpress emails show order 3070231697837489 for 4/5 Pin 4P/5P 40A waterproof car relay, selected 5PIN 40A DC12V x6, order total PKR 8196. May 10 awaiting-confirmation and May 11 review emails indicate the order was marked complete, but physical receipt is not yet user-confirmed; check x6 relay count, 12V coil marking, 5-pin layout, terminal quality, seals, and whether these belong in electrical relay stock before closing as received. | User confirmed on 2026-05-13 that the waterproof 5-pin 40A DC12V relay pack x6 has physically arrived. Close delivery as received; bench/fit check remains: confirm all 6 relays, 12V coil marking, 5-pin changeover layout, terminal retention, socket seals, and allocation into electrical relay stock."
part_fabrication_raw_mild_steel_plate_3mm_20260513,2026-05-13,04b_fabrication_handoff,fabrication_handoff,parts,fabrication_raw_material,3.0 mm mild-steel sheet plus 90-degree angle/L-section stock for compact battery tray/access ladder,fabrication_controlled,,PKR,estimate,local steel stockholder / sheet-metal shop,,,fabrication_estimate,data/manual/fabrication_raw_material_estimates.csv|data/manual/fabrication_metal_stock_requirements.csv|docs/fabrication-raw-materials-procurement-estimate-20260513.md|docs/fabrication-metal-stock-list-20260514.md|data/manual/fabrication/battery_power_carrier_mount_rev_a/fabricator_cut_list.csv,not_applicable,not_required,not_required_under_fabrication,"Buy one 3.0 mm mild-steel sheet/plate at least 600 x 600 mm, or 1000 x 500 if cheaper/similarly priced. Also buy 3.0 mm 90-degree mild-steel angle/L-section, 25 x 25 x 3 mm or 30 x 30 x 3 mm, 3 m total, for tray perimeter/upstands, widened access-ladder frame, shallow shelf rails, and cable/P-clip tabs. Keep sheet stock for the battery deck, widened access-ladder flat face, hold-down crossbar, and flat component tabs. Do not spend this stock on tub repairs; keep tub plate stock separate. | User direction 2026-05-29: item is controlled under fabrication/handoff, so remove from active ordering and procurement decision flow; keep fabrication spec/handoff record as source of truth."
part_fabrication_raw_mild_steel_plate_4mm_20260513,2026-05-13,04b_fabrication_handoff,fabrication_handoff,parts,fabrication_raw_material,4.0 mm mild-steel plate plus structural 90-degree angle/L-section stock for compact battery saddle/upright/offset bars and radiator post,fabrication_controlled,,PKR,estimate,local steel stockholder / sheet-metal shop,,,fabrication_estimate,data/manual/fabrication_raw_material_estimates.csv|data/manual/fabrication_metal_stock_requirements.csv|docs/fabrication-raw-materials-procurement-estimate-20260513.md|docs/fabrication-metal-stock-list-20260514.md|data/manual/fabrication/battery_power_carrier_mount_rev_a/fabricator_cut_list.csv|data/manual/fabrication/front_radiator_two_side_retention_rev_a/fabricator_cut_list.csv,not_paid,not_ordered,fabrication_quote_ready,"Buy one 4.0 mm mild-steel plate at least 700 x 450 mm, or nearest sheet size such as 1000 x 500. Also ask for 50 x 50 x 4 mm 90-degree mild-steel angle, 1 m, for the radiator post; 40 x 40 x 4 mm 90-degree mild-steel angle, 2 m, for battery stand/upright bridge trials; and short mild-steel tube/sleeve stock only after final M8/M10 through-bolt size is chosen. Keep plate stock for the formed chassis saddle, adjustable offset bars, flat bolt tabs, and any upright/gusset plates that angle stock cannot replace. Deburr and prime after cutting. | User direction 2026-05-29: right-side radiator strap/post is prerequisite before final radiator installation. Quote-ready under fabrication control: source from steel stockholder / loha market / sheet-metal fabricator, not auto parts counter; Amir must send tape/caliper proof of angle leg width, thickness, length, and condition before payment."
part_fabrication_raw_aluminium_plate_3mm_20260513,2026-05-13,04b_fabrication_handoff,fabrication_handoff,parts,fabrication_raw_material,"3.0 mm 5052-H32 aluminium sheet for MIDI enclosure, Relay Rev D base, and cutoff electrical plates",fabrication_controlled,,PKR,estimate,local aluminium stockholder / sheet-metal shop,,,fabrication_estimate,data/manual/fabrication_raw_material_estimates.csv|docs/fabrication-raw-materials-procurement-estimate-20260513.md|data/manual/fabrication/midi5_enclosure_rev_d/README.md|data/manual/fabrication/battery_power_carrier_mount_rev_a/README.md|data/manual/fabrication/relay_mount_rev_d/README.md,not_applicable,not_required,not_required_under_fabrication,"Buy 3.0 mm 5052-H32 aluminium sheet: minimum 600 x 600 mm, or 1000 x 500 if cheaper/similarly priced, for the current MIDI Rev D enclosure body/lid, Relay Rev D 360 x 245 flat base, and folded cutoff base/guard with 20 mm upward lips. Current battery stand route remains steel; this aluminium is for electrical component carriers/guards, not the main carrier. | User direction 2026-05-29: item is controlled under fabrication/handoff, so remove from active ordering and procurement decision flow; keep fabrication spec/handoff record as source of truth."
part_fabrication_raw_electrical_plastic_sheet_20260513,2026-05-13,04b_fabrication_handoff,fabrication_handoff,parts,fabrication_raw_material,Electrical insulating plastic/G10 sheet - MIDI 5.0 mm board and relay 3.0 mm sheet,fabrication_controlled,,PKR,estimate,local plastic CNC/router or sheet supplier,,,fabrication_estimate,data/manual/fabrication_raw_material_estimates.csv|docs/fabrication-raw-materials-procurement-estimate-20260513.md|data/manual/fabrication/midi5_enclosure_rev_d/README.md|data/manual/fabrication/relay_mount_rev_d/README.md,not_applicable,not_required,not_required_under_fabrication,"Buy/quote 5.0 mm HDPE/ABS/G10/phenolic board at least 200 x 150 mm for the MIDI subplate, plus 3.0 mm ABS/HDPE/polypropylene/G10/phenolic sheet at least 350 x 250 mm for the Relay Rev D exact 300 x 197 insulating sheet. | User direction 2026-05-29: item is controlled under fabrication/handoff, so remove from active ordering and procurement decision flow; keep fabrication spec/handoff record as source of truth."
part_fabrication_raw_epdm_sheet_small_isolators_20260513,2026-05-13,04b_fabrication_handoff,fabrication_handoff,parts,fabrication_raw_material,3-5 mm EPDM/SBR sheet for radiator isolator and small anti-chafe pads,fabrication_controlled,,PKR,estimate,local rubber sheet supplier / Longman fallback,,,fabrication_estimate,data/manual/fabrication_raw_material_estimates.csv|docs/fabrication-raw-materials-procurement-estimate-20260513.md|data/manual/fabrication/front_radiator_two_side_retention_rev_a/fabricator_cut_list.csv,not_paid,not_ordered,fabrication_quote_ready,"Buy a small 3-5 mm EPDM/SBR sheet at least 300 x 300 mm for the radiator isolator pad, battery carrier anti-chafe pads, and first-article trimming. This is small sheet stock only and does not replace the chassis-rubber Longman/body-mount order route. | User direction 2026-05-29: quote-ready under fabrication control because the right-side radiator strap/post requires rubber isolation. Amir must send photos/video of rubber thickness and condition before payment."
part_tub_repair_steel_sheet_1_2mm_20260513,2026-05-13,03_body_chassis,body_chassis,parts,tub_repair_raw_material,1.2 mm cold-rolled mild-steel sheet for tub skin/floor patch plates,fabrication_controlled,,PKR,estimate,local steel stockholder / body-panel sheet supplier,,,fabrication_estimate,data/manual/fabrication_raw_material_estimates.csv|docs/fabrication-raw-materials-procurement-estimate-20260513.md|docs/tub-off-refit-execution-plan.md|docs/j40_welding_execution_plan_20260419.md,not_applicable,not_required,not_required_under_fabrication,"Buy one 1.2 mm cold-rolled mild-steel sheet about 1000 x 1000 mm, or nearest manageable sheet. Intended for non-structural tub skin, floor-pan, firewall lip, and small closure patches after the rust map is exposed. Final patch shapes remain measurement controlled; do not use where body mounts or seat belt/seat loads need thicker reinforcement. | User direction 2026-05-29: item is controlled under fabrication/handoff, so remove from active ordering and procurement decision flow; keep fabrication spec/handoff record as source of truth."
part_tub_repair_steel_sheet_1_6mm_20260513,2026-05-13,03_body_chassis,body_chassis,parts,tub_repair_raw_material,1.6 mm cold-rolled mild-steel sheet for heavier tub patch plates,fabrication_controlled,,PKR,estimate,local steel stockholder / body-panel sheet supplier,,,fabrication_estimate,data/manual/fabrication_raw_material_estimates.csv|docs/fabrication-raw-materials-procurement-estimate-20260513.md|docs/tub-off-refit-execution-plan.md|docs/j40_welding_execution_plan_20260419.md,not_applicable,not_required,not_required_under_fabrication,"Buy one 1.6 mm cold-rolled mild-steel sheet about 1000 x 500 mm, or nearest manageable sheet. Use for heavier tub floor sections, flange returns, seat-box edges, local patch plates, and spots where the exposed original sheet is heavier than skin panels. Final size remains controlled by cleaned metal and rust-map photos. | User direction 2026-05-29: item is controlled under fabrication/handoff, so remove from active ordering and procurement decision flow; keep fabrication spec/handoff record as source of truth."
part_tub_mount_reinforcement_plate_3mm_20260513,2026-05-13,03_body_chassis,body_chassis,parts,tub_repair_raw_material,3.0 mm mild-steel plate for tub body-mount backing and captive-nut repairs,fabrication_controlled,,PKR,estimate,local steel stockholder / sheet-metal shop,,,fabrication_estimate,data/manual/fabrication_raw_material_estimates.csv|docs/fabrication-raw-materials-procurement-estimate-20260513.md|docs/tub-off-refit-execution-plan.md|data/manual/body_mount_order_release_specs.csv,not_applicable,not_required,not_required_under_fabrication,"Buy one 3.0 mm mild-steel plate about 500 x 500 mm or 300 x 600 mm for tub body-mount backing plates, captive-nut/weld-nut repair plates, local reinforcement coupons, and test pieces. Keep separate from chassis/battery stand fabrication steel; release final shapes only after each mount station is cleaned and measured. | User direction 2026-05-29: item is controlled under fabrication/handoff, so remove from active ordering and procurement decision flow; keep fabrication spec/handoff record as source of truth."
part_hvac_hidden_evaporator_blower_unit_20260514,2026-05-14,07_interior_weatherproofing,interior_weatherproofing,parts,hvac,Hidden compact evaporator/blower/heater/defrost unit for under-dash fitment,planned,,PKR,missing,Snow Cool / Arsalan Autos / BEU-202-404-848 supplier / Coolsun A/C shop,,,user_update|workbook_hvac_rows|web_research_hvac_evap_20260514|user_photo_review_vitz_box_20260514,user_update_2026-05-14_aftermarket_ac_removed_hidden_evaporator_plan|workbook_parts_row_212|docs/hvac-evaporator-blower-sourcing-20260514.md,not_paid,not_ordered,purchase_ready,"Required because the aftermarket A/C has been removed and the selected direction is a hidden evaporator/blower unit with routed outlets. User photo review on 2026-05-14 suggests the OLX Vitz box is a large full OEM molded dash case and likely too bulky for the intended hidden install unless measured mock-up proves otherwise. Search elsewhere first: ask Snow Cool/Arsalan/Coolsun for the smallest measured universal under-dash evaporator/blower, preferably BEU-202, low-profile BEU-404, or short BEU-848 style with blower, TXV, drain, thermostat/control, and pigtails. Treat 228 Hangon as risky until measured because some 228 variants are minibus-sized. Imported Ubuy units are fallback only because landed cost, customs, and damage risk are uncertain. Buy after checking under-dash envelope, blower capacity/current, outlet count/OD, service access, drain outlet, TXV/fitting location, return-air path, and whether heat/defrost functions are included."
part_hvac_slim_louver_outlet_panel_20260514,2026-05-14,07_interior_weatherproofing,interior_weatherproofing,parts,hvac,Slim under-dash louver outlet panel / matched air-directing vent pieces,planned,,PKR,missing,Coolsun / local automotive A/C supplier,,,user_update|workbook_hvac_rows,user_update_2026-05-14_aftermarket_ac_removed_hidden_evaporator_plan|workbook_parts_row_213|user_update_2026-05-27_required_purchase_line_cleanup,not_paid,not_ordered,purchase_ready,"Required to route cold air out cleanly from the hidden evaporator. One side/one piece has been identified, so the purchase line must cover the matching mate or a complete matched left-right outlet set with adjustable louvers. Prefer a slim metal/plastic louver panel or pair that can be mounted without blocking knees, pedals, glovebox, wiring, or service access."
part_hvac_return_air_grille_filter_20260514,2026-05-14,07_interior_weatherproofing,interior_weatherproofing,parts,hvac,Hidden return-air grille and washable filter for evaporator intake,planned,,PKR,missing,Coolsun / local automotive A/C supplier,,,user_update,user_update_2026-05-14_aftermarket_ac_removed_hidden_evaporator_plan,not_paid,not_ordered,purchase_ready,Required so the hidden blower can pull cabin air instead of being boxed into a dead space. Size the grille/filter to the evaporator intake area; keep it accessible for cleaning and do not place it where it will ingest water from the cowl or floor.
part_hvac_control_panel_20260514,2026-05-14,07_interior_weatherproofing,interior_weatherproofing,parts,hvac,Compact A/C control panel or integrated controls,planned,,PKR,missing,Coolsun / local automotive A/C supplier,,,user_update|workbook_hvac_rows,user_update_2026-05-14_aftermarket_ac_removed_hidden_evaporator_plan|workbook_parts_row_214,not_paid,not_ordered,purchase_ready,"Required unless the selected evaporator unit includes suitable integrated controls. Controls must cover blower speed, temperature/blend if heat is retained, and A/C compressor request without a bulky modern under-dash box."
part_hvac_duct_defrost_hose_kit_20260514,2026-05-14,07_interior_weatherproofing,interior_weatherproofing,parts,hvac,"2.5 inch duct hose, vent adapters, and defrost/demist hose kit",planned,,PKR,missing,Coolsun / local automotive A/C supplier,,,user_update|workbook_hvac_rows|data_rubber_ordering_specs,user_update_2026-05-14_aftermarket_ac_removed_hidden_evaporator_plan|workbook_parts_row_215|RUB-025,not_paid,not_ordered,purchase_ready,"Required to route air from the hidden unit to cabin outlets and windscreen demist if used. Use 2.5 inch / 63.5 mm ID only if the selected evaporator and vent outlets match; otherwise buy by measured outlet OD, bend clearance, clamp/retainer style, and final dash route."
part_hvac_evaporator_drain_mount_kit_20260514,2026-05-14,07_interior_weatherproofing,interior_weatherproofing,parts,hvac,Evaporator drain hose and mounting/sealing kit,planned,,PKR,missing,Coolsun / local automotive A/C supplier,,,user_update|workbook_hvac_rows|data_rubber_ordering_specs,user_update_2026-05-14_aftermarket_ac_removed_hidden_evaporator_plan|workbook_parts_row_216|RUB-024,not_paid,not_ordered,purchase_ready,"Required before the evaporator is hidden. Include drain hose matched to outlet OD, firewall/floor grommet, clamp, bracketry/isolators, and sealing so condensate has continuous downward fall outside the cabin."
part_hvac_parallel_flow_condenser_20260514,2026-05-14,05_mechanical_baseline,mechanical_baseline,parts,hvac,Parallel-flow A/C condenser sized to core support,planned,,PKR,missing,Amir runner / Coolsun / local automotive A/C supplier,,,user_update|workbook_hvac_rows,user_update_2026-05-14_aftermarket_ac_removed_hidden_evaporator_plan|workbook_parts_row_217|user_update_2026-05-29_list_under_amir_mechanical_easy,not_paid,not_ordered,purchase_ready,"List under Amir/local A/C supplier. Required for the new A/C layout. Size to the J40 core support/grille opening with radiator clearance, hood latch/front panel clearance, hose fitting orientation, and airflow path confirmed. Decide condenser fan only after condenser size and idle airflow are checked."
part_hvac_receiver_drier_20260514,2026-05-14,05_mechanical_baseline,mechanical_baseline,parts,hvac,Receiver-drier matched to R134a A/C layout,planned,,PKR,missing,Amir runner / Coolsun / local automotive A/C supplier,,,user_update|workbook_hvac_rows,user_update_2026-05-14_aftermarket_ac_removed_hidden_evaporator_plan|workbook_parts_row_218|user_update_2026-05-29_list_under_amir_mechanical_easy,not_paid,not_ordered,purchase_ready,"List under Amir/local A/C supplier. Required new whenever the A/C system is opened/rebuilt. Match fittings, bracket location, flow direction, refrigerant compatibility, and service-port/trinary-switch arrangement."
part_hvac_trinary_switch_20260514,2026-05-14,05_mechanical_baseline,mechanical_baseline,parts,hvac,Trinary pressure switch for A/C compressor and fan control,planned,,PKR,missing,Amir runner / Coolsun / local automotive A/C supplier,,,user_update|workbook_hvac_rows,user_update_2026-05-14_aftermarket_ac_removed_hidden_evaporator_plan|workbook_parts_row_219|user_update_2026-05-29_list_under_amir_mechanical_easy,not_paid,not_ordered,purchase_ready,List under Amir/local A/C supplier. Required for pressure protection and condenser-fan request if an electric condenser fan is used. Match switch thread/port to the drier or high-side line and wire it through the final relay/fuse plan.
part_hvac_barrier_hose_fittings_20260514,2026-05-14,05_mechanical_baseline,mechanical_baseline,parts,hvac,A/C barrier hose and refrigerant-compatible fittings,planned,,PKR,missing,Amir runner / Coolsun / local automotive A/C supplier,,,user_update|workbook_hvac_rows|data_rubber_ordering_specs|longman_hls_22,user_update_2026-05-14_aftermarket_ac_removed_hidden_evaporator_plan|workbook_parts_row_220|RUB-024|HLS-22|user_update_2026-05-29_list_under_amir_mechanical_easy,not_paid,not_ordered,purchase_ready,"List under Amir/local A/C supplier. Required, but final crimped hose lengths and fitting angles must wait until compressor, condenser, receiver-drier, firewall bulkhead, and hidden evaporator positions are locked. Use R134a-compatible barrier hose and fittings; pressure/leak test after fabrication."
part_hvac_firewall_bulkhead_fittings_20260514,2026-05-14,05_mechanical_baseline,mechanical_baseline,parts,hvac,A/C firewall bulkhead fittings and sealing grommets,planned,,PKR,missing,Amir runner / Coolsun / local automotive A/C supplier,,,user_update|workbook_hvac_rows,user_update_2026-05-14_aftermarket_ac_removed_hidden_evaporator_plan|workbook_parts_row_221|user_update_2026-05-29_list_under_amir_mechanical_easy,not_paid,not_ordered,purchase_ready,"List under Amir/local A/C supplier. Required for a clean hidden evaporator install. Use proper refrigerant bulkhead fittings or protected pass-throughs, not raw hose through sheet metal. Final hole size and location wait for the evaporator and engine-bay hose route."
part_hvac_blower_clutch_fan_wiring_20260514,2026-05-14,04_electrical_reset,electrical_reset,parts,hvac,"Relay, fuse, switch, and wiring pack for blower, compressor clutch, and condenser fan request",planned,,PKR,missing,local electrical / automotive A/C supplier,,,user_update|workbook_hvac_rows,user_update_2026-05-14_aftermarket_ac_removed_hidden_evaporator_plan|workbook_parts_row_222,not_paid,not_ordered,purchase_ready,"Required to integrate HVAC into the clean loom. Size fuses/wire/relays from the selected blower current, compressor clutch current, and condenser-fan load if fitted; include ignition feed, pressure-switch logic, and serviceable connectors."
part_hvac_r134a_oil_oring_charge_kit_20260514,2026-05-14,05_mechanical_baseline,mechanical_baseline,parts,hvac,"HNBR O-rings, refrigerant oil, vacuum/leak test, and R134a charge setup",planned,,PKR,missing,Amir runner / Coolsun / local automotive A/C supplier,,,user_update|workbook_hvac_rows|data_rubber_ordering_specs,user_update_2026-05-14_aftermarket_ac_removed_hidden_evaporator_plan|workbook_parts_row_224|RUB-024|user_update_2026-05-29_list_under_amir_mechanical_easy,not_paid,not_ordered,purchase_ready,"List under Amir/local A/C supplier. Required consumables/service for the rebuilt A/C circuit. Use refrigerant-compatible HNBR O-rings, correct oil for compressor/refrigerant, deep vacuum, leak test, and measured R134a charge after the complete layout is assembled."
tool_almiraj_ingco_air_setup_bundle_20260517,2026-05-18,00_site_setup,site_setup,tools,workshop_air_supply,"Almiraj INGCO air and cleaning setup - ACS112501 compressor, AH1151 hose, ABG081-3 blow gun, ATG0601 tire inflator, AWG1001 washing gun, HGVC02 gloves, HPWR12008 pressure washer",ordered,83549,PKR,confirmed,almirajtrading.com.pk,,,user_update|web,user_update_2026-05-17_ingco_air_setup_purchase_intent|user_update_2026-05-18_almiratrading_ingco_order|web_almiraj_acs112501|web_almiraj_ah1151|web_almiraj_abg0813|web_almiraj_atg0601|web_toolsmart_tat40122|user_update_2026-05-27_air_compressor_received,paid,pending_delivery,ordered_partial_pending_delivery,"User update 2026-05-18: purchased from almiratrading / Almiraj Trading and not yet received. Order lines: INGCO Air compressor ACS112501 x1 PKR 57000; INGCO Air hose AH1151 x1 PKR 2850; INGCO Air blow gun ABG081-3 x1 PKR 930; INGCO Air tire inflating gun ATG0601 x1 PKR 2880; INGCO Air washing gun AWG1001 x1 PKR 2230; INGCO Leather Gloves 10 in HGVC02 x1 PKR 1660; INGCO High pressure washer HPWR12008 x1 PKR 15999. Total PKR 83549. Keep delivery pending until all seven items are physically received and item-count checked. Risk flagged 2026-05-17: AH1151 should physically fit the Total TAT40122 air impact because both support Nitto/Japanese connectors, but the listed 5/8 mm hose is likely small-bore and may choke airflow. Expect the setup to run blow gun, tire inflator, stapler, washing gun, and light air tools well, and the 1/2 in impact only to some degree; it may feel weak on stubborn fasteners until a larger-bore 8-10 mm ID / 3/8 in Nitto hose is purchased. Use the powered pressure washer cautiously around seals, breathers, bearings, electrical connectors, and open ports. | User update 2026-05-27: air compressor is now on hand. Keep this aggregate order partially open until the remaining Almiraj bundle lines are counted/confirmed: AH1151 hose, ABG081-3 blow gun, ATG0601 tire inflator, AWG1001 washing gun, HGVC02 gloves, and HPWR12008 pressure washer. Original AH1151 hose may be small-bore/type-limited; separate ToolsMart TM25776 Licota Nitto-type hose remains the impact-hose follow-up."
tool_daraz_respirator_mask_20260518,2026-05-18,00_site_setup,site_setup,tools,safety_ppe,Epoxy Resin Mask Respirator Industrial Safety Mask for Epoxy Resin Art Workers Safety Chemical Anti-Dust Anti-Allergy double Filter,received,946,PKR,confirmed,Daraz / H&Z baby products,243331393680938,2026-05-21_to_2026-05-23,gmail,gmail_msg_19e392e32e93eddd|gmail_order_243331393680938|gmail_delivery_243331393680938|gmail_msg_19e3fbe04164503a,paid,received,received,"Daraz order confirmed 2026-05-18 11:42; paid by JazzCash. Item PKR 801 plus shipping PKR 145, total PKR 946. Expected delivery window 2026-05-21 to 2026-05-23. Keep pending until the mask is received and checked against paint/epoxy PPE needs. | Gmail delivery email 2026-05-19 (message 19e3fbe04164503a) says Daraz order 243331393680938 was successfully delivered; close delivery tracking, with only normal PPE fit/use check remaining."
tool_daraz_safety_goggles_20260518,2026-05-18,00_site_setup,site_setup,tools,safety_ppe,Safety Goggle Safety Protective Glasses Goggles Anti Splash Dust Proof Work Lab Eyewear Eye Protection Industrial Research Safety Glasses Clear Lens Multi-function Anti-Fog Antisand Windproof Dust Resistant,received,869,PKR,confirmed,Daraz / Reliable_Shop,243331393480938,2026-05-21_to_2026-05-23,gmail,gmail_msg_19e392e35701144b|gmail_order_243331393480938|gmail_delivery_243331393480938|gmail_msg_19e4a66145e96435,paid,received,received,"Daraz order confirmed 2026-05-18 11:42; paid by JazzCash. Item PKR 699 plus shipping PKR 170, total PKR 869. Expected delivery window 2026-05-21 to 2026-05-23. Keep pending until goggles are received and checked for usable seal/fit before grinding/paint-prep work. | Gmail delivery email 2026-05-21 (message 19e4a66145e96435) says Daraz order 243331393480938 was successfully delivered; close delivery tracking, with only normal goggles fit/seal check remaining."
tool_large_bore_nitto_air_hose_impact_followup_20260517,2026-05-23,00_site_setup,site_setup,tools,workshop_air_supply,Large-bore Nitto air hose for 1/2 inch impact wrench,ordered,4720,PKR,confirmed,ToolsMart.pk,TM25776,,user_update|web|gmail,user_update_2026-05-17_ingco_air_setup_purchase_intent|web_almiraj_ah1151|web_toolsmart_tat40122|web_toolsmart_licota_pu_hose_9m_nitto|gmail_msg_19e5622147cdd91a|gmail_order_TM25776|bank_alert_19e5622515169f29,paid,pending_delivery,ordered_pending_delivery,"ToolsMart order TM25776 confirmed on 2026-05-23 includes LICOTA MADE IN TAIWAN PU HOSE ROLL 9M W/ NITTO TYPE QUICK COUPLER x1 at PKR 4720. This should clear the impact-wrench airflow follow-up if the delivered hose is truly larger-bore and has compatible Nitto/Japanese quick couplers. Receipt check: confirm hose ID/OD if marked, coupler fit, no cuts or leaks, and actual impact performance on stubborn fasteners. | Air compressor is now on hand per user update 2026-05-27, but this replacement hose stays pending until ToolsMart order TM25776 is received and the Nitto-type couplers, hose bore, leaks, and actual impact-wrench performance are checked against the compressor and tools."
tool_toolsmart_ingco_heavy_duty_cable_cutter_250mm_hhccb0210_20260523,2026-05-23,04_electrical_reset,electrical_reset,tools,electrical,Ingco Heavy duty cable cutter 250mm HHCCB0210,ordered,2130,PKR,confirmed,ToolsMart.pk,TM25776,,gmail|web,gmail_msg_19e5622147cdd91a|gmail_order_TM25776|bank_alert_19e5622515169f29|web_toolsmart_hhccb0210,paid,pending_delivery,ordered_pending_delivery,"ToolsMart order TM25776 confirmed on 2026-05-23 includes Ingco Heavy duty cable cutter 250mm HHCCB0210 x1 at PKR 2130. Intended for electrical cable sizing and clean cable cuts during loom reset; receipt check jaw alignment, cutting edge condition, pivot/action, handle insulation/grip condition, and do not use it on hardened steel."
tool_daraz_led_flood_light_100w_ip66_20260527,2026-05-27,00_site_setup,site_setup,tools,workshop_lighting,Daraz 100W IP66 LED flood light - workshop/site lighting,ordered,5169,PKR,confirmed,Daraz / Tz electronic,242670698180938,2026-05-30_to_2026-06-07,gmail|bank_alert,gmail_msg_19e6616c37064cd5|gmail_order_242670698180938|bank_alert_19e6618015d8106b,paid,pending_delivery,ordered_pending_delivery,"Daraz order 242670698180938 confirmed 2026-05-27 from Tz electronic: Led Flood Light 100W IP66 Water proof x1, item PKR 4999 plus PKR 170 shipping, total PKR 5169, paid by card. Standard Chartered alert at 2026-05-27 02:00 PKT shows combined Daraz charge PKR 8387 for this order plus order 242670698380938. Delivery window 2026-05-30 to 2026-06-07. Workshop/site lighting only; this does not change vehicle exterior lighting requirements. Receipt check: confirm 100W marking, IP66-style housing/gland, intact lens, plug/lead condition, safe 220-240 V operation, and useful work-area beam before relying on it for night/paint inspection work."
part_daraz_cable_clip_clamp_assortment_20260527,2026-05-27,04_electrical_reset,electrical_reset,parts,electrical_line_support,Daraz cable support clamp assortment - 2/3mm wire-rope clamps x10 and 304 stainless PV cable clips x10,ordered,2216,PKR,confirmed_prorated,Daraz / Buy More Save More Store,242670698380938,2026-06-04_to_2026-06-10,gmail|bank_alert,gmail_msg_19e6616c326fb4d4|gmail_order_242670698380938|bank_alert_19e6618015d8106b,paid,pending_delivery,ordered_pending_delivery,"Daraz order 242670698380938 confirmed 2026-05-27 from Buy More Save More Store. Hardware lines: 10pcs 2/3mm wire rope clamp / cable clip fastener adjustable screw copper metal fixture x1 at PKR 1055, and 10pcs 304 stainless solar PV cable clips/clamps x1 at PKR 1154. Allocated amount PKR 2216 equals line subtotal PKR 2209 plus prorated share of net shipping/saving from the mixed order. Paid by card as part of combined Daraz PKR 8387 bank alert. Candidate supplemental cable/wire support only: do not treat as final brake/clutch hydraulic line support, fuel-line support, or permanent harness support until physical fit, edge/chafe behavior, material/plating, screw quality, cable OD grip, and corrosion risk are checked."
tool_daraz_angle_grinder_side_handle_20260527,2026-05-27,00_site_setup,site_setup,tools,power_tool_accessory,Daraz angle-grinder auxiliary side handle - 8mm/10mm thread candidate,ordered,1002,PKR,confirmed_prorated,Daraz / Buy More Save More Store,242670698380938,2026-06-04_to_2026-06-10,gmail|bank_alert,gmail_msg_19e6616c326fb4d4|gmail_order_242670698380938|bank_alert_19e6618015d8106b,paid,pending_delivery,ordered_pending_delivery,"Daraz order 242670698380938 confirmed 2026-05-27 includes NEW SALE 8mm 10mm Thread Auxiliary Side Handle For Angle Grinder Grinding Machine Tools x1 at PKR 999. Allocated amount PKR 1002 equals line subtotal plus prorated net shipping/saving from the mixed order. Candidate replacement/accessory only: on receipt, verify M8/M10 thread compatibility with the actual grinder, thread engagement, handle stiffness, heat resistance, and secure fit before using during grinding or wire-brush work."
tool_sledge_hammer_3lb_20260527,2026-05-28,00_site_setup,site_setup,tools,hand_tools,3 lb sledge / club hammer,received_candidate,,PKR,missing,Amir / Montgomery Road local tool supplier,amir_local_procurement_20260528,,user_update|docs_amir_montgomery,user_update_2026-05-27_amir_sledge_purchase_run|docs/amir-montgomery-road-shopping-list-20260527.md|user_update_2026-05-28_procured_by_amir,unknown,needs_confirmation,received_candidate,"User clarification 2026-05-28: mark the 3 lb sledge / club hammer as procured by Amir. Receipt check: confirm actual 3 lb head, tight head-to-handle fit, solid handle, no cracks, and usable striking faces before using on seized suspension/brake hardware."
tool_toolsmart_licota_quick_coupler_1_4_iron_20260527,2026-05-27,00_site_setup,site_setup,tools,workshop_air_supply,LICOTA MADE IN TAIWAN QUICK COUPLER - ONE TOUCH 1/4 in IRON,ordered,1390,PKR,confirmed,ToolsMart.pk,TM25805,,gmail|bank_alert,gmail_msg_19e6a00106af752c|gmail_order_TM25805|bank_alert_19e6a0072d6b41d7,paid,pending_delivery,ordered_pending_delivery,"ToolsMart order TM25805 confirmed 2026-05-27 includes LICOTA MADE IN TAIWAN QUICK COUPLER - ONE TOUCH 1/4 inch IRON x1 at PKR 1390. Standard Chartered alert at 2026-05-27 20:13 PKT shows ToolsMart charge PKR 24320 for the full TM25805 order. Receipt check: confirm Nitto/Japanese quick-coupler profile, 1/4 thread type, fit to the compressor hose/tools, no air leaks, and do not treat this adapter alone as solving small-bore hose airflow."
tool_toolsmart_pard_double_flaring_cutting_tool_set_tm25805_20260527,2026-05-27,06c_brake_system,brake_system,tools,line_fabrication_tool,PARD Double Flaring and Cutting Tool Set - 3/16 in to 5/8 in,ordered,18210,PKR,confirmed,ToolsMart.pk,TM25805,,gmail|bank_alert,gmail_msg_19e6a00106af752c|gmail_order_TM25805|bank_alert_19e6a0072d6b41d7,paid,pending_delivery,ordered_pending_delivery,"ToolsMart order TM25805 confirmed 2026-05-27 includes PARD Double Flaring and Cutting Tool Set - 3/16 inch to 5/8 inch x1 at PKR 18210. This is a second/replacement PARD flaring-kit candidate relative to the older TM25550 received-candidate row. Do not release brake/clutch hard-line fabrication until the delivered kit is physically checked on scrap 4.75 mm / 3/16 in brake tube and proves a proper 45-degree double/inverted flare without slipping, cracking, or making only ISO bubble/single flares. If the earlier TM25550 kit is already on hand and usable, treat this new order as duplicate stock/return candidate after receipt."
tool_toolsmart_licota_pu_hose_9m_nitto_tm25805_20260527,2026-05-27,00_site_setup,site_setup,tools,workshop_air_supply,LICOTA MADE IN TAIWAN PU HOSE ROLL 9M W/ NITTO TYPE QUICK COUPLER,ordered,4720,PKR,confirmed,ToolsMart.pk,TM25805,,gmail|bank_alert,gmail_msg_19e6a00106af752c|gmail_order_TM25805|bank_alert_19e6a0072d6b41d7,paid,pending_delivery,ordered_pending_delivery,"ToolsMart order TM25805 confirmed 2026-05-27 includes a second LICOTA MADE IN TAIWAN PU HOSE ROLL 9M W/ NITTO TYPE QUICK COUPLER x1 at PKR 4720. Together with TM25776 this means two Licota Nitto hose rolls are pending if both orders are fulfilled. Receipt check: confirm hose ID/OD if marked, Nitto coupler compatibility, no cuts/leaks, and actual 1/2 inch impact-wrench performance against the compressor."
tool_daraz_angle_grinder_m8_antivibration_side_handle_20260527,2026-05-27,00_site_setup,site_setup,tools,power_tool_accessory,M8 Thread Angle Grinder Handle thickened anti-vibration side handle for 100 type angle grinder,ordered,1354,PKR,confirmed,Daraz / Buy More Save More Store,243775543180938,2026-06-05_to_2026-06-11,gmail|bank_alert,gmail_msg_19e69fe615478540|gmail_order_243775543180938|bank_alert_19e69febe5ca7e55,paid,pending_delivery,ordered_pending_delivery,"Daraz order 243775543180938 confirmed 2026-05-27 23:11 from Buy More Save More Store: M8 Thread Angle Grinder Handle Thickened Anti-Vibration Reduce Damping Side Handle For 100 Type Angle Grinder Accessories x1, item PKR 1184 plus PKR 170 shipping, total PKR 1354, paid by card. Delivery window 2026-06-05 to 2026-06-11. This is a separate M8-only handle candidate from the earlier 8/10 mm Daraz handle row; on receipt verify M8 thread, 100-type grinder compatibility, thread engagement, handle stiffness, and secure fit before grinding."
tool_aliexpress_nitto_male_coupling_air_fittings_5pc_20260527,2026-05-27,00_site_setup,site_setup,tools,workshop_air_supply,AliExpress 5PCS NITTO male coupling air fittings,ordered,3072,PKR,confirmed,AliExpress,3073111533377489,,gmail,gmail_msg_19e69fea16f42834|gmail_order_3073111533377489,paid,pending_delivery,ordered_pending_delivery,"AliExpress order 3073111533377489 confirmed 2026-05-27: email line shows 5PCS NITTO Male Coupling Air ... x1 with order total PKR 3072. Product title is truncated in the email, so receipt/order-page check must confirm exact Nitto/Japanese profile, thread type such as 1/4 BSP or NPT, male/female style, quantity 5, seal method, and leak-free fit with the compressor hose, hand gun, and air tools before treating these as final adapters."
part_raptor_hardener_1l_amir_20260528,2026-05-28,03b_chassis_fixing,chassis_fixing,parts,chassis_coating_consumables,Raptor hardener / activator - 1 L,received_candidate,,PKR,missing,Amir / local paint supplier,amir_local_procurement_20260528,,user_update,user_update_2026-05-28_procured_by_amir,unknown,needs_confirmation,received_candidate,"User clarification 2026-05-28: mark 1 L Raptor hardener as procured by Amir. Receipt check: confirm it is genuine/compatible U-POL Raptor hardener/activator for the existing Raptor coating, sealed, in-date, correct volume, and not a generic 2K hardener for a different product before mixing or coating."
part_brighto_extreme_paint_remover_3l_amir_20260528,2026-05-28,03b_chassis_fixing,chassis_fixing,parts,paint_stripping_consumables,Brighto Extreme Paint Remover - 3 L,received_candidate,,PKR,missing,Amir / local paint supplier,amir_local_procurement_20260528,,user_update,user_update_2026-05-28_procured_by_amir_addendum,unknown,needs_confirmation,received_candidate,"User addendum 2026-05-28: mark Brighto Extreme Paint Remover 3L as procured by Amir. Receipt/use check: confirm sealed 3 L Brighto Extreme Paint Remover container, correct product, no leaks, and compatible use area before applying. Keep away from rubber, wiring, seals, brake/fuel components, and finished paint unless deliberately stripping; use PPE and ventilation."
tool_blow_torch_amir_20260528,2026-05-28,00_site_setup,site_setup,tools,heat_release_tools,Blow torch for seized suspension pin heat release,received_candidate,,PKR,missing,Amir / local tool supplier,amir_local_procurement_20260528,,user_update,user_update_2026-05-28_procured_by_amir_addendum,unknown,needs_confirmation,received_candidate,"User addendum 2026-05-28: mark blow torch as procured by Amir for heating a seized suspension pin. Receipt/safety check: confirm torch type, included or compatible gas canister, sound hose/valve/ignition if fitted, no leaks, and suitable heat output. Use only with fire extinguisher ready; protect fuel/brake lines, rubber bushes, wiring, paint stripper residue, and coatings; heat surrounding bracket/sleeve cautiously rather than overheating spring steel."
service_engine_radiator_recore_or_new_by_sample_20260529,2026-05-29,05_mechanical_baseline,mechanical_baseline,service,cooling,Engine radiator recore or new copper/brass build by old sample through Amir,planned,,PKR,missing,Amir runner / Master Radiators / Kor Tech Radiator / local Lahore radiator shop,,,user_direction|photo_review|docs_engine_radiator_recore_release_20260529|docs_amir_refurb_video_gates,user_update_2026-05-29_do_what_best_engine_radiator|user_update_2026-05-29_extra_fabricated_leg_bad_install|user_update_2026-05-29_aluminium_radiator_adapter_contingency|20260430_215957_gp_2iBbUagw|20260430_220004_gp_C9oYiYmA|radiator_cap_current_car_crop_20260503|docs/engine-radiator-recore-release-20260529.md|docs/amir-refurbishment-video-gates-20260529.md|docs/front-engine-bay-mounting-fabrication-plan-20260508.md,not_paid,not_ordered,amir_refurb_quote_video_gate,"Amir may take the old radiator as the pattern. Pressure-test and flow-test; if copper/brass tanks, necks, drain, and brackets are sound, recore with a new heavy-duty core; if tanks/brackets/neck/mounts are poor, fabricate a complete new copper/brass radiator by sample. The extra fabricated support leg shows the previous installation was wrong, so do not copy it as the main support. If the bought aluminium radiator is used, dry-fit first; fabricate only a removable rubber-isolated adapter/cradle if the radiator core, tanks, necks, cap, drain, hose paths, and fan clearance are correct. Do not hard-mount or load the aluminium tank/core. Final fit must use proper lower pads and side/top mounts, with vehicle-side bracket repair handled separately if needed. Payment/final collection is blocked until the video gate is approved: old sample identity, measurements, shop decision, pressure/leak test, core/build proof, corrected mounting proof, and final acceptance video. Preserve 2H/HJ47-style hose neck positions, cap, overflow, drain, mounting tabs, shroud/fan clearance, and lower pad landings. Coordinate with part_mech_radiator_hose_set and part_mech_radiator_cap; do not buy an off-the-shelf radiator blind."
