entry_id,phase,workstream,bucket,item,company,transaction_number,order_date,expected_delivery_date,status,procurement_stage,payment_status,delivery_status,amount,currency,product_link,evidence_ref,audit_status,audit_priority,order_search_query,receipt_search_query
part_hvac_barrier_hose_fittings_20260514,05_mechanical_baseline,ac_hvac_retrofit,parts,A/C barrier hose and refrigerant-compatible fittings,Amir runner / Coolsun / local automotive A/C supplier,,2026-05-14,,planned,purchase_ready,not_paid,not_ordered,,PKR,,user_update_2026-05-14_aftermarket_ac_removed_hidden_evaporator_plan|workbook_parts_row_220|RUB-024|HLS-22|user_update_2026-05-29_list_under_amir_mechanical_easy,find_order_or_quote_proof,high,"""Amir runner / Coolsun / local automotive A/C supplier"" ""A/C barrier hose and refrigerant-compatible fittings"" (order OR confirmation OR shipped OR dispatch OR tracking)","""Amir runner / Coolsun / local automotive A/C supplier"" ""A/C barrier hose and refrigerant-compatible fittings"" (receipt OR invoice OR paid OR payment)"
part_hvac_blower_clutch_fan_wiring_20260514,04_electrical_reset,ac_hvac_retrofit,parts,"Relay, fuse, switch, and wiring pack for blower, compressor clutch, and condenser fan request",local electrical / automotive A/C supplier,,2026-05-14,,planned,purchase_ready,not_paid,not_ordered,,PKR,,user_update_2026-05-14_aftermarket_ac_removed_hidden_evaporator_plan|workbook_parts_row_222,find_order_or_quote_proof,high,"""local electrical / automotive A/C supplier"" ""Relay, fuse, switch, and wiring pack for blower, compressor clutch, and condenser fan request"" (order OR confirmation OR shipped OR dispatch OR tracking)","""local electrical / automotive A/C supplier"" ""Relay, fuse, switch, and wiring pack for blower, compressor clutch, and condenser fan request"" (receipt OR invoice OR paid OR payment)"
part_hvac_control_panel_20260514,07_interior_weatherproofing,ac_hvac_retrofit,parts,Compact A/C control panel or integrated controls,Coolsun / local automotive A/C supplier,,2026-05-14,,planned,purchase_ready,not_paid,not_ordered,,PKR,,user_update_2026-05-14_aftermarket_ac_removed_hidden_evaporator_plan|workbook_parts_row_214,find_order_or_quote_proof,high,"""Coolsun / local automotive A/C supplier"" ""Compact A/C control panel or integrated controls"" (order OR confirmation OR shipped OR dispatch OR tracking)","""Coolsun / local automotive A/C supplier"" ""Compact A/C control panel or integrated controls"" (receipt OR invoice OR paid OR payment)"
part_hvac_duct_defrost_hose_kit_20260514,07_interior_weatherproofing,ac_hvac_retrofit,parts,"2.5 inch duct hose, vent adapters, and defrost/demist hose kit",Coolsun / local automotive A/C supplier,,2026-05-14,,planned,purchase_ready,not_paid,not_ordered,,PKR,,user_update_2026-05-14_aftermarket_ac_removed_hidden_evaporator_plan|workbook_parts_row_215|RUB-025,find_order_or_quote_proof,high,"""Coolsun / local automotive A/C supplier"" ""2.5 inch duct hose, vent adapters, and defrost/demist hose kit"" (order OR confirmation OR shipped OR dispatch OR tracking)","""Coolsun / local automotive A/C supplier"" ""2.5 inch duct hose, vent adapters, and defrost/demist hose kit"" (receipt OR invoice OR paid OR payment)"
part_hvac_evaporator_drain_mount_kit_20260514,07_interior_weatherproofing,ac_hvac_retrofit,parts,Evaporator drain hose and mounting/sealing kit,Coolsun / local automotive A/C supplier,,2026-05-14,,planned,purchase_ready,not_paid,not_ordered,,PKR,,user_update_2026-05-14_aftermarket_ac_removed_hidden_evaporator_plan|workbook_parts_row_216|RUB-024,find_order_or_quote_proof,high,"""Coolsun / local automotive A/C supplier"" ""Evaporator drain hose and mounting/sealing kit"" (order OR confirmation OR shipped OR dispatch OR tracking)","""Coolsun / local automotive A/C supplier"" ""Evaporator drain hose and mounting/sealing kit"" (receipt OR invoice OR paid OR payment)"
part_hvac_firewall_bulkhead_fittings_20260514,05_mechanical_baseline,ac_hvac_retrofit,parts,A/C firewall bulkhead fittings and sealing grommets,Amir runner / Coolsun / local automotive A/C supplier,,2026-05-14,,planned,purchase_ready,not_paid,not_ordered,,PKR,,user_update_2026-05-14_aftermarket_ac_removed_hidden_evaporator_plan|workbook_parts_row_221|user_update_2026-05-29_list_under_amir_mechanical_easy,find_order_or_quote_proof,high,"""Amir runner / Coolsun / local automotive A/C supplier"" ""A/C firewall bulkhead fittings and sealing grommets"" (order OR confirmation OR shipped OR dispatch OR tracking)","""Amir runner / Coolsun / local automotive A/C supplier"" ""A/C firewall bulkhead fittings and sealing grommets"" (receipt OR invoice OR paid OR payment)"
part_hvac_hidden_evaporator_blower_unit_20260514,07_interior_weatherproofing,ac_hvac_retrofit,parts,Hidden compact evaporator core/case and outlet plenum for custom blower fitment,AliExpress,3073062248277489,2026-05-30,,ordered,ordered_pending_delivery,paid,pending_delivery,36942,PKR,,user_update_2026-05-14_aftermarket_ac_removed_hidden_evaporator_plan|user_update_2026-05-30_cabin_ac_missing|workbook_parts_row_212|docs/hvac-evaporator-blower-sourcing-20260514.md|docs/amir-montgomery-road-shopping-list-20260527.md|gmail_msg_19e78b8a26f000c1|bank_alert_19e78b8dbe36d812|aliexpress_order_3073062248277489|gmail_msg_19e8cd7d9efb4afa|aliexpress_shipped_3073062248277489,track_order_delivery,high,"""3073062248277489"" ""AliExpress"" ""Hidden compact evaporator core/case and outlet plenum for custom blower fitment"" (order OR confirmation OR shipped OR dispatch OR tracking)","""3073062248277489"" ""AliExpress"" ""Hidden compact evaporator core/case and outlet plenum for custom blower fitment"" (receipt OR invoice OR paid OR payment)"
part_hvac_parallel_flow_condenser_20260514,05_mechanical_baseline,ac_hvac_retrofit,parts,Parallel-flow A/C condenser sized to core support,Amir runner / Coolsun / local automotive A/C supplier,,2026-05-14,,planned,purchase_ready,not_paid,not_ordered,,PKR,,user_update_2026-05-14_aftermarket_ac_removed_hidden_evaporator_plan|workbook_parts_row_217|user_update_2026-05-29_list_under_amir_mechanical_easy,find_order_or_quote_proof,high,"""Amir runner / Coolsun / local automotive A/C supplier"" ""Parallel-flow A/C condenser sized to core support"" (order OR confirmation OR shipped OR dispatch OR tracking)","""Amir runner / Coolsun / local automotive A/C supplier"" ""Parallel-flow A/C condenser sized to core support"" (receipt OR invoice OR paid OR payment)"
part_hvac_r134a_oil_oring_charge_kit_20260514,05_mechanical_baseline,ac_hvac_retrofit,parts,"HNBR O-rings, refrigerant oil, vacuum/leak test, and R134a charge setup",Amir runner / Coolsun / local automotive A/C supplier,,2026-05-14,,planned,purchase_ready,not_paid,not_ordered,,PKR,,user_update_2026-05-14_aftermarket_ac_removed_hidden_evaporator_plan|workbook_parts_row_224|RUB-024|user_update_2026-05-29_list_under_amir_mechanical_easy,find_order_or_quote_proof,high,"""Amir runner / Coolsun / local automotive A/C supplier"" ""HNBR O-rings, refrigerant oil, vacuum/leak test, and R134a charge setup"" (order OR confirmation OR shipped OR dispatch OR tracking)","""Amir runner / Coolsun / local automotive A/C supplier"" ""HNBR O-rings, refrigerant oil, vacuum/leak test, and R134a charge setup"" (receipt OR invoice OR paid OR payment)"
part_hvac_receiver_drier_20260514,05_mechanical_baseline,ac_hvac_retrofit,parts,Receiver-drier matched to R134a A/C layout,Amir runner / Coolsun / local automotive A/C supplier,,2026-05-14,,planned,purchase_ready,not_paid,not_ordered,,PKR,,user_update_2026-05-14_aftermarket_ac_removed_hidden_evaporator_plan|workbook_parts_row_218|user_update_2026-05-29_list_under_amir_mechanical_easy,find_order_or_quote_proof,high,"""Amir runner / Coolsun / local automotive A/C supplier"" ""Receiver-drier matched to R134a A/C layout"" (order OR confirmation OR shipped OR dispatch OR tracking)","""Amir runner / Coolsun / local automotive A/C supplier"" ""Receiver-drier matched to R134a A/C layout"" (receipt OR invoice OR paid OR payment)"
part_hvac_return_air_grille_filter_20260514,07_interior_weatherproofing,ac_hvac_retrofit,parts,Hidden return-air grille and washable filter for evaporator intake,Coolsun / local automotive A/C supplier,,2026-05-14,,planned,purchase_ready,not_paid,not_ordered,,PKR,,user_update_2026-05-14_aftermarket_ac_removed_hidden_evaporator_plan,find_order_or_quote_proof,high,"""Coolsun / local automotive A/C supplier"" ""Hidden return-air grille and washable filter for evaporator intake"" (order OR confirmation OR shipped OR dispatch OR tracking)","""Coolsun / local automotive A/C supplier"" ""Hidden return-air grille and washable filter for evaporator intake"" (receipt OR invoice OR paid OR payment)"
part_hvac_slim_louver_outlet_panel_20260514,07_interior_weatherproofing,ac_hvac_retrofit,parts,Slim under-dash louver outlet panel / matched air-directing vent pieces,Coolsun / local automotive A/C supplier,,2026-05-14,,planned,purchase_ready,not_paid,not_ordered,,PKR,,user_update_2026-05-14_aftermarket_ac_removed_hidden_evaporator_plan|workbook_parts_row_213|user_update_2026-05-27_required_purchase_line_cleanup,find_order_or_quote_proof,high,"""Coolsun / local automotive A/C supplier"" ""Slim under-dash louver outlet panel / matched air-directing vent pieces"" (order OR confirmation OR shipped OR dispatch OR tracking)","""Coolsun / local automotive A/C supplier"" ""Slim under-dash louver outlet panel / matched air-directing vent pieces"" (receipt OR invoice OR paid OR payment)"
part_hvac_trinary_switch_20260514,05_mechanical_baseline,ac_hvac_retrofit,parts,Trinary pressure switch for A/C compressor and fan control,Amir runner / Coolsun / local automotive A/C supplier,,2026-05-14,,planned,purchase_ready,not_paid,not_ordered,,PKR,,user_update_2026-05-14_aftermarket_ac_removed_hidden_evaporator_plan|workbook_parts_row_219|user_update_2026-05-29_list_under_amir_mechanical_easy,find_order_or_quote_proof,high,"""Amir runner / Coolsun / local automotive A/C supplier"" ""Trinary pressure switch for A/C compressor and fan control"" (order OR confirmation OR shipped OR dispatch OR tracking)","""Amir runner / Coolsun / local automotive A/C supplier"" ""Trinary pressure switch for A/C compressor and fan control"" (receipt OR invoice OR paid OR payment)"
part_body_retaining_clips_cotter_pin_pack,03_body_chassis,body_chassis,parts,Body retaining clip pack - R-clips hairpins split pins circlips and small cotters,local fastener / body hardware supplier,,2026-05-04,,planned,purchase_ready,not_paid,not_ordered,,PKR,,20260503_153832_gp_0FJJiLHg|user_update_2026-05-04_fastener_photo_gap_review|data/manual/fastener_photo_count_estimates.csv,find_order_or_quote_proof,high,"""local fastener / body hardware supplier"" ""Body retaining clip pack - R-clips hairpins split pins circlips and small cotters"" (order OR confirmation OR shipped OR dispatch OR tracking)","""local fastener / body hardware supplier"" ""Body retaining clip pack - R-clips hairpins split pins circlips and small cotters"" (receipt OR invoice OR paid OR payment)"
part_fastener_kit_c_captive_clip_nuts,03_body_chassis,body_chassis,parts,Fastener Kit C remaining: Captive/clip/speed nut and weld-nut assortment - M6/M8,Bilal Ganj clip/captive/rivnut suppliers,,2026-05-03,,planned,purchase_ready,not_paid,not_ordered,,PKR,,20260503_153832_gp_0FJJiLHg|workbook_parts#row_227|user_update_2026-05-03_screw_photo_review|data/manual/fastener_photo_count_estimates.csv|user_update_2026-05-08_rivets_received|user_update_2026-05-09_m6_m8_rivnut_confirmation|photos/20260508_rivnuts_received_user_photo.png|photos/20260508_m6_rivnut_box_labels_user_photo.png,find_order_or_quote_proof,high,"""Bilal Ganj clip/captive/rivnut suppliers"" ""Fastener Kit C remaining: Captive/clip/speed nut and weld-nut assortment - M6/M8"" (order OR confirmation OR shipped OR dispatch OR tracking)","""Bilal Ganj clip/captive/rivnut suppliers"" ""Fastener Kit C remaining: Captive/clip/speed nut and weld-nut assortment - M6/M8"" (receipt OR invoice OR paid OR payment)"
tool_harden_cup_wire_brush_100mm_m14,03_body_chassis,body_chassis,tools,Harden Cup Wire Brush With NutSize100mm x M14x2.0,Toolsmart.pk,TM25240,2026-04-13,,received_candidate,received_candidate,paid,needs_confirmation,2920,PKR,,gmail_msg_19d852aa76c4a57e|gmail_order_TM25240|shopify_order_d0c25d9c64d70f2d5bef2c20a55fa3e7,confirm_order_or_receipt,high,"""TM25240"" ""Toolsmart.pk"" ""Harden Cup Wire Brush With NutSize100mm x M14x2.0"" (order OR confirmation OR shipped OR dispatch OR tracking)","""TM25240"" ""Toolsmart.pk"" ""Harden Cup Wire Brush With NutSize100mm x M14x2.0"" (receipt OR invoice OR paid OR payment)"
tool_wadfow_abrasive_metal_grinding_disc_wac1353,03_body_chassis,body_chassis,tools,Wadfow Abrasive metal grinding disc WAC1353,Toolsmart.pk,TM25240,2026-04-13,,received_candidate,received_candidate,paid,needs_confirmation,1440,PKR,,gmail_msg_19d852aa76c4a57e|gmail_order_TM25240|shopify_order_d0c25d9c64d70f2d5bef2c20a55fa3e7,confirm_order_or_receipt,high,"""TM25240"" ""Toolsmart.pk"" ""Wadfow Abrasive metal grinding disc WAC1353"" (order OR confirmation OR shipped OR dispatch OR tracking)","""TM25240"" ""Toolsmart.pk"" ""Wadfow Abrasive metal grinding disc WAC1353"" (receipt OR invoice OR paid OR payment)"
part_brake_clutch_475_hard_line_stock_full_vehicle_20260514,06c_brake_system,brake_system,parts,Brake/clutch hard-line tube stock candidate - Altivox 3/16 in 25 ft kit with 28 fittings,Ubuy,1622606272102,2026-06-02,10-15_business_days_plus_customs,received_candidate,received_candidate,paid,needs_confirmation,35496,PKR,,user_update_2026-05-14_full_vehicle_brake_clutch_line_purchase_list|HLS-15|HLS-19|BR-REAR-002|RP-BRAKE-001|RP-CLUTCH-001|docs/brake-line-cheap-sourcing-20260524.md|docs/pakistan-brake-piping-handbrake-sources-20260524.md|web_sna_industries_steel_brake_pipes_brake_hoses|gari_lahore_mild_steel_hydraulic_brake_pipe_reference|fedhill_25ft_cunifer_reference|fcp_euro_25ft_cunifer_reference|user_update_2026-05-24_price_brake_lines_before_other_parts|user_update_2026-05-27_amir_brake_tube_purchase_run|docs/amir-montgomery-road-shopping-list-20260527.md|user_update_2026-05-28_procured_by_amir|gmail_msg_19e88d9b5b2e0cca|ubuy_order_1622606272102|user_update_2026-06-18_copper_tubing_arrived|user_update_2026-06-18_rear_wheel_cylinder_clarification,confirm_order_or_receipt,high,"""1622606272102"" ""Ubuy"" ""Brake/clutch hard-line tube stock candidate - Altivox 3/16 in 25 ft kit with 28 fittings"" (order OR confirmation OR shipped OR dispatch OR tracking)","""1622606272102"" ""Ubuy"" ""Brake/clutch hard-line tube stock candidate - Altivox 3/16 in 25 ft kit with 28 fittings"" (receipt OR invoice OR paid OR payment)"
part_brake_clutch_line_support_clamps_full_vehicle_20260514,06c_brake_system,brake_system,parts,"Full vehicle brake/clutch line support pack - P-clips, clamp-on axle supports, edge protection",on-hand P-clip and support stock / original line-route match,on_hand_stock_20260530,2026-05-30,,received_candidate,received_candidate,unknown,needs_location_match,,PKR,,user_update_2026-05-14_clamp_on_line_supports|HLS-16|BR-REAR-006|docs/rear-drum-brake-buy-sheet-20260524.md|user_update_2026-05-30_on_hand_pclips_uclips_brake_tees,confirm_on_hand_location_match,high,"""on_hand_stock_20260530"" ""on-hand P-clip and support stock / original line-route match"" ""Full vehicle brake/clutch line support pack - P-clips, clamp-on axle supports, edge protection"" (order OR confirmation OR shipped OR dispatch OR tracking)","""on_hand_stock_20260530"" ""on-hand P-clip and support stock / original line-route match"" ""Full vehicle brake/clutch line support pack - P-clips, clamp-on axle supports, edge protection"" (receipt OR invoice OR paid OR payment)"
part_brake_flex_hose_retaining_clip_pack_20260514,06c_brake_system,brake_system,parts,Brake flex-hose retaining U-clips and bracket hardware pack,on-hand brake hose U-clip stock / original bracket location match,on_hand_stock_20260530,2026-05-30,,received_candidate,received_candidate,unknown,needs_location_match,,PKR,,user_update_2026-05-14_full_vehicle_brake_clutch_line_purchase_list|HLS-17|BR-FRONT-004|BR-REAR-003|docs/rear-drum-brake-buy-sheet-20260524.md|user_update_2026-05-30_on_hand_pclips_uclips_brake_tees,confirm_on_hand_location_match,high,"""on_hand_stock_20260530"" ""on-hand brake hose U-clip stock / original bracket location match"" ""Brake flex-hose retaining U-clips and bracket hardware pack"" (order OR confirmation OR shipped OR dispatch OR tracking)","""on_hand_stock_20260530"" ""on-hand brake hose U-clip stock / original bracket location match"" ""Brake flex-hose retaining U-clips and bracket hardware pack"" (receipt OR invoice OR paid OR payment)"
part_brake_hydraulic_tees_unions_splitters_20260514,06c_brake_system,brake_system,parts,Brake hydraulic splitter T-union and inline union replacement set,on-hand brake tee/union stock / old-location sample match,on_hand_stock_20260530,2026-05-30,,received_candidate,received_candidate,unknown,needs_location_match,,PKR,,user_update_2026-05-14_rear_axle_splitter_purchase_list|BR-REAR-002|BR-REAR-003|BR-SYS-001|BR-CAPTURE-001|docs/brake-line-cheap-sourcing-20260524.md|user_update_2026-05-24_price_brake_lines_before_other_parts|user_update_2026-05-30_on_hand_pclips_uclips_brake_tees,confirm_on_hand_location_match,high,"""on_hand_stock_20260530"" ""on-hand brake tee/union stock / old-location sample match"" ""Brake hydraulic splitter T-union and inline union replacement set"" (order OR confirmation OR shipped OR dispatch OR tracking)","""on_hand_stock_20260530"" ""on-hand brake tee/union stock / old-location sample match"" ""Brake hydraulic splitter T-union and inline union replacement set"" (receipt OR invoice OR paid OR payment)"
part_brake_master_reservoir_refresh,06c_brake_system,brake_system,parts,Brake master cylinder candidate order - ULTIMA UFM-1041 x1; reservoir/proportioning still inspect,PakWheels AUTOSTORE,1075298,2026-05-25,after_eid_vendor_note_no_exact_date,ordered,ordered_pending_delivery,unknown,pending_delivery,6307,PKR,,BR-SYS-001|20260331_224409|20260331_224423|gmail_msg_19e5e217925bd4c7|gmail_order_1075298|gmail_msg_19e88fa7035750dd|gmail_cancel_1075421|gmail_msg_19e8e727ef0410d4|leopards_KI7535728644,track_order_delivery,high,"""1075298"" ""PakWheels AUTOSTORE"" ""Brake master cylinder candidate order - ULTIMA UFM-1041 x1; reservoir/proportioning still inspect"" (order OR confirmation OR shipped OR dispatch OR tracking)","""1075298"" ""PakWheels AUTOSTORE"" ""Brake master cylinder candidate order - ULTIMA UFM-1041 x1; reservoir/proportioning still inspect"" (receipt OR invoice OR paid OR payment)"
part_clutch_master_slave_cylinders_20260514,06c_brake_system,brake_system,parts,Clutch master cylinder candidates - Trupart FM-1246 x2; slave cylinder still inspect,PakWheels AUTOSTORE,1075298|1076462,2026-05-25,after_eid_vendor_note_no_exact_date,ordered,ordered_partial_pending_delivery,unknown,pending_delivery,7494,PKR,,user_update_2026-05-14_full_vehicle_brake_clutch_line_purchase_list|RP-CLUTCH-001|gmail_msg_19e5e217925bd4c7|gmail_order_1075298|gmail_msg_19e738813f17b21a|gmail_order_1076462|gmail_msg_19e845e2066cb973|leopards_KI7535728645|gmail_msg_19e849773712523b|leopards_KI7535715250,track_order_delivery,high,"""1075298|1076462"" ""PakWheels AUTOSTORE"" ""Clutch master cylinder candidates - Trupart FM-1246 x2; slave cylinder still inspect"" (order OR confirmation OR shipped OR dispatch OR tracking)","""1075298|1076462"" ""PakWheels AUTOSTORE"" ""Clutch master cylinder candidates - Trupart FM-1246 x2; slave cylinder still inspect"" (receipt OR invoice OR paid OR payment)"
part_rear_brake_line_cable_clips,06c_brake_system,brake_system,parts,Rear line/cable support pack - brake-line clips cable retainers and rubber-lined P-clips,on-hand rear line/cable clip stock / original rear route match,on_hand_stock_20260530,2026-05-30,,received_candidate,received_candidate,unknown,needs_location_match,,PKR,,BR-REAR-006|20260501_194305_gp_EllBGvXA|20260501_194313_gp_lfUqLibA|20260512_072730_gp_jSK3r3bg|20260512_072929_gp_bpHkNO2Q|20260512_072947_gp_bNB9GvHA|user_update_2026-05-24_local_only_no_expensive_imports|user_update_2026-05-30_on_hand_pclips_uclips_brake_tees,confirm_on_hand_location_match,high,"""on_hand_stock_20260530"" ""on-hand rear line/cable clip stock / original rear route match"" ""Rear line/cable support pack - brake-line clips cable retainers and rubber-lined P-clips"" (order OR confirmation OR shipped OR dispatch OR tracking)","""on_hand_stock_20260530"" ""on-hand rear line/cable clip stock / original rear route match"" ""Rear line/cable support pack - brake-line clips cable retainers and rubber-lined P-clips"" (receipt OR invoice OR paid OR payment)"
part_rear_drum_spring_hold_down_hardware_20260527,06c_brake_system,brake_system,parts,Rear drum hardware kit - Centric 116971-05110530 1960-1980 Toyota Land Cruiser,Amir / local brake parts supplier,amir_local_procurement_20260528,2026-05-28,,received_candidate,received_candidate,unknown,needs_confirmation,,PKR,,BR-REAR-007|20260524_025547_gp_yCvA0bxA|20260524_025532_gp_YlEZxOmQ|20260524_025515_gp_zEaIZo5Q|20260524_025414_gp_VsFMrBNQ|part_rear_brake_shoes_hardware|user_update_2026-05-27_rear_drum_parts_extrapolated|user_update_2026-05-27_gettable_local_brake_items|user_update_2026-05-27_aamir_runner_not_mechanic|user_update_2026-05-27_spec_controlled_runner_purchase|docs/brake-runner-spec-capture-20260528.md|user_update_2026-05-28_rear_parking_brake_back_section_photos|user_update_2026-05-28_procured_by_amir|user_update_2026-05-28_procured_by_amir_addendum,confirm_order_or_receipt,high,"""amir_local_procurement_20260528"" ""Amir / local brake parts supplier"" ""Rear drum hardware kit - Centric 116971-05110530 1960-1980 Toyota Land Cruiser"" (order OR confirmation OR shipped OR dispatch OR tracking)","""amir_local_procurement_20260528"" ""Amir / local brake parts supplier"" ""Rear drum hardware kit - Centric 116971-05110530 1960-1980 Toyota Land Cruiser"" (receipt OR invoice OR paid OR payment)"
part_toolsmart_vmd_brake_clutch_cleaner_400ml_tm26231_20260704,06c_brake_system,brake_system,parts,VMD Brake and Clutch Cleaner 400ML - qty 1,ToolsMart.pk,TM26231,2026-07-04,,ordered,ordered_pending_delivery,paid,pending_delivery,2007,PKR,,gmail_msg_19f2e1b762150a0a|gmail_order_TM26231|bank_alert_19f2e1c3b899295f,track_order_delivery,high,"""TM26231"" ""ToolsMart.pk"" ""VMD Brake and Clutch Cleaner 400ML - qty 1"" (order OR confirmation OR shipped OR dispatch OR tracking)","""TM26231"" ""ToolsMart.pk"" ""VMD Brake and Clutch Cleaner 400ML - qty 1"" (receipt OR invoice OR paid OR payment)"
tool_brake_line_deburrer_reamer_20260514,06c_brake_system,brake_system,tools,Brake hard-line internal/external deburrer or reamer for 4.75 mm tube,Aamir runner / Montgomery Road local tool market / Toolsmart / brake hydraulic pipe specialist,aamir_local_run_20260527,2026-05-30,,ordered,ordered_pending_delivery,unknown,pending_delivery,,PKR,,docs/brake-hard-line-tool-parts-selection-20260514.md|BHL-TOOL-003|web_4lifetimelines_master_flaring_set|user_update_2026-05-27_gettable_local_brake_items|docs/amir-montgomery-road-shopping-list-20260527.md|user_update_2026-05-27_aamir_runner_not_mechanic|user_update_2026-05-30_deburrer_already_ordered,track_order_delivery,high,"""aamir_local_run_20260527"" ""Aamir runner / Montgomery Road local tool market / Toolsmart / brake hydraulic pipe specialist"" ""Brake hard-line internal/external deburrer or reamer for 4.75 mm tube"" (order OR confirmation OR shipped OR dispatch OR tracking)","""aamir_local_run_20260527"" ""Aamir runner / Montgomery Road local tool market / Toolsmart / brake hydraulic pipe specialist"" ""Brake hard-line internal/external deburrer or reamer for 4.75 mm tube"" (receipt OR invoice OR paid OR payment)"
tool_metric_flare_nut_wrench_set_20260514,06c_brake_system,brake_system,tools,Metric flare-nut / brake-line wrench set,ToolsMart.pk,TM25776,2026-05-23,,received_candidate,received_candidate,paid,needs_confirmation,1970,PKR,,docs/brake-hard-line-tool-parts-selection-20260514.md|BHL-TOOL-005|web_toolsmart_licota_12x14|web_toolshub_10x12_search|gmail_msg_19e5622147cdd91a|gmail_order_TM25776|bank_alert_19e5622515169f29|gmail_msg_19ebd28e93534a5e|gmail_fulfillment_review_TM25776|gmail_msg_19edc169349e3afc|gmail_fulfillment_review_TM25776_flare_nut_20260618,confirm_order_or_receipt,high,"""TM25776"" ""ToolsMart.pk"" ""Metric flare-nut / brake-line wrench set"" (order OR confirmation OR shipped OR dispatch OR tracking)","""TM25776"" ""ToolsMart.pk"" ""Metric flare-nut / brake-line wrench set"" (receipt OR invoice OR paid OR payment)"
tool_toolsmart_harden_mini_tube_cutter_3_22mm_20260504,06c_brake_system,brake_system,tools,Harden Mini Tube Cutter 3-22mm,ToolsMart.pk,TM25550,2026-05-04,,received_candidate,received_candidate,unknown,needs_confirmation,1380,PKR,,gmail_msg_19df40dbc5116bb3|gmail_order_TM25550|gmail_fulfillment_review_TM25550|gmail_msg_19e4ba9b39b2d734,confirm_order_or_receipt,high,"""TM25550"" ""ToolsMart.pk"" ""Harden Mini Tube Cutter 3-22mm"" (order OR confirmation OR shipped OR dispatch OR tracking)","""TM25550"" ""ToolsMart.pk"" ""Harden Mini Tube Cutter 3-22mm"" (receipt OR invoice OR paid OR payment)"
tool_toolsmart_pard_double_flaring_cutting_tool_set_4_16mm_20260504,06c_brake_system,brake_system,tools,PARD Double Flaring and Cutting Tool Set - 4-16mm,ToolsMart.pk,TM25550,2026-05-04,,received_candidate,received_candidate,unknown,needs_confirmation,18210,PKR,,gmail_msg_19df40dbc5116bb3|gmail_order_TM25550|gmail_fulfillment_review_TM25550|gmail_msg_19e4ba9b39b2d734|gmail_fulfillment_review_TM25550_pard|gmail_msg_19e2cb8173b05a0e,confirm_order_or_receipt,high,"""TM25550"" ""ToolsMart.pk"" ""PARD Double Flaring and Cutting Tool Set - 4-16mm"" (order OR confirmation OR shipped OR dispatch OR tracking)","""TM25550"" ""ToolsMart.pk"" ""PARD Double Flaring and Cutting Tool Set - 4-16mm"" (receipt OR invoice OR paid OR payment)"
tool_toolsmart_pard_double_flaring_cutting_tool_set_tm25805_20260527,06c_brake_system,brake_system,tools,PARD Double Flaring and Cutting Tool Set - 3/16 in to 5/8 in,ToolsMart.pk,TM25805,2026-05-27,,received_candidate,received_candidate,paid,needs_confirmation,18210,PKR,,gmail_msg_19e6a00106af752c|gmail_order_TM25805|bank_alert_19e6a0072d6b41d7|gmail_msg_19ebc6fbabf7f76f|gmail_fulfillment_review_TM25805,confirm_order_or_receipt,high,"""TM25805"" ""ToolsMart.pk"" ""PARD Double Flaring and Cutting Tool Set - 3/16 in to 5/8 in"" (order OR confirmation OR shipped OR dispatch OR tracking)","""TM25805"" ""ToolsMart.pk"" ""PARD Double Flaring and Cutting Tool Set - 3/16 in to 5/8 in"" (receipt OR invoice OR paid OR payment)"
part_brighto_extreme_paint_remover_3l_second_order_20260618,03b_chassis_fixing,chassis_fixing,parts,Brighto Extreme Paint Remover - 3 L second order,Brighto Paints,1701,2026-06-18,,ordered,ordered_pending_delivery,paid,pending_delivery,4670,PKR,,gmail_msg_19edbb1a3c20d90d|brighto_order_1701,track_order_delivery,high,"""1701"" ""Brighto Paints"" ""Brighto Extreme Paint Remover - 3 L second order"" (order OR confirmation OR shipped OR dispatch OR tracking)","""1701"" ""Brighto Paints"" ""Brighto Extreme Paint Remover - 3 L second order"" (receipt OR invoice OR paid OR payment)"
part_raptor_hardener_1l_amir_20260528,03b_chassis_fixing,chassis_fixing,parts,Raptor hardener / activator - 1 L,Amir / local paint supplier,amir_local_procurement_20260528,2026-05-28,,received_candidate,received_candidate,unknown,needs_confirmation,,PKR,,user_update_2026-05-28_procured_by_amir,confirm_order_or_receipt,high,"""amir_local_procurement_20260528"" ""Amir / local paint supplier"" ""Raptor hardener / activator - 1 L"" (order OR confirmation OR shipped OR dispatch OR tracking)","""amir_local_procurement_20260528"" ""Amir / local paint supplier"" ""Raptor hardener / activator - 1 L"" (receipt OR invoice OR paid OR payment)"
tool_chassis_angle_grinder_cup_brush_repeat_x5_20260615,03b_chassis_fixing,chassis_fixing,tools,Angle-grinder wire cup brushes - repeat proven chassis-cleaning size x5,local / Daraz / ToolsMart same proven SKU,,2026-06-15,,planned,purchase_ready,not_paid,not_ordered,,PKR,,user_update_2026-06-15_wire_brush_consumption,find_order_or_quote_proof,high,"""local / Daraz / ToolsMart same proven SKU"" ""Angle-grinder wire cup brushes - repeat proven chassis-cleaning size x5"" (order OR confirmation OR shipped OR dispatch OR tracking)","""local / Daraz / ToolsMart same proven SKU"" ""Angle-grinder wire cup brushes - repeat proven chassis-cleaning size x5"" (receipt OR invoice OR paid OR payment)"
part_star_washers,04_electrical_reset,electrical_reset,parts,"Star / lock washer pack - M6 x120, M8 x60, M10 x30",Amir / Montgomery Road local fastener supplier,amir_local_procurement_20260528,2026-05-28,,received_candidate,received_candidate,unknown,needs_confirmation,,PKR,,user_image_2026-03-21_electrical_leftovers|part_fastener_kit_d_millat|user_correction_2026-05-26_star_washers_not_ordered|duplicate_hold_part_fastener_kit_d_millat_20260527|user_update_2026-05-27_amir_star_washer_purchase_run|user_update_2026-05-27_millat_order_now_coming_suppress_duplicate|docs/amir-montgomery-road-shopping-list-20260527.md|user_update_2026-05-28_procured_by_amir,confirm_order_or_receipt,high,"""amir_local_procurement_20260528"" ""Amir / Montgomery Road local fastener supplier"" ""Star / lock washer pack - M6 x120, M8 x60, M10 x30"" (order OR confirmation OR shipped OR dispatch OR tracking)","""amir_local_procurement_20260528"" ""Amir / Montgomery Road local fastener supplier"" ""Star / lock washer pack - M6 x120, M8 x60, M10 x30"" (receipt OR invoice OR paid OR payment)"
tool_toolsmart_ingco_heavy_duty_cable_cutter_250mm_hhccb0210_20260523,04_electrical_reset,electrical_reset,tools,Ingco Heavy duty cable cutter 250mm HHCCB0210,ToolsMart.pk,TM25776,2026-05-23,,received_candidate,received_candidate,paid,needs_confirmation,2130,PKR,,gmail_msg_19e5622147cdd91a|gmail_order_TM25776|bank_alert_19e5622515169f29|web_toolsmart_hhccb0210|gmail_msg_19ebd28e93534a5e|gmail_fulfillment_review_TM25776,confirm_order_or_receipt,high,"""TM25776"" ""ToolsMart.pk"" ""Ingco Heavy duty cable cutter 250mm HHCCB0210"" (order OR confirmation OR shipped OR dispatch OR tracking)","""TM25776"" ""ToolsMart.pk"" ""Ingco Heavy duty cable cutter 250mm HHCCB0210"" (receipt OR invoice OR paid OR payment)"
part_fuel_filler_neck_hose_vent_20260619,05_mechanical_baseline,mechanical_baseline,parts,Fuel filler rubber parts - main fuel fill hose vent hose and smooth-band clamps,Amir runner / Land Cruiser parts counter / local fuel-hose supplier,,2026-06-19,,planned,purchase_ready,not_paid,not_ordered,,PKR,,user_update_2026-06-19_fuel_filler_purchase_decision|codex-clipboard-956824d4-d24a-47f7-9df7-46cb0a95279e.png|RHA-015|RUB-011|RUB-012,find_order_or_quote_proof,high,"""Amir runner / Land Cruiser parts counter / local fuel-hose supplier"" ""Fuel filler rubber parts - main fuel fill hose vent hose and smooth-band clamps"" (order OR confirmation OR shipped OR dispatch OR tracking)","""Amir runner / Land Cruiser parts counter / local fuel-hose supplier"" ""Fuel filler rubber parts - main fuel fill hose vent hose and smooth-band clamps"" (receipt OR invoice OR paid OR payment)"
part_mech_engine_oil_filter_service,05_mechanical_baseline,mechanical_baseline,parts,Engine oil - Liqui Moly Touring High Tech SHPD 15W-40 5L; oil filter tracked separately,Autohub,1762694|62694,2026-05-29,,ordered,ordered_pending_delivery,paid,pending_delivery,12499,PKR,https://autohub.pk/products/liqui-moly-touring-high-tech-shpd-motor-oil-15w-40,user_plan_2026-04-12_engine_bay_review|user_update_2026-05-29_online_click_buy_engine_oil_filter|user_update_2026-05-29_liqui_moly_guard_added|https://autohub.pk/products/liqui-moly-touring-high-tech-shpd-motor-oil-15w-40|https://automize.pk/products/guard-oil-filter-gdo-135|gmail_msg_19e7436f18d47b7c|gmail_order_1762694|autohub_order_62694|bank_alert_19e7438814e99398,track_order_delivery,high,"""1762694|62694"" ""Autohub"" ""Engine oil - Liqui Moly Touring High Tech SHPD 15W-40 5L; oil filter tracked separately"" (order OR confirmation OR shipped OR dispatch OR tracking)","""1762694|62694"" ""Autohub"" ""Engine oil - Liqui Moly Touring High Tech SHPD 15W-40 5L; oil filter tracked separately"" (receipt OR invoice OR paid OR payment)"
part_mech_heat_glow_plugs_set,05_mechanical_baseline,mechanical_baseline,parts,Toyota OE glow plugs 19850-68030 x6 - diesel 2H,Amir runner / verified Toyota diesel parts counter,,,,new_only_planned,purchase_ready,not_paid,not_ordered,,PKR,,user_plan_2026-04-12_engine_bay_review|user_update_2026-05-01_engine_diesel_correction|user_update_2026-05-29_list_under_amir_mechanical_easy|docs/amir-montgomery-road-shopping-list-20260527.md,find_order_or_quote_proof,high,"""Amir runner / verified Toyota diesel parts counter"" ""Toyota OE glow plugs 19850-68030 x6 - diesel 2H"" (order OR confirmation OR shipped OR dispatch OR tracking)","""Amir runner / verified Toyota diesel parts counter"" ""Toyota OE glow plugs 19850-68030 x6 - diesel 2H"" (receipt OR invoice OR paid OR payment)"
part_mech_oil_filter_guard_gdo135_20260529,05_mechanical_baseline,mechanical_baseline,parts,Engine oil filter - Guard GDO-135 candidate for 2H,Automize online,,2026-05-29,,planned,purchase_ready,not_paid,not_ordered,,PKR,https://automize.pk/products/guard-oil-filter-gdo-135,user_update_2026-05-29_liqui_moly_guard_added|https://automize.pk/products/guard-oil-filter-gdo-135|gmail_refresh_2026-05-30_no_filter_order_found,find_order_or_quote_proof,high,"""Automize online"" ""Engine oil filter - Guard GDO-135 candidate for 2H"" (order OR confirmation OR shipped OR dispatch OR tracking)","""Automize online"" ""Engine oil filter - Guard GDO-135 candidate for 2H"" (receipt OR invoice OR paid OR payment)"
tool_large_bore_nitto_air_hose_impact_followup_20260517,00_site_setup,site_setup,tools,Large-bore Nitto air hose for 1/2 inch impact wrench,ToolsMart.pk,TM25776,2026-05-23,,received_candidate,received_candidate,paid,needs_confirmation,4720,PKR,,user_update_2026-05-17_ingco_air_setup_purchase_intent|web_almiraj_ah1151|web_toolsmart_tat40122|web_toolsmart_licota_pu_hose_9m_nitto|gmail_msg_19e5622147cdd91a|gmail_order_TM25776|bank_alert_19e5622515169f29|gmail_msg_19ebd28e93534a5e|gmail_fulfillment_review_TM25776,confirm_order_or_receipt,high,"""TM25776"" ""ToolsMart.pk"" ""Large-bore Nitto air hose for 1/2 inch impact wrench"" (order OR confirmation OR shipped OR dispatch OR tracking)","""TM25776"" ""ToolsMart.pk"" ""Large-bore Nitto air hose for 1/2 inch impact wrench"" (receipt OR invoice OR paid OR payment)"
tool_sledge_hammer_3lb_20260527,00_site_setup,site_setup,tools,Harden 3lb Sledge Hammer Fiberglass Handle 590323,ToolsMart.pk,TM25878,2026-06-02,,ordered,ordered_pending_delivery,paid,pending_delivery,3730,PKR,,user_update_2026-05-27_amir_sledge_purchase_run|docs/amir-montgomery-road-shopping-list-20260527.md|user_update_2026-05-28_procured_by_amir|gmail_msg_19e8952abd639176|gmail_order_TM25878|bank_alert_19e8952ef41e78f,track_order_delivery,high,"""TM25878"" ""ToolsMart.pk"" ""Harden 3lb Sledge Hammer Fiberglass Handle 590323"" (order OR confirmation OR shipped OR dispatch OR tracking)","""TM25878"" ""ToolsMart.pk"" ""Harden 3lb Sledge Hammer Fiberglass Handle 590323"" (receipt OR invoice OR paid OR payment)"
tool_toolsmart_harden_twist_cup_wire_brush_m14_4pc_20260703,00_site_setup,site_setup,tools,Harden Cup Twist Wire Brush With Nut 100mm x M14 x 2.0 - qty 4,ToolsMart.pk,TM26206,2026-07-03,,ordered,ordered_pending_delivery,paid,pending_delivery,5800,PKR,,gmail_msg_19f2708ed8bc8142|gmail_order_TM26206|bank_alert_19f2709970b06a2b,track_order_delivery,high,"""TM26206"" ""ToolsMart.pk"" ""Harden Cup Twist Wire Brush With Nut 100mm x M14 x 2.0 - qty 4"" (order OR confirmation OR shipped OR dispatch OR tracking)","""TM26206"" ""ToolsMart.pk"" ""Harden Cup Twist Wire Brush With Nut 100mm x M14 x 2.0 - qty 4"" (receipt OR invoice OR paid OR payment)"
tool_toolsmart_licota_pu_hose_9m_nitto_tm25805_20260527,00_site_setup,site_setup,tools,LICOTA MADE IN TAIWAN PU HOSE ROLL 9M W/ NITTO TYPE QUICK COUPLER,ToolsMart.pk,TM25805,2026-05-27,,received_candidate,received_candidate,paid,needs_confirmation,4720,PKR,,gmail_msg_19e6a00106af752c|gmail_order_TM25805|bank_alert_19e6a0072d6b41d7|gmail_msg_19ebc6fbabf7f76f|gmail_fulfillment_review_TM25805,confirm_order_or_receipt,high,"""TM25805"" ""ToolsMart.pk"" ""LICOTA MADE IN TAIWAN PU HOSE ROLL 9M W/ NITTO TYPE QUICK COUPLER"" (order OR confirmation OR shipped OR dispatch OR tracking)","""TM25805"" ""ToolsMart.pk"" ""LICOTA MADE IN TAIWAN PU HOSE ROLL 9M W/ NITTO TYPE QUICK COUPLER"" (receipt OR invoice OR paid OR payment)"
tool_toolsmart_licota_quick_coupler_1_4_iron_20260527,00_site_setup,site_setup,tools,LICOTA MADE IN TAIWAN QUICK COUPLER - ONE TOUCH 1/4 in IRON,ToolsMart.pk,TM25805,2026-05-27,,received_candidate,received_candidate,paid,needs_confirmation,1390,PKR,,gmail_msg_19e6a00106af752c|gmail_order_TM25805|bank_alert_19e6a0072d6b41d7|gmail_msg_19ebc6fbabf7f76f|gmail_fulfillment_review_TM25805,confirm_order_or_receipt,high,"""TM25805"" ""ToolsMart.pk"" ""LICOTA MADE IN TAIWAN QUICK COUPLER - ONE TOUCH 1/4 in IRON"" (order OR confirmation OR shipped OR dispatch OR tracking)","""TM25805"" ""ToolsMart.pk"" ""LICOTA MADE IN TAIWAN QUICK COUPLER - ONE TOUCH 1/4 in IRON"" (receipt OR invoice OR paid OR payment)"
tool_toolsmart_licota_quick_coupler_5_16_tm26231_20260704,00_site_setup,site_setup,tools,LICOTA MADE IN TAIWAN QUICK COUPLER - ONE TOUCH 5/16 in,ToolsMart.pk,TM26231,2026-07-04,,ordered,ordered_pending_delivery,paid,pending_delivery,2203,PKR,,gmail_msg_19f2e1b762150a0a|gmail_order_TM26231|bank_alert_19f2e1c3b899295f,track_order_delivery,high,"""TM26231"" ""ToolsMart.pk"" ""LICOTA MADE IN TAIWAN QUICK COUPLER - ONE TOUCH 5/16 in"" (order OR confirmation OR shipped OR dispatch OR tracking)","""TM26231"" ""ToolsMart.pk"" ""LICOTA MADE IN TAIWAN QUICK COUPLER - ONE TOUCH 5/16 in"" (receipt OR invoice OR paid OR payment)"
part_ironman_front_dampers_separate_shipment,06_steering_brakes_suspension,steering_brakes_suspension,parts,Ironman Foamcell front damper pair - separate shipment (24635FE x2),Ironman 4x4 supplier,,2026-05-01,,ordered,ordered_pending_delivery,unknown,pending_delivery,,PKR,,user_update_2026-05-01_front_dampers_separate_shipment|image_2026-05-01_ironman_foamcell_parts_list|ironman_24635FE_front_reference|user_update_2026-05-08_ironman_main_kit_arrived_front_dampers_pending,track_order_delivery,high,"""Ironman 4x4 supplier"" ""Ironman Foamcell front damper pair - separate shipment (24635FE x2)"" (order OR confirmation OR shipped OR dispatch OR tracking)","""Ironman 4x4 supplier"" ""Ironman Foamcell front damper pair - separate shipment (24635FE x2)"" (receipt OR invoice OR paid OR payment)"
part_autohub_diss_apc_cleaner_5l,03_body_chassis,body_chassis,parts,DISS (APC) All Purpose Cleaner 5L,Autohub,62074,2026-04-27,2026-04-30,received,received,paid,received,4999,PKR,,user_update_2026-04-28_autohub_order_62074|user_update_2026-04-29_autohub_cleaners_received|gmail_msg_19dcbfb32e6a25f5|gmail_msg_19dcf4539d6347c5|gmail_order_1762074,verify_receipt_reference,medium,"""62074"" ""Autohub"" ""DISS (APC) All Purpose Cleaner 5L"" (order OR confirmation OR shipped OR dispatch OR tracking)","""62074"" ""Autohub"" ""DISS (APC) All Purpose Cleaner 5L"" (receipt OR invoice OR paid OR payment)"
part_autohub_grez_off_hd_degreaser_32oz,03_body_chassis,body_chassis,parts,GREZ OFF HD DEGREASER - Spray Nine (32 oz.),Autohub,62074,2026-04-27,2026-04-30,received,received,paid,received,3250,PKR,,user_update_2026-04-28_autohub_order_62074|user_update_2026-04-29_autohub_cleaners_received|gmail_msg_19dcbfb32e6a25f5|gmail_msg_19dcf4539d6347c5|gmail_order_1762074,verify_receipt_reference,medium,"""62074"" ""Autohub"" ""GREZ OFF HD DEGREASER - Spray Nine (32 oz.)"" (order OR confirmation OR shipped OR dispatch OR tracking)","""62074"" ""Autohub"" ""GREZ OFF HD DEGREASER - Spray Nine (32 oz.)"" (receipt OR invoice OR paid OR payment)"
part_bedliner_sprays,03_body_chassis,body_chassis,parts,Bedliner sprays,U-POL / Raptor on hand,,2026-05-02,,received,received,paid,received,,PKR,,user_seed|akber_khan-00798|akber_khan-00800|user_shelf_image_2026-05-02_raptor_liner_visible,verify_receipt_reference,medium,"""U-POL / Raptor on hand"" ""Bedliner sprays"" (order OR confirmation OR shipped OR dispatch OR tracking)","""U-POL / Raptor on hand"" ""Bedliner sprays"" (receipt OR invoice OR paid OR payment)"
part_body_shoulder_pins_sleeves_spacers,03_body_chassis,body_chassis,parts,Body shoulder bolts pivot pins sleeves and stand-off spacers - sample matched,local fastener / machine shop supplier,,2026-05-04,,planned,spec_needed_before_order,not_paid,not_ordered,,PKR,,20260503_153832_gp_0FJJiLHg|user_update_2026-05-04_fastener_photo_gap_review|data/manual/fastener_photo_count_estimates.csv,quote_or_plan_only,medium,"""local fastener / machine shop supplier"" ""Body shoulder bolts pivot pins sleeves and stand-off spacers - sample matched"" (order OR confirmation OR shipped OR dispatch OR tracking)","""local fastener / machine shop supplier"" ""Body shoulder bolts pivot pins sleeves and stand-off spacers - sample matched"" (receipt OR invoice OR paid OR payment)"
part_body_specialty_brackets_retainer_plates,03_body_chassis,body_chassis,parts,Body specialty bracket and retainer plate repair/replacement pack,local body hardware fabricator / Bilal Ganj,,2026-05-04,,planned,spec_needed_before_order,not_paid,not_ordered,,PKR,,20260503_153832_gp_0FJJiLHg|user_update_2026-05-04_fastener_photo_gap_review|data/manual/fastener_photo_count_estimates.csv,quote_or_plan_only,medium,"""local body hardware fabricator / Bilal Ganj"" ""Body specialty bracket and retainer plate repair/replacement pack"" (order OR confirmation OR shipped OR dispatch OR tracking)","""local body hardware fabricator / Bilal Ganj"" ""Body specialty bracket and retainer plate repair/replacement pack"" (receipt OR invoice OR paid OR payment)"
part_cavity_wax,03_body_chassis,body_chassis,parts,HB Body U900 cavity wax spray 400ml x2,Autohub,62192,2026-05-02,2026-05-06,received,received,paid,received,4998,PKR,https://autohub.pk/products/hb-body-u900-cavity-wax-spray-u900-400ml,user_update_2026-05-02_autohub_prep_solvent_cavity_wax_order|gmail_msg_19de69d1f1e3d70a|gmail_order_1762192|autohub_order_62192|user_update_2026-05-08_all_remaining_autohub_orders_arrived|user_update_2026-05-11_2x_u9000_cavity_wax_received|gmail_msg_19e0c5bc0f1cf25e|blueex_tracking_AhubRider,verify_receipt_reference,medium,"""62192"" ""Autohub"" ""HB Body U900 cavity wax spray 400ml x2"" (order OR confirmation OR shipped OR dispatch OR tracking)","""62192"" ""Autohub"" ""HB Body U900 cavity wax spray 400ml x2"" (receipt OR invoice OR paid OR payment)"
part_fastener_kit_a_millat,03_body_chassis,body_chassis,parts,"Fastener Kit A: Tub-to-chassis mounts (OEM positions) - M10/M12 class 8.8 bolts, matching nuts, flat+spring washers, sleeves",MTL Parts,38902|38903,2026-04-18,,received,received,paid,received,,PKR,,gmail_msg_19d9d26f415b48fa|gmail_msg_19d9cd91c8d55038|gmail_msg_19d9ce99ff7c3bab|gmail_msg_19db2d73afb4876e|gmail_msg_19db2d7aa7027a2c|gmail_msg_19dbc4673054004c|gmail_msg_19dbc462741aef46|gmail_msg_19e0722af30bb1af|gmail_msg_19e63d37bef39526|gmail_order_38903_processing_20260526|user_update_2026-06-15_millat_items_received,verify_receipt_reference,medium,"""38902|38903"" ""MTL Parts"" ""Fastener Kit A: Tub-to-chassis mounts (OEM positions) - M10/M12 class 8.8 bolts, matching nuts, flat+spring washers, sleeves"" (order OR confirmation OR shipped OR dispatch OR tracking)","""38902|38903"" ""MTL Parts"" ""Fastener Kit A: Tub-to-chassis mounts (OEM positions) - M10/M12 class 8.8 bolts, matching nuts, flat+spring washers, sleeves"" (receipt OR invoice OR paid OR payment)"
part_fastener_kit_b_millat,03_body_chassis,body_chassis,parts,"Fastener Kit B: Body panel/bracket hardware - M6/M8 class 8.8 flange bolts, nyloc nuts, washers",MTL Parts,38902|38903,2026-04-18,,received,received,paid,received,,PKR,,gmail_msg_19d9d26f415b48fa|gmail_msg_19d9cd91c8d55038|gmail_msg_19d9ce99ff7c3bab|gmail_msg_19db2d73afb4876e|gmail_msg_19db2d7aa7027a2c|gmail_msg_19dbc4673054004c|gmail_msg_19dbc462741aef46|gmail_msg_19e0722af30bb1af|gmail_msg_19e63d37bef39526|gmail_order_38903_processing_20260526|user_update_2026-06-15_millat_items_received,verify_receipt_reference,medium,"""38902|38903"" ""MTL Parts"" ""Fastener Kit B: Body panel/bracket hardware - M6/M8 class 8.8 flange bolts, nyloc nuts, washers"" (order OR confirmation OR shipped OR dispatch OR tracking)","""38902|38903"" ""MTL Parts"" ""Fastener Kit B: Body panel/bracket hardware - M6/M8 class 8.8 flange bolts, nyloc nuts, washers"" (receipt OR invoice OR paid OR payment)"
part_fastener_kit_e_millat,03_body_chassis,body_chassis,parts,"Millat order #38902 metric screw pack - M10x20 x20, M6x16 x60, M6x12 x120, M8x16 x60",MTL Parts,38902,2026-04-18,,received,received,paid,received,1880,PKR,,gmail_msg_19d9d26f415b48fa|gmail_msg_19dbc4673054004c|gmail_order_38902|gmail_msg_19e0722af30bb1af|user_update_2026-06-15_millat_items_received,verify_receipt_reference,medium,"""38902"" ""MTL Parts"" ""Millat order #38902 metric screw pack - M10x20 x20, M6x16 x60, M6x12 x120, M8x16 x60"" (order OR confirmation OR shipped OR dispatch OR tracking)","""38902"" ""MTL Parts"" ""Millat order #38902 metric screw pack - M10x20 x20, M6x16 x60, M6x12 x120, M8x16 x60"" (receipt OR invoice OR paid OR payment)"
part_nylon_fiber_wool_polishing_disc_sets_2x,03_body_chassis,body_chassis,parts,Nylon fiber polishing disc and wool buffing polishing disc set (3pcs) plus drill adapter and grinder nut for metals x2,Daraz,241938794080938,2026-04-24,2026-04-29,received,received,paid,received,2188,PKR,,user_update_2026-04-24_wirecup_schedule_parts_update|gmail_msg_19dbbce97316517e|gmail_order_241938794080938|photo_20260424_part_nylon_fiber_wool_polishing_disc_sets_2x_daraz_241938794080938.jpg|gmail_msg_19dd86b5fbb89675|gmail_delivery_241938794080938,verify_receipt_reference,medium,"""241938794080938"" ""Daraz"" ""Nylon fiber polishing disc and wool buffing polishing disc set (3pcs) plus drill adapter and grinder nut for metals x2"" (order OR confirmation OR shipped OR dispatch OR tracking)","""241938794080938"" ""Daraz"" ""Nylon fiber polishing disc and wool buffing polishing disc set (3pcs) plus drill adapter and grinder nut for metals x2"" (receipt OR invoice OR paid OR payment)"
part_primer,03_body_chassis,body_chassis,parts,Hi-Build Zinc Rich Epoxy Primer EC 11 two-pack set,Daraz / MM PAINT,242366749280938,2026-05-02,2026-05-09,received,received,paid,received,25550,PKR,https://www.daraz.pk/products/i556870547-s4006655573.html?urlFlag=true&mp=1,user_seed|akber_khan-00798|akber_khan-00800|akber_khan-00819|user_update_2026-05-02_zinc_rich_epoxy_primer_order|gmail_msg_19de69fd6503ed45|gmail_order_242366749280938|gmail_msg_19dfcaab0866f88d|gmail_delivery_242366749280938,verify_receipt_reference,medium,"""242366749280938"" ""Daraz / MM PAINT"" ""Hi-Build Zinc Rich Epoxy Primer EC 11 two-pack set"" (order OR confirmation OR shipped OR dispatch OR tracking)","""242366749280938"" ""Daraz / MM PAINT"" ""Hi-Build Zinc Rich Epoxy Primer EC 11 two-pack set"" (receipt OR invoice OR paid OR payment)"
part_seam_sealer,03_body_chassis,body_chassis,parts,Seam sealer,Autohub,1761310,2026-03-21,,received,received,paid,received,7696,PKR,,user_seed|akber_khan-00803|akber_khan-00820|gmail_msg_19d0ef66d4eacdee|gmail_msg_19d48a1d197405a3|gmail_order_1761310|photo_20260424_part_seam_sealer_autohub_order_1761310.jpg|user_update_2026-05-02_autohub_prep_solvent_cavity_wax_order|user_update_2026-05-08_all_remaining_autohub_orders_arrived,verify_receipt_reference,medium,"""1761310"" ""Autohub"" ""Seam sealer"" (order OR confirmation OR shipped OR dispatch OR tracking)","""1761310"" ""Autohub"" ""Seam sealer"" (receipt OR invoice OR paid OR payment)"
part_wax_and_grease_remover,03_body_chassis,body_chassis,parts,3M Prep Solvent-70 1 gallon / wax and grease remover,Autohub,62192,2026-05-02,2026-05-06,received,received,paid,received,18999,PKR,https://autohub.pk/products/3m-prep-solvent-70-1-gallon,user_seed|akber_khan-00803|akber_khan-00817|user_update_2026-05-02_autohub_prep_solvent_cavity_wax_order|gmail_msg_19de69d1f1e3d70a|gmail_order_1762192|autohub_order_62192|user_update_2026-05-08_all_remaining_autohub_orders_arrived|user_update_2026-05-11_3m_prep_solvent_received|gmail_msg_19e0c5bc0f1cf25e|blueex_tracking_AhubRider,verify_receipt_reference,medium,"""62192"" ""Autohub"" ""3M Prep Solvent-70 1 gallon / wax and grease remover"" (order OR confirmation OR shipped OR dispatch OR tracking)","""62192"" ""Autohub"" ""3M Prep Solvent-70 1 gallon / wax and grease remover"" (receipt OR invoice OR paid OR payment)"
tool_harden_50lb_magnetic_welding_holder_765050,03_body_chassis,body_chassis,tools,Harden 50LB Magnetic Welding Holder 765050,Toolsmart.pk,TM25240,2026-04-13,,received,received,paid,received,4760,PKR,,gmail_msg_19d852aa76c4a57e|gmail_order_TM25240|shopify_order_d0c25d9c64d70f2d5bef2c20a55fa3e7|user_update_2026-05-02_toolsmart_tm25240_welding_items_received,verify_receipt_reference,medium,"""TM25240"" ""Toolsmart.pk"" ""Harden 50LB Magnetic Welding Holder 765050"" (order OR confirmation OR shipped OR dispatch OR tracking)","""TM25240"" ""Toolsmart.pk"" ""Harden 50LB Magnetic Welding Holder 765050"" (receipt OR invoice OR paid OR payment)"
tool_pakoxygen_ar_co2_canister,03_body_chassis,body_chassis,tools,Ar-CO2 Canister,pakoxygen,,2026-05-08,,received,received,paid,received,42362,PKR,,workbook_tools#row_41|user_update_2026-05-08_ar_co2_canister_arrived,verify_receipt_reference,medium,"""pakoxygen"" ""Ar-CO2 Canister"" (order OR confirmation OR shipped OR dispatch OR tracking)","""pakoxygen"" ""Ar-CO2 Canister"" (receipt OR invoice OR paid OR payment)"
tool_total_inverter_mma_welding_machine_tw220069,03_body_chassis,body_chassis,tools,Total Inverter MMA welding machine TW220069,Toolsmart.pk,TM25240,2026-04-13,,received,received,paid,received,55100,PKR,,gmail_msg_19d852aa76c4a57e|gmail_msg_19dbdd660bbcfbee|gmail_order_TM25240|shopify_order_d0c25d9c64d70f2d5bef2c20a55fa3e7|user_update_2026-05-02_toolsmart_tm25240_welding_items_received,verify_receipt_reference,medium,"""TM25240"" ""Toolsmart.pk"" ""Total Inverter MMA welding machine TW220069"" (order OR confirmation OR shipped OR dispatch OR tracking)","""TM25240"" ""Toolsmart.pk"" ""Total Inverter MMA welding machine TW220069"" (receipt OR invoice OR paid OR payment)"
tool_total_welding_leather_gloves_16_tsp15161,03_body_chassis,body_chassis,tools,"Total Welding leather gloves 16"" TSP15161",Toolsmart.pk,TM25240,2026-04-13,,received,received,paid,received,5280,PKR,,gmail_msg_19d852aa76c4a57e|gmail_msg_19ddcc60fed835a5|gmail_order_TM25240|shopify_order_d0c25d9c64d70f2d5bef2c20a55fa3e7|user_update_2026-05-02_toolsmart_tm25240_welding_items_received,verify_receipt_reference,medium,"""TM25240"" ""Toolsmart.pk"" ""Total Welding leather gloves 16"" TSP15161"" (order OR confirmation OR shipped OR dispatch OR tracking)","""TM25240"" ""Toolsmart.pk"" ""Total Welding leather gloves 16"" TSP15161"" (receipt OR invoice OR paid OR payment)"
tool_wadfow_auto_darkening_welding_helmet_wwh3503,03_body_chassis,body_chassis,tools,Wadfow Auto-darkening welding helmet WWH3503,Toolsmart.pk,TM25240,2026-04-13,,received,received,paid,received,8710,PKR,,gmail_msg_19d852aa76c4a57e|gmail_msg_19dcd4fe9fa2eeee|gmail_order_TM25240|shopify_order_d0c25d9c64d70f2d5bef2c20a55fa3e7|user_update_2026-05-08_weld_helmet_arrived,verify_receipt_reference,medium,"""TM25240"" ""Toolsmart.pk"" ""Wadfow Auto-darkening welding helmet WWH3503"" (order OR confirmation OR shipped OR dispatch OR tracking)","""TM25240"" ""Toolsmart.pk"" ""Wadfow Auto-darkening welding helmet WWH3503"" (receipt OR invoice OR paid OR payment)"
part_bilal_ganj_lever_springs_20260710,06c_brake_system,brake_system,parts,Bilal Ganj receipt line - lever springs / لیور سپرنگ x4,Muhammad Bilal / Bilal Ganj rubber-body hardware supplier,bilal_ganj_urdu_receipt_03084210553_20260710,2026-07-10,,received,completed_receipt_line,paid,received,1000,PKR,,20260710_bilal_ganj_urdu_receipt_user_photo|data/manual/bilal_ganj_bill_breakdown_20260710.csv|20260710_103434_gp_go5dJG6w|part_rear_parking_brake_attachment_hardware_20260527,verify_receipt_reference,medium,"""bilal_ganj_urdu_receipt_03084210553_20260710"" ""Muhammad Bilal / Bilal Ganj rubber-body hardware supplier"" ""Bilal Ganj receipt line - lever springs / لیور سپرنگ x4"" (order OR confirmation OR shipped OR dispatch OR tracking)","""bilal_ganj_urdu_receipt_03084210553_20260710"" ""Muhammad Bilal / Bilal Ganj rubber-body hardware supplier"" ""Bilal Ganj receipt line - lever springs / لیور سپرنگ x4"" (receipt OR invoice OR paid OR payment)"
part_clutch_flex_hose_assembly_20260514,06c_brake_system,brake_system,parts,Clutch hydraulic flex hose assembly - complete crimped hose by sample,brake/clutch hydraulic hose supplier,,2026-05-14,,planned,spec_needed_before_order,not_paid,not_ordered,,PKR,,user_update_2026-05-14_full_vehicle_brake_clutch_line_purchase_list|HLS-18|RP-CLUTCH-001,quote_or_plan_only,medium,"""brake/clutch hydraulic hose supplier"" ""Clutch hydraulic flex hose assembly - complete crimped hose by sample"" (order OR confirmation OR shipped OR dispatch OR tracking)","""brake/clutch hydraulic hose supplier"" ""Clutch hydraulic flex hose assembly - complete crimped hose by sample"" (receipt OR invoice OR paid OR payment)"
part_clutch_hard_line_fittings_20260514,06c_brake_system,brake_system,parts,Clutch hard-line fitting set and route release - 4.75 mm hydraulic line,brake/clutch hydraulic pipe specialist,,2026-05-14,,planned,spec_needed_before_order,not_paid,not_ordered,,PKR,,user_update_2026-05-14_full_vehicle_brake_clutch_line_purchase_list|HLS-19|RP-CLUTCH-001,quote_or_plan_only,medium,"""brake/clutch hydraulic pipe specialist"" ""Clutch hard-line fitting set and route release - 4.75 mm hydraulic line"" (order OR confirmation OR shipped OR dispatch OR tracking)","""brake/clutch hydraulic pipe specialist"" ""Clutch hard-line fitting set and route release - 4.75 mm hydraulic line"" (receipt OR invoice OR paid OR payment)"
part_daraz_clear_pvc_bleed_hose_2m_20260504,06c_brake_system,brake_system,parts,2meter Clear PVC Hose Tube pipe ID7mm OD10mm transparent vinyl tubing,Daraz / GoBazaar.pk,242508745080938,2026-05-04,2026-05-07,received,received,paid,received,227,PKR,,user_update_2026-05-04_clear_bleed_hose_order|gmail_msg_19df408f0591f0c1|gmail_msg_19e021d05ca94bc4|gmail_order_242508745080938|gmail_delivery_242508745080938,verify_receipt_reference,medium,"""242508745080938"" ""Daraz / GoBazaar.pk"" ""2meter Clear PVC Hose Tube pipe ID7mm OD10mm transparent vinyl tubing"" (order OR confirmation OR shipped OR dispatch OR tracking)","""242508745080938"" ""Daraz / GoBazaar.pk"" ""2meter Clear PVC Hose Tube pipe ID7mm OD10mm transparent vinyl tubing"" (receipt OR invoice OR paid OR payment)"
part_daraz_kobe_heat_resistant_matt_black_spray_20260704,06c_brake_system,brake_system,parts,Kobe heat-resistant matt black silicone spray topcoat candidate - qty 1,Daraz / Collection Point (Lahore),245681309080938,2026-07-04,2026-07-07_to_2026-07-08,received,received,paid,received,1799,PKR,,gmail_msg_19f2e1d68c25ae75|gmail_order_245681309080938|bank_alert_19f2e1f5884d8494|gmail_msg_19f3cf54dc19f0a5|gmail_delivery_245681309080938,verify_receipt_reference,medium,"""245681309080938"" ""Daraz / Collection Point (Lahore)"" ""Kobe heat-resistant matt black silicone spray topcoat candidate - qty 1"" (order OR confirmation OR shipped OR dispatch OR tracking)","""245681309080938"" ""Daraz / Collection Point (Lahore)"" ""Kobe heat-resistant matt black silicone spray topcoat candidate - qty 1"" (receipt OR invoice OR paid OR payment)"
part_daraz_nitrile_gloves_black_l_100pc_20260504,06c_brake_system,brake_system,parts,Safety Black Disposable Nitrile gloves 100 PCs Box - black large,Daraz,242508745280938,2026-05-04,2026-05-14,received,received,paid,received,2333,PKR,,user_update_2026-05-04_nitrile_gloves_order|gmail_msg_19df408f2cc8e480|gmail_order_242508745280938|user_update_2026-05-14_nitrile_gloves_received,verify_receipt_reference,medium,"""242508745280938"" ""Daraz"" ""Safety Black Disposable Nitrile gloves 100 PCs Box - black large"" (order OR confirmation OR shipped OR dispatch OR tracking)","""242508745280938"" ""Daraz"" ""Safety Black Disposable Nitrile gloves 100 PCs Box - black large"" (receipt OR invoice OR paid OR payment)"
part_daraz_permatex_synthetic_brake_caliper_lubricant_20260704,06c_brake_system,brake_system,parts,"Permatex Synthetic Brake Caliper Lubricant, 0.5 oz - qty 1",Daraz / UA Techno precision (Multan),245692972480938,2026-07-04,2026-07-08_to_2026-07-10,received,received,paid,received,2590,PKR,,gmail_msg_19f2f7229795ea30|gmail_order_245692972480938|gmail_msg_19f4b94ce49a76ba|gmail_delivery_245692972480938,verify_receipt_reference,medium,"""245692972480938"" ""Daraz / UA Techno precision (Multan)"" ""Permatex Synthetic Brake Caliper Lubricant, 0.5 oz - qty 1"" (order OR confirmation OR shipped OR dispatch OR tracking)","""245692972480938"" ""Daraz / UA Techno precision (Multan)"" ""Permatex Synthetic Brake Caliper Lubricant, 0.5 oz - qty 1"" (receipt OR invoice OR paid OR payment)"
part_dot3_brake_fluid_autohub_6x354ml,06c_brake_system,brake_system,parts,DOT 3 brake fluid x6 - Autohub agreed replacement/substitution received,Autohub,62228,2026-05-03,2026-05-06,received,received,paid,received,5349,PKR,,gmail_msg_19def26c095be6e3|gmail_order_1762228|autohub_order_62228|bank_alert_19def26f0ee43471|gmail_msg_19df71b7d1c14a42|gmail_msg_19df81f2b45fe7de|blueex_tracking_AhubRider|user_update_2026-05-08_brake_fluid_replacement_arrived,verify_receipt_reference,medium,"""62228"" ""Autohub"" ""DOT 3 brake fluid x6 - Autohub agreed replacement/substitution received"" (order OR confirmation OR shipped OR dispatch OR tracking)","""62228"" ""Autohub"" ""DOT 3 brake fluid x6 - Autohub agreed replacement/substitution received"" (receipt OR invoice OR paid OR payment)"
part_front_brake_hose_pair,06c_brake_system,brake_system,parts,Front flexible brake hose pair - visible bracket and short hard-line route,Amir runner / Montgomery Road brake hydraulic hose shop / written spec or labelled sample required,,,,planned,runner_spec_controlled,not_paid,not_ordered,,PKR,,BR-FRONT-004|20260529_183947_gp_lSYuESVg|20260529_183959_gp_MlRssDVA|20260529_184010_gp_3htpDpPQ|20260529_184012_gp_Q01c08NA|user_update_2026-05-29_replace_all_front_disc_parts|docs/amir-montgomery-road-shopping-list-20260527.md,quote_or_plan_only,medium,"""Amir runner / Montgomery Road brake hydraulic hose shop / written spec or labelled sample required"" ""Front flexible brake hose pair - visible bracket and short hard-line route"" (order OR confirmation OR shipped OR dispatch OR tracking)","""Amir runner / Montgomery Road brake hydraulic hose shop / written spec or labelled sample required"" ""Front flexible brake hose pair - visible bracket and short hard-line route"" (receipt OR invoice OR paid OR payment)"
part_front_caliper_rebuild_or_replace_pair,06c_brake_system,brake_system,parts,Front Sumitomo fixed-caliper replacement or professional rebuild pair,Amir runner / Land Cruiser parts shop / brake caliper rebuilder,,,,planned,runner_spec_controlled,not_paid,not_ordered,,PKR,,BR-FRONT-002|20260529_183947_gp_lSYuESVg|20260529_183959_gp_MlRssDVA|20260529_184010_gp_3htpDpPQ|20260529_184012_gp_Q01c08NA|user_update_2026-05-29_replace_all_front_disc_parts|docs/amir-montgomery-road-shopping-list-20260527.md,quote_or_plan_only,medium,"""Amir runner / Land Cruiser parts shop / brake caliper rebuilder"" ""Front Sumitomo fixed-caliper replacement or professional rebuild pair"" (order OR confirmation OR shipped OR dispatch OR tracking)","""Amir runner / Land Cruiser parts shop / brake caliper rebuilder"" ""Front Sumitomo fixed-caliper replacement or professional rebuild pair"" (receipt OR invoice OR paid OR payment)"
part_front_disc_pad_axle_set_sumitomo_20260530,06c_brake_system,brake_system,parts,Front disc brake pad axle set - Sumitomo fixed-caliper reference 04491-60010/04465-35170,BTB Products / CruiserParts / local Toyota-Land Cruiser parts counter,,2026-05-30,,planned,runner_spec_controlled,not_paid,not_ordered,39.99,USD,https://btbprod.com/product/fj40-fj45-fj55-fj60-fj62-performance-front-disc-brake-pad-04491-60010-set-1970-1971-1972-1973-1974-1975-1976-1977-1978-1979-1980-1981-1982-1983-1984-1985-1986-1987-1988-1989-1990/,BR-FRONT-001|20260529_183947_gp_lSYuESVg|20260529_183959_gp_MlRssDVA|20260529_184010_gp_3htpDpPQ|20260529_184012_gp_Q01c08NA|user_update_2026-05-29_replace_all_front_disc_parts|user_update_2026-05-30_split_front_pad_hardware_components|data/manual/front_disc_component_order_options.csv,quote_or_plan_only,medium,"""BTB Products / CruiserParts / local Toyota-Land Cruiser parts counter"" ""Front disc brake pad axle set - Sumitomo fixed-caliper reference 04491-60010/04465-35170"" (order OR confirmation OR shipped OR dispatch OR tracking)","""BTB Products / CruiserParts / local Toyota-Land Cruiser parts counter"" ""Front disc brake pad axle set - Sumitomo fixed-caliper reference 04491-60010/04465-35170"" (receipt OR invoice OR paid OR payment)"
part_front_disc_pad_pin_hardware_kit_sumitomo_20260530,06c_brake_system,brake_system,parts,Front brake pad retaining hardware kit - 4 pins 2 anti-rattle springs 2 clips,CruiserTeq / Man-A-Fre / local Toyota-Land Cruiser parts counter,,2026-05-30,,planned,runner_spec_controlled,not_paid,not_ordered,8.00,USD,https://cruiserteq.com/front-caliper-hardware-kit-fits-9-1975-1-1990-4x-5x-6x-7x-with-factory-front-disc-brakes-br06158k/,BR-FRONT-001|20260529_183947_gp_lSYuESVg|20260529_183959_gp_MlRssDVA|20260529_184010_gp_3htpDpPQ|20260529_184012_gp_Q01c08NA|user_update_2026-05-29_replace_all_front_disc_parts|user_update_2026-05-30_split_front_pad_hardware_components|data/manual/front_disc_component_order_options.csv,quote_or_plan_only,medium,"""CruiserTeq / Man-A-Fre / local Toyota-Land Cruiser parts counter"" ""Front brake pad retaining hardware kit - 4 pins 2 anti-rattle springs 2 clips"" (order OR confirmation OR shipped OR dispatch OR tracking)","""CruiserTeq / Man-A-Fre / local Toyota-Land Cruiser parts counter"" ""Front brake pad retaining hardware kit - 4 pins 2 anti-rattle springs 2 clips"" (receipt OR invoice OR paid OR payment)"
part_front_rotor_service_pair,06c_brake_system,brake_system,parts,Front rotor replacement pair - measure old rotors for exact match,Amir runner / local Toyota-Land Cruiser parts counter / brake parts shop,,,,planned,runner_spec_controlled,not_paid,not_ordered,,PKR,,BR-FRONT-003|20260529_183947_gp_lSYuESVg|20260529_183959_gp_MlRssDVA|20260529_184010_gp_3htpDpPQ|20260529_184012_gp_Q01c08NA|user_update_2026-05-29_replace_all_front_disc_parts|docs/amir-montgomery-road-shopping-list-20260527.md,quote_or_plan_only,medium,"""Amir runner / local Toyota-Land Cruiser parts counter / brake parts shop"" ""Front rotor replacement pair - measure old rotors for exact match"" (order OR confirmation OR shipped OR dispatch OR tracking)","""Amir runner / local Toyota-Land Cruiser parts counter / brake parts shop"" ""Front rotor replacement pair - measure old rotors for exact match"" (receipt OR invoice OR paid OR payment)"
part_rear_axle_hard_brake_lines,06c_brake_system,brake_system,parts,Rear axle brake hard-line pair - 4.75 mm / 3/16 in tube with fittings by flare/thread,,,,,planned,spec_needed_before_order,not_paid,not_ordered,,PKR,,BR-REAR-002|20260501_194305_gp_EllBGvXA|20260501_194313_gp_lfUqLibA|20260514_100647_gp_foDr3ymA,quote_or_plan_only,medium,"""Rear axle brake hard-line pair - 4.75 mm / 3/16 in tube with fittings by flare/thread"" (order OR confirmation OR shipped OR dispatch OR tracking)","""Rear axle brake hard-line pair - 4.75 mm / 3/16 in tube with fittings by flare/thread"" (receipt OR invoice OR paid OR payment)"
part_rear_center_brake_flex_hose,06c_brake_system,brake_system,parts,Rear center frame-to-axle brake flex hose - local/catalog first using 553-103 reference,local brake hose/Toyota parts supplier,553-103_reference_only,,,planned,purchase_ready_local_catalog_first_pending_sample_match,not_paid,not_ordered,,PKR,,BR-REAR-003|20260501_194305_gp_EllBGvXA|20260501_194313_gp_lfUqLibA|user_chat_2026-05-23_rear_drum_open|cruisercorps_553-103_reference_only|gmail_import_2026-05-24_no_brake_order|user_update_2026-05-24_local_only_no_expensive_imports,quote_or_plan_only,medium,"""553-103_reference_only"" ""local brake hose/Toyota parts supplier"" ""Rear center frame-to-axle brake flex hose - local/catalog first using 553-103 reference"" (order OR confirmation OR shipped OR dispatch OR tracking)","""553-103_reference_only"" ""local brake hose/Toyota parts supplier"" ""Rear center frame-to-axle brake flex hose - local/catalog first using 553-103 reference"" (receipt OR invoice OR paid OR payment)"
part_rear_parking_brake_cable_set,06c_brake_system,brake_system,parts,FJ40 BJ-40 Toyota Land Cruiser hand brake cable,Daraz / Vintage Jeep Parts,243701549680938,2026-05-25,2026-05-28_to_2026-06-05,received,received_candidate_or_buy_missing_sections,paid,received,5795,PKR,,BR-REAR-001|20260501_194305_gp_EllBGvXA|20260501_194322_gp_XuRtjN4w|20260512_072723_gp_r9KEkOdg|20260512_072742_gp_uSvGBUiA|20260512_072947_gp_bNB9GvHA|toyota_46410-60092_reference|cruiserparts_46410-60092_reference|web_mustakbil_sna_auto_control_cables|docs/pakistan-brake-piping-handbrake-sources-20260524.md|gmail_msg_19e5e241f244eee6|gmail_order_243701549680938|bank_alert_19e5e24ab832b0b7|user_update_2026-05-26_hand_brake_cable_received|gmail_msg_19e6365b0b6ff3b2|gmail_delivery_243701549680938|user_update_2026-06-19_long_handbrake_cable_wheel_end_parts_needed|user_update_2026-06-19_replace_all_handbrake_springs|user_update_2026-06-19_handbrake_cable_definite_need|user_request_2026-06-19_handbrake_buy_links_all_parts,verify_receipt_reference,medium,"""243701549680938"" ""Daraz / Vintage Jeep Parts"" ""FJ40 BJ-40 Toyota Land Cruiser hand brake cable"" (order OR confirmation OR shipped OR dispatch OR tracking)","""243701549680938"" ""Daraz / Vintage Jeep Parts"" ""FJ40 BJ-40 Toyota Land Cruiser hand brake cable"" (receipt OR invoice OR paid OR payment)"
tool_daraz_industrial_wire_brush_drill_sets_2x_20260704,06c_brake_system,brake_system,tools,6 pc industrial wire brush drill set plus knife brush - qty 2 sets,Daraz / Zia Ud Din Mill Store,244576445280938,2026-07-04,2026-07-06_to_2026-07-07,received,received,paid,received,2110,PKR,,gmail_msg_19f2e28deee0343a|gmail_order_244576445280938|bank_alert_19f2e29b68750906|gmail_msg_19f46a432c7a6a58|gmail_delivery_244576445280938,verify_receipt_reference,medium,"""244576445280938"" ""Daraz / Zia Ud Din Mill Store"" ""6 pc industrial wire brush drill set plus knife brush - qty 2 sets"" (order OR confirmation OR shipped OR dispatch OR tracking)","""244576445280938"" ""Daraz / Zia Ud Din Mill Store"" ""6 pc industrial wire brush drill set plus knife brush - qty 2 sets"" (receipt OR invoice OR paid OR payment)"
tool_daraz_pipe_bender_180_tube_bender_20260504,06c_brake_system,brake_system,tools,"Pipe Bender 180 tube bender - 3/8 in, 1/4 in, 5/16 in",Daraz / Megatronics pk (Peshawar),242508744880938,2026-05-04,2026-05-07,received,received,paid,received,4499,PKR,,user_update_2026-05-04_daraz_pipe_bender_order|gmail_msg_19df408ef23d48b1|gmail_msg_19e021d0af9de008|gmail_order_242508744880938|gmail_delivery_242508744880938,verify_receipt_reference,medium,"""242508744880938"" ""Daraz / Megatronics pk (Peshawar)"" ""Pipe Bender 180 tube bender - 3/8 in, 1/4 in, 5/16 in"" (order OR confirmation OR shipped OR dispatch OR tracking)","""242508744880938"" ""Daraz / Megatronics pk (Peshawar)"" ""Pipe Bender 180 tube bender - 3/8 in, 1/4 in, 5/16 in"" (receipt OR invoice OR paid OR payment)"
part_brighto_extreme_paint_remover_3l_amir_20260528,03b_chassis_fixing,chassis_fixing,parts,Brighto Extreme Paint Remover - 3 L,Brighto Paints,1695,2026-06-02,,received,received,paid,received,4670,PKR,,user_update_2026-05-28_procured_by_amir_addendum|gmail_msg_19e868d88f131e0b|gmail_msg_19e88ca5449085af|brighto_order_1695|user_update_2026-06-15_paint_remover_in_use,verify_receipt_reference,medium,"""1695"" ""Brighto Paints"" ""Brighto Extreme Paint Remover - 3 L"" (order OR confirmation OR shipped OR dispatch OR tracking)","""1695"" ""Brighto Paints"" ""Brighto Extreme Paint Remover - 3 L"" (receipt OR invoice OR paid OR payment)"
part_chassis_masking_plugs_tape_solvent_wipes,03b_chassis_fixing,chassis_fixing,parts,Chassis coating masking pack - Ultra-cloth solvent-safe wipes and masking tape,Autohub + Autostore.pk,1762336|80788,2026-05-08,,received,received,paid,received,7099,PKR,,user_update_2026-05-08_chassis_raptor_masking_consumables_needed|user_update_2026-05-08_chassis_masking_tape_wipes_purchased|user_update_2026-05-11_ultra_cloth_masking_tape_received|gmail_msg_19e07889134f5cb5|gmail_order_1762336|gmail_msg_19e0c5bf0525eaf0|blueex_tracking_AhubRider|bank_alert_19e0788ae42cca42|gmail_msg_19e078ab2e5df2f2|autostore_order_80788,verify_receipt_reference,medium,"""1762336|80788"" ""Autohub + Autostore.pk"" ""Chassis coating masking pack - Ultra-cloth solvent-safe wipes and masking tape"" (order OR confirmation OR shipped OR dispatch OR tracking)","""1762336|80788"" ""Autohub + Autostore.pk"" ""Chassis coating masking pack - Ultra-cloth solvent-safe wipes and masking tape"" (receipt OR invoice OR paid OR payment)"
tool_daraz_nylon_paint_brush_set_5x3pc_20260704,03b_chassis_fixing,chassis_fixing,tools,Nylon paint brush set - 5 packs of 3 pcs assorted sizes,Daraz / Openness,244564866480938,2026-07-04,2026-07-07_to_2026-07-09,received,received,paid,received,1900,PKR,,gmail_msg_19f2d67f15e0c135|gmail_order_244564866480938|bank_alert_19f2d68a0100f999|gmail_msg_19f3cf54d37c72b0|gmail_delivery_244564866480938,verify_receipt_reference,medium,"""244564866480938"" ""Daraz / Openness"" ""Nylon paint brush set - 5 packs of 3 pcs assorted sizes"" (order OR confirmation OR shipped OR dispatch OR tracking)","""244564866480938"" ""Daraz / Openness"" ""Nylon paint brush set - 5 packs of 3 pcs assorted sizes"" (receipt OR invoice OR paid OR payment)"
part_bilal_ganj_body_packing_20260710,03_body_chassis,chassis_rubbers,parts,Bilal Ganj receipt line - body packing / باڈی پیکنگ x2,Muhammad Bilal / Bilal Ganj rubber-body hardware supplier,bilal_ganj_urdu_receipt_03084210553_20260710,2026-07-10,,received,completed_receipt_line,paid,received,3000,PKR,,20260710_bilal_ganj_urdu_receipt_user_photo|data/manual/bilal_ganj_bill_breakdown_20260710.csv|20260710_165119_gp_LStiDaCg|20260710_223009_gp_v6AjWz1A|20260710_223401_gp_PoVmWQPw|20260710_224045_gp_fSkEXeCg,verify_receipt_reference,medium,"""bilal_ganj_urdu_receipt_03084210553_20260710"" ""Muhammad Bilal / Bilal Ganj rubber-body hardware supplier"" ""Bilal Ganj receipt line - body packing / باڈی پیکنگ x2"" (order OR confirmation OR shipped OR dispatch OR tracking)","""bilal_ganj_urdu_receipt_03084210553_20260710"" ""Muhammad Bilal / Bilal Ganj rubber-body hardware supplier"" ""Bilal Ganj receipt line - body packing / باڈی پیکنگ x2"" (receipt OR invoice OR paid OR payment)"
part_bilal_ganj_cover_foam_rubber_20260710,03_body_chassis,chassis_rubbers,parts,Bilal Ganj receipt line - cover foam rubber / کور فوم ربڑ x4,Muhammad Bilal / Bilal Ganj rubber-body hardware supplier,bilal_ganj_urdu_receipt_03084210553_20260710,2026-07-10,,received,completed_receipt_line,paid,received,10000,PKR,,20260710_bilal_ganj_urdu_receipt_user_photo|data/manual/bilal_ganj_bill_breakdown_20260710.csv|20260710_222718_gp_bIgLuHVw|20260710_223557_gp_RgUvwq5g|20260710_224045_gp_fSkEXeCg,verify_receipt_reference,medium,"""bilal_ganj_urdu_receipt_03084210553_20260710"" ""Muhammad Bilal / Bilal Ganj rubber-body hardware supplier"" ""Bilal Ganj receipt line - cover foam rubber / کور فوم ربڑ x4"" (order OR confirmation OR shipped OR dispatch OR tracking)","""bilal_ganj_urdu_receipt_03084210553_20260710"" ""Muhammad Bilal / Bilal Ganj rubber-body hardware supplier"" ""Bilal Ganj receipt line - cover foam rubber / کور فوم ربڑ x4"" (receipt OR invoice OR paid OR payment)"
part_aliexpress_waterproof_relay_5pin_40a_6pc_20260511,04_electrical_reset,electrical_reset,parts,Waterproof 5-pin 40A automotive relay pack - 5PIN 40A DC12V x6,AliExpress,3070231697837489,2026-05-11,,received,received,paid,received,8196,PKR,,gmail_msg_19e10f7bc91fba44|gmail_msg_19e161ddf7117e32|gmail_order_3070231697837489|user_update_2026-05-13_relay_pack_arrived,verify_receipt_reference,medium,"""3070231697837489"" ""AliExpress"" ""Waterproof 5-pin 40A automotive relay pack - 5PIN 40A DC12V x6"" (order OR confirmation OR shipped OR dispatch OR tracking)","""3070231697837489"" ""AliExpress"" ""Waterproof 5-pin 40A automotive relay pack - 5PIN 40A DC12V x6"" (receipt OR invoice OR paid OR payment)"
part_cable_sleeve_protection,04_electrical_reset,electrical_reset,parts,"Braided sleeve inventory - 8/10/14/16/20 mm sleeves, 5m lengths received",electronicsstore.pk / HAQ ELECTRIC,,,,received,received,paid,received,,PKR,,user_seed|akber_khan-00489|fj40-00276|fj40-00282,verify_receipt_reference,medium,"""electronicsstore.pk / HAQ ELECTRIC"" ""Braided sleeve inventory - 8/10/14/16/20 mm sleeves, 5m lengths received"" (order OR confirmation OR shipped OR dispatch OR tracking)","""electronicsstore.pk / HAQ ELECTRIC"" ""Braided sleeve inventory - 8/10/14/16/20 mm sleeves, 5m lengths received"" (receipt OR invoice OR paid OR payment)"
part_daraz_cable_clip_clamp_assortment_20260527,04_electrical_reset,electrical_reset,parts,Daraz cable support clamp assortment - 2/3mm wire-rope clamps x10 and 304 stainless PV cable clips x10,Daraz / Buy More Save More Store,242670698380938,2026-05-27,2026-06-04_to_2026-06-10,received,received,paid,received,2216,PKR,,gmail_msg_19e6616c326fb4d4|gmail_order_242670698380938|bank_alert_19e6618015d8106b|gmail_msg_19eb180fb11bdef1|gmail_delivery_242670698380938,verify_receipt_reference,medium,"""242670698380938"" ""Daraz / Buy More Save More Store"" ""Daraz cable support clamp assortment - 2/3mm wire-rope clamps x10 and 304 stainless PV cable clips x10"" (order OR confirmation OR shipped OR dispatch OR tracking)","""242670698380938"" ""Daraz / Buy More Save More Store"" ""Daraz cable support clamp assortment - 2/3mm wire-rope clamps x10 and 304 stainless PV cable clips x10"" (receipt OR invoice OR paid OR payment)"
part_dielectric_grease,04_electrical_reset,electrical_reset,parts,Dielectric grease,Adenwalla & Sons,3070231697777489,,,received,received,paid,received,5609,PKR,,user_seed|akber_khan-00489|gmail_msg_19d0f6304329edde|gmail_msg_19d9ff896e3406a1|gmail_order_3070231697777489|gmail_package_PK001206015RS|photo_20260424_part_dielectric_grease_aliexpress_order_3070231697777489.jpg,verify_receipt_reference,medium,"""3070231697777489"" ""Adenwalla & Sons"" ""Dielectric grease"" (order OR confirmation OR shipped OR dispatch OR tracking)","""3070231697777489"" ""Adenwalla & Sons"" ""Dielectric grease"" (receipt OR invoice OR paid OR payment)"
part_electric_wires,04_electrical_reset,electrical_reset,parts,"Electric wire inventory - 4 AWG red/black silicone cable, 1m each (approx 21 mm2)",AliExpress,3070027285627489,2026-03-18,,received,received,paid,received,11529,PKR,,user_seed|akber_khan-00489|akber_khan-00497|user_update_2026-04-22_wiring_built|gmail_msg_19d045e33582292a|gmail_msg_19d3e56a9e4a3991|gmail_order_3070027285627489|gmail_package_PK015187314R|photo_20260424_part_electric_wires_aliexpress_3070027285627489.jpg,verify_receipt_reference,medium,"""3070027285627489"" ""AliExpress"" ""Electric wire inventory - 4 AWG red/black silicone cable, 1m each (approx 21 mm2)"" (order OR confirmation OR shipped OR dispatch OR tracking)","""3070027285627489"" ""AliExpress"" ""Electric wire inventory - 4 AWG red/black silicone cable, 1m each (approx 21 mm2)"" (receipt OR invoice OR paid OR payment)"
part_fastener_kit_d_millat,04_electrical_reset,electrical_reset,parts,Fastener Kit D: Grounding hardware - star/serrated washers M6/M8/M10 + cleaned contact points,MTL Parts,38902|38903,2026-04-18,,received,received,paid,received,,PKR,,gmail_msg_19d9d26f415b48fa|gmail_msg_19d9cd91c8d55038|gmail_msg_19d9ce99ff7c3bab|gmail_msg_19db2d73afb4876e|gmail_msg_19db2d7aa7027a2c|gmail_msg_19dbc4673054004c|gmail_msg_19dbc462741aef46|gmail_msg_19e0722af30bb1af|gmail_msg_19e63d37bef39526|gmail_order_38903_processing_20260526|user_update_2026-06-15_millat_items_received,verify_receipt_reference,medium,"""38902|38903"" ""MTL Parts"" ""Fastener Kit D: Grounding hardware - star/serrated washers M6/M8/M10 + cleaned contact points"" (order OR confirmation OR shipped OR dispatch OR tracking)","""38902|38903"" ""MTL Parts"" ""Fastener Kit D: Grounding hardware - star/serrated washers M6/M8/M10 + cleaned contact points"" (receipt OR invoice OR paid OR payment)"
part_h4_ceramic_headlight_connector_high,04_electrical_reset,electrical_reset,parts,H4 ceramic headlight connectors - x4 received,Auto Xpert Pakistan,1599,2026-03-21,,received,received,paid,received,1350,PKR,,user_image_2026-03-21_electrical_leftovers|gmail_msg_19d0ecbd9da965f4|gmail_order_1599|workbook_parts_row_76_received_y_paid_y|photo_20260424_part_h4_ceramic_headlight_connector_high_autoxpert_order_1599.jpg|user_update_2026-05-01_h4_connectors_received,verify_receipt_reference,medium,"""1599"" ""Auto Xpert Pakistan"" ""H4 ceramic headlight connectors - x4 received"" (order OR confirmation OR shipped OR dispatch OR tracking)","""1599"" ""Auto Xpert Pakistan"" ""H4 ceramic headlight connectors - x4 received"" (receipt OR invoice OR paid OR payment)"
part_hidden_diesel_cutoff_switch,04_electrical_reset,electrical_reset,parts,Fuel stop switch / hidden diesel cutoff (needle-type switch),,,,,received,received,paid,received,,PKR,,user_image_2026-03-21_electrical_leftovers|photo_20260420_221819_gp_YV69fbvA|photo_20260421_194401_gp_1dY3fLdw|user_update_2026-05-02_parts_review,verify_receipt_reference,medium,"""Fuel stop switch / hidden diesel cutoff (needle-type switch)"" (order OR confirmation OR shipped OR dispatch OR tracking)","""Fuel stop switch / hidden diesel cutoff (needle-type switch)"" (receipt OR invoice OR paid OR payment)"
part_rubber_grommet_set,04_electrical_reset,electrical_reset,parts,Rubber grommet set,AliExpress,,2026-04-22,,received,received,paid,received,,PKR,https://www.aliexpress.com/i/1005008318051049.html,user_seed|akber_khan-00489|akber_khan-00497|fj40-00276|fj40-00282|user_update_2026-04-22_grommet_received|user_update_2026-05-01_grommet_image_wrong,verify_receipt_reference,medium,"""AliExpress"" ""Rubber grommet set"" (order OR confirmation OR shipped OR dispatch OR tracking)","""AliExpress"" ""Rubber grommet set"" (receipt OR invoice OR paid OR payment)"
part_split_conduit_braided_sleeve_large,04_electrical_reset,electrical_reset,parts,"Split conduit / braided sleeve inventory - 20 mm, 5m lengths",electronicsstore.pk / workbook inventory,,,,received,received,paid,received,,PKR,,user_image_2026-03-21_electrical_leftovers,verify_receipt_reference,medium,"""electronicsstore.pk / workbook inventory"" ""Split conduit / braided sleeve inventory - 20 mm, 5m lengths"" (order OR confirmation OR shipped OR dispatch OR tracking)","""electronicsstore.pk / workbook inventory"" ""Split conduit / braided sleeve inventory - 20 mm, 5m lengths"" (receipt OR invoice OR paid OR payment)"
part_split_conduit_braided_sleeve_medium,04_electrical_reset,electrical_reset,parts,"Split conduit / braided sleeve inventory - 14/16 mm, 5m lengths",electronicsstore.pk / workbook inventory,,,,received,received,paid,received,,PKR,,user_image_2026-03-21_electrical_leftovers,verify_receipt_reference,medium,"""electronicsstore.pk / workbook inventory"" ""Split conduit / braided sleeve inventory - 14/16 mm, 5m lengths"" (order OR confirmation OR shipped OR dispatch OR tracking)","""electronicsstore.pk / workbook inventory"" ""Split conduit / braided sleeve inventory - 14/16 mm, 5m lengths"" (receipt OR invoice OR paid OR payment)"
part_split_conduit_braided_sleeve_small,04_electrical_reset,electrical_reset,parts,"Split conduit / braided sleeve inventory - 8/10 mm, 5m lengths received; no extra 8mm order",electronicsstore.pk / workbook inventory,,,,received,received,paid,received,,PKR,,user_image_2026-03-21_electrical_leftovers,verify_receipt_reference,medium,"""electronicsstore.pk / workbook inventory"" ""Split conduit / braided sleeve inventory - 8/10 mm, 5m lengths received; no extra 8mm order"" (order OR confirmation OR shipped OR dispatch OR tracking)","""electronicsstore.pk / workbook inventory"" ""Split conduit / braided sleeve inventory - 8/10 mm, 5m lengths received; no extra 8mm order"" (receipt OR invoice OR paid OR payment)"
tool_electrical_test_kit,04_electrical_reset,electrical_reset,tools,Electrical test kit,AliExpress,3070231697877489,2026-03-22,,received,received,paid,received,8811,PKR,,user_seed|akber_khan-00489|akber_khan-00638|gmail_msg_19d146a9c4d6e8c9|gmail_msg_19d7678e0f8b0da0|gmail_msg_19d7b9f19fa4f39f|gmail_order_3070231697877489|photo_20260424_tool_electrical_test_kit_aliexpress_order_3070231697877489.jpg|user_update_2026-05-02_electrical_test_kit_received,verify_receipt_reference,medium,"""3070231697877489"" ""AliExpress"" ""Electrical test kit"" (order OR confirmation OR shipped OR dispatch OR tracking)","""3070231697877489"" ""AliExpress"" ""Electrical test kit"" (receipt OR invoice OR paid OR payment)"
part_mech_transmission_oil_service,05_mechanical_baseline,gearbox_oil_service,parts,Gearbox oil service pack - correct oil drain inspect refill washers and sample kit,,,,,planned,spec_needed_before_order,not_paid,not_ordered,,PKR,,user_update_2026-05-29_transmission_oil_task|user_update_2026-05-29_liqui_moly_15w40_not_gearbox_oil|mcp_whatsapp_number_2_false_971527520120_1517397900_g_us_ac7917c65ffdf01e2f1ac6687691ab93_37911810572503_lid|docs/gearbox-oil-service-workstream.md|docs/gearbox-top-cover-workstream.md,quote_or_plan_only,medium,"""Gearbox oil service pack - correct oil drain inspect refill washers and sample kit"" (order OR confirmation OR shipped OR dispatch OR tracking)","""Gearbox oil service pack - correct oil drain inspect refill washers and sample kit"" (receipt OR invoice OR paid OR payment)"
part_battery_purchase,05_mechanical_baseline,mechanical_baseline,parts,New battery purchase - installed,Ghazi Road,,2026-03-16,,installed,completed,paid,installed,20000,PKR,,akber_khan-00753,verify_receipt_reference,medium,"""Ghazi Road"" ""New battery purchase - installed"" (order OR confirmation OR shipped OR dispatch OR tracking)","""Ghazi Road"" ""New battery purchase - installed"" (receipt OR invoice OR paid OR payment)"
part_daraz_jubilee_hose_clip_assortment_30pc,05_mechanical_baseline,mechanical_baseline,parts,Jubilee hose clip assortment - 10 pc fuel line/diesel/petrol/coolant clamp packs x3,Daraz / Gravax corporation,242365766580938,2026-05-02,2026-05-08,received,received,paid,received,2390,PKR,https://www.daraz.pk/products/i645582306-s3011629985.html?urlFlag=true&mp=1 | https://www.daraz.pk/products/i645582306-s3011629988.html?urlFlag=true&mp=1 | https://www.daraz.pk/products/i645582306-s3011629989.html?urlFlag=true&mp=1,gmail_msg_19de62bcdb1080ff|gmail_order_242365766580938|gmail_msg_19e021d07abdead1|gmail_delivery_242365766580938,verify_receipt_reference,medium,"""242365766580938"" ""Daraz / Gravax corporation"" ""Jubilee hose clip assortment - 10 pc fuel line/diesel/petrol/coolant clamp packs x3"" (order OR confirmation OR shipped OR dispatch OR tracking)","""242365766580938"" ""Daraz / Gravax corporation"" ""Jubilee hose clip assortment - 10 pc fuel line/diesel/petrol/coolant clamp packs x3"" (receipt OR invoice OR paid OR payment)"
part_mech_accessory_belt_set,05_mechanical_baseline,mechanical_baseline,parts,Accessory belt set,Amir runner / local belt supplier / Toyota diesel parts counter,,,,planned,runner_spec_controlled,not_paid,not_ordered,,PKR,,user_plan_2026-04-12_engine_bay_review|user_update_2026-05-29_list_under_amir_mechanical_easy|docs/amir-montgomery-road-shopping-list-20260527.md,quote_or_plan_only,medium,"""Amir runner / local belt supplier / Toyota diesel parts counter"" ""Accessory belt set"" (order OR confirmation OR shipped OR dispatch OR tracking)","""Amir runner / local belt supplier / Toyota diesel parts counter"" ""Accessory belt set"" (receipt OR invoice OR paid OR payment)"
part_mech_fuel_filter,05_mechanical_baseline,mechanical_baseline,parts,Fuel filter,Amir runner / local Toyota diesel parts counter,,,,planned,runner_spec_controlled,not_paid,not_ordered,,PKR,,user_plan_2026-04-12_engine_bay_review|user_update_2026-05-29_list_under_amir_mechanical_easy|docs/amir-montgomery-road-shopping-list-20260527.md,quote_or_plan_only,medium,"""Amir runner / local Toyota diesel parts counter"" ""Fuel filter"" (order OR confirmation OR shipped OR dispatch OR tracking)","""Amir runner / local Toyota diesel parts counter"" ""Fuel filter"" (receipt OR invoice OR paid OR payment)"
part_mech_radiator_cap,05_mechanical_baseline,radiator,parts,Radiator cap,Amir runner / local radiator shop / Toyota parts counter,,,,planned,runner_spec_controlled,not_paid,not_ordered,,PKR,,user_plan_2026-04-12_engine_bay_review|user_update_2026-05-01_engine_hose_spec|user_update_2026-05-29_list_under_amir_mechanical_easy|docs/amir-montgomery-road-shopping-list-20260527.md,quote_or_plan_only,medium,"""Amir runner / local radiator shop / Toyota parts counter"" ""Radiator cap"" (order OR confirmation OR shipped OR dispatch OR tracking)","""Amir runner / local radiator shop / Toyota parts counter"" ""Radiator cap"" (receipt OR invoice OR paid OR payment)"
part_daraz_brass_bsp_reducing_hex_bushing_adapters_20260616,00_site_setup,site_setup,parts,Daraz brass BSP reducing hex bushing adapter assortment - qty 5,Daraz / Buy More Save More Store,244793706280938,2026-06-16,,received,received,paid,received,3608,PKR,,gmail_msg_19f185b3c217d447|gmail_delivery_244793706280938,verify_receipt_reference,medium,"""244793706280938"" ""Daraz / Buy More Save More Store"" ""Daraz brass BSP reducing hex bushing adapter assortment - qty 5"" (order OR confirmation OR shipped OR dispatch OR tracking)","""244793706280938"" ""Daraz / Buy More Save More Store"" ""Daraz brass BSP reducing hex bushing adapter assortment - qty 5"" (receipt OR invoice OR paid OR payment)"
tool_aliexpress_nitto_male_coupling_air_fittings_5pc_20260527,00_site_setup,site_setup,tools,AliExpress 5PCS NITTO male coupling air fittings,AliExpress,3073111533377489,2026-05-27,,received,received,paid,received,3072,PKR,,gmail_msg_19e69fea16f42834|gmail_order_3073111533377489|gmail_msg_19e9612f4e02d240|gmail_package_PK015448775R|gmail_msg_19ea6d913a442f6b|gmail_delivery_PK015448775R,verify_receipt_reference,medium,"""3073111533377489"" ""AliExpress"" ""AliExpress 5PCS NITTO male coupling air fittings"" (order OR confirmation OR shipped OR dispatch OR tracking)","""3073111533377489"" ""AliExpress"" ""AliExpress 5PCS NITTO male coupling air fittings"" (receipt OR invoice OR paid OR payment)"
tool_almiraj_ingco_air_setup_bundle_20260517,00_site_setup,site_setup,tools,"Almiraj INGCO air and cleaning setup - ACS112501 compressor, AH1151 hose, ABG081-3 blow gun, ATG0601 tire inflator, AWG1001 washing gun, HGVC02 gloves, HPWR12008 pressure washer",almirajtrading.com.pk,,2026-05-18,,received,received,paid,received,83549,PKR,,user_update_2026-05-17_ingco_air_setup_purchase_intent|user_update_2026-05-18_almiratrading_ingco_order|web_almiraj_acs112501|web_almiraj_ah1151|web_almiraj_abg0813|web_almiraj_atg0601|web_toolsmart_tat40122|user_update_2026-05-27_air_compressor_received|user_update_2026-06-15_air_setup_in_hand,verify_receipt_reference,medium,"""almirajtrading.com.pk"" ""Almiraj INGCO air and cleaning setup - ACS112501 compressor, AH1151 hose, ABG081-3 blow gun, ATG0601 tire inflator, AWG1001 washing gun, HGVC02 gloves, HPWR12008 pressure washer"" (order OR confirmation OR shipped OR dispatch OR tracking)","""almirajtrading.com.pk"" ""Almiraj INGCO air and cleaning setup - ACS112501 compressor, AH1151 hose, ABG081-3 blow gun, ATG0601 tire inflator, AWG1001 washing gun, HGVC02 gloves, HPWR12008 pressure washer"" (receipt OR invoice OR paid OR payment)"
tool_autohub_engine_detailing_brush_bundle_62191,00_site_setup,site_setup,tools,"Engine/detailing brush bundle - tire sidewall brush, large detailing brush, 5 pc detailing brush set",Autohub,62191,2026-05-02,2026-05-06,received,received,paid,received,2588,PKR,https://autohub.pk/products/tire-side-wall-cleaning-brush | https://autohub.pk/products/detailing-brush-large-16-no | https://autohub.pk/products/5-pcs-detailing-brush-set,gmail_msg_19de62cf4907c036|gmail_order_1762191|autohub_order_62191|gmail_msg_19df21e3bb334d7e|blueex_tracking_AhubRider|user_update_2026-05-08_all_remaining_autohub_orders_arrived,verify_receipt_reference,medium,"""62191"" ""Autohub"" ""Engine/detailing brush bundle - tire sidewall brush, large detailing brush, 5 pc detailing brush set"" (order OR confirmation OR shipped OR dispatch OR tracking)","""62191"" ""Autohub"" ""Engine/detailing brush bundle - tire sidewall brush, large detailing brush, 5 pc detailing brush set"" (receipt OR invoice OR paid OR payment)"
tool_blow_torch_amir_20260528,00_site_setup,site_setup,tools,Multi-purpose blow torch head for seized suspension pin heat release,Daraz / Adnan Trading Shop,242695068680938,2026-06-01,,received,received,paid,received,3194,PKR,,user_update_2026-05-28_procured_by_amir_addendum|gmail_msg_19e83011c52fec8c|gmail_delivery_242695068680938,verify_receipt_reference,medium,"""242695068680938"" ""Daraz / Adnan Trading Shop"" ""Multi-purpose blow torch head for seized suspension pin heat release"" (order OR confirmation OR shipped OR dispatch OR tracking)","""242695068680938"" ""Daraz / Adnan Trading Shop"" ""Multi-purpose blow torch head for seized suspension pin heat release"" (receipt OR invoice OR paid OR payment)"
tool_daraz_75mm_knotted_cup_wire_brush_x2,00_site_setup,site_setup,tools,75mm 3 inch steel knotted cup rotary wire brush for angle grinder x2,Daraz / Al Rehman Mart (Lahore),242365766280938,2026-05-02,2026-05-07,received,received,paid,received,3896,PKR,https://www.daraz.pk/products/i2171955-s1269424717.html?urlFlag=true&mp=1,gmail_msg_19de62bcd3dd7207|gmail_order_242365766280938|user_update_2026-06-15_wire_brush_consumption,verify_receipt_reference,medium,"""242365766280938"" ""Daraz / Al Rehman Mart (Lahore)"" ""75mm 3 inch steel knotted cup rotary wire brush for angle grinder x2"" (order OR confirmation OR shipped OR dispatch OR tracking)","""242365766280938"" ""Daraz / Al Rehman Mart (Lahore)"" ""75mm 3 inch steel knotted cup rotary wire brush for angle grinder x2"" (receipt OR invoice OR paid OR payment)"
tool_daraz_angle_grinder_m8_antivibration_side_handle_20260527,00_site_setup,site_setup,tools,M8 Thread Angle Grinder Handle thickened anti-vibration side handle for 100 type angle grinder,Daraz / Buy More Save More Store,243775543180938,2026-05-27,2026-06-05_to_2026-06-11,received,received,paid,received,1354,PKR,,gmail_msg_19e69fe615478540|gmail_order_243775543180938|bank_alert_19e69febe5ca7e55|gmail_msg_19eb180fdb079598|gmail_delivery_243775543180938,verify_receipt_reference,medium,"""243775543180938"" ""Daraz / Buy More Save More Store"" ""M8 Thread Angle Grinder Handle thickened anti-vibration side handle for 100 type angle grinder"" (order OR confirmation OR shipped OR dispatch OR tracking)","""243775543180938"" ""Daraz / Buy More Save More Store"" ""M8 Thread Angle Grinder Handle thickened anti-vibration side handle for 100 type angle grinder"" (receipt OR invoice OR paid OR payment)"
tool_daraz_angle_grinder_side_handle_20260527,00_site_setup,site_setup,tools,Daraz angle-grinder auxiliary side handle - 8mm/10mm thread candidate,Daraz / Buy More Save More Store,242670698380938,2026-05-27,2026-06-04_to_2026-06-10,received,received,paid,received,1002,PKR,,gmail_msg_19e6616c326fb4d4|gmail_order_242670698380938|bank_alert_19e6618015d8106b|gmail_msg_19eb180fb11bdef1|gmail_delivery_242670698380938,verify_receipt_reference,medium,"""242670698380938"" ""Daraz / Buy More Save More Store"" ""Daraz angle-grinder auxiliary side handle - 8mm/10mm thread candidate"" (order OR confirmation OR shipped OR dispatch OR tracking)","""242670698380938"" ""Daraz / Buy More Save More Store"" ""Daraz angle-grinder auxiliary side handle - 8mm/10mm thread candidate"" (receipt OR invoice OR paid OR payment)"
tool_daraz_heavy_duty_cup_brush_x5_20260602,00_site_setup,site_setup,tools,"Heavy Duty Cup Brush for Angle Grinder - 3/4 in listed sizes, twisted/crimped wire x5",Daraz / MOBI COLORS & TOOLS,243954390480938,2026-06-02,,received,received,paid,received,2190,PKR,,gmail_msg_19e87bc4572184a6|gmail_delivery_243954390480938,verify_receipt_reference,medium,"""243954390480938"" ""Daraz / MOBI COLORS & TOOLS"" ""Heavy Duty Cup Brush for Angle Grinder - 3/4 in listed sizes, twisted/crimped wire x5"" (order OR confirmation OR shipped OR dispatch OR tracking)","""243954390480938"" ""Daraz / MOBI COLORS & TOOLS"" ""Heavy Duty Cup Brush for Angle Grinder - 3/4 in listed sizes, twisted/crimped wire x5"" (receipt OR invoice OR paid OR payment)"
tool_daraz_led_flood_light_100w_ip66_20260527,00_site_setup,site_setup,tools,Daraz 100W IP66 LED flood light - workshop/site lighting,Daraz / Tz electronic,242670698180938,2026-05-27,2026-05-30_to_2026-06-07,received,received,paid,received,5169,PKR,,gmail_msg_19e6616c37064cd5|gmail_order_242670698180938|bank_alert_19e6618015d8106b|gmail_msg_19e8db81edcbda0b|gmail_delivery_242670698180938,verify_receipt_reference,medium,"""242670698180938"" ""Daraz / Tz electronic"" ""Daraz 100W IP66 LED flood light - workshop/site lighting"" (order OR confirmation OR shipped OR dispatch OR tracking)","""242670698180938"" ""Daraz / Tz electronic"" ""Daraz 100W IP66 LED flood light - workshop/site lighting"" (receipt OR invoice OR paid OR payment)"
tool_daraz_m14_to_m10_angle_grinder_adapter_20260704,00_site_setup,site_setup,tools,M14 to M10 angle grinder adapter for polishing/slotting accessory,Daraz / Buy More Save More Store,245674994080938,2026-07-04,2026-07-13_to_2026-07-19,received,received,paid,received,1593,PKR,,gmail_msg_19f2d7e9cc06ac55|gmail_order_245674994080938|bank_alert_19f2d7f4f0a4c0be|gmail_msg_19f606dae71eadfc|gmail_delivery_245674994080938,verify_receipt_reference,medium,"""245674994080938"" ""Daraz / Buy More Save More Store"" ""M14 to M10 angle grinder adapter for polishing/slotting accessory"" (order OR confirmation OR shipped OR dispatch OR tracking)","""245674994080938"" ""Daraz / Buy More Save More Store"" ""M14 to M10 angle grinder adapter for polishing/slotting accessory"" (receipt OR invoice OR paid OR payment)"
tool_daraz_mini_wire_brush_set_x2,00_site_setup,site_setup,tools,"3 pc mini wire brush set - brass, nylon, stainless steel bristles x2",Daraz / Bunyad Collection (Karachi),242365766980938,2026-05-02,2026-05-07,received,received,paid,received,561,PKR,https://www.daraz.pk/products/i192752152-s1385484991.html?urlFlag=true&mp=1,gmail_msg_19de62bcd140fa41|gmail_order_242365766980938|gmail_msg_19df29a687866969|gmail_delivery_242365766980938,verify_receipt_reference,medium,"""242365766980938"" ""Daraz / Bunyad Collection (Karachi)"" ""3 pc mini wire brush set - brass, nylon, stainless steel bristles x2"" (order OR confirmation OR shipped OR dispatch OR tracking)","""242365766980938"" ""Daraz / Bunyad Collection (Karachi)"" ""3 pc mini wire brush set - brass, nylon, stainless steel bristles x2"" (receipt OR invoice OR paid OR payment)"
tool_daraz_respirator_mask_20260518,00_site_setup,site_setup,tools,Epoxy Resin Mask Respirator Industrial Safety Mask for Epoxy Resin Art Workers Safety Chemical Anti-Dust Anti-Allergy double Filter,Daraz / H&Z baby products,243331393680938,2026-05-18,2026-05-21_to_2026-05-23,received,received,paid,received,946,PKR,,gmail_msg_19e392e32e93eddd|gmail_order_243331393680938|gmail_delivery_243331393680938|gmail_msg_19e3fbe04164503a,verify_receipt_reference,medium,"""243331393680938"" ""Daraz / H&Z baby products"" ""Epoxy Resin Mask Respirator Industrial Safety Mask for Epoxy Resin Art Workers Safety Chemical Anti-Dust Anti-Allergy double Filter"" (order OR confirmation OR shipped OR dispatch OR tracking)","""243331393680938"" ""Daraz / H&Z baby products"" ""Epoxy Resin Mask Respirator Industrial Safety Mask for Epoxy Resin Art Workers Safety Chemical Anti-Dust Anti-Allergy double Filter"" (receipt OR invoice OR paid OR payment)"
tool_daraz_safety_goggles_20260518,00_site_setup,site_setup,tools,Safety Goggle Safety Protective Glasses Goggles Anti Splash Dust Proof Work Lab Eyewear Eye Protection Industrial Research Safety Glasses Clear Lens Multi-function Anti-Fog Antisand Windproof Dust Resistant,Daraz / Reliable_Shop,243331393480938,2026-05-18,2026-05-21_to_2026-05-23,received,received,paid,received,869,PKR,,gmail_msg_19e392e35701144b|gmail_order_243331393480938|gmail_delivery_243331393480938|gmail_msg_19e4a66145e96435,verify_receipt_reference,medium,"""243331393480938"" ""Daraz / Reliable_Shop"" ""Safety Goggle Safety Protective Glasses Goggles Anti Splash Dust Proof Work Lab Eyewear Eye Protection Industrial Research Safety Glasses Clear Lens Multi-function Anti-Fog Antisand Windproof Dust Resistant"" (order OR confirmation OR shipped OR dispatch OR tracking)","""243331393480938"" ""Daraz / Reliable_Shop"" ""Safety Goggle Safety Protective Glasses Goggles Anti Splash Dust Proof Work Lab Eyewear Eye Protection Industrial Research Safety Glasses Clear Lens Multi-function Anti-Fog Antisand Windproof Dust Resistant"" (receipt OR invoice OR paid OR payment)"
tool_daraz_safety_goggles_cleanup,00_site_setup,site_setup,tools,Safety goggles / protective glasses for grinding and cleaning,Daraz / Reliable_Shop,242365766080938,2026-05-02,2026-05-07,received,received,paid,received,764,PKR,https://www.daraz.pk/products/i649346371-s3029400460.html?urlFlag=true&mp=1,gmail_msg_19de62bcddc3ff3a|gmail_order_242365766080938|gmail_msg_19df29a6c4e6d2b8|gmail_delivery_242365766080938,verify_receipt_reference,medium,"""242365766080938"" ""Daraz / Reliable_Shop"" ""Safety goggles / protective glasses for grinding and cleaning"" (order OR confirmation OR shipped OR dispatch OR tracking)","""242365766080938"" ""Daraz / Reliable_Shop"" ""Safety goggles / protective glasses for grinding and cleaning"" (receipt OR invoice OR paid OR payment)"
tool_harden_3ton_trolley_jack_730213,00_site_setup,site_setup,tools,Harden 3Ton Hydraulic Trolley Jack 730213,Toolsmart.pk,TM25493,2026-05-01,,received,received,paid,received,54450,PKR,,user_update_2026-05-01_toolsmart_chassis_lift_clean_suspension_order|gmail_msg_19de060f62c307f7|gmail_order_TM25493|user_update_2026-05-08_toolsmart_tm25493_arrived,verify_receipt_reference,medium,"""TM25493"" ""Toolsmart.pk"" ""Harden 3Ton Hydraulic Trolley Jack 730213"" (order OR confirmation OR shipped OR dispatch OR tracking)","""TM25493"" ""Toolsmart.pk"" ""Harden 3Ton Hydraulic Trolley Jack 730213"" (receipt OR invoice OR paid OR payment)"
tool_harden_spring_clamp_set_4in_6pc,00_site_setup,site_setup,tools,Harden 6Pc x 4 inch Spring Clamp Set,Toolsmart.pk,TM25493,2026-05-01,,received,received,paid,received,1200,PKR,,user_update_2026-05-01_toolsmart_chassis_lift_clean_suspension_order|gmail_msg_19de060f62c307f7|gmail_order_TM25493|user_update_2026-05-08_toolsmart_tm25493_arrived,verify_receipt_reference,medium,"""TM25493"" ""Toolsmart.pk"" ""Harden 6Pc x 4 inch Spring Clamp Set"" (order OR confirmation OR shipped OR dispatch OR tracking)","""TM25493"" ""Toolsmart.pk"" ""Harden 6Pc x 4 inch Spring Clamp Set"" (receipt OR invoice OR paid OR payment)"
tool_harden_white_rubber_mallet_700g_590437,00_site_setup,site_setup,tools,Harden White Rubber Mallet with Fiberglass Handle 700g 590437,Toolsmart.pk,TM25493,2026-05-01,,received,received,paid,received,2380,PKR,,user_update_2026-05-01_toolsmart_chassis_lift_clean_suspension_order|gmail_msg_19de060f62c307f7|gmail_order_TM25493|user_update_2026-05-08_toolsmart_tm25493_arrived,verify_receipt_reference,medium,"""TM25493"" ""Toolsmart.pk"" ""Harden White Rubber Mallet with Fiberglass Handle 700g 590437"" (order OR confirmation OR shipped OR dispatch OR tracking)","""TM25493"" ""Toolsmart.pk"" ""Harden White Rubber Mallet with Fiberglass Handle 700g 590437"" (receipt OR invoice OR paid OR payment)"
tool_ingco_dead_blow_mallet_2lb_hdbm08028,00_site_setup,site_setup,tools,Ingco Dead blow mallet 2lb HDBM08028,Toolsmart.pk,TM25493,2026-05-01,,received,received,paid,received,2050,PKR,,user_update_2026-05-01_toolsmart_chassis_lift_clean_suspension_order|gmail_msg_19de060f62c307f7|gmail_order_TM25493|user_update_2026-05-08_toolsmart_tm25493_arrived,verify_receipt_reference,medium,"""TM25493"" ""Toolsmart.pk"" ""Ingco Dead blow mallet 2lb HDBM08028"" (order OR confirmation OR shipped OR dispatch OR tracking)","""TM25493"" ""Toolsmart.pk"" ""Ingco Dead blow mallet 2lb HDBM08028"" (receipt OR invoice OR paid OR payment)"
tool_local_bench_drill,00_site_setup,site_setup,tools,Total TDP133501 Drill Press - 350W - 13mm,Total / seller not captured,,2026-05-04,,received,received,paid,received,,PKR,,user_update_2026-05-04_total_tdp133501_drill_press_order|user_update_2026-05-12_drill_press_arrived,verify_receipt_reference,medium,"""Total / seller not captured"" ""Total TDP133501 Drill Press - 350W - 13mm"" (order OR confirmation OR shipped OR dispatch OR tracking)","""Total / seller not captured"" ""Total TDP133501 Drill Press - 350W - 13mm"" (receipt OR invoice OR paid OR payment)"
tool_local_toolbench,00_site_setup,site_setup,tools,4ft wooden table bench / workbench,Daraz / MalikTarders786,246729588080938,2026-07-23,2026-07-28,received,received,paid,received,6539,PKR,,user_update_2026-05-04_local_purchase_tools|user_update_2026-07-29_local_made_workbench_arrived|gmail_msg_19f8d1a59e117e52|gmail_msg_19fa7e723dd350c7|gmail_order_246729588080938|bank_alert_20260723_daraz_6539,verify_receipt_reference,medium,"""246729588080938"" ""Daraz / MalikTarders786"" ""4ft wooden table bench / workbench"" (order OR confirmation OR shipped OR dispatch OR tracking)","""246729588080938"" ""Daraz / MalikTarders786"" ""4ft wooden table bench / workbench"" (receipt OR invoice OR paid OR payment)"
tool_powerhouse_ingco_wb30501_wire_cup_brush_x3,00_site_setup,site_setup,tools,Total TAC33021 Wire Cup Brush x3 (Powerhouse substitution for INGCO WB30501),Powerhouse Express,26242,2026-05-02,,received,received,paid,received,1065,PKR,https://powerhouseexpress.com.pk/products/ingco-wb30501-wire-cup-brush,gmail_msg_19de632df983464c|gmail_order_26242|gmail_msg_19df7037b90900e9|gmail_msg_19df70507d0e285b|gmail_msg_19e021b1cc8e488d|gmail_msg_19e02377924a0205|tracking_postex_22019070003782|tracking_leopard_KI7534590491|gmail_msg_19e0c33c40b6c4da|gmail_delivery_26242,verify_receipt_reference,medium,"""26242"" ""Powerhouse Express"" ""Total TAC33021 Wire Cup Brush x3 (Powerhouse substitution for INGCO WB30501)"" (order OR confirmation OR shipped OR dispatch OR tracking)","""26242"" ""Powerhouse Express"" ""Total TAC33021 Wire Cup Brush x3 (Powerhouse substitution for INGCO WB30501)"" (receipt OR invoice OR paid OR payment)"
tool_total_bi_metal_hole_saw_22mm_tac410221,00_site_setup,site_setup,tools,Total Bi-metal Hole saw 22mm TAC410221,Toolsmart.pk,TM25430,2026-04-27,,received,received,paid,received,2040,PKR,,gmail_msg_19dcb2f888abafa3|gmail_order_TM25430|shopify_order_50e287a9a7fd20d219a1e7572eb18e62|user_update_2026-05-02_toolsmart_tm25430_received,verify_receipt_reference,medium,"""TM25430"" ""Toolsmart.pk"" ""Total Bi-metal Hole saw 22mm TAC410221"" (order OR confirmation OR shipped OR dispatch OR tracking)","""TM25430"" ""Toolsmart.pk"" ""Total Bi-metal Hole saw 22mm TAC410221"" (receipt OR invoice OR paid OR payment)"
tool_total_jack_stands_3ton_thjs0301_2pairs,00_site_setup,site_setup,tools,Total Jack stand 3Ton THJS0301 - 2 pairs,Toolsmart.pk,TM25493,2026-05-01,,received,received,paid,received,19200,PKR,,user_update_2026-05-01_toolsmart_chassis_lift_clean_suspension_order|gmail_msg_19de060f62c307f7|gmail_order_TM25493|user_update_2026-05-08_toolsmart_tm25493_arrived,verify_receipt_reference,medium,"""TM25493"" ""Toolsmart.pk"" ""Total Jack stand 3Ton THJS0301 - 2 pairs"" (order OR confirmation OR shipped OR dispatch OR tracking)","""TM25493"" ""Toolsmart.pk"" ""Total Jack stand 3Ton THJS0301 - 2 pairs"" (receipt OR invoice OR paid OR payment)"
tool_total_round_steel_file_200mm_tht91386,00_site_setup,site_setup,tools,Total Round steel file 200mm THT91386,Toolsmart.pk,TM25430,2026-04-27,,received,received,paid,received,2000,PKR,,gmail_msg_19dcb2f888abafa3|gmail_order_TM25430|shopify_order_50e287a9a7fd20d219a1e7572eb18e62|user_update_2026-05-02_toolsmart_tm25430_received,verify_receipt_reference,medium,"""TM25430"" ""Toolsmart.pk"" ""Total Round steel file 200mm THT91386"" (order OR confirmation OR shipped OR dispatch OR tracking)","""TM25430"" ""Toolsmart.pk"" ""Total Round steel file 200mm THT91386"" (receipt OR invoice OR paid OR payment)"
tool_total_wrecking_bar_600mm_tht431242,00_site_setup,site_setup,tools,Total Wrecking bar 600mm THT431242,Toolsmart.pk,TM25493,2026-05-01,,received,received,paid,received,2860,PKR,,user_update_2026-05-01_toolsmart_chassis_lift_clean_suspension_order|gmail_msg_19de060f62c307f7|gmail_order_TM25493|user_update_2026-05-08_toolsmart_tm25493_arrived,verify_receipt_reference,medium,"""TM25493"" ""Toolsmart.pk"" ""Total Wrecking bar 600mm THT431242"" (order OR confirmation OR shipped OR dispatch OR tracking)","""TM25493"" ""Toolsmart.pk"" ""Total Wrecking bar 600mm THT431242"" (receipt OR invoice OR paid OR payment)"
tool_wadfow_body_fender_hammer_set_whz1d07,00_site_setup,site_setup,tools,Wadfow 7 Pcs Body And Fender Hammer Set WHZ1D07,Toolsmart.pk,TM25493,2026-05-01,,received,received,paid,received,9870,PKR,,user_update_2026-05-01_toolsmart_chassis_lift_clean_suspension_order|gmail_msg_19de060f62c307f7|gmail_order_TM25493|user_update_2026-05-08_toolsmart_tm25493_arrived,verify_receipt_reference,medium,"""TM25493"" ""Toolsmart.pk"" ""Wadfow 7 Pcs Body And Fender Hammer Set WHZ1D07"" (order OR confirmation OR shipped OR dispatch OR tracking)","""TM25493"" ""Toolsmart.pk"" ""Wadfow 7 Pcs Body And Fender Hammer Set WHZ1D07"" (receipt OR invoice OR paid OR payment)"
tool_wadfow_pressure_sprayer_wrs1550,00_site_setup,site_setup,tools,Wadfow Pressure sprayer WRS1550,Toolsmart.pk,TM25493,2026-05-01,,received,received,paid,received,2500,PKR,,user_update_2026-05-01_toolsmart_chassis_lift_clean_suspension_order|gmail_msg_19de060f62c307f7|gmail_order_TM25493|user_update_2026-05-08_toolsmart_tm25493_arrived,verify_receipt_reference,medium,"""TM25493"" ""Toolsmart.pk"" ""Wadfow Pressure sprayer WRS1550"" (order OR confirmation OR shipped OR dispatch OR tracking)","""TM25493"" ""Toolsmart.pk"" ""Wadfow Pressure sprayer WRS1550"" (receipt OR invoice OR paid OR payment)"
part_mech_brake_flex_hose_set,06_steering_brakes_suspension,steering_brakes_suspension,parts,Brake hydraulic hose/line package - new flex hoses + 4.75 mm hard-line coil allowance,Aamir runner / Montgomery Road brake pipe-hose supplier / written spec or mechanic-labelled sample required,aamir_local_run_20260527,,,planned,runner_spec_controlled,not_paid,not_ordered,,PKR,,user_plan_2026-04-12_engine_bay_review|data/manual/replacement_pipe_order_release_specs.csv|data/manual/replacement_pipe_release_actions.csv|docs/brake-line-cheap-sourcing-20260524.md|docs/pakistan-brake-piping-handbrake-sources-20260524.md|web_sna_industries_steel_brake_pipes_brake_hoses|user_update_2026-05-24_price_brake_lines_before_other_parts|user_update_2026-05-27_gettable_local_brake_items|docs/amir-montgomery-road-shopping-list-20260527.md|user_update_2026-05-27_aamir_runner_not_mechanic|user_update_2026-05-27_spec_controlled_runner_purchase|docs/brake-runner-spec-capture-20260528.md|user_update_2026-05-28_rear_parking_brake_back_section_photos,quote_or_plan_only,medium,"""aamir_local_run_20260527"" ""Aamir runner / Montgomery Road brake pipe-hose supplier / written spec or mechanic-labelled sample required"" ""Brake hydraulic hose/line package - new flex hoses + 4.75 mm hard-line coil allowance"" (order OR confirmation OR shipped OR dispatch OR tracking)","""aamir_local_run_20260527"" ""Aamir runner / Montgomery Road brake pipe-hose supplier / written spec or mechanic-labelled sample required"" ""Brake hydraulic hose/line package - new flex hoses + 4.75 mm hard-line coil allowance"" (receipt OR invoice OR paid OR payment)"
part_turbo_air_cleaner_element_housing_20260717,09_optional_upgrades,turbocharger_powertrain,parts,High-flow sealed air-cleaner housing and service element suitable for dusty J40 use,Toyota diesel / Donaldson-type filtration supplier,,2026-07-17,,planned,airflow_and_space_hold,not_paid,not_ordered,,,,docs/2h-turbo-suitability-and-options-20260717.md,quote_or_plan_only,medium,"""Toyota diesel / Donaldson-type filtration supplier"" ""High-flow sealed air-cleaner housing and service element suitable for dusty J40 use"" (order OR confirmation OR shipped OR dispatch OR tracking)","""Toyota diesel / Donaldson-type filtration supplier"" ""High-flow sealed air-cleaner housing and service element suitable for dusty J40 use"" (receipt OR invoice OR paid OR payment)"
part_turbo_boost_gauge_quality_20260717,09_optional_upgrades,turbocharger_powertrain,parts,Quality low-range boost gauge sensor hose fittings and illumination,Verified motorsport/diesel instrumentation supplier,,2026-07-17,,planned,quality_product_selection_hold,not_paid,not_ordered,,,,docs/2h-turbo-suitability-and-options-20260717.md,quote_or_plan_only,medium,"""Verified motorsport/diesel instrumentation supplier"" ""Quality low-range boost gauge sensor hose fittings and illumination"" (order OR confirmation OR shipped OR dispatch OR tracking)","""Verified motorsport/diesel instrumentation supplier"" ""Quality low-range boost gauge sensor hose fittings and illumination"" (receipt OR invoice OR paid OR payment)"
part_turbo_boost_reference_hose_fittings_20260717,09_optional_upgrades,turbocharger_powertrain,parts,Boost reference hose manifold barb fittings clamps and restrictor/damper if specified,Instrumentation / pneumatic fitting supplier,,2026-07-17,,planned,port_and_instrument_hold,not_paid,not_ordered,,,,docs/2h-turbo-suitability-and-options-20260717.md,quote_or_plan_only,medium,"""Instrumentation / pneumatic fitting supplier"" ""Boost reference hose manifold barb fittings clamps and restrictor/damper if specified"" (order OR confirmation OR shipped OR dispatch OR tracking)","""Instrumentation / pneumatic fitting supplier"" ""Boost reference hose manifold barb fittings clamps and restrictor/damper if specified"" (receipt OR invoice OR paid OR payment)"
part_turbo_clean_air_inlet_duct_20260717,09_optional_upgrades,turbocharger_powertrain,parts,Air-cleaner to turbo compressor inlet duct couplers clamps and support brackets,Intake hose supplier / local fabricator,,2026-07-17,,planned,turbo_and_airbox_position_hold,not_paid,not_ordered,,,,docs/2h-turbo-suitability-and-options-20260717.md,quote_or_plan_only,medium,"""Intake hose supplier / local fabricator"" ""Air-cleaner to turbo compressor inlet duct couplers clamps and support brackets"" (order OR confirmation OR shipped OR dispatch OR tracking)","""Intake hose supplier / local fabricator"" ""Air-cleaner to turbo compressor inlet duct couplers clamps and support brackets"" (receipt OR invoice OR paid OR payment)"
part_turbo_coolant_temperature_gauge_sender_20260717,09_optional_upgrades,turbocharger_powertrain,parts,Calibrated coolant-temperature gauge sender and matched adapter,Verified automotive instrumentation supplier,,2026-07-17,,planned,sender_location_and_thread_hold,not_paid,not_ordered,,,,docs/2h-turbo-suitability-and-options-20260717.md,quote_or_plan_only,medium,"""Verified automotive instrumentation supplier"" ""Calibrated coolant-temperature gauge sender and matched adapter"" (order OR confirmation OR shipped OR dispatch OR tracking)","""Verified automotive instrumentation supplier"" ""Calibrated coolant-temperature gauge sender and matched adapter"" (receipt OR invoice OR paid OR payment)"
part_turbo_crankcase_breather_separator_20260717,09_optional_upgrades,turbocharger_powertrain,parts,Serviceable crankcase breather oil separator and turbo-inlet return plumbing,Diesel filtration supplier / hose fabricator,,2026-07-17,,planned,blowby_test_and_route_hold,not_paid,not_ordered,,,,docs/2h-turbo-suitability-and-options-20260717.md,quote_or_plan_only,medium,"""Diesel filtration supplier / hose fabricator"" ""Serviceable crankcase breather oil separator and turbo-inlet return plumbing"" (order OR confirmation OR shipped OR dispatch OR tracking)","""Diesel filtration supplier / hose fabricator"" ""Serviceable crankcase breather oil separator and turbo-inlet return plumbing"" (receipt OR invoice OR paid OR payment)"
part_turbo_downpipe_flange_vband_20260717,09_optional_upgrades,turbocharger_powertrain,parts,Turbo outlet flange or V-band assembly and gasket for fabricated downpipe,Turbo manufacturer / exhaust fabricator,,2026-07-17,,planned,buy_with_final_turbo,not_paid,not_ordered,,,,docs/2h-turbo-suitability-and-options-20260717.md,quote_or_plan_only,medium,"""Turbo manufacturer / exhaust fabricator"" ""Turbo outlet flange or V-band assembly and gasket for fabricated downpipe"" (order OR confirmation OR shipped OR dispatch OR tracking)","""Turbo manufacturer / exhaust fabricator"" ""Turbo outlet flange or V-band assembly and gasket for fabricated downpipe"" (receipt OR invoice OR paid OR payment)"
part_turbo_downpipe_tube_20260717,09_optional_upgrades,turbocharger_powertrain,parts,Mandrel-bend downpipe tubing transition and fabrication stock,Local exhaust specialist / stainless or aluminised tube supplier,,2026-07-17,,planned,turbo_position_and_chassis_route_hold,not_paid,not_ordered,,,,docs/2h-turbo-suitability-and-options-20260717.md,quote_or_plan_only,medium,"""Local exhaust specialist / stainless or aluminised tube supplier"" ""Mandrel-bend downpipe tubing transition and fabrication stock"" (order OR confirmation OR shipped OR dispatch OR tracking)","""Local exhaust specialist / stainless or aluminised tube supplier"" ""Mandrel-bend downpipe tubing transition and fabrication stock"" (receipt OR invoice OR paid OR payment)"
part_turbo_egt_gauge_probe_20260717,09_optional_upgrades,turbocharger_powertrain,parts,Calibrated EGT pyrometer gauge with pre-turbine thermocouple probe wiring and alarm,Verified motorsport/diesel instrumentation supplier,,2026-07-17,,planned,quality_product_selection_hold,not_paid,not_ordered,,,,docs/2h-turbo-suitability-and-options-20260717.md|https://www.justraceparts.com.au/image/catalog/manual/2025/GearX/F-JRP-GearX-Boost%2BEgt-%26-Pyrometer-Instruction-Manual.pdf,quote_or_plan_only,medium,"""Verified motorsport/diesel instrumentation supplier"" ""Calibrated EGT pyrometer gauge with pre-turbine thermocouple probe wiring and alarm"" (order OR confirmation OR shipped OR dispatch OR tracking)","""Verified motorsport/diesel instrumentation supplier"" ""Calibrated EGT pyrometer gauge with pre-turbine thermocouple probe wiring and alarm"" (receipt OR invoice OR paid OR payment)"
part_turbo_exhaust_flex_joint_20260717,09_optional_upgrades,turbocharger_powertrain,parts,Interlocked-lined exhaust flex joint matched to downpipe diameter,Quality exhaust supplier,,2026-07-17,,planned,buy_after_exhaust_diameter_lock,not_paid,not_ordered,,,,docs/2h-turbo-suitability-and-options-20260717.md,quote_or_plan_only,medium,"""Quality exhaust supplier"" ""Interlocked-lined exhaust flex joint matched to downpipe diameter"" (order OR confirmation OR shipped OR dispatch OR tracking)","""Quality exhaust supplier"" ""Interlocked-lined exhaust flex joint matched to downpipe diameter"" (receipt OR invoice OR paid OR payment)"
part_turbo_exhaust_hanger_set_20260717,09_optional_upgrades,turbocharger_powertrain,parts,Turbo exhaust hanger brackets pins heat-rated rubber isolators and fasteners,Local exhaust fabricator / rubber supplier,,2026-07-17,,planned,buy_after_exhaust_mockup,not_paid,not_ordered,,,,docs/2h-turbo-suitability-and-options-20260717.md|data/manual/j40_as_fitted_route_pakistan_purchase_bom_20260531.csv,quote_or_plan_only,medium,"""Local exhaust fabricator / rubber supplier"" ""Turbo exhaust hanger brackets pins heat-rated rubber isolators and fasteners"" (order OR confirmation OR shipped OR dispatch OR tracking)","""Local exhaust fabricator / rubber supplier"" ""Turbo exhaust hanger brackets pins heat-rated rubber isolators and fasteners"" (receipt OR invoice OR paid OR payment)"
part_turbo_exhaust_manifold_2h_20260717,09_optional_upgrades,turbocharger_powertrain,parts,Toyota 2H turbo exhaust manifold or engineered manifold-adapter assembly,2H diesel specialist / exhaust manifold fabricator,,2026-07-17,,planned,engine_identity_and_mockup_hold,not_paid,not_ordered,,,,docs/2h-turbo-suitability-and-options-20260717.md,quote_or_plan_only,medium,"""2H diesel specialist / exhaust manifold fabricator"" ""Toyota 2H turbo exhaust manifold or engineered manifold-adapter assembly"" (order OR confirmation OR shipped OR dispatch OR tracking)","""2H diesel specialist / exhaust manifold fabricator"" ""Toyota 2H turbo exhaust manifold or engineered manifold-adapter assembly"" (receipt OR invoice OR paid OR payment)"
part_turbo_exhaust_system_20260717,09_optional_upgrades,turbocharger_powertrain,parts,Low-restriction single exhaust tubing muffler tailpipe joints and service clamps,Local diesel exhaust fabricator,,2026-07-17,,planned,full_chassis_and_body_route_hold,not_paid,not_ordered,,,,docs/2h-turbo-suitability-and-options-20260717.md|data/manual/j40_as_fitted_route_pakistan_purchase_bom_20260531.csv,quote_or_plan_only,medium,"""Local diesel exhaust fabricator"" ""Low-restriction single exhaust tubing muffler tailpipe joints and service clamps"" (order OR confirmation OR shipped OR dispatch OR tracking)","""Local diesel exhaust fabricator"" ""Low-restriction single exhaust tubing muffler tailpipe joints and service clamps"" (receipt OR invoice OR paid OR payment)"
part_turbo_fastener_support_bracket_stock_20260717,09_optional_upgrades,turbocharger_powertrain,parts,Turbo downpipe charge-pipe airbox and heat-shield bracket stock plus graded fasteners and isolators,Local steel/aluminium stockholder and fastener supplier,,2026-07-17,,planned,buy_after_mockup_cut_list,not_paid,not_ordered,,,,docs/2h-turbo-suitability-and-options-20260717.md,quote_or_plan_only,medium,"""Local steel/aluminium stockholder and fastener supplier"" ""Turbo downpipe charge-pipe airbox and heat-shield bracket stock plus graded fasteners and isolators"" (order OR confirmation OR shipped OR dispatch OR tracking)","""Local steel/aluminium stockholder and fastener supplier"" ""Turbo downpipe charge-pipe airbox and heat-shield bracket stock plus graded fasteners and isolators"" (receipt OR invoice OR paid OR payment)"
part_turbo_gauge_mount_wiring_20260717,09_optional_upgrades,turbocharger_powertrain,parts,Gauge mounting panel fused wiring terminals loom protection grommets labels and connectors,Local electrical supplier / gauge supplier,,2026-07-17,,planned,dash_layout_and_gauge_selection_hold,not_paid,not_ordered,,,,docs/2h-turbo-suitability-and-options-20260717.md,quote_or_plan_only,medium,"""Local electrical supplier / gauge supplier"" ""Gauge mounting panel fused wiring terminals loom protection grommets labels and connectors"" (order OR confirmation OR shipped OR dispatch OR tracking)","""Local electrical supplier / gauge supplier"" ""Gauge mounting panel fused wiring terminals loom protection grommets labels and connectors"" (receipt OR invoice OR paid OR payment)"
part_turbo_heat_shield_package_20260717,09_optional_upgrades,turbocharger_powertrain,parts,Turbine manifold and downpipe formed heat shields with air gap stand-offs and edge protection,Local sheet-metal fabricator / thermal supplier,,2026-07-17,,planned,final_hot_side_geometry_hold,not_paid,not_ordered,,,,docs/2h-turbo-suitability-and-options-20260717.md,quote_or_plan_only,medium,"""Local sheet-metal fabricator / thermal supplier"" ""Turbine manifold and downpipe formed heat shields with air gap stand-offs and edge protection"" (order OR confirmation OR shipped OR dispatch OR tracking)","""Local sheet-metal fabricator / thermal supplier"" ""Turbine manifold and downpipe formed heat shields with air gap stand-offs and edge protection"" (receipt OR invoice OR paid OR payment)"
part_turbo_intake_manifold_adapter_20260717,09_optional_upgrades,turbocharger_powertrain,parts,2H intake-manifold charge-air adapter/plenum connection with boost reference ports,2H diesel specialist / aluminium fabricator,,2026-07-17,,planned,manifold_measurement_hold,not_paid,not_ordered,,,,docs/2h-turbo-suitability-and-options-20260717.md,quote_or_plan_only,medium,"""2H diesel specialist / aluminium fabricator"" ""2H intake-manifold charge-air adapter/plenum connection with boost reference ports"" (order OR confirmation OR shipped OR dispatch OR tracking)","""2H diesel specialist / aluminium fabricator"" ""2H intake-manifold charge-air adapter/plenum connection with boost reference ports"" (receipt OR invoice OR paid OR payment)"
part_turbo_intercooler_core_20260717,09_optional_upgrades,turbocharger_powertrain,parts,Front or side-mounted bar-and-plate intercooler matched to 2H airflow and cooling-stack envelope,Full Throttle Pakistan / verified performance cooling supplier,,2026-07-17,,planned,cooling_stack_measurement_hold,not_paid,not_ordered,,,,docs/2h-turbo-suitability-and-options-20260717.md|docs/front-cooling-stack-fabrication-plan-20260530.md,quote_or_plan_only,medium,"""Full Throttle Pakistan / verified performance cooling supplier"" ""Front or side-mounted bar-and-plate intercooler matched to 2H airflow and cooling-stack envelope"" (order OR confirmation OR shipped OR dispatch OR tracking)","""Full Throttle Pakistan / verified performance cooling supplier"" ""Front or side-mounted bar-and-plate intercooler matched to 2H airflow and cooling-stack envelope"" (receipt OR invoice OR paid OR payment)"
part_turbo_intercooler_mount_isolator_set_20260717,09_optional_upgrades,turbocharger_powertrain,parts,Intercooler mounting brackets rubber isolators spacers and graded fasteners,Local fabricator / rubber and fastener suppliers,,2026-07-17,,planned,core_and_front_stack_hold,not_paid,not_ordered,,,,docs/front-cooling-stack-fabrication-plan-20260530.md|docs/2h-turbo-suitability-and-options-20260717.md,quote_or_plan_only,medium,"""Local fabricator / rubber and fastener suppliers"" ""Intercooler mounting brackets rubber isolators spacers and graded fasteners"" (order OR confirmation OR shipped OR dispatch OR tracking)","""Local fabricator / rubber and fastener suppliers"" ""Intercooler mounting brackets rubber isolators spacers and graded fasteners"" (receipt OR invoice OR paid OR payment)"
part_turbo_line_heat_sleeve_set_20260717,09_optional_upgrades,turbocharger_powertrain,parts,High-temperature sleeves and reflective barriers for nearby oil fuel brake clutch A-C and electrical routes,Automotive thermal protection supplier,,2026-07-17,,planned,buy_after_clearance_map,not_paid,not_ordered,,,,docs/2h-turbo-suitability-and-options-20260717.md,quote_or_plan_only,medium,"""Automotive thermal protection supplier"" ""High-temperature sleeves and reflective barriers for nearby oil fuel brake clutch A-C and electrical routes"" (order OR confirmation OR shipped OR dispatch OR tracking)","""Automotive thermal protection supplier"" ""High-temperature sleeves and reflective barriers for nearby oil fuel brake clutch A-C and electrical routes"" (receipt OR invoice OR paid OR payment)"
part_turbo_manifold_gasket_stud_set_20260717,09_optional_upgrades,turbocharger_powertrain,parts,New 2H exhaust manifold gasket turbo flange gasket studs nuts and locking hardware set,Toyota diesel parts counter / turbo specialist / industrial fastener supplier,,2026-07-17,,planned,buy_with_final_manifold,not_paid,not_ordered,,,,docs/2h-turbo-suitability-and-options-20260717.md,quote_or_plan_only,medium,"""Toyota diesel parts counter / turbo specialist / industrial fastener supplier"" ""New 2H exhaust manifold gasket turbo flange gasket studs nuts and locking hardware set"" (order OR confirmation OR shipped OR dispatch OR tracking)","""Toyota diesel parts counter / turbo specialist / industrial fastener supplier"" ""New 2H exhaust manifold gasket turbo flange gasket studs nuts and locking hardware set"" (receipt OR invoice OR paid OR payment)"
part_turbo_oil_drain_flange_20260717,09_optional_upgrades,turbocharger_powertrain,parts,Turbo-specific oil-drain flange gasket and fasteners,Turbo manufacturer / authorised distributor,,2026-07-17,,planned,buy_with_final_turbo,not_paid,not_ordered,,,,docs/2h-turbo-suitability-and-options-20260717.md,quote_or_plan_only,medium,"""Turbo manufacturer / authorised distributor"" ""Turbo-specific oil-drain flange gasket and fasteners"" (order OR confirmation OR shipped OR dispatch OR tracking)","""Turbo manufacturer / authorised distributor"" ""Turbo-specific oil-drain flange gasket and fasteners"" (receipt OR invoice OR paid OR payment)"
part_turbo_oil_drain_tube_20260717,09_optional_upgrades,turbocharger_powertrain,parts,Large-bore turbo gravity oil-drain tube hose and clamps,Turbo specialist / hose fabricator,,2026-07-17,,planned,route_measurement_hold,not_paid,not_ordered,,,,docs/2h-turbo-suitability-and-options-20260717.md,quote_or_plan_only,medium,"""Turbo specialist / hose fabricator"" ""Large-bore turbo gravity oil-drain tube hose and clamps"" (order OR confirmation OR shipped OR dispatch OR tracking)","""Turbo specialist / hose fabricator"" ""Large-bore turbo gravity oil-drain tube hose and clamps"" (receipt OR invoice OR paid OR payment)"
part_turbo_oil_feed_line_20260717,09_optional_upgrades,turbocharger_powertrain,parts,Turbo oil-feed line with heat sleeve and supported end fittings,Turbo manufacturer / quality hydraulic hose fabricator,,2026-07-17,,planned,buy_after_turbo_and_route_lock,not_paid,not_ordered,,,,docs/2h-turbo-suitability-and-options-20260717.md,quote_or_plan_only,medium,"""Turbo manufacturer / quality hydraulic hose fabricator"" ""Turbo oil-feed line with heat sleeve and supported end fittings"" (order OR confirmation OR shipped OR dispatch OR tracking)","""Turbo manufacturer / quality hydraulic hose fabricator"" ""Turbo oil-feed line with heat sleeve and supported end fittings"" (receipt OR invoice OR paid OR payment)"
part_turbo_oil_feed_restrictor_20260717,09_optional_upgrades,turbocharger_powertrain,parts,Turbo oil-feed restrictor or calibrated inlet fitting if required by selected turbo,Turbo manufacturer / authorised distributor,,2026-07-17,,planned,manufacturer_spec_hold,not_paid,not_ordered,,,,docs/2h-turbo-suitability-and-options-20260717.md,quote_or_plan_only,medium,"""Turbo manufacturer / authorised distributor"" ""Turbo oil-feed restrictor or calibrated inlet fitting if required by selected turbo"" (order OR confirmation OR shipped OR dispatch OR tracking)","""Turbo manufacturer / authorised distributor"" ""Turbo oil-feed restrictor or calibrated inlet fitting if required by selected turbo"" (receipt OR invoice OR paid OR payment)"
part_turbo_oil_feed_takeoff_20260717,09_optional_upgrades,turbocharger_powertrain,parts,Engine oil-gallery take-off adapter tee and gauge/sender provision for turbo feed,Diesel engine specialist / hydraulic fitting supplier,,2026-07-17,,planned,oil_pressure_port_measurement_hold,not_paid,not_ordered,,,,docs/2h-turbo-suitability-and-options-20260717.md,quote_or_plan_only,medium,"""Diesel engine specialist / hydraulic fitting supplier"" ""Engine oil-gallery take-off adapter tee and gauge/sender provision for turbo feed"" (order OR confirmation OR shipped OR dispatch OR tracking)","""Diesel engine specialist / hydraulic fitting supplier"" ""Engine oil-gallery take-off adapter tee and gauge/sender provision for turbo feed"" (receipt OR invoice OR paid OR payment)"
part_turbo_oil_pressure_gauge_sender_20260717,09_optional_upgrades,turbocharger_powertrain,parts,Calibrated engine oil-pressure gauge sender adapter and warning provision,Verified automotive instrumentation supplier,,2026-07-17,,planned,engine_port_and_range_hold,not_paid,not_ordered,,,,docs/2h-turbo-suitability-and-options-20260717.md,quote_or_plan_only,medium,"""Verified automotive instrumentation supplier"" ""Calibrated engine oil-pressure gauge sender adapter and warning provision"" (order OR confirmation OR shipped OR dispatch OR tracking)","""Verified automotive instrumentation supplier"" ""Calibrated engine oil-pressure gauge sender adapter and warning provision"" (receipt OR invoice OR paid OR payment)"
part_turbo_silicone_coupler_reducer_set_20260717,09_optional_upgrades,turbocharger_powertrain,parts,Four-ply silicone straight elbow and reducer couplers for charge-air system,Performance hose supplier / Full Throttle Pakistan,,2026-07-17,,planned,buy_after_pipe_od_lock,not_paid,not_ordered,,,,docs/2h-turbo-suitability-and-options-20260717.md,quote_or_plan_only,medium,"""Performance hose supplier / Full Throttle Pakistan"" ""Four-ply silicone straight elbow and reducer couplers for charge-air system"" (order OR confirmation OR shipped OR dispatch OR tracking)","""Performance hose supplier / Full Throttle Pakistan"" ""Four-ply silicone straight elbow and reducer couplers for charge-air system"" (receipt OR invoice OR paid OR payment)"
part_turbo_sump_return_bung_20260717,09_optional_upgrades,turbocharger_powertrain,parts,Weld-on turbo oil-return bung for 2H sump with cap for fabrication test,Machine shop / turbo fabricator,,2026-07-17,,planned,turbo_position_and_oil_level_hold,not_paid,not_ordered,,,,docs/2h-turbo-suitability-and-options-20260717.md,quote_or_plan_only,medium,"""Machine shop / turbo fabricator"" ""Weld-on turbo oil-return bung for 2H sump with cap for fabrication test"" (order OR confirmation OR shipped OR dispatch OR tracking)","""Machine shop / turbo fabricator"" ""Weld-on turbo oil-return bung for 2H sump with cap for fabrication test"" (receipt OR invoice OR paid OR payment)"
part_turbo_tbolt_clamp_set_20260717,09_optional_upgrades,turbocharger_powertrain,parts,Stainless T-bolt clamp set matched to every charge-pipe joint,Performance hose supplier / industrial clamp supplier,,2026-07-17,,planned,buy_after_installed_od_measurement,not_paid,not_ordered,,,,docs/2h-turbo-suitability-and-options-20260717.md,quote_or_plan_only,medium,"""Performance hose supplier / industrial clamp supplier"" ""Stainless T-bolt clamp set matched to every charge-pipe joint"" (order OR confirmation OR shipped OR dispatch OR tracking)","""Performance hose supplier / industrial clamp supplier"" ""Stainless T-bolt clamp set matched to every charge-pipe joint"" (receipt OR invoice OR paid OR payment)"
part_turbo_wastegate_actuator_control_20260717,09_optional_upgrades,turbocharger_powertrain,parts,Matched internal wastegate actuator boost reference hose and control fittings,Turbo manufacturer / authorised distributor,,2026-07-17,,planned,buy_with_final_turbo,not_paid,not_ordered,,,,docs/2h-turbo-suitability-and-options-20260717.md,quote_or_plan_only,medium,"""Turbo manufacturer / authorised distributor"" ""Matched internal wastegate actuator boost reference hose and control fittings"" (order OR confirmation OR shipped OR dispatch OR tracking)","""Turbo manufacturer / authorised distributor"" ""Matched internal wastegate actuator boost reference hose and control fittings"" (receipt OR invoice OR paid OR payment)"
part_turbo_water_line_set_conditional_20260717,09_optional_upgrades,turbocharger_powertrain,parts,Turbo coolant feed and return lines fittings and heat sleeve if selected turbo is water-cooled,Turbo manufacturer / cooling hose specialist,,2026-07-17,,planned,conditional_turbo_spec_hold,not_paid,not_ordered,,,,docs/2h-turbo-suitability-and-options-20260717.md,quote_or_plan_only,medium,"""Turbo manufacturer / cooling hose specialist"" ""Turbo coolant feed and return lines fittings and heat sleeve if selected turbo is water-cooled"" (order OR confirmation OR shipped OR dispatch OR tracking)","""Turbo manufacturer / cooling hose specialist"" ""Turbo coolant feed and return lines fittings and heat sleeve if selected turbo is water-cooled"" (receipt OR invoice OR paid OR payment)"
part_turbocharger_matched_2h_20260717,09_optional_upgrades,turbocharger_powertrain,parts,Matched wastegated turbocharger for Toyota 2H conservative road build,Garrett authorised distributor / GCG Turbo / verified diesel turbo specialist,,2026-07-17,,planned,engine_health_and_map_match_hold,not_paid,not_ordered,,,,docs/2h-turbo-suitability-and-options-20260717.md|https://www.borgwarner.com/aftermarket/boosting-technologies/news/2022/05/20/matchbot-a-shortcut-method,quote_or_plan_only,medium,"""Garrett authorised distributor / GCG Turbo / verified diesel turbo specialist"" ""Matched wastegated turbocharger for Toyota 2H conservative road build"" (order OR confirmation OR shipped OR dispatch OR tracking)","""Garrett authorised distributor / GCG Turbo / verified diesel turbo specialist"" ""Matched wastegated turbocharger for Toyota 2H conservative road build"" (receipt OR invoice OR paid OR payment)"
part_body_mount_hardware_kit,03_body_chassis,body_chassis,parts,Body mount hardware kit bolts sleeves washers,,,,,spec_ready,spec_ready_release_hold,not_paid,not_ordered,,PKR,,user_plan_2026-04-22_tub_off_update|docs_tub-off-refit-execution-plan|data/manual/body_mount_order_release_specs.csv|data/manual/body_mount_release_actions.csv,review_context,low,"""Body mount hardware kit bolts sleeves washers"" (order OR confirmation OR shipped OR dispatch OR tracking)","""Body mount hardware kit bolts sleeves washers"" (receipt OR invoice OR paid OR payment)"
part_body_mount_shim_pack,03_body_chassis,body_chassis,parts,Body mount shim and spacer pack,,,,,spec_ready,spec_ready_release_hold,not_paid,not_ordered,,PKR,,user_plan_2026-04-22_tub_off_update|docs_tub-off-refit-execution-plan|data/manual/body_mount_order_release_specs.csv|data/manual/body_mount_release_actions.csv,review_context,low,"""Body mount shim and spacer pack"" (order OR confirmation OR shipped OR dispatch OR tracking)","""Body mount shim and spacer pack"" (receipt OR invoice OR paid OR payment)"
part_body_rubber_plastic_bumpers_isolators,03_body_chassis,body_chassis,parts,Body rubber/plastic bumpers isolators knobs and small spacers,Bilal Ganj rubber/body trim supplier,,2026-05-04,,partial_bill_lines_recorded,partial_receipt_lines_recorded_remaining_sort_open,not_paid,not_ordered,,PKR,,20260503_153832_gp_0FJJiLHg|user_update_2026-05-04_fastener_photo_gap_review|data/manual/fastener_photo_count_estimates.csv|20260710_165119_gp_LStiDaCg|20260710_222718_gp_bIgLuHVw|20260710_223009_gp_v6AjWz1A|20260710_223401_gp_PoVmWQPw|20260710_223557_gp_RgUvwq5g|20260710_224045_gp_fSkEXeCg|photo_import_20260710T232017|20260710_bilal_ganj_urdu_receipt_user_photo|data/manual/bilal_ganj_bill_breakdown_20260710.csv,review_context,low,"""Bilal Ganj rubber/body trim supplier"" ""Body rubber/plastic bumpers isolators knobs and small spacers"" (order OR confirmation OR shipped OR dispatch OR tracking)","""Bilal Ganj rubber/body trim supplier"" ""Body rubber/plastic bumpers isolators knobs and small spacers"" (receipt OR invoice OR paid OR payment)"
part_evaporust_5l,03_body_chassis,body_chassis,parts,Evapo-Rust 5 Litre Heavy Duty Rust Remover,7mart,,2026-04-22,,received,received,unknown,received,,PKR,,user_update_2026-04-22_evaporust_delivered|INV-0031,review_context,low,"""7mart"" ""Evapo-Rust 5 Litre Heavy Duty Rust Remover"" (order OR confirmation OR shipped OR dispatch OR tracking)","""7mart"" ""Evapo-Rust 5 Litre Heavy Duty Rust Remover"" (receipt OR invoice OR paid OR payment)"
part_m6_m8_threaded_rivnut_nutsert_assortment_received,03_body_chassis,body_chassis,parts,M6 and M8 threaded rivet nuts / rivnuts / nutserts - received,Temu / Shenzhen Shangsha Trading Co. Ltd.,,2026-05-08,,received,received,unknown,received,,PKR,,user_update_2026-05-08_rivets_received|user_update_2026-05-09_m6_m8_rivnut_confirmation|photos/20260508_rivnuts_received_user_photo.png|photos/20260508_m6_rivnut_box_labels_user_photo.png,review_context,low,"""Temu / Shenzhen Shangsha Trading Co. Ltd."" ""M6 and M8 threaded rivet nuts / rivnuts / nutserts - received"" (order OR confirmation OR shipped OR dispatch OR tracking)","""Temu / Shenzhen Shangsha Trading Co. Ltd."" ""M6 and M8 threaded rivet nuts / rivnuts / nutserts - received"" (receipt OR invoice OR paid OR payment)"
part_brake_clutch_hard_line_fittings_20260514,06c_brake_system,brake_system,parts,Brake/clutch hard-line flare nuts and fitting assortment - match old threads and seats,local brake hydraulic pipe specialist,quote_with_4.75mm_line_stock,2026-05-14,,planned_buy_anyway,buy_spare_set_sample_match_before_install,not_paid,not_ordered,,PKR,,user_update_2026-05-14_full_vehicle_brake_clutch_line_purchase_list|HLS-15|HLS-19|BR-CAPTURE-001|20260514_111300_user_brake_flare_side_view|docs/brake-line-cheap-sourcing-20260524.md|user_update_2026-05-24_price_brake_lines_before_other_parts|user_query_2026-06-19_flare_nut_connectors_order_check|user_update_2026-06-19_buy_flare_tube_nuts_anyway,review_context,low,"""quote_with_4.75mm_line_stock"" ""local brake hydraulic pipe specialist"" ""Brake/clutch hard-line flare nuts and fitting assortment - match old threads and seats"" (order OR confirmation OR shipped OR dispatch OR tracking)","""quote_with_4.75mm_line_stock"" ""local brake hydraulic pipe specialist"" ""Brake/clutch hard-line flare nuts and fitting assortment - match old threads and seats"" (receipt OR invoice OR paid OR payment)"
part_rear_brake_shoes_correct_k2221_20260722,06c_brake_system,brake_system,parts,Correct rear brake shoe axle sets - MK Yellow K-2221-N/Y / Toyota 04494-60010 or 04494-60011 x2,GariParts.com,O#1715,2026-07-22,,received,received,unknown,received,12073,PKR,https://gariparts.com/products/k-2221-n-y,20260722_000008_user_k2255_brake_shoe_wrong_width_fit_check|docs/rear-brake-shoe-fitment-and-purchase-control-20260722.md|mk_kashiyama_catalog_2024|gariparts_k2221_live_listing_20260722|gariparts_shipping_policy_20260722|gmail_msg_19f8761a9f9f92db|gmail_msg_19f8e26716259977|gmail_order_O1715|leopards_KI7539252162|user_update_2026-07-29_all_pending_orders_arrived,review_context,low,"""O#1715"" ""GariParts.com"" ""Correct rear brake shoe axle sets - MK Yellow K-2221-N/Y / Toyota 04494-60010 or 04494-60011 x2"" (order OR confirmation OR shipped OR dispatch OR tracking)","""O#1715"" ""GariParts.com"" ""Correct rear brake shoe axle sets - MK Yellow K-2221-N/Y / Toyota 04494-60010 or 04494-60011 x2"" (receipt OR invoice OR paid OR payment)"
part_rear_brake_shoes_hardware,06c_brake_system,brake_system,parts,Rear brake shoes/friction set - PakWheels K-2255-N/Y received but wrong width for project rear brakes; spring hardware separate,PakWheels AUTOSTORE,1075298,2026-05-25,after_eid_vendor_note_no_exact_date,received_wrong_fit_return_exchange_required,return_exchange_required,unknown,received_wrong_fit,20183,PKR,,BR-REAR-005|20260524_025547_gp_yCvA0bxA|20260524_025532_gp_YlEZxOmQ|gmail_order_1075298|gmail_cancel_1075421|leopards_KI7535728644|user_update_2026-06-19_new_rear_brake_shoes_on_hand|20260722_000008_user_k2255_brake_shoe_wrong_width_fit_check|docs/rear-brake-shoe-fitment-and-purchase-control-20260722.md|mk_kashiyama_catalog_2024,review_context,low,"""1075298"" ""PakWheels AUTOSTORE"" ""Rear brake shoes/friction set - PakWheels K-2255-N/Y received but wrong width for project rear brakes; spring hardware separate"" (order OR confirmation OR shipped OR dispatch OR tracking)","""1075298"" ""PakWheels AUTOSTORE"" ""Rear brake shoes/friction set - PakWheels K-2255-N/Y received but wrong width for project rear brakes; spring hardware separate"" (receipt OR invoice OR paid OR payment)"
part_rear_parking_brake_attachment_hardware_20260527,06c_brake_system,brake_system,parts,Rear parking-brake wheel-end attachment hardware and spring set - clevis/equalizer/return springs/clips,Aamir runner / local brake parts or hardware supplier / written spec or mechanic-labelled sample required,,2026-05-27,,partial_bill_lines_recorded,lever_springs_received_remaining_hardware_open,not_paid,not_ordered,,PKR,,BR-REAR-009|BR-REAR-001|BR-REAR-007|part_rear_parking_brake_cable_set|user_update_2026-05-27_required_purchase_line_cleanup|user_update_2026-05-27_gettable_local_brake_items|user_update_2026-05-27_aamir_runner_not_mechanic|user_update_2026-05-27_spec_controlled_runner_purchase|docs/brake-runner-spec-capture-20260528.md|user_update_2026-05-28_rear_parking_brake_back_section_photos|user_update_2026-06-19_long_handbrake_cable_wheel_end_parts_needed|user_update_2026-06-19_replace_all_handbrake_springs|20260710_103424_gp_Ab1ltlRw|20260710_103434_gp_go5dJG6w|photo_import_20260710T232017|20260710_bilal_ganj_urdu_receipt_user_photo|data/manual/bilal_ganj_bill_breakdown_20260710.csv,review_context,low,"""Aamir runner / local brake parts or hardware supplier / written spec or mechanic-labelled sample required"" ""Rear parking-brake wheel-end attachment hardware and spring set - clevis/equalizer/return springs/clips"" (order OR confirmation OR shipped OR dispatch OR tracking)","""Aamir runner / local brake parts or hardware supplier / written spec or mechanic-labelled sample required"" ""Rear parking-brake wheel-end attachment hardware and spring set - clevis/equalizer/return springs/clips"" (receipt OR invoice OR paid OR payment)"
part_cabin_compact_fuse_boxes,04_electrical_reset,electrical_reset,parts,Compact cabin fuse protection - reuse 12-way plus buy one compact OEM add-on,Bilal Ganj / Montgomery Road compact OEM fuse donor supplier / OLX Mehran-Alto donor lead,,2026-05-03,,candidate_photos_added,candidate_photos_added_cost_missing,not_paid,not_ordered,,PKR,,user_update_2026-05-03_cabin_fuse_boxes_not_ordered|workbook_parts_row_55_relay_block_received|workbook_parts_row_57_wrong_item_not_bought|user_reference_image_2026-05-03_compact_internal_fuse_box|user_front_rear_fuse_block_images_2026-05-04|docs/cabin-fuse-box-acquisition-20260503.md|20260710_164646_gp_B14r1TNQ|20260710_164801_gp_UBVIEcRw|20260710_164806_gp_fl9SjL8Q|photo_import_20260710T232017,review_context,low,"""Bilal Ganj / Montgomery Road compact OEM fuse donor supplier / OLX Mehran-Alto donor lead"" ""Compact cabin fuse protection - reuse 12-way plus buy one compact OEM add-on"" (order OR confirmation OR shipped OR dispatch OR tracking)","""Bilal Ganj / Montgomery Road compact OEM fuse donor supplier / OLX Mehran-Alto donor lead"" ""Compact cabin fuse protection - reuse 12-way plus buy one compact OEM add-on"" (receipt OR invoice OR paid OR payment)"
part_power_steering_upgrade,06_steering_brakes_suspension,eps_vitz_upgrade,parts,Complete RHD J60/HJ60 hydraulic steering set plus Toyota 2H pump-drive package,Land Cruiser specialist / J60 breaker / hydraulic steering rebuilder,,2026-07-19,,researching,complete_set_identity_and_trial_fit_hold,not_paid,not_ordered,,PKR,,docs/j60-hydraulic-power-steering-conversion-plan-20260719.md|docs/chassis-welder-steering-turbo-component-first-instruction-20260719.md,review_context,low,"""Land Cruiser specialist / J60 breaker / hydraulic steering rebuilder"" ""Complete RHD J60/HJ60 hydraulic steering set plus Toyota 2H pump-drive package"" (order OR confirmation OR shipped OR dispatch OR tracking)","""Land Cruiser specialist / J60 breaker / hydraulic steering rebuilder"" ""Complete RHD J60/HJ60 hydraulic steering set plus Toyota 2H pump-drive package"" (receipt OR invoice OR paid OR payment)"
part_fabrication_raw_epdm_sheet_small_isolators_20260513,04b_fabrication_handoff,fabrication_handoff,parts,3-5 mm EPDM/SBR sheet for radiator isolator and small anti-chafe pads,local rubber sheet supplier / Longman fallback,,2026-05-13,,fabrication_controlled,fabrication_quote_ready,not_paid,not_ordered,,PKR,,data/manual/fabrication_raw_material_estimates.csv|docs/fabrication-raw-materials-procurement-estimate-20260513.md|data/manual/fabrication/front_radiator_two_side_retention_rev_a/fabricator_cut_list.csv,review_context,low,"""local rubber sheet supplier / Longman fallback"" ""3-5 mm EPDM/SBR sheet for radiator isolator and small anti-chafe pads"" (order OR confirmation OR shipped OR dispatch OR tracking)","""local rubber sheet supplier / Longman fallback"" ""3-5 mm EPDM/SBR sheet for radiator isolator and small anti-chafe pads"" (receipt OR invoice OR paid OR payment)"
part_fabrication_raw_mild_steel_plate_4mm_20260513,04b_fabrication_handoff,fabrication_handoff,parts,4.0 mm mild-steel plate plus structural 90-degree angle/L-section stock for compact battery saddle/upright/offset bars and radiator post,local steel stockholder / sheet-metal shop,,2026-05-13,,fabrication_controlled,fabrication_quote_ready,not_paid,not_ordered,,PKR,,data/manual/fabrication_raw_material_estimates.csv|data/manual/fabrication_metal_stock_requirements.csv|docs/fabrication-raw-materials-procurement-estimate-20260513.md|docs/fabrication-metal-stock-list-20260514.md|data/manual/fabrication/battery_power_carrier_mount_rev_a/fabricator_cut_list.csv|data/manual/fabrication/front_radiator_two_side_retention_rev_a/fabricator_cut_list.csv,review_context,low,"""local steel stockholder / sheet-metal shop"" ""4.0 mm mild-steel plate plus structural 90-degree angle/L-section stock for compact battery saddle/upright/offset bars and radiator post"" (order OR confirmation OR shipped OR dispatch OR tracking)","""local steel stockholder / sheet-metal shop"" ""4.0 mm mild-steel plate plus structural 90-degree angle/L-section stock for compact battery saddle/upright/offset bars and radiator post"" (receipt OR invoice OR paid OR payment)"
part_autohub_amsoil_mos2_grease_20260722,05_mechanical_baseline,mechanical_baseline,parts,AMSOIL Synthetic Poly Off Road MoS2 Synthetic Grease #2 x1,Autohub,1763669|63669,2026-07-22,,received,received,unknown,received,3748,PKR,,gmail_msg_19f86aceeb6fad60|gmail_msg_19f8949ec7a86321|gmail_order_1763669|autohub_order_63669|postex_tracking_AhubRider|user_update_2026-07-29_all_pending_orders_arrived,review_context,low,"""1763669|63669"" ""Autohub"" ""AMSOIL Synthetic Poly Off Road MoS2 Synthetic Grease #2 x1"" (order OR confirmation OR shipped OR dispatch OR tracking)","""1763669|63669"" ""Autohub"" ""AMSOIL Synthetic Poly Off Road MoS2 Synthetic Grease #2 x1"" (receipt OR invoice OR paid OR payment)"
part_mech_air_filter,05_mechanical_baseline,mechanical_baseline,parts,Air filter element,,,,,received,received,unknown,received,,PKR,,user_plan_2026-04-12_engine_bay_review|user_update_2026-04-20_photo_review,review_context,low,"""Air filter element"" (order OR confirmation OR shipped OR dispatch OR tracking)","""Air filter element"" (receipt OR invoice OR paid OR payment)"
part_mech_fuel_hose_and_clamps,05_mechanical_baseline,mechanical_baseline,parts,"Diesel fuel hose/line package - 8 mm feed, 6 mm return, leak-off hose, new hard lines",Amir runner / Longman Mills / local diesel hose supplier,,,,purchase_ready,purchase_ready_measured_stock,not_paid,not_ordered,,PKR,,user_plan_2026-04-12_engine_bay_review|user_update_2026-05-01_engine_hose_spec|data/manual/replacement_pipe_order_release_specs.csv|data/manual/replacement_pipe_release_actions.csv|data/manual/longman_pipe_hose_order_specs.csv|user_update_2026-05-29_list_under_amir_mechanical_easy|docs/amir-montgomery-road-shopping-list-20260527.md,review_context,low,"""Amir runner / Longman Mills / local diesel hose supplier"" ""Diesel fuel hose/line package - 8 mm feed, 6 mm return, leak-off hose, new hard lines"" (order OR confirmation OR shipped OR dispatch OR tracking)","""Amir runner / Longman Mills / local diesel hose supplier"" ""Diesel fuel hose/line package - 8 mm feed, 6 mm return, leak-off hose, new hard lines"" (receipt OR invoice OR paid OR payment)"
part_mech_heater_hose_set,05_mechanical_baseline,mechanical_baseline,parts,"Heater hose pair - EPDM 400 mm inlet + 280 mm outlet, 16 mm ID",Amir runner / Longman Mills / local hose supplier,,,,sample_photos_added,sample_route_photos_added_cost_missing,not_paid,not_ordered,,PKR,,user_plan_2026-04-12_engine_bay_review|user_update_2026-05-01_engine_hose_spec|data/manual/replacement_pipe_order_release_specs.csv|data/manual/replacement_pipe_release_actions.csv|data/manual/longman_pipe_hose_order_specs.csv|user_update_2026-05-29_list_under_amir_mechanical_easy|docs/amir-montgomery-road-shopping-list-20260527.md|20260710_115709_gp_WMDUdgpw|20260710_115725_gp_mPuwEjYw|20260710_115730_gp_ytcZloOQ|photo_import_20260710T232017,review_context,low,"""Amir runner / Longman Mills / local hose supplier"" ""Heater hose pair - EPDM 400 mm inlet + 280 mm outlet, 16 mm ID"" (order OR confirmation OR shipped OR dispatch OR tracking)","""Amir runner / Longman Mills / local hose supplier"" ""Heater hose pair - EPDM 400 mm inlet + 280 mm outlet, 16 mm ID"" (receipt OR invoice OR paid OR payment)"
part_mech_thermostat_gasket,05_mechanical_baseline,mechanical_baseline,parts,Thermostat plus gasket,,,,,received,received,unknown,received,,PKR,,user_plan_2026-04-12_engine_bay_review|user_update_2026-04-20_photo_review,review_context,low,"""Thermostat plus gasket"" (order OR confirmation OR shipped OR dispatch OR tracking)","""Thermostat plus gasket"" (receipt OR invoice OR paid OR payment)"
part_mech_vacuum_hose_refresh,05_mechanical_baseline,mechanical_baseline,parts,Vacuum/breather hose kit - 10-12 mm vacuum + 16-19 mm oil-resistant breather,Amir runner / Longman Mills / local hose supplier,,,,purchase_ready,purchase_ready_standard_stock,not_paid,not_ordered,,PKR,,user_plan_2026-04-12_engine_bay_review|user_update_2026-05-01_engine_hose_spec|data/manual/replacement_pipe_order_release_specs.csv|data/manual/replacement_pipe_release_actions.csv|data/manual/longman_pipe_hose_order_specs.csv|user_update_2026-05-29_list_under_amir_mechanical_easy|docs/amir-montgomery-road-shopping-list-20260527.md,review_context,low,"""Amir runner / Longman Mills / local hose supplier"" ""Vacuum/breather hose kit - 10-12 mm vacuum + 16-19 mm oil-resistant breather"" (order OR confirmation OR shipped OR dispatch OR tracking)","""Amir runner / Longman Mills / local hose supplier"" ""Vacuum/breather hose kit - 10-12 mm vacuum + 16-19 mm oil-resistant breather"" (receipt OR invoice OR paid OR payment)"
part_piano_hinge,09_optional_upgrades,optional_upgrades,parts,Piano hinge,,,,,received,received,unknown,received,,PKR,,user_seed,review_context,low,"""Piano hinge"" (order OR confirmation OR shipped OR dispatch OR tracking)","""Piano hinge"" (receipt OR invoice OR paid OR payment)"
part_mech_radiator_hose_set,05_mechanical_baseline,radiator,parts,"Cooling hose/pipe package - upper/lower radiator hoses, overflow hose, formed coolant pipe",Amir runner / Longman Mills / local radiator hose or pipe fabricator,,,,sample_photos_added,sample_route_photos_added_cost_missing,not_paid,not_ordered,,PKR,,user_plan_2026-04-12_engine_bay_review|user_update_2026-05-01_engine_hose_spec|data/manual/replacement_pipe_order_release_specs.csv|data/manual/replacement_pipe_release_actions.csv|data/manual/longman_pipe_hose_order_specs.csv|user_update_2026-05-29_list_under_amir_mechanical_easy|docs/amir-montgomery-road-shopping-list-20260527.md|20260710_115709_gp_WMDUdgpw|20260710_115725_gp_mPuwEjYw|20260710_115730_gp_ytcZloOQ|photo_import_20260710T232017,review_context,low,"""Amir runner / Longman Mills / local radiator hose or pipe fabricator"" ""Cooling hose/pipe package - upper/lower radiator hoses, overflow hose, formed coolant pipe"" (order OR confirmation OR shipped OR dispatch OR tracking)","""Amir runner / Longman Mills / local radiator hose or pipe fabricator"" ""Cooling hose/pipe package - upper/lower radiator hoses, overflow hose, formed coolant pipe"" (receipt OR invoice OR paid OR payment)"
tool_breaker_bar,00_site_setup,site_setup,tools,"1/2 inch 24 inch breaker bar, heavy duty",local,,2026-05-08,,received,received,unknown,received,,PKR,,user_seed|akber_khan-00346|user_update_2026-05-08_breaker_bar_arrived,review_context,low,"""local"" ""1/2 inch 24 inch breaker bar, heavy duty"" (order OR confirmation OR shipped OR dispatch OR tracking)","""local"" ""1/2 inch 24 inch breaker bar, heavy duty"" (receipt OR invoice OR paid OR payment)"
tool_cover,00_site_setup,site_setup,tools,Car cover,Shopify storefront,932d270cf0bc36f7d57c42f9ede63dae,,2026-03-18,received,received,unknown,received,,PKR,,user_seed|akber_khan-00793|akber_khan-00805|akber_khan-00806|akber_khan-00879,review_context,low,"""932d270cf0bc36f7d57c42f9ede63dae"" ""Shopify storefront"" ""Car cover"" (order OR confirmation OR shipped OR dispatch OR tracking)","""932d270cf0bc36f7d57c42f9ede63dae"" ""Shopify storefront"" ""Car cover"" (receipt OR invoice OR paid OR payment)"
tool_grease_gun,00_site_setup,site_setup,tools,Grease gun,Toolsmart,,,2026-03-18,received,received,unknown,received,,PKR,,user_seed|akber_khan-00395|akber_khan-00671|fj40-00286|akber_khan-00879,review_context,low,"""Toolsmart"" ""Grease gun"" (order OR confirmation OR shipped OR dispatch OR tracking)","""Toolsmart"" ""Grease gun"" (receipt OR invoice OR paid OR payment)"
tool_local_bench_vice,00_site_setup,site_setup,tools,Bench vice / workshop vice,ToolsMart.pk,TM25550,2026-05-04,,received,received,unknown,received,14970,PKR,,user_update_2026-05-04_bench_vice_ordered|gmail_msg_19df40dbc5116bb3|gmail_order_TM25550|user_update_2026-05-12_bench_vice_arrived,review_context,low,"""TM25550"" ""ToolsMart.pk"" ""Bench vice / workshop vice"" (order OR confirmation OR shipped OR dispatch OR tracking)","""TM25550"" ""ToolsMart.pk"" ""Bench vice / workshop vice"" (receipt OR invoice OR paid OR payment)"
tool_standard_electric_air_quick_coupler_20260722,00_site_setup,site_setup,tools,1/4 inch SF pneumatic air quick-coupler socket connector x1,Standard Electric Co.,3327,2026-07-22,,received,received,unknown,received,695,PKR,,gmail_msg_19f86a9380524117|gmail_order_3327|user_update_2026-07-29_all_pending_orders_arrived,review_context,low,"""3327"" ""Standard Electric Co."" ""1/4 inch SF pneumatic air quick-coupler socket connector x1"" (order OR confirmation OR shipped OR dispatch OR tracking)","""3327"" ""Standard Electric Co."" ""1/4 inch SF pneumatic air quick-coupler socket connector x1"" (receipt OR invoice OR paid OR payment)"
tool_tap_set,00_site_setup,site_setup,tools,Tap set,ToolsMart.pk,,,,received,received,unknown,received,,PKR,,user_seed|akber_khan-00663|akber_khan-00664,review_context,low,"""ToolsMart.pk"" ""Tap set"" (order OR confirmation OR shipped OR dispatch OR tracking)","""ToolsMart.pk"" ""Tap set"" (receipt OR invoice OR paid OR payment)"
tool_torque_wrench,00_site_setup,site_setup,tools,Torque wrench,ToolsMart.pk,,,,received,received,unknown,received,,PKR,,user_seed|akber_khan-00395,review_context,low,"""ToolsMart.pk"" ""Torque wrench"" (order OR confirmation OR shipped OR dispatch OR tracking)","""ToolsMart.pk"" ""Torque wrench"" (receipt OR invoice OR paid OR payment)"
part_copper_grease,06_steering_brakes_suspension,steering_brakes_suspension,parts,Copper grease for brakes,Pakistan Power Tool,,,,received,received,unknown,received,,PKR,,user_seed,review_context,low,"""Pakistan Power Tool"" ""Copper grease for brakes"" (order OR confirmation OR shipped OR dispatch OR tracking)","""Pakistan Power Tool"" ""Copper grease for brakes"" (receipt OR invoice OR paid OR payment)"
part_ironman_foamcell_suspension_kit,06_steering_brakes_suspension,steering_brakes_suspension,parts,Ironman Foamcell suspension kit - main shipment (front dampers separate),Ironman 4x4 supplier,,2026-05-01,,received,received,unknown,received,575000,PKR,,user_update_2026-05-01_ironman_foamcell_order|image_2026-05-01_ironman_foamcell_parts_list|user_update_2026-05-08_ironman_main_kit_arrived_front_dampers_pending,review_context,low,"""Ironman 4x4 supplier"" ""Ironman Foamcell suspension kit - main shipment (front dampers separate)"" (order OR confirmation OR shipped OR dispatch OR tracking)","""Ironman 4x4 supplier"" ""Ironman Foamcell suspension kit - main shipment (front dampers separate)"" (receipt OR invoice OR paid OR payment)"
part_suspension_wooden_cribbing_blocks,06_steering_brakes_suspension,steering_brakes_suspension,parts,Seasoned hardwood cribbing cut set - 8 blocks + 4 wedge chocks,local timber / wood merchant,,2026-05-04,,received,received,not_paid,received,,PKR,,user_update_2026-05-02_suspension_wooden_blocks|user_update_2026-05-04_wood_parts_ordered|data/manual/suspension_wood_cribbing_order_specs.csv|docs/suspension-wood-cribbing-merchant-spec.md|data/manual/fabrication/suspension_wood_cribbing_rev_a/README.md|data/manual/fabrication/suspension_wood_cribbing_rev_a/j40_suspension_wood_cribbing_rev_a_dimension_sheet.pdf|user_update_2026-05-17_wooden_blocks_received,review_context,low,"""local timber / wood merchant"" ""Seasoned hardwood cribbing cut set - 8 blocks + 4 wedge chocks"" (order OR confirmation OR shipped OR dispatch OR tracking)","""local timber / wood merchant"" ""Seasoned hardwood cribbing cut set - 8 blocks + 4 wedge chocks"" (receipt OR invoice OR paid OR payment)"
part_turbo_boost_gauge_daraz_lead_20260717,09_optional_upgrades,turbocharger_powertrain,parts,Generic 52 mm electronic boost gauge Daraz market lead,Daraz / BMSM Top Collection,,2026-07-17,,market_lead,do_not_buy_without_accuracy_proof,not_paid,not_ordered,5768,PKR,https://www.daraz.pk/products/ad-universal-52mm-bar-blue-led-light-pressure-turbo-boost-gauge-meter-with-sensor-holder-12v-boost-sensor-car-accessories-i525997148.html,https://www.daraz.pk/products/ad-universal-52mm-bar-blue-led-light-pressure-turbo-boost-gauge-meter-with-sensor-holder-12v-boost-sensor-car-accessories-i525997148.html,review_context,low,"""Daraz / BMSM Top Collection"" ""Generic 52 mm electronic boost gauge Daraz market lead"" (order OR confirmation OR shipped OR dispatch OR tracking)","""Daraz / BMSM Top Collection"" ""Generic 52 mm electronic boost gauge Daraz market lead"" (receipt OR invoice OR paid OR payment)"
part_turbo_charge_pipe_import_lead_20260717,09_optional_upgrades,turbocharger_powertrain,parts,Imported universal aluminium intercooler pipe hose and clamp kit market lead,Ubuy Pakistan / Salem Auto Parts,,2026-07-17,,market_lead,do_not_buy_wrong_diameter,not_paid,not_ordered,47273,PKR,https://www.ubuy.com.pk/en/product/M5U12RSZO-3-60cm-universal-aluminum-intercooler-pipe-kit-polished-aluminum-turbo-intercooler-pipe-8-blue-hose-16-clamps-kit,https://www.ubuy.com.pk/en/product/M5U12RSZO-3-60cm-universal-aluminum-intercooler-pipe-kit-polished-aluminum-turbo-intercooler-pipe-8-blue-hose-16-clamps-kit,review_context,low,"""Ubuy Pakistan / Salem Auto Parts"" ""Imported universal aluminium intercooler pipe hose and clamp kit market lead"" (order OR confirmation OR shipped OR dispatch OR tracking)","""Ubuy Pakistan / Salem Auto Parts"" ""Imported universal aluminium intercooler pipe hose and clamp kit market lead"" (receipt OR invoice OR paid OR payment)"
part_turbo_charge_pipe_kit_20260717,09_optional_upgrades,turbocharger_powertrain,parts,Aluminium charge-pipe bends and straight sections with beaded ends,Full Throttle Pakistan,,2026-07-17,,market_lead,diameter_and_route_hold,not_paid,not_ordered,,,https://fullthrottlepakistan.com/products/universal-3-aluminum-turbo-intake-intercooler-pipe-kit-silver-for-most-cars,https://fullthrottlepakistan.com/products/universal-3-aluminum-turbo-intake-intercooler-pipe-kit-silver-for-most-cars,review_context,low,"""Full Throttle Pakistan"" ""Aluminium charge-pipe bends and straight sections with beaded ends"" (order OR confirmation OR shipped OR dispatch OR tracking)","""Full Throttle Pakistan"" ""Aluminium charge-pipe bends and straight sections with beaded ends"" (receipt OR invoice OR paid OR payment)"
