media_id,source_name,source_profile,chat_id,chat_name,message_id,raw_message_id,timestamp,author,file_name,relative_path,media_type,message_type,is_relevant,mimetype,filesize
mcp_whatsapp_number_1_archive_fj40_00004::00003004-AUDIO-2026-03-11-21-13-13.opus,Fj40,whatsapp-number-1,archive::fj40,Fj40,mcp_whatsapp_number_1_archive_fj40_00004,fj40-00004,2026-03-11T21:13:13,Akbar Khan,00003004-AUDIO-2026-03-11-21-13-13.opus,data/raw/imports/fj40/00003004-AUDIO-2026-03-11-21-13-13.opus,audio,audio,True,,
mcp_whatsapp_number_1_archive_fj40_00005::00003005-AUDIO-2026-03-11-21-13-26.opus,Fj40,whatsapp-number-1,archive::fj40,Fj40,mcp_whatsapp_number_1_archive_fj40_00005,fj40-00005,2026-03-11T21:13:26,Akbar Khan,00003005-AUDIO-2026-03-11-21-13-26.opus,data/raw/imports/fj40/00003005-AUDIO-2026-03-11-21-13-26.opus,audio,audio,True,,
mcp_whatsapp_number_1_archive_akber_khan_00347::00000043-AUDIO-2026-03-11-21-15-39.opus,Akbar Khan,whatsapp-number-1,archive::akbar_khan,Akbar Khan,mcp_whatsapp_number_1_archive_akber_khan_00347,akber_khan-00347,2026-03-11T21:15:39,Akbar Khan,00000043-AUDIO-2026-03-11-21-15-39.opus,data/raw/imports/akber_khan/00000043-AUDIO-2026-03-11-21-15-39.opus,audio,audio,True,,
mcp_whatsapp_number_1_archive_fj40_00022::00003022-PHOTO-2026-03-12-12-21-52.jpg,Fj40,whatsapp-number-1,archive::fj40,Fj40,mcp_whatsapp_number_1_archive_fj40_00022,fj40-00022,2026-03-12T12:21:52,Uk David,00003022-PHOTO-2026-03-12-12-21-52.jpg,data/raw/imports/fj40/00003022-PHOTO-2026-03-12-12-21-52.jpg,photo,photo,False,,
mcp_whatsapp_number_2_true_120363408465558195_g_us_ac5256d316fa7dc2613ee9d1e044b138_226083001659473_lid::true_120363408465558195_g_us_AC5256D316FA7DC2613EE9D1E044B138_226083001659473_lid.jpeg,Fj40,whatsapp-number-2,120363408465558195@g.us,Fj40,mcp_whatsapp_number_2_true_120363408465558195_g_us_ac5256d316fa7dc2613ee9d1e044b138_226083001659473_lid,true_120363408465558195@g.us_AC5256D316FA7DC2613EE9D1E044B138_226083001659473@lid,2026-03-12T22:25:52.000Z,+923099351940,true_120363408465558195_g_us_AC5256D316FA7DC2613EE9D1E044B138_226083001659473_lid.jpeg,data/raw/imports/mcp_whatsapp_number_2/true_120363408465558195_g_us_AC5256D316FA7DC2613EE9D1E044B138_226083001659473_lid.jpeg,photo,image,true,image/jpeg,63351
mcp_whatsapp_number_1_archive_fj40_00049::00003049-PHOTO-2026-03-13-03-25-54.jpg,Fj40,whatsapp-number-1,archive::fj40,Fj40,mcp_whatsapp_number_1_archive_fj40_00049,fj40-00049,2026-03-13T03:25:54,Uk David,00003049-PHOTO-2026-03-13-03-25-54.jpg,data/raw/imports/fj40/00003049-PHOTO-2026-03-13-03-25-54.jpg,photo,photo,False,,
mcp_whatsapp_number_2_true_120363408465558195_g_us_ac4b5f1572904174155a3d85f94a0574_226083001659473_lid::true_120363408465558195_g_us_AC4B5F1572904174155A3D85F94A0574_226083001659473_lid.jpeg,Fj40,whatsapp-number-2,120363408465558195@g.us,Fj40,mcp_whatsapp_number_2_true_120363408465558195_g_us_ac4b5f1572904174155a3d85f94a0574_226083001659473_lid,true_120363408465558195@g.us_AC4B5F1572904174155A3D85F94A0574_226083001659473@lid,2026-03-14T12:22:33.000Z,+923099351940,true_120363408465558195_g_us_AC4B5F1572904174155A3D85F94A0574_226083001659473_lid.jpeg,data/raw/imports/mcp_whatsapp_number_2/true_120363408465558195_g_us_AC4B5F1572904174155A3D85F94A0574_226083001659473_lid.jpeg,photo,image,true,image/jpeg,248161
mcp_whatsapp_number_2_true_120363408465558195_g_us_acc6680ae3c9f93c835bd1764b8b0093_226083001659473_lid::true_120363408465558195_g_us_ACC6680AE3C9F93C835BD1764B8B0093_226083001659473_lid.jpeg,Fj40,whatsapp-number-2,120363408465558195@g.us,Fj40,mcp_whatsapp_number_2_true_120363408465558195_g_us_acc6680ae3c9f93c835bd1764b8b0093_226083001659473_lid,true_120363408465558195@g.us_ACC6680AE3C9F93C835BD1764B8B0093_226083001659473@lid,2026-03-14T12:22:57.000Z,+923099351940,true_120363408465558195_g_us_ACC6680AE3C9F93C835BD1764B8B0093_226083001659473_lid.jpeg,data/raw/imports/mcp_whatsapp_number_2/true_120363408465558195_g_us_ACC6680AE3C9F93C835BD1764B8B0093_226083001659473_lid.jpeg,photo,image,true,image/jpeg,187325
mcp_whatsapp_number_2_false_120363408465558195_g_us_a5a11ecc78e667f26c2ab33b8565a62a_22192146358278_lid::false_120363408465558195_g_us_A5A11ECC78E667F26C2AB33B8565A62A_22192146358278_lid.jpeg,Fj40,whatsapp-number-2,120363408465558195@g.us,Fj40,mcp_whatsapp_number_2_false_120363408465558195_g_us_a5a11ecc78e667f26c2ab33b8565a62a_22192146358278_lid,false_120363408465558195@g.us_A5A11ECC78E667F26C2AB33B8565A62A_22192146358278@lid,2026-03-14T12:32:02.000Z,22192146358278,false_120363408465558195_g_us_A5A11ECC78E667F26C2AB33B8565A62A_22192146358278_lid.jpeg,data/raw/imports/mcp_whatsapp_number_2/false_120363408465558195_g_us_A5A11ECC78E667F26C2AB33B8565A62A_22192146358278_lid.jpeg,photo,image,true,image/jpeg,191801
mcp_whatsapp_number_2_false_120363408465558195_g_us_a51f5e2334cdcdb61522c5d545192e38_22192146358278_lid::false_120363408465558195_g_us_A51F5E2334CDCDB61522C5D545192E38_22192146358278_lid.oga,Fj40,whatsapp-number-2,120363408465558195@g.us,Fj40,mcp_whatsapp_number_2_false_120363408465558195_g_us_a51f5e2334cdcdb61522c5d545192e38_22192146358278_lid,false_120363408465558195@g.us_A51F5E2334CDCDB61522C5D545192E38_22192146358278@lid,2026-03-14T12:32:58.000Z,22192146358278,false_120363408465558195_g_us_A51F5E2334CDCDB61522C5D545192E38_22192146358278_lid.oga,data/raw/imports/mcp_whatsapp_number_2/false_120363408465558195_g_us_A51F5E2334CDCDB61522C5D545192E38_22192146358278_lid.oga,audio,ptt,true,audio/ogg; codecs=opus,20931
mcp_whatsapp_number_2_true_120363408465558195_g_us_ac09b3bf16ab5824d042f8b437fcbed9_226083001659473_lid::true_120363408465558195_g_us_AC09B3BF16AB5824D042F8B437FCBED9_226083001659473_lid.jpeg,Fj40,whatsapp-number-2,120363408465558195@g.us,Fj40,mcp_whatsapp_number_2_true_120363408465558195_g_us_ac09b3bf16ab5824d042f8b437fcbed9_226083001659473_lid,true_120363408465558195@g.us_AC09B3BF16AB5824D042F8B437FCBED9_226083001659473@lid,2026-03-14T12:33:06.000Z,+923099351940,true_120363408465558195_g_us_AC09B3BF16AB5824D042F8B437FCBED9_226083001659473_lid.jpeg,data/raw/imports/mcp_whatsapp_number_2/true_120363408465558195_g_us_AC09B3BF16AB5824D042F8B437FCBED9_226083001659473_lid.jpeg,photo,image,true,image/jpeg,101665
mcp_whatsapp_number_2_true_120363408465558195_g_us_ac18800dc94adce38f6caf8d9f384a0d_226083001659473_lid::true_120363408465558195_g_us_AC18800DC94ADCE38F6CAF8D9F384A0D_226083001659473_lid.jpeg,Fj40,whatsapp-number-2,120363408465558195@g.us,Fj40,mcp_whatsapp_number_2_true_120363408465558195_g_us_ac18800dc94adce38f6caf8d9f384a0d_226083001659473_lid,true_120363408465558195@g.us_AC18800DC94ADCE38F6CAF8D9F384A0D_226083001659473@lid,2026-03-14T12:34:40.000Z,+923099351940,true_120363408465558195_g_us_AC18800DC94ADCE38F6CAF8D9F384A0D_226083001659473_lid.jpeg,data/raw/imports/mcp_whatsapp_number_2/true_120363408465558195_g_us_AC18800DC94ADCE38F6CAF8D9F384A0D_226083001659473_lid.jpeg,photo,image,true,image/jpeg,133760
mcp_whatsapp_number_2_true_120363408465558195_g_us_acca2cc2256d121bd3b9ecc1bf78711e_226083001659473_lid::true_120363408465558195_g_us_ACCA2CC2256D121BD3B9ECC1BF78711E_226083001659473_lid.jpeg,Fj40,whatsapp-number-2,120363408465558195@g.us,Fj40,mcp_whatsapp_number_2_true_120363408465558195_g_us_acca2cc2256d121bd3b9ecc1bf78711e_226083001659473_lid,true_120363408465558195@g.us_ACCA2CC2256D121BD3B9ECC1BF78711E_226083001659473@lid,2026-03-14T12:38:37.000Z,+923099351940,true_120363408465558195_g_us_ACCA2CC2256D121BD3B9ECC1BF78711E_226083001659473_lid.jpeg,data/raw/imports/mcp_whatsapp_number_2/true_120363408465558195_g_us_ACCA2CC2256D121BD3B9ECC1BF78711E_226083001659473_lid.jpeg,photo,image,true,image/jpeg,183798
mcp_whatsapp_number_2_true_120363408465558195_g_us_ac2281f98dfc563b11d5311c144b8118_226083001659473_lid::true_120363408465558195_g_us_AC2281F98DFC563B11D5311C144B8118_226083001659473_lid.jpeg,Fj40,whatsapp-number-2,120363408465558195@g.us,Fj40,mcp_whatsapp_number_2_true_120363408465558195_g_us_ac2281f98dfc563b11d5311c144b8118_226083001659473_lid,true_120363408465558195@g.us_AC2281F98DFC563B11D5311C144B8118_226083001659473@lid,2026-03-14T12:42:53.000Z,+923099351940,true_120363408465558195_g_us_AC2281F98DFC563B11D5311C144B8118_226083001659473_lid.jpeg,data/raw/imports/mcp_whatsapp_number_2/true_120363408465558195_g_us_AC2281F98DFC563B11D5311C144B8118_226083001659473_lid.jpeg,photo,image,true,image/jpeg,126419
mcp_whatsapp_number_2_true_120363408465558195_g_us_ace55f523c0da6a4c07640b2abaa8bbd_226083001659473_lid::true_120363408465558195_g_us_ACE55F523C0DA6A4C07640B2ABAA8BBD_226083001659473_lid.jpeg,Fj40,whatsapp-number-2,120363408465558195@g.us,Fj40,mcp_whatsapp_number_2_true_120363408465558195_g_us_ace55f523c0da6a4c07640b2abaa8bbd_226083001659473_lid,true_120363408465558195@g.us_ACE55F523C0DA6A4C07640B2ABAA8BBD_226083001659473@lid,2026-03-14T13:03:32.000Z,+923099351940,true_120363408465558195_g_us_ACE55F523C0DA6A4C07640B2ABAA8BBD_226083001659473_lid.jpeg,data/raw/imports/mcp_whatsapp_number_2/true_120363408465558195_g_us_ACE55F523C0DA6A4C07640B2ABAA8BBD_226083001659473_lid.jpeg,photo,image,true,image/jpeg,68431
mcp_whatsapp_number_1_archive_fj40_00061::00003061-PHOTO-2026-03-14-17-22-34.jpg,Fj40,whatsapp-number-1,archive::fj40,Fj40,mcp_whatsapp_number_1_archive_fj40_00061,fj40-00061,2026-03-14T17:22:34,Uk David,00003061-PHOTO-2026-03-14-17-22-34.jpg,data/raw/imports/fj40/00003061-PHOTO-2026-03-14-17-22-34.jpg,photo,photo,False,,
mcp_whatsapp_number_1_archive_fj40_00062::00003062-PHOTO-2026-03-14-17-23-04.jpg,Fj40,whatsapp-number-1,archive::fj40,Fj40,mcp_whatsapp_number_1_archive_fj40_00062,fj40-00062,2026-03-14T17:23:04,Uk David,00003062-PHOTO-2026-03-14-17-23-04.jpg,data/raw/imports/fj40/00003062-PHOTO-2026-03-14-17-23-04.jpg,photo,photo,True,,
mcp_whatsapp_number_1_archive_fj40_00066::00003066-PHOTO-2026-03-14-17-32-02.jpg,Fj40,whatsapp-number-1,archive::fj40,Fj40,mcp_whatsapp_number_1_archive_fj40_00066,fj40-00066,2026-03-14T17:32:02,~ nuic,00003066-PHOTO-2026-03-14-17-32-02.jpg,data/raw/imports/fj40/00003066-PHOTO-2026-03-14-17-32-02.jpg,photo,photo,True,,
mcp_whatsapp_number_1_archive_fj40_00067::00003067-AUDIO-2026-03-14-17-32-58.opus,Fj40,whatsapp-number-1,archive::fj40,Fj40,mcp_whatsapp_number_1_archive_fj40_00067,fj40-00067,2026-03-14T17:32:58,~ nuic,00003067-AUDIO-2026-03-14-17-32-58.opus,data/raw/imports/fj40/00003067-AUDIO-2026-03-14-17-32-58.opus,audio,audio,False,,
mcp_whatsapp_number_1_archive_fj40_00068::00003068-PHOTO-2026-03-14-17-33-07.jpg,Fj40,whatsapp-number-1,archive::fj40,Fj40,mcp_whatsapp_number_1_archive_fj40_00068,fj40-00068,2026-03-14T17:33:07,Uk David,00003068-PHOTO-2026-03-14-17-33-07.jpg,data/raw/imports/fj40/00003068-PHOTO-2026-03-14-17-33-07.jpg,photo,photo,False,,
mcp_whatsapp_number_1_archive_fj40_00070::00003070-PHOTO-2026-03-14-17-34-40.jpg,Fj40,whatsapp-number-1,archive::fj40,Fj40,mcp_whatsapp_number_1_archive_fj40_00070,fj40-00070,2026-03-14T17:34:40,Uk David,00003070-PHOTO-2026-03-14-17-34-40.jpg,data/raw/imports/fj40/00003070-PHOTO-2026-03-14-17-34-40.jpg,photo,photo,True,,
mcp_whatsapp_number_1_archive_fj40_00072::00003072-PHOTO-2026-03-14-17-38-42.jpg,Fj40,whatsapp-number-1,archive::fj40,Fj40,mcp_whatsapp_number_1_archive_fj40_00072,fj40-00072,2026-03-14T17:38:42,Uk David,00003072-PHOTO-2026-03-14-17-38-42.jpg,data/raw/imports/fj40/00003072-PHOTO-2026-03-14-17-38-42.jpg,photo,photo,True,,
mcp_whatsapp_number_1_archive_fj40_00076::00003076-PHOTO-2026-03-14-17-43-57.jpg,Fj40,whatsapp-number-1,archive::fj40,Fj40,mcp_whatsapp_number_1_archive_fj40_00076,fj40-00076,2026-03-14T17:43:57,Uk David,00003076-PHOTO-2026-03-14-17-43-57.jpg,data/raw/imports/fj40/00003076-PHOTO-2026-03-14-17-43-57.jpg,photo,photo,True,,
mcp_whatsapp_number_1_archive_fj40_00079::00003079-PHOTO-2026-03-14-18-03-38.jpg,Fj40,whatsapp-number-1,archive::fj40,Fj40,mcp_whatsapp_number_1_archive_fj40_00079,fj40-00079,2026-03-14T18:03:38,Uk David,00003079-PHOTO-2026-03-14-18-03-38.jpg,data/raw/imports/fj40/00003079-PHOTO-2026-03-14-18-03-38.jpg,photo,photo,True,,
mcp_whatsapp_number_1_archive_fj40_00080::00003080-VIDEO-2026-03-14-18-05-17.mp4,Fj40,whatsapp-number-1,archive::fj40,Fj40,mcp_whatsapp_number_1_archive_fj40_00080,fj40-00080,2026-03-14T18:05:17,Uk David,00003080-VIDEO-2026-03-14-18-05-17.mp4,data/raw/imports/fj40/00003080-VIDEO-2026-03-14-18-05-17.mp4,video,video,True,,
mcp_whatsapp_number_2_false_120363408465558195_g_us_ac814594cc460139e3a16ff9916bc5ae_232877656666113_lid::false_120363408465558195_g_us_AC814594CC460139E3A16FF9916BC5AE_232877656666113_lid.jpeg,Fj40,whatsapp-number-2,120363408465558195@g.us,Fj40,mcp_whatsapp_number_2_false_120363408465558195_g_us_ac814594cc460139e3a16ff9916bc5ae_232877656666113_lid,false_120363408465558195@g.us_AC814594CC460139E3A16FF9916BC5AE_232877656666113@lid,2026-03-14T19:05:55.000Z,232877656666113,false_120363408465558195_g_us_AC814594CC460139E3A16FF9916BC5AE_232877656666113_lid.jpeg,data/raw/imports/mcp_whatsapp_number_2/false_120363408465558195_g_us_AC814594CC460139E3A16FF9916BC5AE_232877656666113_lid.jpeg,photo,image,true,image/jpeg,25297
mcp_whatsapp_number_1_archive_fj40_00081::00003081-LEB-11-4773.pdf,Fj40,whatsapp-number-1,archive::fj40,Fj40,mcp_whatsapp_number_1_archive_fj40_00081,fj40-00081,2026-03-14T22:27:56,~ HM,00003081-LEB-11-4773.pdf,data/raw/imports/fj40/00003081-LEB-11-4773.pdf,document,document,False,,
mcp_whatsapp_number_1_archive_fj40_00083::00003083-PHOTO-2026-03-15-00-05-55.jpg,Fj40,whatsapp-number-1,archive::fj40,Fj40,mcp_whatsapp_number_1_archive_fj40_00083,fj40-00083,2026-03-15T00:05:55,~ HM,00003083-PHOTO-2026-03-15-00-05-55.jpg,data/raw/imports/fj40/00003083-PHOTO-2026-03-15-00-05-55.jpg,photo,photo,True,,
mcp_whatsapp_number_2_true_120363408465558195_g_us_ac7822ca97d0a87996c5359159048490_226083001659473_lid::true_120363408465558195_g_us_AC7822CA97D0A87996C5359159048490_226083001659473_lid.jpeg,Fj40,whatsapp-number-2,120363408465558195@g.us,Fj40,mcp_whatsapp_number_2_true_120363408465558195_g_us_ac7822ca97d0a87996c5359159048490_226083001659473_lid,true_120363408465558195@g.us_AC7822CA97D0A87996C5359159048490_226083001659473@lid,2026-03-15T08:36:04.000Z,+923099351940,true_120363408465558195_g_us_AC7822CA97D0A87996C5359159048490_226083001659473_lid.jpeg,data/raw/imports/mcp_whatsapp_number_2/true_120363408465558195_g_us_AC7822CA97D0A87996C5359159048490_226083001659473_lid.jpeg,photo,image,true,image/jpeg,172019
mcp_whatsapp_number_2_true_120363408465558195_g_us_ac2474c0d1106116670f1f4a8e190a7e_226083001659473_lid::true_120363408465558195_g_us_AC2474C0D1106116670F1F4A8E190A7E_226083001659473_lid.jpeg,Fj40,whatsapp-number-2,120363408465558195@g.us,Fj40,mcp_whatsapp_number_2_true_120363408465558195_g_us_ac2474c0d1106116670f1f4a8e190a7e_226083001659473_lid,true_120363408465558195@g.us_AC2474C0D1106116670F1F4A8E190A7E_226083001659473@lid,2026-03-15T08:36:17.000Z,+923099351940,true_120363408465558195_g_us_AC2474C0D1106116670F1F4A8E190A7E_226083001659473_lid.jpeg,data/raw/imports/mcp_whatsapp_number_2/true_120363408465558195_g_us_AC2474C0D1106116670F1F4A8E190A7E_226083001659473_lid.jpeg,photo,image,true,image/jpeg,77206
mcp_whatsapp_number_1_archive_akber_khan_00385::00000081-PHOTO-2026-03-15-11-45-15.jpg,Akbar Khan,whatsapp-number-1,archive::akbar_khan,Akbar Khan,mcp_whatsapp_number_1_archive_akber_khan_00385,akber_khan-00385,2026-03-15T11:45:15,David,00000081-PHOTO-2026-03-15-11-45-15.jpg,data/raw/imports/akber_khan/00000081-PHOTO-2026-03-15-11-45-15.jpg,photo,photo,False,,
mcp_whatsapp_number_1_archive_akber_khan_00403::00000099-PHOTO-2026-03-15-11-51-33.jpg,Akbar Khan,whatsapp-number-1,archive::akbar_khan,Akbar Khan,mcp_whatsapp_number_1_archive_akber_khan_00403,akber_khan-00403,2026-03-15T11:51:33,Akbar Khan,00000099-PHOTO-2026-03-15-11-51-33.jpg,data/raw/imports/akber_khan/00000099-PHOTO-2026-03-15-11-51-33.jpg,photo,photo,True,,
mcp_whatsapp_number_1_archive_akber_khan_00404::00000100-PHOTO-2026-03-15-11-51-33.jpg,Akbar Khan,whatsapp-number-1,archive::akbar_khan,Akbar Khan,mcp_whatsapp_number_1_archive_akber_khan_00404,akber_khan-00404,2026-03-15T11:51:33,Akbar Khan,00000100-PHOTO-2026-03-15-11-51-33.jpg,data/raw/imports/akber_khan/00000100-PHOTO-2026-03-15-11-51-33.jpg,photo,photo,True,,
mcp_whatsapp_number_1_archive_akber_khan_00405::00000101-PHOTO-2026-03-15-11-51-33.jpg,Akbar Khan,whatsapp-number-1,archive::akbar_khan,Akbar Khan,mcp_whatsapp_number_1_archive_akber_khan_00405,akber_khan-00405,2026-03-15T11:51:33,Akbar Khan,00000101-PHOTO-2026-03-15-11-51-33.jpg,data/raw/imports/akber_khan/00000101-PHOTO-2026-03-15-11-51-33.jpg,photo,photo,True,,
mcp_whatsapp_number_1_archive_akber_khan_00409::00000105-PHOTO-2026-03-15-11-51-35.jpg,Akbar Khan,whatsapp-number-1,archive::akbar_khan,Akbar Khan,mcp_whatsapp_number_1_archive_akber_khan_00409,akber_khan-00409,2026-03-15T11:51:35,Akbar Khan,00000105-PHOTO-2026-03-15-11-51-35.jpg,data/raw/imports/akber_khan/00000105-PHOTO-2026-03-15-11-51-35.jpg,photo,photo,False,,
mcp_whatsapp_number_1_archive_akber_khan_00414::00000110-VHT & Duplicolor New.pdf,Akbar Khan,whatsapp-number-1,archive::akbar_khan,Akbar Khan,mcp_whatsapp_number_1_archive_akber_khan_00414,akber_khan-00414,2026-03-15T11:53:15,Akbar Khan,00000110-VHT & Duplicolor New.pdf,data/raw/imports/akber_khan/00000110-VHT & Duplicolor New.pdf,document,document,True,,
mcp_whatsapp_number_1_archive_akber_khan_00415::00000111-SprayOn USA.pdf,Akbar Khan,whatsapp-number-1,archive::akbar_khan,Akbar Khan,mcp_whatsapp_number_1_archive_akber_khan_00415,akber_khan-00415,2026-03-15T11:53:15,Akbar Khan,00000111-SprayOn USA.pdf,data/raw/imports/akber_khan/00000111-SprayOn USA.pdf,document,document,True,,
mcp_whatsapp_number_1_archive_akber_khan_00435::00000131-PHOTO-2026-03-15-12-04-21.jpg,Akbar Khan,whatsapp-number-1,archive::akbar_khan,Akbar Khan,mcp_whatsapp_number_1_archive_akber_khan_00435,akber_khan-00435,2026-03-15T12:04:21,Akbar Khan,00000131-PHOTO-2026-03-15-12-04-21.jpg,data/raw/imports/akber_khan/00000131-PHOTO-2026-03-15-12-04-21.jpg,photo,photo,True,,
mcp_whatsapp_number_1_archive_akber_khan_00436::00000132-PHOTO-2026-03-15-12-04-22.jpg,Akbar Khan,whatsapp-number-1,archive::akbar_khan,Akbar Khan,mcp_whatsapp_number_1_archive_akber_khan_00436,akber_khan-00436,2026-03-15T12:04:22,Akbar Khan,00000132-PHOTO-2026-03-15-12-04-22.jpg,data/raw/imports/akber_khan/00000132-PHOTO-2026-03-15-12-04-22.jpg,photo,photo,True,,
mcp_whatsapp_number_1_archive_akber_khan_00463::00000159-PHOTO-2026-03-15-12-19-38.jpg,Akbar Khan,whatsapp-number-1,archive::akbar_khan,Akbar Khan,mcp_whatsapp_number_1_archive_akber_khan_00463,akber_khan-00463,2026-03-15T12:19:38,Akbar Khan,00000159-PHOTO-2026-03-15-12-19-38.jpg,data/raw/imports/akber_khan/00000159-PHOTO-2026-03-15-12-19-38.jpg,photo,photo,False,,
mcp_whatsapp_number_1_archive_akber_khan_00464::00000160-PHOTO-2026-03-15-12-19-39.jpg,Akbar Khan,whatsapp-number-1,archive::akbar_khan,Akbar Khan,mcp_whatsapp_number_1_archive_akber_khan_00464,akber_khan-00464,2026-03-15T12:19:39,Akbar Khan,00000160-PHOTO-2026-03-15-12-19-39.jpg,data/raw/imports/akber_khan/00000160-PHOTO-2026-03-15-12-19-39.jpg,photo,photo,True,,
mcp_whatsapp_number_1_archive_akber_khan_00465::00000161-PHOTO-2026-03-15-12-21-55.jpg,Akbar Khan,whatsapp-number-1,archive::akbar_khan,Akbar Khan,mcp_whatsapp_number_1_archive_akber_khan_00465,akber_khan-00465,2026-03-15T12:21:55,Akbar Khan,00000161-PHOTO-2026-03-15-12-21-55.jpg,data/raw/imports/akber_khan/00000161-PHOTO-2026-03-15-12-21-55.jpg,photo,photo,True,,
mcp_whatsapp_number_1_archive_akber_khan_00466::00000162-PHOTO-2026-03-15-12-21-56.jpg,Akbar Khan,whatsapp-number-1,archive::akbar_khan,Akbar Khan,mcp_whatsapp_number_1_archive_akber_khan_00466,akber_khan-00466,2026-03-15T12:21:56,Akbar Khan,00000162-PHOTO-2026-03-15-12-21-56.jpg,data/raw/imports/akber_khan/00000162-PHOTO-2026-03-15-12-21-56.jpg,photo,photo,True,,
mcp_whatsapp_number_1_archive_akber_khan_00468::00000164-PHOTO-2026-03-15-12-23-58.jpg,Akbar Khan,whatsapp-number-1,archive::akbar_khan,Akbar Khan,mcp_whatsapp_number_1_archive_akber_khan_00468,akber_khan-00468,2026-03-15T12:23:58,Akbar Khan,00000164-PHOTO-2026-03-15-12-23-58.jpg,data/raw/imports/akber_khan/00000164-PHOTO-2026-03-15-12-23-58.jpg,photo,photo,True,,
mcp_whatsapp_number_1_archive_akber_khan_00469::00000165-PHOTO-2026-03-15-12-23-59.jpg,Akbar Khan,whatsapp-number-1,archive::akbar_khan,Akbar Khan,mcp_whatsapp_number_1_archive_akber_khan_00469,akber_khan-00469,2026-03-15T12:23:59,Akbar Khan,00000165-PHOTO-2026-03-15-12-23-59.jpg,data/raw/imports/akber_khan/00000165-PHOTO-2026-03-15-12-23-59.jpg,photo,photo,True,,
mcp_whatsapp_number_1_archive_fj40_00087::00003087-PHOTO-2026-03-15-13-36-37.jpg,Fj40,whatsapp-number-1,archive::fj40,Fj40,mcp_whatsapp_number_1_archive_fj40_00087,fj40-00087,2026-03-15T13:36:37,Uk David,00003087-PHOTO-2026-03-15-13-36-37.jpg,data/raw/imports/fj40/00003087-PHOTO-2026-03-15-13-36-37.jpg,photo,photo,True,,
mcp_whatsapp_number_1_archive_fj40_00088::00003088-PHOTO-2026-03-15-13-36-37.jpg,Fj40,whatsapp-number-1,archive::fj40,Fj40,mcp_whatsapp_number_1_archive_fj40_00088,fj40-00088,2026-03-15T13:36:37,Uk David,00003088-PHOTO-2026-03-15-13-36-37.jpg,data/raw/imports/fj40/00003088-PHOTO-2026-03-15-13-36-37.jpg,photo,photo,True,,
mcp_whatsapp_number_2_false_120363408465558195_g_us_a513b422a22d211bf36abc4631aeab56_22192146358278_lid::false_120363408465558195_g_us_A513B422A22D211BF36ABC4631AEAB56_22192146358278_lid.mp4,Fj40,whatsapp-number-2,120363408465558195@g.us,Fj40,mcp_whatsapp_number_2_false_120363408465558195_g_us_a513b422a22d211bf36abc4631aeab56_22192146358278_lid,false_120363408465558195@g.us_A513B422A22D211BF36ABC4631AEAB56_22192146358278@lid,2026-03-15T14:34:05.000Z,22192146358278,false_120363408465558195_g_us_A513B422A22D211BF36ABC4631AEAB56_22192146358278_lid.mp4,data/raw/imports/mcp_whatsapp_number_2/false_120363408465558195_g_us_A513B422A22D211BF36ABC4631AEAB56_22192146358278_lid.mp4,video,video,true,video/mp4,2871048
mcp_whatsapp_number_2_false_120363408465558195_g_us_a5d119443c27639df65e741ee7b97694_22192146358278_lid::false_120363408465558195_g_us_A5D119443C27639DF65E741EE7B97694_22192146358278_lid.mp4,Fj40,whatsapp-number-2,120363408465558195@g.us,Fj40,mcp_whatsapp_number_2_false_120363408465558195_g_us_a5d119443c27639df65e741ee7b97694_22192146358278_lid,false_120363408465558195@g.us_A5D119443C27639DF65E741EE7B97694_22192146358278@lid,2026-03-15T14:34:05.000Z,22192146358278,false_120363408465558195_g_us_A5D119443C27639DF65E741EE7B97694_22192146358278_lid.mp4,data/raw/imports/mcp_whatsapp_number_2/false_120363408465558195_g_us_A5D119443C27639DF65E741EE7B97694_22192146358278_lid.mp4,video,video,true,video/mp4,5041027
mcp_whatsapp_number_2_false_120363408465558195_g_us_a559f937ce823b0185ffb6981e706524_22192146358278_lid::false_120363408465558195_g_us_A559F937CE823B0185FFB6981E706524_22192146358278_lid.jpeg,Fj40,whatsapp-number-2,120363408465558195@g.us,Fj40,mcp_whatsapp_number_2_false_120363408465558195_g_us_a559f937ce823b0185ffb6981e706524_22192146358278_lid,false_120363408465558195@g.us_A559F937CE823B0185FFB6981E706524_22192146358278@lid,2026-03-15T14:34:06.000Z,22192146358278,false_120363408465558195_g_us_A559F937CE823B0185FFB6981E706524_22192146358278_lid.jpeg,data/raw/imports/mcp_whatsapp_number_2/false_120363408465558195_g_us_A559F937CE823B0185FFB6981E706524_22192146358278_lid.jpeg,photo,image,true,image/jpeg,128309
mcp_whatsapp_number_2_false_120363408465558195_g_us_a56c5bdad7d93893f52990d9cc2e2d07_22192146358278_lid::false_120363408465558195_g_us_A56C5BDAD7D93893F52990D9CC2E2D07_22192146358278_lid.mp4,Fj40,whatsapp-number-2,120363408465558195@g.us,Fj40,mcp_whatsapp_number_2_false_120363408465558195_g_us_a56c5bdad7d93893f52990d9cc2e2d07_22192146358278_lid,false_120363408465558195@g.us_A56C5BDAD7D93893F52990D9CC2E2D07_22192146358278@lid,2026-03-15T14:34:06.000Z,22192146358278,false_120363408465558195_g_us_A56C5BDAD7D93893F52990D9CC2E2D07_22192146358278_lid.mp4,data/raw/imports/mcp_whatsapp_number_2/false_120363408465558195_g_us_A56C5BDAD7D93893F52990D9CC2E2D07_22192146358278_lid.mp4,video,video,true,video/mp4,2886398
mcp_whatsapp_number_2_false_120363408465558195_g_us_a57ebc15e76d165e43a4edd39b49aa93_22192146358278_lid::false_120363408465558195_g_us_A57EBC15E76D165E43A4EDD39B49AA93_22192146358278_lid.mp4,Fj40,whatsapp-number-2,120363408465558195@g.us,Fj40,mcp_whatsapp_number_2_false_120363408465558195_g_us_a57ebc15e76d165e43a4edd39b49aa93_22192146358278_lid,false_120363408465558195@g.us_A57EBC15E76D165E43A4EDD39B49AA93_22192146358278@lid,2026-03-15T14:34:06.000Z,22192146358278,false_120363408465558195_g_us_A57EBC15E76D165E43A4EDD39B49AA93_22192146358278_lid.mp4,data/raw/imports/mcp_whatsapp_number_2/false_120363408465558195_g_us_A57EBC15E76D165E43A4EDD39B49AA93_22192146358278_lid.mp4,video,video,true,video/mp4,4553674
mcp_whatsapp_number_2_false_120363408465558195_g_us_3b9472b607109d4c8197_190950068514824_lid::false_120363408465558195_g_us_3B9472B607109D4C8197_190950068514824_lid.jpeg,Fj40,whatsapp-number-2,120363408465558195@g.us,Fj40,mcp_whatsapp_number_2_false_120363408465558195_g_us_3b9472b607109d4c8197_190950068514824_lid,false_120363408465558195@g.us_3B9472B607109D4C8197_190950068514824@lid,2026-03-15T15:28:26.000Z,190950068514824,false_120363408465558195_g_us_3B9472B607109D4C8197_190950068514824_lid.jpeg,data/raw/imports/mcp_whatsapp_number_2/false_120363408465558195_g_us_3B9472B607109D4C8197_190950068514824_lid.jpeg,photo,image,true,image/jpeg,210943
mcp_whatsapp_number_2_false_120363408465558195_g_us_3b9b6bec4f0eee954905_190950068514824_lid::false_120363408465558195_g_us_3B9B6BEC4F0EEE954905_190950068514824_lid.jpeg,Fj40,whatsapp-number-2,120363408465558195@g.us,Fj40,mcp_whatsapp_number_2_false_120363408465558195_g_us_3b9b6bec4f0eee954905_190950068514824_lid,false_120363408465558195@g.us_3B9B6BEC4F0EEE954905_190950068514824@lid,2026-03-15T15:32:54.000Z,190950068514824,false_120363408465558195_g_us_3B9B6BEC4F0EEE954905_190950068514824_lid.jpeg,data/raw/imports/mcp_whatsapp_number_2/false_120363408465558195_g_us_3B9B6BEC4F0EEE954905_190950068514824_lid.jpeg,photo,image,true,image/jpeg,134481
mcp_whatsapp_number_2_false_120363408465558195_g_us_a564a0ff69f977ea87828942ba714d76_22192146358278_lid::false_120363408465558195_g_us_A564A0FF69F977EA87828942BA714D76_22192146358278_lid.jpeg,Fj40,whatsapp-number-2,120363408465558195@g.us,Fj40,mcp_whatsapp_number_2_false_120363408465558195_g_us_a564a0ff69f977ea87828942ba714d76_22192146358278_lid,false_120363408465558195@g.us_A564A0FF69F977EA87828942BA714D76_22192146358278@lid,2026-03-15T15:38:00.000Z,22192146358278,false_120363408465558195_g_us_A564A0FF69F977EA87828942BA714D76_22192146358278_lid.jpeg,data/raw/imports/mcp_whatsapp_number_2/false_120363408465558195_g_us_A564A0FF69F977EA87828942BA714D76_22192146358278_lid.jpeg,photo,image,true,image/jpeg,128229
mcp_whatsapp_number_2_false_120363408465558195_g_us_a59a6959d67d1d8429d240cd5efabf6c_22192146358278_lid::false_120363408465558195_g_us_A59A6959D67D1D8429D240CD5EFABF6C_22192146358278_lid.jpeg,Fj40,whatsapp-number-2,120363408465558195@g.us,Fj40,mcp_whatsapp_number_2_false_120363408465558195_g_us_a59a6959d67d1d8429d240cd5efabf6c_22192146358278_lid,false_120363408465558195@g.us_A59A6959D67D1D8429D240CD5EFABF6C_22192146358278@lid,2026-03-15T15:38:00.000Z,22192146358278,false_120363408465558195_g_us_A59A6959D67D1D8429D240CD5EFABF6C_22192146358278_lid.jpeg,data/raw/imports/mcp_whatsapp_number_2/false_120363408465558195_g_us_A59A6959D67D1D8429D240CD5EFABF6C_22192146358278_lid.jpeg,photo,image,true,image/jpeg,224423
mcp_whatsapp_number_2_false_120363408465558195_g_us_a534e46d692023e6c04ccf54fc16746c_22192146358278_lid::false_120363408465558195_g_us_A534E46D692023E6C04CCF54FC16746C_22192146358278_lid.jpeg,Fj40,whatsapp-number-2,120363408465558195@g.us,Fj40,mcp_whatsapp_number_2_false_120363408465558195_g_us_a534e46d692023e6c04ccf54fc16746c_22192146358278_lid,false_120363408465558195@g.us_A534E46D692023E6C04CCF54FC16746C_22192146358278@lid,2026-03-15T15:38:01.000Z,22192146358278,false_120363408465558195_g_us_A534E46D692023E6C04CCF54FC16746C_22192146358278_lid.jpeg,data/raw/imports/mcp_whatsapp_number_2/false_120363408465558195_g_us_A534E46D692023E6C04CCF54FC16746C_22192146358278_lid.jpeg,photo,image,true,image/jpeg,115814
mcp_whatsapp_number_2_false_120363408465558195_g_us_a59263323d017d7bd4a996457862d05c_22192146358278_lid::false_120363408465558195_g_us_A59263323D017D7BD4A996457862D05C_22192146358278_lid.jpeg,Fj40,whatsapp-number-2,120363408465558195@g.us,Fj40,mcp_whatsapp_number_2_false_120363408465558195_g_us_a59263323d017d7bd4a996457862d05c_22192146358278_lid,false_120363408465558195@g.us_A59263323D017D7BD4A996457862D05C_22192146358278@lid,2026-03-15T15:38:01.000Z,22192146358278,false_120363408465558195_g_us_A59263323D017D7BD4A996457862D05C_22192146358278_lid.jpeg,data/raw/imports/mcp_whatsapp_number_2/false_120363408465558195_g_us_A59263323D017D7BD4A996457862D05C_22192146358278_lid.jpeg,photo,image,true,image/jpeg,123538
mcp_whatsapp_number_2_false_120363408465558195_g_us_a5ad4073842a3bb6fa73945208e20b58_22192146358278_lid::false_120363408465558195_g_us_A5AD4073842A3BB6FA73945208E20B58_22192146358278_lid.jpeg,Fj40,whatsapp-number-2,120363408465558195@g.us,Fj40,mcp_whatsapp_number_2_false_120363408465558195_g_us_a5ad4073842a3bb6fa73945208e20b58_22192146358278_lid,false_120363408465558195@g.us_A5AD4073842A3BB6FA73945208E20B58_22192146358278@lid,2026-03-15T15:38:01.000Z,22192146358278,false_120363408465558195_g_us_A5AD4073842A3BB6FA73945208E20B58_22192146358278_lid.jpeg,data/raw/imports/mcp_whatsapp_number_2/false_120363408465558195_g_us_A5AD4073842A3BB6FA73945208E20B58_22192146358278_lid.jpeg,photo,image,true,image/jpeg,140635
mcp_whatsapp_number_2_false_120363408465558195_g_us_a5f20bf7312bc84a4a810a377ebc6c28_22192146358278_lid::false_120363408465558195_g_us_A5F20BF7312BC84A4A810A377EBC6C28_22192146358278_lid.jpeg,Fj40,whatsapp-number-2,120363408465558195@g.us,Fj40,mcp_whatsapp_number_2_false_120363408465558195_g_us_a5f20bf7312bc84a4a810a377ebc6c28_22192146358278_lid,false_120363408465558195@g.us_A5F20BF7312BC84A4A810A377EBC6C28_22192146358278@lid,2026-03-15T15:38:03.000Z,22192146358278,false_120363408465558195_g_us_A5F20BF7312BC84A4A810A377EBC6C28_22192146358278_lid.jpeg,data/raw/imports/mcp_whatsapp_number_2/false_120363408465558195_g_us_A5F20BF7312BC84A4A810A377EBC6C28_22192146358278_lid.jpeg,photo,image,true,image/jpeg,184549
mcp_whatsapp_number_2_false_120363408465558195_g_us_a5b1bf6f785fd79546dd3bac458b2cfd_22192146358278_lid::false_120363408465558195_g_us_A5B1BF6F785FD79546DD3BAC458B2CFD_22192146358278_lid.jpeg,Fj40,whatsapp-number-2,120363408465558195@g.us,Fj40,mcp_whatsapp_number_2_false_120363408465558195_g_us_a5b1bf6f785fd79546dd3bac458b2cfd_22192146358278_lid,false_120363408465558195@g.us_A5B1BF6F785FD79546DD3BAC458B2CFD_22192146358278@lid,2026-03-15T15:38:04.000Z,22192146358278,false_120363408465558195_g_us_A5B1BF6F785FD79546DD3BAC458B2CFD_22192146358278_lid.jpeg,data/raw/imports/mcp_whatsapp_number_2/false_120363408465558195_g_us_A5B1BF6F785FD79546DD3BAC458B2CFD_22192146358278_lid.jpeg,photo,image,true,image/jpeg,40701
mcp_whatsapp_number_2_false_120363408465558195_g_us_a5bf40c7a885b48ef1d5489364bed2f6_22192146358278_lid::false_120363408465558195_g_us_A5BF40C7A885B48EF1D5489364BED2F6_22192146358278_lid.jpeg,Fj40,whatsapp-number-2,120363408465558195@g.us,Fj40,mcp_whatsapp_number_2_false_120363408465558195_g_us_a5bf40c7a885b48ef1d5489364bed2f6_22192146358278_lid,false_120363408465558195@g.us_A5BF40C7A885B48EF1D5489364BED2F6_22192146358278@lid,2026-03-15T15:38:04.000Z,22192146358278,false_120363408465558195_g_us_A5BF40C7A885B48EF1D5489364BED2F6_22192146358278_lid.jpeg,data/raw/imports/mcp_whatsapp_number_2/false_120363408465558195_g_us_A5BF40C7A885B48EF1D5489364BED2F6_22192146358278_lid.jpeg,photo,image,true,image/jpeg,182520
mcp_whatsapp_number_2_false_120363408465558195_g_us_a513e57e92ae92d328c04585af8ce303_22192146358278_lid::false_120363408465558195_g_us_A513E57E92AE92D328C04585AF8CE303_22192146358278_lid.mp4,Fj40,whatsapp-number-2,120363408465558195@g.us,Fj40,mcp_whatsapp_number_2_false_120363408465558195_g_us_a513e57e92ae92d328c04585af8ce303_22192146358278_lid,false_120363408465558195@g.us_A513E57E92AE92D328C04585AF8CE303_22192146358278@lid,2026-03-15T15:38:07.000Z,22192146358278,false_120363408465558195_g_us_A513E57E92AE92D328C04585AF8CE303_22192146358278_lid.mp4,data/raw/imports/mcp_whatsapp_number_2/false_120363408465558195_g_us_A513E57E92AE92D328C04585AF8CE303_22192146358278_lid.mp4,video,video,true,video/mp4,2043930
mcp_whatsapp_number_2_false_120363408465558195_g_us_a51d81a9006fdf3e25b809a9827fc85a_22192146358278_lid::false_120363408465558195_g_us_A51D81A9006FDF3E25B809A9827FC85A_22192146358278_lid.jpeg,Fj40,whatsapp-number-2,120363408465558195@g.us,Fj40,mcp_whatsapp_number_2_false_120363408465558195_g_us_a51d81a9006fdf3e25b809a9827fc85a_22192146358278_lid,false_120363408465558195@g.us_A51D81A9006FDF3E25B809A9827FC85A_22192146358278@lid,2026-03-15T15:38:07.000Z,22192146358278,false_120363408465558195_g_us_A51D81A9006FDF3E25B809A9827FC85A_22192146358278_lid.jpeg,data/raw/imports/mcp_whatsapp_number_2/false_120363408465558195_g_us_A51D81A9006FDF3E25B809A9827FC85A_22192146358278_lid.jpeg,photo,image,true,image/jpeg,196680
mcp_whatsapp_number_2_false_120363408465558195_g_us_a51d1736913272df109359cec9cae887_22192146358278_lid::false_120363408465558195_g_us_A51D1736913272DF109359CEC9CAE887_22192146358278_lid.jpeg,Fj40,whatsapp-number-2,120363408465558195@g.us,Fj40,mcp_whatsapp_number_2_false_120363408465558195_g_us_a51d1736913272df109359cec9cae887_22192146358278_lid,false_120363408465558195@g.us_A51D1736913272DF109359CEC9CAE887_22192146358278@lid,2026-03-15T15:38:08.000Z,22192146358278,false_120363408465558195_g_us_A51D1736913272DF109359CEC9CAE887_22192146358278_lid.jpeg,data/raw/imports/mcp_whatsapp_number_2/false_120363408465558195_g_us_A51D1736913272DF109359CEC9CAE887_22192146358278_lid.jpeg,photo,image,true,image/jpeg,184272
mcp_whatsapp_number_2_false_120363408465558195_g_us_a547da2ed6c4887760d907958dc730f9_22192146358278_lid::false_120363408465558195_g_us_A547DA2ED6C4887760D907958DC730F9_22192146358278_lid.jpeg,Fj40,whatsapp-number-2,120363408465558195@g.us,Fj40,mcp_whatsapp_number_2_false_120363408465558195_g_us_a547da2ed6c4887760d907958dc730f9_22192146358278_lid,false_120363408465558195@g.us_A547DA2ED6C4887760D907958DC730F9_22192146358278@lid,2026-03-15T15:38:08.000Z,22192146358278,false_120363408465558195_g_us_A547DA2ED6C4887760D907958DC730F9_22192146358278_lid.jpeg,data/raw/imports/mcp_whatsapp_number_2/false_120363408465558195_g_us_A547DA2ED6C4887760D907958DC730F9_22192146358278_lid.jpeg,photo,image,true,image/jpeg,240336
mcp_whatsapp_number_2_false_120363408465558195_g_us_a54cc6a017be4e3336a6a35075014c5c_22192146358278_lid::false_120363408465558195_g_us_A54CC6A017BE4E3336A6A35075014C5C_22192146358278_lid.jpeg,Fj40,whatsapp-number-2,120363408465558195@g.us,Fj40,mcp_whatsapp_number_2_false_120363408465558195_g_us_a54cc6a017be4e3336a6a35075014c5c_22192146358278_lid,false_120363408465558195@g.us_A54CC6A017BE4E3336A6A35075014C5C_22192146358278@lid,2026-03-15T15:38:08.000Z,22192146358278,false_120363408465558195_g_us_A54CC6A017BE4E3336A6A35075014C5C_22192146358278_lid.jpeg,data/raw/imports/mcp_whatsapp_number_2/false_120363408465558195_g_us_A54CC6A017BE4E3336A6A35075014C5C_22192146358278_lid.jpeg,photo,image,true,image/jpeg,85327
mcp_whatsapp_number_2_false_120363408465558195_g_us_a54f2700f252e625924a303bdf866fc8_22192146358278_lid::false_120363408465558195_g_us_A54F2700F252E625924A303BDF866FC8_22192146358278_lid.jpeg,Fj40,whatsapp-number-2,120363408465558195@g.us,Fj40,mcp_whatsapp_number_2_false_120363408465558195_g_us_a54f2700f252e625924a303bdf866fc8_22192146358278_lid,false_120363408465558195@g.us_A54F2700F252E625924A303BDF866FC8_22192146358278@lid,2026-03-15T15:38:09.000Z,22192146358278,false_120363408465558195_g_us_A54F2700F252E625924A303BDF866FC8_22192146358278_lid.jpeg,data/raw/imports/mcp_whatsapp_number_2/false_120363408465558195_g_us_A54F2700F252E625924A303BDF866FC8_22192146358278_lid.jpeg,photo,image,true,image/jpeg,103611
mcp_whatsapp_number_2_false_120363408465558195_g_us_a5bbb537eca57967a00c0c307d0669f7_22192146358278_lid::false_120363408465558195_g_us_A5BBB537ECA57967A00C0C307D0669F7_22192146358278_lid.jpeg,Fj40,whatsapp-number-2,120363408465558195@g.us,Fj40,mcp_whatsapp_number_2_false_120363408465558195_g_us_a5bbb537eca57967a00c0c307d0669f7_22192146358278_lid,false_120363408465558195@g.us_A5BBB537ECA57967A00C0C307D0669F7_22192146358278@lid,2026-03-15T15:38:09.000Z,22192146358278,false_120363408465558195_g_us_A5BBB537ECA57967A00C0C307D0669F7_22192146358278_lid.jpeg,data/raw/imports/mcp_whatsapp_number_2/false_120363408465558195_g_us_A5BBB537ECA57967A00C0C307D0669F7_22192146358278_lid.jpeg,photo,image,true,image/jpeg,123042
mcp_whatsapp_number_2_false_120363408465558195_g_us_a570c75d628cf15f8541fd638e1e4365_22192146358278_lid::false_120363408465558195_g_us_A570C75D628CF15F8541FD638E1E4365_22192146358278_lid.jpeg,Fj40,whatsapp-number-2,120363408465558195@g.us,Fj40,mcp_whatsapp_number_2_false_120363408465558195_g_us_a570c75d628cf15f8541fd638e1e4365_22192146358278_lid,false_120363408465558195@g.us_A570C75D628CF15F8541FD638E1E4365_22192146358278@lid,2026-03-15T15:38:10.000Z,22192146358278,false_120363408465558195_g_us_A570C75D628CF15F8541FD638E1E4365_22192146358278_lid.jpeg,data/raw/imports/mcp_whatsapp_number_2/false_120363408465558195_g_us_A570C75D628CF15F8541FD638E1E4365_22192146358278_lid.jpeg,photo,image,true,image/jpeg,94923
mcp_whatsapp_number_2_false_120363408465558195_g_us_a5f94fbdb06fc5521f054265ce3631bc_22192146358278_lid::false_120363408465558195_g_us_A5F94FBDB06FC5521F054265CE3631BC_22192146358278_lid.jpeg,Fj40,whatsapp-number-2,120363408465558195@g.us,Fj40,mcp_whatsapp_number_2_false_120363408465558195_g_us_a5f94fbdb06fc5521f054265ce3631bc_22192146358278_lid,false_120363408465558195@g.us_A5F94FBDB06FC5521F054265CE3631BC_22192146358278@lid,2026-03-15T15:38:10.000Z,22192146358278,false_120363408465558195_g_us_A5F94FBDB06FC5521F054265CE3631BC_22192146358278_lid.jpeg,data/raw/imports/mcp_whatsapp_number_2/false_120363408465558195_g_us_A5F94FBDB06FC5521F054265CE3631BC_22192146358278_lid.jpeg,photo,image,true,image/jpeg,121799
mcp_whatsapp_number_2_false_120363408465558195_g_us_a5043f7c78b01558ee2109dec3bd413f_22192146358278_lid::false_120363408465558195_g_us_A5043F7C78B01558EE2109DEC3BD413F_22192146358278_lid.jpeg,Fj40,whatsapp-number-2,120363408465558195@g.us,Fj40,mcp_whatsapp_number_2_false_120363408465558195_g_us_a5043f7c78b01558ee2109dec3bd413f_22192146358278_lid,false_120363408465558195@g.us_A5043F7C78B01558EE2109DEC3BD413F_22192146358278@lid,2026-03-15T15:38:11.000Z,22192146358278,false_120363408465558195_g_us_A5043F7C78B01558EE2109DEC3BD413F_22192146358278_lid.jpeg,data/raw/imports/mcp_whatsapp_number_2/false_120363408465558195_g_us_A5043F7C78B01558EE2109DEC3BD413F_22192146358278_lid.jpeg,photo,image,true,image/jpeg,117123
mcp_whatsapp_number_2_false_120363408465558195_g_us_a599a76a2c1bce078e0a8810a9d5eb56_22192146358278_lid::false_120363408465558195_g_us_A599A76A2C1BCE078E0A8810A9D5EB56_22192146358278_lid.jpeg,Fj40,whatsapp-number-2,120363408465558195@g.us,Fj40,mcp_whatsapp_number_2_false_120363408465558195_g_us_a599a76a2c1bce078e0a8810a9d5eb56_22192146358278_lid,false_120363408465558195@g.us_A599A76A2C1BCE078E0A8810A9D5EB56_22192146358278@lid,2026-03-15T15:38:12.000Z,22192146358278,false_120363408465558195_g_us_A599A76A2C1BCE078E0A8810A9D5EB56_22192146358278_lid.jpeg,data/raw/imports/mcp_whatsapp_number_2/false_120363408465558195_g_us_A599A76A2C1BCE078E0A8810A9D5EB56_22192146358278_lid.jpeg,photo,image,true,image/jpeg,123678
mcp_whatsapp_number_2_false_120363408465558195_g_us_a5f5f78299b937614b4b48371a08aba6_22192146358278_lid::false_120363408465558195_g_us_A5F5F78299B937614B4B48371A08ABA6_22192146358278_lid.jpeg,Fj40,whatsapp-number-2,120363408465558195@g.us,Fj40,mcp_whatsapp_number_2_false_120363408465558195_g_us_a5f5f78299b937614b4b48371a08aba6_22192146358278_lid,false_120363408465558195@g.us_A5F5F78299B937614B4B48371A08ABA6_22192146358278@lid,2026-03-15T15:38:12.000Z,22192146358278,false_120363408465558195_g_us_A5F5F78299B937614B4B48371A08ABA6_22192146358278_lid.jpeg,data/raw/imports/mcp_whatsapp_number_2/false_120363408465558195_g_us_A5F5F78299B937614B4B48371A08ABA6_22192146358278_lid.jpeg,photo,image,true,image/jpeg,194304
mcp_whatsapp_number_2_false_120363408465558195_g_us_a575207bea5ce2a21a36c0a3dbd2741c_22192146358278_lid::false_120363408465558195_g_us_A575207BEA5CE2A21A36C0A3DBD2741C_22192146358278_lid.jpeg,Fj40,whatsapp-number-2,120363408465558195@g.us,Fj40,mcp_whatsapp_number_2_false_120363408465558195_g_us_a575207bea5ce2a21a36c0a3dbd2741c_22192146358278_lid,false_120363408465558195@g.us_A575207BEA5CE2A21A36C0A3DBD2741C_22192146358278@lid,2026-03-15T15:38:13.000Z,22192146358278,false_120363408465558195_g_us_A575207BEA5CE2A21A36C0A3DBD2741C_22192146358278_lid.jpeg,data/raw/imports/mcp_whatsapp_number_2/false_120363408465558195_g_us_A575207BEA5CE2A21A36C0A3DBD2741C_22192146358278_lid.jpeg,photo,image,true,image/jpeg,157394
mcp_whatsapp_number_2_false_120363408465558195_g_us_a57fe23f78e78f5a629685a7801c7174_22192146358278_lid::false_120363408465558195_g_us_A57FE23F78E78F5A629685A7801C7174_22192146358278_lid.jpeg,Fj40,whatsapp-number-2,120363408465558195@g.us,Fj40,mcp_whatsapp_number_2_false_120363408465558195_g_us_a57fe23f78e78f5a629685a7801c7174_22192146358278_lid,false_120363408465558195@g.us_A57FE23F78E78F5A629685A7801C7174_22192146358278@lid,2026-03-15T15:38:13.000Z,22192146358278,false_120363408465558195_g_us_A57FE23F78E78F5A629685A7801C7174_22192146358278_lid.jpeg,data/raw/imports/mcp_whatsapp_number_2/false_120363408465558195_g_us_A57FE23F78E78F5A629685A7801C7174_22192146358278_lid.jpeg,photo,image,true,image/jpeg,92304
mcp_whatsapp_number_1_archive_akber_khan_00473::00000170-PHOTO-2026-03-15-16-27-15.jpg,Akbar Khan,whatsapp-number-1,archive::akbar_khan,Akbar Khan,mcp_whatsapp_number_1_archive_akber_khan_00473,akber_khan-00473,2026-03-15T16:27:15,Akbar Khan,00000170-PHOTO-2026-03-15-16-27-15.jpg,data/raw/imports/akber_khan/00000170-PHOTO-2026-03-15-16-27-15.jpg,photo,photo,True,,
mcp_whatsapp_number_1_archive_akber_khan_00474::00000171-PHOTO-2026-03-15-16-27-16.jpg,Akbar Khan,whatsapp-number-1,archive::akbar_khan,Akbar Khan,mcp_whatsapp_number_1_archive_akber_khan_00474,akber_khan-00474,2026-03-15T16:27:16,Akbar Khan,00000171-PHOTO-2026-03-15-16-27-16.jpg,data/raw/imports/akber_khan/00000171-PHOTO-2026-03-15-16-27-16.jpg,photo,photo,True,,
mcp_whatsapp_number_1_archive_akber_khan_00475::00000172-PHOTO-2026-03-15-16-27-17.jpg,Akbar Khan,whatsapp-number-1,archive::akbar_khan,Akbar Khan,mcp_whatsapp_number_1_archive_akber_khan_00475,akber_khan-00475,2026-03-15T16:27:17,Akbar Khan,00000172-PHOTO-2026-03-15-16-27-17.jpg,data/raw/imports/akber_khan/00000172-PHOTO-2026-03-15-16-27-17.jpg,photo,photo,True,,
mcp_whatsapp_number_1_archive_akber_khan_00476::00000173-PHOTO-2026-03-15-16-27-18.jpg,Akbar Khan,whatsapp-number-1,archive::akbar_khan,Akbar Khan,mcp_whatsapp_number_1_archive_akber_khan_00476,akber_khan-00476,2026-03-15T16:27:18,Akbar Khan,00000173-PHOTO-2026-03-15-16-27-18.jpg,data/raw/imports/akber_khan/00000173-PHOTO-2026-03-15-16-27-18.jpg,photo,photo,True,,
mcp_whatsapp_number_1_archive_akber_khan_00477::00000174-PHOTO-2026-03-15-16-28-17.jpg,Akbar Khan,whatsapp-number-1,archive::akbar_khan,Akbar Khan,mcp_whatsapp_number_1_archive_akber_khan_00477,akber_khan-00477,2026-03-15T16:28:17,Akbar Khan,00000174-PHOTO-2026-03-15-16-28-17.jpg,data/raw/imports/akber_khan/00000174-PHOTO-2026-03-15-16-28-17.jpg,photo,photo,True,,
mcp_whatsapp_number_1_archive_akber_khan_00478::00000175-PHOTO-2026-03-15-16-28-19.jpg,Akbar Khan,whatsapp-number-1,archive::akbar_khan,Akbar Khan,mcp_whatsapp_number_1_archive_akber_khan_00478,akber_khan-00478,2026-03-15T16:28:19,Akbar Khan,00000175-PHOTO-2026-03-15-16-28-19.jpg,data/raw/imports/akber_khan/00000175-PHOTO-2026-03-15-16-28-19.jpg,photo,photo,True,,
mcp_whatsapp_number_1_archive_akber_khan_00484::00000181-PHOTO-2026-03-15-18-19-40.jpg,Akbar Khan,whatsapp-number-1,archive::akbar_khan,Akbar Khan,mcp_whatsapp_number_1_archive_akber_khan_00484,akber_khan-00484,2026-03-15T18:19:40,David,00000181-PHOTO-2026-03-15-18-19-40.jpg,data/raw/imports/akber_khan/00000181-PHOTO-2026-03-15-18-19-40.jpg,photo,photo,True,,
mcp_whatsapp_number_1_archive_fj40_00159::00003159-VIDEO-2026-03-15-19-34-05.mp4,Fj40,whatsapp-number-1,archive::fj40,Fj40,mcp_whatsapp_number_1_archive_fj40_00159,fj40-00159,2026-03-15T19:34:05,~ nuic,00003159-VIDEO-2026-03-15-19-34-05.mp4,data/raw/imports/fj40/00003159-VIDEO-2026-03-15-19-34-05.mp4,video,video,True,,
mcp_whatsapp_number_1_archive_fj40_00160::00003160-VIDEO-2026-03-15-19-34-05.mp4,Fj40,whatsapp-number-1,archive::fj40,Fj40,mcp_whatsapp_number_1_archive_fj40_00160,fj40-00160,2026-03-15T19:34:05,~ nuic,00003160-VIDEO-2026-03-15-19-34-05.mp4,data/raw/imports/fj40/00003160-VIDEO-2026-03-15-19-34-05.mp4,video,video,True,,
mcp_whatsapp_number_1_archive_fj40_00161::00003161-VIDEO-2026-03-15-19-34-06.mp4,Fj40,whatsapp-number-1,archive::fj40,Fj40,mcp_whatsapp_number_1_archive_fj40_00161,fj40-00161,2026-03-15T19:34:06,~ nuic,00003161-VIDEO-2026-03-15-19-34-06.mp4,data/raw/imports/fj40/00003161-VIDEO-2026-03-15-19-34-06.mp4,video,video,False,,
mcp_whatsapp_number_1_archive_fj40_00162::00003162-PHOTO-2026-03-15-19-34-06.jpg,Fj40,whatsapp-number-1,archive::fj40,Fj40,mcp_whatsapp_number_1_archive_fj40_00162,fj40-00162,2026-03-15T19:34:06,~ nuic,00003162-PHOTO-2026-03-15-19-34-06.jpg,data/raw/imports/fj40/00003162-PHOTO-2026-03-15-19-34-06.jpg,photo,photo,True,,
mcp_whatsapp_number_1_archive_fj40_00163::00003163-VIDEO-2026-03-15-19-34-06.mp4,Fj40,whatsapp-number-1,archive::fj40,Fj40,mcp_whatsapp_number_1_archive_fj40_00163,fj40-00163,2026-03-15T19:34:06,~ nuic,00003163-VIDEO-2026-03-15-19-34-06.mp4,data/raw/imports/fj40/00003163-VIDEO-2026-03-15-19-34-06.mp4,video,video,True,,
mcp_whatsapp_number_1_archive_akber_khan_00534::00000231-AUDIO-2026-03-15-19-42-08.opus,Akbar Khan,whatsapp-number-1,archive::akbar_khan,Akbar Khan,mcp_whatsapp_number_1_archive_akber_khan_00534,akber_khan-00534,2026-03-15T19:42:08,Akbar Khan,00000231-AUDIO-2026-03-15-19-42-08.opus,data/raw/imports/akber_khan/00000231-AUDIO-2026-03-15-19-42-08.opus,audio,audio,False,,
mcp_whatsapp_number_1_archive_akber_khan_00535::00000232-AUDIO-2026-03-15-19-42-47.opus,Akbar Khan,whatsapp-number-1,archive::akbar_khan,Akbar Khan,mcp_whatsapp_number_1_archive_akber_khan_00535,akber_khan-00535,2026-03-15T19:42:47,Akbar Khan,00000232-AUDIO-2026-03-15-19-42-47.opus,data/raw/imports/akber_khan/00000232-AUDIO-2026-03-15-19-42-47.opus,audio,audio,True,,
mcp_whatsapp_number_1_archive_akber_khan_00539::00000236-PHOTO-2026-03-15-19-45-52.jpg,Akbar Khan,whatsapp-number-1,archive::akbar_khan,Akbar Khan,mcp_whatsapp_number_1_archive_akber_khan_00539,akber_khan-00539,2026-03-15T19:45:52,Akbar Khan,00000236-PHOTO-2026-03-15-19-45-52.jpg,data/raw/imports/akber_khan/00000236-PHOTO-2026-03-15-19-45-52.jpg,photo,photo,True,,
mcp_whatsapp_number_1_archive_akber_khan_00540::00000237-PHOTO-2026-03-15-19-45-52.jpg,Akbar Khan,whatsapp-number-1,archive::akbar_khan,Akbar Khan,mcp_whatsapp_number_1_archive_akber_khan_00540,akber_khan-00540,2026-03-15T19:45:52,Akbar Khan,00000237-PHOTO-2026-03-15-19-45-52.jpg,data/raw/imports/akber_khan/00000237-PHOTO-2026-03-15-19-45-52.jpg,photo,photo,True,,
mcp_whatsapp_number_1_archive_akber_khan_00541::00000238-VIDEO-2026-03-15-19-45-53.mp4,Akbar Khan,whatsapp-number-1,archive::akbar_khan,Akbar Khan,mcp_whatsapp_number_1_archive_akber_khan_00541,akber_khan-00541,2026-03-15T19:45:53,Akbar Khan,00000238-VIDEO-2026-03-15-19-45-53.mp4,data/raw/imports/akber_khan/00000238-VIDEO-2026-03-15-19-45-53.mp4,video,video,True,,
mcp_whatsapp_number_1_archive_akber_khan_00542::00000239-PHOTO-2026-03-15-19-45-53.jpg,Akbar Khan,whatsapp-number-1,archive::akbar_khan,Akbar Khan,mcp_whatsapp_number_1_archive_akber_khan_00542,akber_khan-00542,2026-03-15T19:45:53,Akbar Khan,00000239-PHOTO-2026-03-15-19-45-53.jpg,data/raw/imports/akber_khan/00000239-PHOTO-2026-03-15-19-45-53.jpg,photo,photo,False,,
mcp_whatsapp_number_1_archive_akber_khan_00543::00000240-VIDEO-2026-03-15-19-45-53.mp4,Akbar Khan,whatsapp-number-1,archive::akbar_khan,Akbar Khan,mcp_whatsapp_number_1_archive_akber_khan_00543,akber_khan-00543,2026-03-15T19:45:53,Akbar Khan,00000240-VIDEO-2026-03-15-19-45-53.mp4,data/raw/imports/akber_khan/00000240-VIDEO-2026-03-15-19-45-53.mp4,video,video,False,,
mcp_whatsapp_number_1_archive_akber_khan_00544::00000241-PHOTO-2026-03-15-19-45-53.jpg,Akbar Khan,whatsapp-number-1,archive::akbar_khan,Akbar Khan,mcp_whatsapp_number_1_archive_akber_khan_00544,akber_khan-00544,2026-03-15T19:45:53,Akbar Khan,00000241-PHOTO-2026-03-15-19-45-53.jpg,data/raw/imports/akber_khan/00000241-PHOTO-2026-03-15-19-45-53.jpg,photo,photo,False,,
mcp_whatsapp_number_1_archive_akber_khan_00545::00000242-VIDEO-2026-03-15-19-45-54.mp4,Akbar Khan,whatsapp-number-1,archive::akbar_khan,Akbar Khan,mcp_whatsapp_number_1_archive_akber_khan_00545,akber_khan-00545,2026-03-15T19:45:54,Akbar Khan,00000242-VIDEO-2026-03-15-19-45-54.mp4,data/raw/imports/akber_khan/00000242-VIDEO-2026-03-15-19-45-54.mp4,video,video,False,,
mcp_whatsapp_number_1_archive_akber_khan_00546::00000243-PHOTO-2026-03-15-19-45-54.jpg,Akbar Khan,whatsapp-number-1,archive::akbar_khan,Akbar Khan,mcp_whatsapp_number_1_archive_akber_khan_00546,akber_khan-00546,2026-03-15T19:45:54,Akbar Khan,00000243-PHOTO-2026-03-15-19-45-54.jpg,data/raw/imports/akber_khan/00000243-PHOTO-2026-03-15-19-45-54.jpg,photo,photo,False,,
mcp_whatsapp_number_1_archive_akber_khan_00547::00000244-PHOTO-2026-03-15-19-45-54.jpg,Akbar Khan,whatsapp-number-1,archive::akbar_khan,Akbar Khan,mcp_whatsapp_number_1_archive_akber_khan_00547,akber_khan-00547,2026-03-15T19:45:54,Akbar Khan,00000244-PHOTO-2026-03-15-19-45-54.jpg,data/raw/imports/akber_khan/00000244-PHOTO-2026-03-15-19-45-54.jpg,photo,photo,False,,
mcp_whatsapp_number_1_archive_akber_khan_00548::00000245-PHOTO-2026-03-15-19-45-55.jpg,Akbar Khan,whatsapp-number-1,archive::akbar_khan,Akbar Khan,mcp_whatsapp_number_1_archive_akber_khan_00548,akber_khan-00548,2026-03-15T19:45:55,Akbar Khan,00000245-PHOTO-2026-03-15-19-45-55.jpg,data/raw/imports/akber_khan/00000245-PHOTO-2026-03-15-19-45-55.jpg,photo,photo,False,,
mcp_whatsapp_number_1_archive_akber_khan_00549::00000246-PHOTO-2026-03-15-19-45-55.jpg,Akbar Khan,whatsapp-number-1,archive::akbar_khan,Akbar Khan,mcp_whatsapp_number_1_archive_akber_khan_00549,akber_khan-00549,2026-03-15T19:45:55,Akbar Khan,00000246-PHOTO-2026-03-15-19-45-55.jpg,data/raw/imports/akber_khan/00000246-PHOTO-2026-03-15-19-45-55.jpg,photo,photo,False,,
mcp_whatsapp_number_1_archive_akber_khan_00550::00000247-PHOTO-2026-03-15-19-45-55.jpg,Akbar Khan,whatsapp-number-1,archive::akbar_khan,Akbar Khan,mcp_whatsapp_number_1_archive_akber_khan_00550,akber_khan-00550,2026-03-15T19:45:55,Akbar Khan,00000247-PHOTO-2026-03-15-19-45-55.jpg,data/raw/imports/akber_khan/00000247-PHOTO-2026-03-15-19-45-55.jpg,photo,photo,False,,
mcp_whatsapp_number_1_archive_akber_khan_00551::00000248-PHOTO-2026-03-15-19-45-55.jpg,Akbar Khan,whatsapp-number-1,archive::akbar_khan,Akbar Khan,mcp_whatsapp_number_1_archive_akber_khan_00551,akber_khan-00551,2026-03-15T19:45:55,Akbar Khan,00000248-PHOTO-2026-03-15-19-45-55.jpg,data/raw/imports/akber_khan/00000248-PHOTO-2026-03-15-19-45-55.jpg,photo,photo,True,,
mcp_whatsapp_number_1_archive_akber_khan_00564::00000261-AUDIO-2026-03-15-19-49-09.opus,Akbar Khan,whatsapp-number-1,archive::akbar_khan,Akbar Khan,mcp_whatsapp_number_1_archive_akber_khan_00564,akber_khan-00564,2026-03-15T19:49:09,Akbar Khan,00000261-AUDIO-2026-03-15-19-49-09.opus,data/raw/imports/akber_khan/00000261-AUDIO-2026-03-15-19-49-09.opus,audio,audio,False,,
mcp_whatsapp_number_1_archive_akber_khan_00565::00000262-AUDIO-2026-03-15-19-49-19.opus,Akbar Khan,whatsapp-number-1,archive::akbar_khan,Akbar Khan,mcp_whatsapp_number_1_archive_akber_khan_00565,akber_khan-00565,2026-03-15T19:49:19,Akbar Khan,00000262-AUDIO-2026-03-15-19-49-19.opus,data/raw/imports/akber_khan/00000262-AUDIO-2026-03-15-19-49-19.opus,audio,audio,True,,
mcp_whatsapp_number_1_archive_akber_khan_00569::00000266-PHOTO-2026-03-15-19-53-27.jpg,Akbar Khan,whatsapp-number-1,archive::akbar_khan,Akbar Khan,mcp_whatsapp_number_1_archive_akber_khan_00569,akber_khan-00569,2026-03-15T19:53:27,Akbar Khan,00000266-PHOTO-2026-03-15-19-53-27.jpg,data/raw/imports/akber_khan/00000266-PHOTO-2026-03-15-19-53-27.jpg,photo,photo,True,,
mcp_whatsapp_number_1_archive_akber_khan_00570::00000267-PHOTO-2026-03-15-19-53-28.jpg,Akbar Khan,whatsapp-number-1,archive::akbar_khan,Akbar Khan,mcp_whatsapp_number_1_archive_akber_khan_00570,akber_khan-00570,2026-03-15T19:53:28,Akbar Khan,00000267-PHOTO-2026-03-15-19-53-28.jpg,data/raw/imports/akber_khan/00000267-PHOTO-2026-03-15-19-53-28.jpg,photo,photo,True,,
mcp_whatsapp_number_1_archive_akber_khan_00571::00000268-PHOTO-2026-03-15-19-53-28.jpg,Akbar Khan,whatsapp-number-1,archive::akbar_khan,Akbar Khan,mcp_whatsapp_number_1_archive_akber_khan_00571,akber_khan-00571,2026-03-15T19:53:28,Akbar Khan,00000268-PHOTO-2026-03-15-19-53-28.jpg,data/raw/imports/akber_khan/00000268-PHOTO-2026-03-15-19-53-28.jpg,photo,photo,True,,
mcp_whatsapp_number_1_archive_akber_khan_00572::00000269-PHOTO-2026-03-15-19-53-29.jpg,Akbar Khan,whatsapp-number-1,archive::akbar_khan,Akbar Khan,mcp_whatsapp_number_1_archive_akber_khan_00572,akber_khan-00572,2026-03-15T19:53:29,Akbar Khan,00000269-PHOTO-2026-03-15-19-53-29.jpg,data/raw/imports/akber_khan/00000269-PHOTO-2026-03-15-19-53-29.jpg,photo,photo,False,,
mcp_whatsapp_number_1_archive_akber_khan_00573::00000270-PHOTO-2026-03-15-19-53-29.jpg,Akbar Khan,whatsapp-number-1,archive::akbar_khan,Akbar Khan,mcp_whatsapp_number_1_archive_akber_khan_00573,akber_khan-00573,2026-03-15T19:53:29,Akbar Khan,00000270-PHOTO-2026-03-15-19-53-29.jpg,data/raw/imports/akber_khan/00000270-PHOTO-2026-03-15-19-53-29.jpg,photo,photo,False,,
mcp_whatsapp_number_1_archive_akber_khan_00574::00000271-PHOTO-2026-03-15-19-53-29.jpg,Akbar Khan,whatsapp-number-1,archive::akbar_khan,Akbar Khan,mcp_whatsapp_number_1_archive_akber_khan_00574,akber_khan-00574,2026-03-15T19:53:29,Akbar Khan,00000271-PHOTO-2026-03-15-19-53-29.jpg,data/raw/imports/akber_khan/00000271-PHOTO-2026-03-15-19-53-29.jpg,photo,photo,False,,
mcp_whatsapp_number_1_archive_akber_khan_00575::00000272-PHOTO-2026-03-15-19-53-30.jpg,Akbar Khan,whatsapp-number-1,archive::akbar_khan,Akbar Khan,mcp_whatsapp_number_1_archive_akber_khan_00575,akber_khan-00575,2026-03-15T19:53:30,Akbar Khan,00000272-PHOTO-2026-03-15-19-53-30.jpg,data/raw/imports/akber_khan/00000272-PHOTO-2026-03-15-19-53-30.jpg,photo,photo,False,,
mcp_whatsapp_number_1_archive_akber_khan_00576::00000273-PHOTO-2026-03-15-19-53-30.jpg,Akbar Khan,whatsapp-number-1,archive::akbar_khan,Akbar Khan,mcp_whatsapp_number_1_archive_akber_khan_00576,akber_khan-00576,2026-03-15T19:53:30,Akbar Khan,00000273-PHOTO-2026-03-15-19-53-30.jpg,data/raw/imports/akber_khan/00000273-PHOTO-2026-03-15-19-53-30.jpg,photo,photo,False,,
mcp_whatsapp_number_1_archive_akber_khan_00577::00000274-PHOTO-2026-03-15-19-53-30.jpg,Akbar Khan,whatsapp-number-1,archive::akbar_khan,Akbar Khan,mcp_whatsapp_number_1_archive_akber_khan_00577,akber_khan-00577,2026-03-15T19:53:30,Akbar Khan,00000274-PHOTO-2026-03-15-19-53-30.jpg,data/raw/imports/akber_khan/00000274-PHOTO-2026-03-15-19-53-30.jpg,photo,photo,False,,
mcp_whatsapp_number_1_archive_akber_khan_00578::00000275-PHOTO-2026-03-15-19-53-30.jpg,Akbar Khan,whatsapp-number-1,archive::akbar_khan,Akbar Khan,mcp_whatsapp_number_1_archive_akber_khan_00578,akber_khan-00578,2026-03-15T19:53:30,Akbar Khan,00000275-PHOTO-2026-03-15-19-53-30.jpg,data/raw/imports/akber_khan/00000275-PHOTO-2026-03-15-19-53-30.jpg,photo,photo,False,,
mcp_whatsapp_number_1_archive_akber_khan_00579::00000276-PHOTO-2026-03-15-19-53-31.jpg,Akbar Khan,whatsapp-number-1,archive::akbar_khan,Akbar Khan,mcp_whatsapp_number_1_archive_akber_khan_00579,akber_khan-00579,2026-03-15T19:53:31,Akbar Khan,00000276-PHOTO-2026-03-15-19-53-31.jpg,data/raw/imports/akber_khan/00000276-PHOTO-2026-03-15-19-53-31.jpg,photo,photo,False,,
mcp_whatsapp_number_1_archive_akber_khan_00580::00000277-PHOTO-2026-03-15-19-53-31.jpg,Akbar Khan,whatsapp-number-1,archive::akbar_khan,Akbar Khan,mcp_whatsapp_number_1_archive_akber_khan_00580,akber_khan-00580,2026-03-15T19:53:31,Akbar Khan,00000277-PHOTO-2026-03-15-19-53-31.jpg,data/raw/imports/akber_khan/00000277-PHOTO-2026-03-15-19-53-31.jpg,photo,photo,False,,
mcp_whatsapp_number_1_archive_akber_khan_00581::00000278-PHOTO-2026-03-15-19-53-31.jpg,Akbar Khan,whatsapp-number-1,archive::akbar_khan,Akbar Khan,mcp_whatsapp_number_1_archive_akber_khan_00581,akber_khan-00581,2026-03-15T19:53:31,Akbar Khan,00000278-PHOTO-2026-03-15-19-53-31.jpg,data/raw/imports/akber_khan/00000278-PHOTO-2026-03-15-19-53-31.jpg,photo,photo,False,,
mcp_whatsapp_number_1_archive_akber_khan_00582::00000279-PHOTO-2026-03-15-19-53-32.jpg,Akbar Khan,whatsapp-number-1,archive::akbar_khan,Akbar Khan,mcp_whatsapp_number_1_archive_akber_khan_00582,akber_khan-00582,2026-03-15T19:53:32,Akbar Khan,00000279-PHOTO-2026-03-15-19-53-32.jpg,data/raw/imports/akber_khan/00000279-PHOTO-2026-03-15-19-53-32.jpg,photo,photo,False,,
mcp_whatsapp_number_1_archive_akber_khan_00583::00000280-PHOTO-2026-03-15-19-53-32.jpg,Akbar Khan,whatsapp-number-1,archive::akbar_khan,Akbar Khan,mcp_whatsapp_number_1_archive_akber_khan_00583,akber_khan-00583,2026-03-15T19:53:32,Akbar Khan,00000280-PHOTO-2026-03-15-19-53-32.jpg,data/raw/imports/akber_khan/00000280-PHOTO-2026-03-15-19-53-32.jpg,photo,photo,True,,
mcp_whatsapp_number_1_archive_akber_khan_00584::00000281-PHOTO-2026-03-15-19-53-32.jpg,Akbar Khan,whatsapp-number-1,archive::akbar_khan,Akbar Khan,mcp_whatsapp_number_1_archive_akber_khan_00584,akber_khan-00584,2026-03-15T19:53:32,Akbar Khan,00000281-PHOTO-2026-03-15-19-53-32.jpg,data/raw/imports/akber_khan/00000281-PHOTO-2026-03-15-19-53-32.jpg,photo,photo,True,,
mcp_whatsapp_number_1_archive_akber_khan_00589::00000287-PHOTO-2026-03-15-19-55-01.jpg,Akbar Khan,whatsapp-number-1,archive::akbar_khan,Akbar Khan,mcp_whatsapp_number_1_archive_akber_khan_00589,akber_khan-00589,2026-03-15T19:55:01,Akbar Khan,00000287-PHOTO-2026-03-15-19-55-01.jpg,data/raw/imports/akber_khan/00000287-PHOTO-2026-03-15-19-55-01.jpg,photo,photo,True,,
mcp_whatsapp_number_1_archive_akber_khan_00590::00000288-PHOTO-2026-03-15-19-55-02.jpg,Akbar Khan,whatsapp-number-1,archive::akbar_khan,Akbar Khan,mcp_whatsapp_number_1_archive_akber_khan_00590,akber_khan-00590,2026-03-15T19:55:02,Akbar Khan,00000288-PHOTO-2026-03-15-19-55-02.jpg,data/raw/imports/akber_khan/00000288-PHOTO-2026-03-15-19-55-02.jpg,photo,photo,True,,
mcp_whatsapp_number_1_archive_akber_khan_00591::00000289-PHOTO-2026-03-15-19-55-02.jpg,Akbar Khan,whatsapp-number-1,archive::akbar_khan,Akbar Khan,mcp_whatsapp_number_1_archive_akber_khan_00591,akber_khan-00591,2026-03-15T19:55:02,Akbar Khan,00000289-PHOTO-2026-03-15-19-55-02.jpg,data/raw/imports/akber_khan/00000289-PHOTO-2026-03-15-19-55-02.jpg,photo,photo,False,,
mcp_whatsapp_number_1_archive_akber_khan_00592::00000290-PHOTO-2026-03-15-19-55-03.jpg,Akbar Khan,whatsapp-number-1,archive::akbar_khan,Akbar Khan,mcp_whatsapp_number_1_archive_akber_khan_00592,akber_khan-00592,2026-03-15T19:55:03,Akbar Khan,00000290-PHOTO-2026-03-15-19-55-03.jpg,data/raw/imports/akber_khan/00000290-PHOTO-2026-03-15-19-55-03.jpg,photo,photo,False,,
mcp_whatsapp_number_1_archive_akber_khan_00594::00000292-PHOTO-2026-03-15-19-55-55.jpg,Akbar Khan,whatsapp-number-1,archive::akbar_khan,Akbar Khan,mcp_whatsapp_number_1_archive_akber_khan_00594,akber_khan-00594,2026-03-15T19:55:55,Akbar Khan,00000292-PHOTO-2026-03-15-19-55-55.jpg,data/raw/imports/akber_khan/00000292-PHOTO-2026-03-15-19-55-55.jpg,photo,photo,False,,
mcp_whatsapp_number_1_archive_akber_khan_00595::00000293-PHOTO-2026-03-15-19-55-55.jpg,Akbar Khan,whatsapp-number-1,archive::akbar_khan,Akbar Khan,mcp_whatsapp_number_1_archive_akber_khan_00595,akber_khan-00595,2026-03-15T19:55:55,Akbar Khan,00000293-PHOTO-2026-03-15-19-55-55.jpg,data/raw/imports/akber_khan/00000293-PHOTO-2026-03-15-19-55-55.jpg,photo,photo,False,,
mcp_whatsapp_number_1_archive_akber_khan_00596::00000294-PHOTO-2026-03-15-19-55-55.jpg,Akbar Khan,whatsapp-number-1,archive::akbar_khan,Akbar Khan,mcp_whatsapp_number_1_archive_akber_khan_00596,akber_khan-00596,2026-03-15T19:55:55,Akbar Khan,00000294-PHOTO-2026-03-15-19-55-55.jpg,data/raw/imports/akber_khan/00000294-PHOTO-2026-03-15-19-55-55.jpg,photo,photo,False,,
mcp_whatsapp_number_1_archive_fj40_00178::00003178-PHOTO-2026-03-15-20-28-25.jpg,Fj40,whatsapp-number-1,archive::fj40,Fj40,mcp_whatsapp_number_1_archive_fj40_00178,fj40-00178,2026-03-15T20:28:25,David,00003178-PHOTO-2026-03-15-20-28-25.jpg,data/raw/imports/fj40/00003178-PHOTO-2026-03-15-20-28-25.jpg,photo,photo,True,,
mcp_whatsapp_number_1_archive_fj40_00180::00003180-PHOTO-2026-03-15-20-32-53.jpg,Fj40,whatsapp-number-1,archive::fj40,Fj40,mcp_whatsapp_number_1_archive_fj40_00180,fj40-00180,2026-03-15T20:32:53,David,00003180-PHOTO-2026-03-15-20-32-53.jpg,data/raw/imports/fj40/00003180-PHOTO-2026-03-15-20-32-53.jpg,photo,photo,True,,
mcp_whatsapp_number_1_archive_fj40_00184::00003189-PHOTO-2026-03-15-20-38-00.jpg,Fj40,whatsapp-number-1,archive::fj40,Fj40,mcp_whatsapp_number_1_archive_fj40_00184,fj40-00184,2026-03-15T20:38:00,~ nuic,00003189-PHOTO-2026-03-15-20-38-00.jpg,data/raw/imports/fj40/00003189-PHOTO-2026-03-15-20-38-00.jpg,photo,photo,False,,
mcp_whatsapp_number_1_archive_fj40_00185::00003190-PHOTO-2026-03-15-20-38-00.jpg,Fj40,whatsapp-number-1,archive::fj40,Fj40,mcp_whatsapp_number_1_archive_fj40_00185,fj40-00185,2026-03-15T20:38:00,~ nuic,00003190-PHOTO-2026-03-15-20-38-00.jpg,data/raw/imports/fj40/00003190-PHOTO-2026-03-15-20-38-00.jpg,photo,photo,False,,
mcp_whatsapp_number_1_archive_fj40_00186::00003191-PHOTO-2026-03-15-20-38-01.jpg,Fj40,whatsapp-number-1,archive::fj40,Fj40,mcp_whatsapp_number_1_archive_fj40_00186,fj40-00186,2026-03-15T20:38:01,~ nuic,00003191-PHOTO-2026-03-15-20-38-01.jpg,data/raw/imports/fj40/00003191-PHOTO-2026-03-15-20-38-01.jpg,photo,photo,False,,
mcp_whatsapp_number_1_archive_fj40_00187::00003192-PHOTO-2026-03-15-20-38-01.jpg,Fj40,whatsapp-number-1,archive::fj40,Fj40,mcp_whatsapp_number_1_archive_fj40_00187,fj40-00187,2026-03-15T20:38:01,~ nuic,00003192-PHOTO-2026-03-15-20-38-01.jpg,data/raw/imports/fj40/00003192-PHOTO-2026-03-15-20-38-01.jpg,photo,photo,False,,
mcp_whatsapp_number_1_archive_fj40_00188::00003193-PHOTO-2026-03-15-20-38-01.jpg,Fj40,whatsapp-number-1,archive::fj40,Fj40,mcp_whatsapp_number_1_archive_fj40_00188,fj40-00188,2026-03-15T20:38:01,~ nuic,00003193-PHOTO-2026-03-15-20-38-01.jpg,data/raw/imports/fj40/00003193-PHOTO-2026-03-15-20-38-01.jpg,photo,photo,False,,
mcp_whatsapp_number_1_archive_fj40_00189::00003194-PHOTO-2026-03-15-20-38-03.jpg,Fj40,whatsapp-number-1,archive::fj40,Fj40,mcp_whatsapp_number_1_archive_fj40_00189,fj40-00189,2026-03-15T20:38:03,~ nuic,00003194-PHOTO-2026-03-15-20-38-03.jpg,data/raw/imports/fj40/00003194-PHOTO-2026-03-15-20-38-03.jpg,photo,photo,False,,
mcp_whatsapp_number_1_archive_fj40_00190::00003195-PHOTO-2026-03-15-20-38-04.jpg,Fj40,whatsapp-number-1,archive::fj40,Fj40,mcp_whatsapp_number_1_archive_fj40_00190,fj40-00190,2026-03-15T20:38:04,~ nuic,00003195-PHOTO-2026-03-15-20-38-04.jpg,data/raw/imports/fj40/00003195-PHOTO-2026-03-15-20-38-04.jpg,photo,photo,False,,
mcp_whatsapp_number_1_archive_fj40_00191::00003196-PHOTO-2026-03-15-20-38-04.jpg,Fj40,whatsapp-number-1,archive::fj40,Fj40,mcp_whatsapp_number_1_archive_fj40_00191,fj40-00191,2026-03-15T20:38:04,~ nuic,00003196-PHOTO-2026-03-15-20-38-04.jpg,data/raw/imports/fj40/00003196-PHOTO-2026-03-15-20-38-04.jpg,photo,photo,False,,
mcp_whatsapp_number_1_archive_fj40_00193::00003198-VIDEO-2026-03-15-20-38-07.mp4,Fj40,whatsapp-number-1,archive::fj40,Fj40,mcp_whatsapp_number_1_archive_fj40_00193,fj40-00193,2026-03-15T20:38:07,~ nuic,00003198-VIDEO-2026-03-15-20-38-07.mp4,data/raw/imports/fj40/00003198-VIDEO-2026-03-15-20-38-07.mp4,video,video,False,,
mcp_whatsapp_number_1_archive_fj40_00194::00003199-PHOTO-2026-03-15-20-38-07.jpg,Fj40,whatsapp-number-1,archive::fj40,Fj40,mcp_whatsapp_number_1_archive_fj40_00194,fj40-00194,2026-03-15T20:38:07,~ nuic,00003199-PHOTO-2026-03-15-20-38-07.jpg,data/raw/imports/fj40/00003199-PHOTO-2026-03-15-20-38-07.jpg,photo,photo,False,,
mcp_whatsapp_number_1_archive_fj40_00195::00003200-PHOTO-2026-03-15-20-38-08.jpg,Fj40,whatsapp-number-1,archive::fj40,Fj40,mcp_whatsapp_number_1_archive_fj40_00195,fj40-00195,2026-03-15T20:38:08,~ nuic,00003200-PHOTO-2026-03-15-20-38-08.jpg,data/raw/imports/fj40/00003200-PHOTO-2026-03-15-20-38-08.jpg,photo,photo,False,,
mcp_whatsapp_number_1_archive_fj40_00196::00003201-PHOTO-2026-03-15-20-38-08.jpg,Fj40,whatsapp-number-1,archive::fj40,Fj40,mcp_whatsapp_number_1_archive_fj40_00196,fj40-00196,2026-03-15T20:38:08,~ nuic,00003201-PHOTO-2026-03-15-20-38-08.jpg,data/raw/imports/fj40/00003201-PHOTO-2026-03-15-20-38-08.jpg,photo,photo,False,,
mcp_whatsapp_number_1_archive_fj40_00197::00003202-PHOTO-2026-03-15-20-38-08.jpg,Fj40,whatsapp-number-1,archive::fj40,Fj40,mcp_whatsapp_number_1_archive_fj40_00197,fj40-00197,2026-03-15T20:38:08,~ nuic,00003202-PHOTO-2026-03-15-20-38-08.jpg,data/raw/imports/fj40/00003202-PHOTO-2026-03-15-20-38-08.jpg,photo,photo,False,,
mcp_whatsapp_number_1_archive_fj40_00198::00003203-PHOTO-2026-03-15-20-38-09.jpg,Fj40,whatsapp-number-1,archive::fj40,Fj40,mcp_whatsapp_number_1_archive_fj40_00198,fj40-00198,2026-03-15T20:38:09,~ nuic,00003203-PHOTO-2026-03-15-20-38-09.jpg,data/raw/imports/fj40/00003203-PHOTO-2026-03-15-20-38-09.jpg,photo,photo,False,,
mcp_whatsapp_number_1_archive_fj40_00199::00003204-PHOTO-2026-03-15-20-38-09.jpg,Fj40,whatsapp-number-1,archive::fj40,Fj40,mcp_whatsapp_number_1_archive_fj40_00199,fj40-00199,2026-03-15T20:38:09,~ nuic,00003204-PHOTO-2026-03-15-20-38-09.jpg,data/raw/imports/fj40/00003204-PHOTO-2026-03-15-20-38-09.jpg,photo,photo,False,,
mcp_whatsapp_number_1_archive_fj40_00200::00003205-PHOTO-2026-03-15-20-38-10.jpg,Fj40,whatsapp-number-1,archive::fj40,Fj40,mcp_whatsapp_number_1_archive_fj40_00200,fj40-00200,2026-03-15T20:38:10,~ nuic,00003205-PHOTO-2026-03-15-20-38-10.jpg,data/raw/imports/fj40/00003205-PHOTO-2026-03-15-20-38-10.jpg,photo,photo,False,,
mcp_whatsapp_number_1_archive_fj40_00201::00003206-PHOTO-2026-03-15-20-38-10.jpg,Fj40,whatsapp-number-1,archive::fj40,Fj40,mcp_whatsapp_number_1_archive_fj40_00201,fj40-00201,2026-03-15T20:38:10,~ nuic,00003206-PHOTO-2026-03-15-20-38-10.jpg,data/raw/imports/fj40/00003206-PHOTO-2026-03-15-20-38-10.jpg,photo,photo,False,,
mcp_whatsapp_number_1_archive_fj40_00202::00003207-PHOTO-2026-03-15-20-38-11.jpg,Fj40,whatsapp-number-1,archive::fj40,Fj40,mcp_whatsapp_number_1_archive_fj40_00202,fj40-00202,2026-03-15T20:38:11,~ nuic,00003207-PHOTO-2026-03-15-20-38-11.jpg,data/raw/imports/fj40/00003207-PHOTO-2026-03-15-20-38-11.jpg,photo,photo,False,,
mcp_whatsapp_number_1_archive_fj40_00203::00003208-PHOTO-2026-03-15-20-38-12.jpg,Fj40,whatsapp-number-1,archive::fj40,Fj40,mcp_whatsapp_number_1_archive_fj40_00203,fj40-00203,2026-03-15T20:38:12,~ nuic,00003208-PHOTO-2026-03-15-20-38-12.jpg,data/raw/imports/fj40/00003208-PHOTO-2026-03-15-20-38-12.jpg,photo,photo,False,,
mcp_whatsapp_number_1_archive_fj40_00204::00003209-PHOTO-2026-03-15-20-38-12.jpg,Fj40,whatsapp-number-1,archive::fj40,Fj40,mcp_whatsapp_number_1_archive_fj40_00204,fj40-00204,2026-03-15T20:38:12,~ nuic,00003209-PHOTO-2026-03-15-20-38-12.jpg,data/raw/imports/fj40/00003209-PHOTO-2026-03-15-20-38-12.jpg,photo,photo,False,,
mcp_whatsapp_number_1_archive_fj40_00205::00003210-PHOTO-2026-03-15-20-38-13.jpg,Fj40,whatsapp-number-1,archive::fj40,Fj40,mcp_whatsapp_number_1_archive_fj40_00205,fj40-00205,2026-03-15T20:38:13,~ nuic,00003210-PHOTO-2026-03-15-20-38-13.jpg,data/raw/imports/fj40/00003210-PHOTO-2026-03-15-20-38-13.jpg,photo,photo,False,,
mcp_whatsapp_number_1_archive_fj40_00206::00003211-PHOTO-2026-03-15-20-38-13.jpg,Fj40,whatsapp-number-1,archive::fj40,Fj40,mcp_whatsapp_number_1_archive_fj40_00206,fj40-00206,2026-03-15T20:38:13,~ nuic,00003211-PHOTO-2026-03-15-20-38-13.jpg,data/raw/imports/fj40/00003211-PHOTO-2026-03-15-20-38-13.jpg,photo,photo,False,,
mcp_whatsapp_number_1_archive_akber_khan_00624::00000323-PHOTO-2026-03-15-22-19-33.jpg,Akbar Khan,whatsapp-number-1,archive::akbar_khan,Akbar Khan,mcp_whatsapp_number_1_archive_akber_khan_00624,akber_khan-00624,2026-03-15T22:19:33,Akbar Khan,00000323-PHOTO-2026-03-15-22-19-33.jpg,data/raw/imports/akber_khan/00000323-PHOTO-2026-03-15-22-19-33.jpg,photo,photo,False,,
mcp_whatsapp_number_1_archive_akber_khan_00625::00000324-PHOTO-2026-03-15-22-19-33.jpg,Akbar Khan,whatsapp-number-1,archive::akbar_khan,Akbar Khan,mcp_whatsapp_number_1_archive_akber_khan_00625,akber_khan-00625,2026-03-15T22:19:33,Akbar Khan,00000324-PHOTO-2026-03-15-22-19-33.jpg,data/raw/imports/akber_khan/00000324-PHOTO-2026-03-15-22-19-33.jpg,photo,photo,False,,
mcp_whatsapp_number_1_archive_akber_khan_00626::00000325-PHOTO-2026-03-15-22-19-33.jpg,Akbar Khan,whatsapp-number-1,archive::akbar_khan,Akbar Khan,mcp_whatsapp_number_1_archive_akber_khan_00626,akber_khan-00626,2026-03-15T22:19:33,Akbar Khan,00000325-PHOTO-2026-03-15-22-19-33.jpg,data/raw/imports/akber_khan/00000325-PHOTO-2026-03-15-22-19-33.jpg,photo,photo,False,,
mcp_whatsapp_number_1_archive_akber_khan_00627::00000326-PHOTO-2026-03-15-22-19-34.jpg,Akbar Khan,whatsapp-number-1,archive::akbar_khan,Akbar Khan,mcp_whatsapp_number_1_archive_akber_khan_00627,akber_khan-00627,2026-03-15T22:19:34,Akbar Khan,00000326-PHOTO-2026-03-15-22-19-34.jpg,data/raw/imports/akber_khan/00000326-PHOTO-2026-03-15-22-19-34.jpg,photo,photo,False,,
mcp_whatsapp_number_1_archive_akber_khan_00628::00000327-PHOTO-2026-03-15-22-19-35.jpg,Akbar Khan,whatsapp-number-1,archive::akbar_khan,Akbar Khan,mcp_whatsapp_number_1_archive_akber_khan_00628,akber_khan-00628,2026-03-15T22:19:35,Akbar Khan,00000327-PHOTO-2026-03-15-22-19-35.jpg,data/raw/imports/akber_khan/00000327-PHOTO-2026-03-15-22-19-35.jpg,photo,photo,False,,
mcp_whatsapp_number_1_archive_akber_khan_00629::00000328-PHOTO-2026-03-15-22-19-35.jpg,Akbar Khan,whatsapp-number-1,archive::akbar_khan,Akbar Khan,mcp_whatsapp_number_1_archive_akber_khan_00629,akber_khan-00629,2026-03-15T22:19:35,Akbar Khan,00000328-PHOTO-2026-03-15-22-19-35.jpg,data/raw/imports/akber_khan/00000328-PHOTO-2026-03-15-22-19-35.jpg,photo,photo,False,,
mcp_whatsapp_number_1_archive_akber_khan_00631::00000330-PHOTO-2026-03-15-22-20-56.jpg,Akbar Khan,whatsapp-number-1,archive::akbar_khan,Akbar Khan,mcp_whatsapp_number_1_archive_akber_khan_00631,akber_khan-00631,2026-03-15T22:20:56,Akbar Khan,00000330-PHOTO-2026-03-15-22-20-56.jpg,data/raw/imports/akber_khan/00000330-PHOTO-2026-03-15-22-20-56.jpg,photo,photo,False,,
mcp_whatsapp_number_1_archive_akber_khan_00632::00000331-PHOTO-2026-03-15-22-20-57.jpg,Akbar Khan,whatsapp-number-1,archive::akbar_khan,Akbar Khan,mcp_whatsapp_number_1_archive_akber_khan_00632,akber_khan-00632,2026-03-15T22:20:57,Akbar Khan,00000331-PHOTO-2026-03-15-22-20-57.jpg,data/raw/imports/akber_khan/00000331-PHOTO-2026-03-15-22-20-57.jpg,photo,photo,False,,
mcp_whatsapp_number_1_archive_akber_khan_00633::00000332-PHOTO-2026-03-15-22-21-42.jpg,Akbar Khan,whatsapp-number-1,archive::akbar_khan,Akbar Khan,mcp_whatsapp_number_1_archive_akber_khan_00633,akber_khan-00633,2026-03-15T22:21:42,Akbar Khan,00000332-PHOTO-2026-03-15-22-21-42.jpg,data/raw/imports/akber_khan/00000332-PHOTO-2026-03-15-22-21-42.jpg,photo,photo,False,,
mcp_whatsapp_number_1_archive_akber_khan_00634::00000333-PHOTO-2026-03-15-22-21-44.jpg,Akbar Khan,whatsapp-number-1,archive::akbar_khan,Akbar Khan,mcp_whatsapp_number_1_archive_akber_khan_00634,akber_khan-00634,2026-03-15T22:21:44,Akbar Khan,00000333-PHOTO-2026-03-15-22-21-44.jpg,data/raw/imports/akber_khan/00000333-PHOTO-2026-03-15-22-21-44.jpg,photo,photo,False,,
mcp_whatsapp_number_1_archive_akber_khan_00636::00000335-PHOTO-2026-03-15-22-24-45.jpg,Akbar Khan,whatsapp-number-1,archive::akbar_khan,Akbar Khan,mcp_whatsapp_number_1_archive_akber_khan_00636,akber_khan-00636,2026-03-15T22:24:45,Akbar Khan,00000335-PHOTO-2026-03-15-22-24-45.jpg,data/raw/imports/akber_khan/00000335-PHOTO-2026-03-15-22-24-45.jpg,photo,photo,True,,
mcp_whatsapp_number_1_archive_akber_khan_00637::00000336-PHOTO-2026-03-15-22-24-46.jpg,Akbar Khan,whatsapp-number-1,archive::akbar_khan,Akbar Khan,mcp_whatsapp_number_1_archive_akber_khan_00637,akber_khan-00637,2026-03-15T22:24:46,Akbar Khan,00000336-PHOTO-2026-03-15-22-24-46.jpg,data/raw/imports/akber_khan/00000336-PHOTO-2026-03-15-22-24-46.jpg,photo,photo,True,,
mcp_whatsapp_number_1_archive_akber_khan_00640::00000339-PHOTO-2026-03-15-22-34-54.jpg,Akbar Khan,whatsapp-number-1,archive::akbar_khan,Akbar Khan,mcp_whatsapp_number_1_archive_akber_khan_00640,akber_khan-00640,2026-03-15T22:34:54,David,00000339-PHOTO-2026-03-15-22-34-54.jpg,data/raw/imports/akber_khan/00000339-PHOTO-2026-03-15-22-34-54.jpg,photo,photo,True,,
mcp_whatsapp_number_1_archive_akber_khan_00656::00000355-PHOTO-2026-03-15-22-42-04.jpg,Akbar Khan,whatsapp-number-1,archive::akbar_khan,Akbar Khan,mcp_whatsapp_number_1_archive_akber_khan_00656,akber_khan-00656,2026-03-15T22:42:04,Akbar Khan,00000355-PHOTO-2026-03-15-22-42-04.jpg,data/raw/imports/akber_khan/00000355-PHOTO-2026-03-15-22-42-04.jpg,photo,photo,True,,
mcp_whatsapp_number_1_archive_akber_khan_00657::00000356-PHOTO-2026-03-15-22-42-06.jpg,Akbar Khan,whatsapp-number-1,archive::akbar_khan,Akbar Khan,mcp_whatsapp_number_1_archive_akber_khan_00657,akber_khan-00657,2026-03-15T22:42:06,Akbar Khan,00000356-PHOTO-2026-03-15-22-42-06.jpg,data/raw/imports/akber_khan/00000356-PHOTO-2026-03-15-22-42-06.jpg,photo,photo,True,,
mcp_whatsapp_number_1_archive_akber_khan_00663::00000362-PHOTO-2026-03-15-22-43-55.jpg,Akbar Khan,whatsapp-number-1,archive::akbar_khan,Akbar Khan,mcp_whatsapp_number_1_archive_akber_khan_00663,akber_khan-00663,2026-03-15T22:43:55,Akbar Khan,00000362-PHOTO-2026-03-15-22-43-55.jpg,data/raw/imports/akber_khan/00000362-PHOTO-2026-03-15-22-43-55.jpg,photo,photo,True,,
mcp_whatsapp_number_1_archive_akber_khan_00664::00000363-PHOTO-2026-03-15-22-43-57.jpg,Akbar Khan,whatsapp-number-1,archive::akbar_khan,Akbar Khan,mcp_whatsapp_number_1_archive_akber_khan_00664,akber_khan-00664,2026-03-15T22:43:57,Akbar Khan,00000363-PHOTO-2026-03-15-22-43-57.jpg,data/raw/imports/akber_khan/00000363-PHOTO-2026-03-15-22-43-57.jpg,photo,photo,True,,
mcp_whatsapp_number_1_archive_akber_khan_00667::00000366-PHOTO-2026-03-15-22-45-24.jpg,Akbar Khan,whatsapp-number-1,archive::akbar_khan,Akbar Khan,mcp_whatsapp_number_1_archive_akber_khan_00667,akber_khan-00667,2026-03-15T22:45:24,Akbar Khan,00000366-PHOTO-2026-03-15-22-45-24.jpg,data/raw/imports/akber_khan/00000366-PHOTO-2026-03-15-22-45-24.jpg,photo,photo,True,,
mcp_whatsapp_number_1_archive_akber_khan_00668::00000367-PHOTO-2026-03-15-22-45-25.jpg,Akbar Khan,whatsapp-number-1,archive::akbar_khan,Akbar Khan,mcp_whatsapp_number_1_archive_akber_khan_00668,akber_khan-00668,2026-03-15T22:45:25,Akbar Khan,00000367-PHOTO-2026-03-15-22-45-25.jpg,data/raw/imports/akber_khan/00000367-PHOTO-2026-03-15-22-45-25.jpg,photo,photo,True,,
mcp_whatsapp_number_1_archive_akber_khan_00675::00000374-PHOTO-2026-03-15-22-49-00.jpg,Akbar Khan,whatsapp-number-1,archive::akbar_khan,Akbar Khan,mcp_whatsapp_number_1_archive_akber_khan_00675,akber_khan-00675,2026-03-15T22:49:00,Akbar Khan,00000374-PHOTO-2026-03-15-22-49-00.jpg,data/raw/imports/akber_khan/00000374-PHOTO-2026-03-15-22-49-00.jpg,photo,photo,True,,
mcp_whatsapp_number_1_archive_akber_khan_00676::00000375-PHOTO-2026-03-15-22-49-01.jpg,Akbar Khan,whatsapp-number-1,archive::akbar_khan,Akbar Khan,mcp_whatsapp_number_1_archive_akber_khan_00676,akber_khan-00676,2026-03-15T22:49:01,Akbar Khan,00000375-PHOTO-2026-03-15-22-49-01.jpg,data/raw/imports/akber_khan/00000375-PHOTO-2026-03-15-22-49-01.jpg,photo,photo,True,,
mcp_whatsapp_number_1_archive_akber_khan_00678::00000377-PHOTO-2026-03-15-22-50-00.jpg,Akbar Khan,whatsapp-number-1,archive::akbar_khan,Akbar Khan,mcp_whatsapp_number_1_archive_akber_khan_00678,akber_khan-00678,2026-03-15T22:50:00,Akbar Khan,00000377-PHOTO-2026-03-15-22-50-00.jpg,data/raw/imports/akber_khan/00000377-PHOTO-2026-03-15-22-50-00.jpg,photo,photo,True,,
mcp_whatsapp_number_1_archive_akber_khan_00679::00000378-PHOTO-2026-03-15-22-50-02.jpg,Akbar Khan,whatsapp-number-1,archive::akbar_khan,Akbar Khan,mcp_whatsapp_number_1_archive_akber_khan_00679,akber_khan-00679,2026-03-15T22:50:02,Akbar Khan,00000378-PHOTO-2026-03-15-22-50-02.jpg,data/raw/imports/akber_khan/00000378-PHOTO-2026-03-15-22-50-02.jpg,photo,photo,True,,
mcp_whatsapp_number_1_archive_akber_khan_00680::00000379-PHOTO-2026-03-15-22-50-35.jpg,Akbar Khan,whatsapp-number-1,archive::akbar_khan,Akbar Khan,mcp_whatsapp_number_1_archive_akber_khan_00680,akber_khan-00680,2026-03-15T22:50:35,David,00000379-PHOTO-2026-03-15-22-50-35.jpg,data/raw/imports/akber_khan/00000379-PHOTO-2026-03-15-22-50-35.jpg,photo,photo,True,,
mcp_whatsapp_number_1_archive_akber_khan_00681::00000380-PHOTO-2026-03-15-22-50-36.jpg,Akbar Khan,whatsapp-number-1,archive::akbar_khan,Akbar Khan,mcp_whatsapp_number_1_archive_akber_khan_00681,akber_khan-00681,2026-03-15T22:50:36,David,00000380-PHOTO-2026-03-15-22-50-36.jpg,data/raw/imports/akber_khan/00000380-PHOTO-2026-03-15-22-50-36.jpg,photo,photo,False,,
mcp_whatsapp_number_2_false_120363408465558195_g_us_ac103d85e665ad98dfa3de0a83c77c55_232877656666113_lid::false_120363408465558195_g_us_AC103D85E665AD98DFA3DE0A83C77C55_232877656666113_lid.jpeg,Fj40,whatsapp-number-2,120363408465558195@g.us,Fj40,mcp_whatsapp_number_2_false_120363408465558195_g_us_ac103d85e665ad98dfa3de0a83c77c55_232877656666113_lid,false_120363408465558195@g.us_AC103D85E665AD98DFA3DE0A83C77C55_232877656666113@lid,2026-03-16T10:31:03.000Z,232877656666113,false_120363408465558195_g_us_AC103D85E665AD98DFA3DE0A83C77C55_232877656666113_lid.jpeg,data/raw/imports/mcp_whatsapp_number_2/false_120363408465558195_g_us_AC103D85E665AD98DFA3DE0A83C77C55_232877656666113_lid.jpeg,photo,image,true,image/jpeg,63724
mcp_whatsapp_number_2_false_120363408465558195_g_us_ac6a0a5b5f86540a30c99b11a764a2d1_62917110190266_lid::false_120363408465558195_g_us_AC6A0A5B5F86540A30C99B11A764A2D1_62917110190266_lid.webp,Fj40,whatsapp-number-2,120363408465558195@g.us,Fj40,mcp_whatsapp_number_2_false_120363408465558195_g_us_ac6a0a5b5f86540a30c99b11a764a2d1_62917110190266_lid,false_120363408465558195@g.us_AC6A0A5B5F86540A30C99B11A764A2D1_62917110190266@lid,2026-03-16T11:05:08.000Z,62917110190266,false_120363408465558195_g_us_AC6A0A5B5F86540A30C99B11A764A2D1_62917110190266_lid.webp,data/raw/imports/mcp_whatsapp_number_2/false_120363408465558195_g_us_AC6A0A5B5F86540A30C99B11A764A2D1_62917110190266_lid.webp,sticker,sticker,true,image/webp,58300
mcp_whatsapp_number_2_false_120363408465558195_g_us_3be747935a5e96993539_190950068514824_lid::false_120363408465558195_g_us_3BE747935A5E96993539_190950068514824_lid.jpeg,Fj40,whatsapp-number-2,120363408465558195@g.us,Fj40,mcp_whatsapp_number_2_false_120363408465558195_g_us_3be747935a5e96993539_190950068514824_lid,false_120363408465558195@g.us_3BE747935A5E96993539_190950068514824@lid,2026-03-16T13:15:24.000Z,190950068514824,false_120363408465558195_g_us_3BE747935A5E96993539_190950068514824_lid.jpeg,data/raw/imports/mcp_whatsapp_number_2/false_120363408465558195_g_us_3BE747935A5E96993539_190950068514824_lid.jpeg,photo,image,true,image/jpeg,189236
mcp_whatsapp_number_1_archive_fj40_00236::00003241-PHOTO-2026-03-16-15-31-03.jpg,Fj40,whatsapp-number-1,archive::fj40,Fj40,mcp_whatsapp_number_1_archive_fj40_00236,fj40-00236,2026-03-16T15:31:03,~ HM,00003241-PHOTO-2026-03-16-15-31-03.jpg,data/raw/imports/fj40/00003241-PHOTO-2026-03-16-15-31-03.jpg,photo,photo,True,,
mcp_whatsapp_number_1_archive_fj40_00237::00003242-PHOTO-2026-03-16-15-31-04.jpg,Fj40,whatsapp-number-1,archive::fj40,Fj40,mcp_whatsapp_number_1_archive_fj40_00237,fj40-00237,2026-03-16T15:31:04,~ HM,00003242-PHOTO-2026-03-16-15-31-04.jpg,data/raw/imports/fj40/00003242-PHOTO-2026-03-16-15-31-04.jpg,photo,photo,True,,
mcp_whatsapp_number_1_archive_fj40_00245::00003250-STICKER-2026-03-16-16-05-08.webp,Fj40,whatsapp-number-1,archive::fj40,Fj40,mcp_whatsapp_number_1_archive_fj40_00245,fj40-00245,2026-03-16T16:05:08,Akbar Khan,00003250-STICKER-2026-03-16-16-05-08.webp,data/raw/imports/fj40/00003250-STICKER-2026-03-16-16-05-08.webp,sticker,sticker,True,,
mcp_whatsapp_number_1_archive_fj40_00258::00003263-PHOTO-2026-03-16-18-15-23.jpg,Fj40,whatsapp-number-1,archive::fj40,Fj40,mcp_whatsapp_number_1_archive_fj40_00258,fj40-00258,2026-03-16T18:15:23,David,00003263-PHOTO-2026-03-16-18-15-23.jpg,data/raw/imports/fj40/00003263-PHOTO-2026-03-16-18-15-23.jpg,photo,photo,True,,
mcp_whatsapp_number_1_archive_fj40_00259::00003264-PHOTO-2026-03-16-18-15-24.jpg,Fj40,whatsapp-number-1,archive::fj40,Fj40,mcp_whatsapp_number_1_archive_fj40_00259,fj40-00259,2026-03-16T18:15:24,David,00003264-PHOTO-2026-03-16-18-15-24.jpg,data/raw/imports/fj40/00003264-PHOTO-2026-03-16-18-15-24.jpg,photo,photo,True,,
mcp_whatsapp_number_1_archive_akber_khan_00824::00000523-PHOTO-2026-03-17-16-55-16.jpg,Akbar Khan,whatsapp-number-1,archive::akbar_khan,Akbar Khan,mcp_whatsapp_number_1_archive_akber_khan_00824,akber_khan-00824,2026-03-17T16:55:16,David,00000523-PHOTO-2026-03-17-16-55-16.jpg,data/raw/imports/akber_khan/00000523-PHOTO-2026-03-17-16-55-16.jpg,photo,photo,True,,
mcp_whatsapp_number_1_archive_akber_khan_00825::00000524-VIDEO-2026-03-17-16-55-19.mp4,Akbar Khan,whatsapp-number-1,archive::akbar_khan,Akbar Khan,mcp_whatsapp_number_1_archive_akber_khan_00825,akber_khan-00825,2026-03-17T16:55:19,David,00000524-VIDEO-2026-03-17-16-55-19.mp4,data/raw/imports/akber_khan/00000524-VIDEO-2026-03-17-16-55-19.mp4,video,video,True,,
mcp_whatsapp_number_1_archive_akber_khan_00829::00000529-PHOTO-2026-03-17-17-00-11.jpg,Akbar Khan,whatsapp-number-1,archive::akbar_khan,Akbar Khan,mcp_whatsapp_number_1_archive_akber_khan_00829,akber_khan-00829,2026-03-17T17:00:11,David,00000529-PHOTO-2026-03-17-17-00-11.jpg,data/raw/imports/akber_khan/00000529-PHOTO-2026-03-17-17-00-11.jpg,photo,photo,False,,
mcp_whatsapp_number_1_archive_akber_khan_00830::00000530-PHOTO-2026-03-17-17-00-12.jpg,Akbar Khan,whatsapp-number-1,archive::akbar_khan,Akbar Khan,mcp_whatsapp_number_1_archive_akber_khan_00830,akber_khan-00830,2026-03-17T17:00:12,David,00000530-PHOTO-2026-03-17-17-00-12.jpg,data/raw/imports/akber_khan/00000530-PHOTO-2026-03-17-17-00-12.jpg,photo,photo,False,,
mcp_whatsapp_number_1_archive_akber_khan_00831::00000531-PHOTO-2026-03-17-17-00-12.jpg,Akbar Khan,whatsapp-number-1,archive::akbar_khan,Akbar Khan,mcp_whatsapp_number_1_archive_akber_khan_00831,akber_khan-00831,2026-03-17T17:00:12,David,00000531-PHOTO-2026-03-17-17-00-12.jpg,data/raw/imports/akber_khan/00000531-PHOTO-2026-03-17-17-00-12.jpg,photo,photo,False,,
mcp_whatsapp_number_1_archive_akber_khan_00832::00000532-PHOTO-2026-03-17-17-00-12.jpg,Akbar Khan,whatsapp-number-1,archive::akbar_khan,Akbar Khan,mcp_whatsapp_number_1_archive_akber_khan_00832,akber_khan-00832,2026-03-17T17:00:12,David,00000532-PHOTO-2026-03-17-17-00-12.jpg,data/raw/imports/akber_khan/00000532-PHOTO-2026-03-17-17-00-12.jpg,photo,photo,False,,
mcp_whatsapp_number_1_archive_akber_khan_00833::00000533-PHOTO-2026-03-17-17-00-12.jpg,Akbar Khan,whatsapp-number-1,archive::akbar_khan,Akbar Khan,mcp_whatsapp_number_1_archive_akber_khan_00833,akber_khan-00833,2026-03-17T17:00:12,David,00000533-PHOTO-2026-03-17-17-00-12.jpg,data/raw/imports/akber_khan/00000533-PHOTO-2026-03-17-17-00-12.jpg,photo,photo,False,,
mcp_whatsapp_number_1_archive_akber_khan_00834::00000534-PHOTO-2026-03-17-17-00-13.jpg,Akbar Khan,whatsapp-number-1,archive::akbar_khan,Akbar Khan,mcp_whatsapp_number_1_archive_akber_khan_00834,akber_khan-00834,2026-03-17T17:00:13,David,00000534-PHOTO-2026-03-17-17-00-13.jpg,data/raw/imports/akber_khan/00000534-PHOTO-2026-03-17-17-00-13.jpg,photo,photo,False,,
mcp_whatsapp_number_1_archive_akber_khan_00835::00000535-PHOTO-2026-03-17-17-00-13.jpg,Akbar Khan,whatsapp-number-1,archive::akbar_khan,Akbar Khan,mcp_whatsapp_number_1_archive_akber_khan_00835,akber_khan-00835,2026-03-17T17:00:13,David,00000535-PHOTO-2026-03-17-17-00-13.jpg,data/raw/imports/akber_khan/00000535-PHOTO-2026-03-17-17-00-13.jpg,photo,photo,False,,
mcp_whatsapp_number_1_archive_akber_khan_00836::00000536-PHOTO-2026-03-17-17-00-13.jpg,Akbar Khan,whatsapp-number-1,archive::akbar_khan,Akbar Khan,mcp_whatsapp_number_1_archive_akber_khan_00836,akber_khan-00836,2026-03-17T17:00:13,David,00000536-PHOTO-2026-03-17-17-00-13.jpg,data/raw/imports/akber_khan/00000536-PHOTO-2026-03-17-17-00-13.jpg,photo,photo,False,,
mcp_whatsapp_number_1_archive_akber_khan_00837::00000537-PHOTO-2026-03-17-17-00-14.jpg,Akbar Khan,whatsapp-number-1,archive::akbar_khan,Akbar Khan,mcp_whatsapp_number_1_archive_akber_khan_00837,akber_khan-00837,2026-03-17T17:00:14,David,00000537-PHOTO-2026-03-17-17-00-14.jpg,data/raw/imports/akber_khan/00000537-PHOTO-2026-03-17-17-00-14.jpg,photo,photo,False,,
mcp_whatsapp_number_1_archive_akber_khan_00838::00000538-VIDEO-2026-03-17-17-00-14.mp4,Akbar Khan,whatsapp-number-1,archive::akbar_khan,Akbar Khan,mcp_whatsapp_number_1_archive_akber_khan_00838,akber_khan-00838,2026-03-17T17:00:14,David,00000538-VIDEO-2026-03-17-17-00-14.mp4,data/raw/imports/akber_khan/00000538-VIDEO-2026-03-17-17-00-14.mp4,video,video,False,,
mcp_whatsapp_number_1_archive_akber_khan_00839::00000539-VIDEO-2026-03-17-17-00-15.mp4,Akbar Khan,whatsapp-number-1,archive::akbar_khan,Akbar Khan,mcp_whatsapp_number_1_archive_akber_khan_00839,akber_khan-00839,2026-03-17T17:00:15,David,00000539-VIDEO-2026-03-17-17-00-15.mp4,data/raw/imports/akber_khan/00000539-VIDEO-2026-03-17-17-00-15.mp4,video,video,False,,
mcp_whatsapp_number_1_archive_akber_khan_00841::00000541-VIDEO-2026-03-17-17-00-24.mp4,Akbar Khan,whatsapp-number-1,archive::akbar_khan,Akbar Khan,mcp_whatsapp_number_1_archive_akber_khan_00841,akber_khan-00841,2026-03-17T17:00:24,David,00000541-VIDEO-2026-03-17-17-00-24.mp4,data/raw/imports/akber_khan/00000541-VIDEO-2026-03-17-17-00-24.mp4,video,video,False,,
mcp_whatsapp_number_1_archive_akber_khan_00842::00000542-VIDEO-2026-03-17-17-00-24.mp4,Akbar Khan,whatsapp-number-1,archive::akbar_khan,Akbar Khan,mcp_whatsapp_number_1_archive_akber_khan_00842,akber_khan-00842,2026-03-17T17:00:24,David,00000542-VIDEO-2026-03-17-17-00-24.mp4,data/raw/imports/akber_khan/00000542-VIDEO-2026-03-17-17-00-24.mp4,video,video,False,,
mcp_whatsapp_number_1_archive_akber_khan_00843::00000543-VIDEO-2026-03-17-17-00-24.mp4,Akbar Khan,whatsapp-number-1,archive::akbar_khan,Akbar Khan,mcp_whatsapp_number_1_archive_akber_khan_00843,akber_khan-00843,2026-03-17T17:00:24,David,00000543-VIDEO-2026-03-17-17-00-24.mp4,data/raw/imports/akber_khan/00000543-VIDEO-2026-03-17-17-00-24.mp4,video,video,False,,
mcp_whatsapp_number_1_archive_akber_khan_00844::00000544-VIDEO-2026-03-17-17-00-25.mp4,Akbar Khan,whatsapp-number-1,archive::akbar_khan,Akbar Khan,mcp_whatsapp_number_1_archive_akber_khan_00844,akber_khan-00844,2026-03-17T17:00:25,David,00000544-VIDEO-2026-03-17-17-00-25.mp4,data/raw/imports/akber_khan/00000544-VIDEO-2026-03-17-17-00-25.mp4,video,video,False,,
mcp_whatsapp_number_1_archive_akber_khan_00845::00000545-VIDEO-2026-03-17-17-00-25.mp4,Akbar Khan,whatsapp-number-1,archive::akbar_khan,Akbar Khan,mcp_whatsapp_number_1_archive_akber_khan_00845,akber_khan-00845,2026-03-17T17:00:25,David,00000545-VIDEO-2026-03-17-17-00-25.mp4,data/raw/imports/akber_khan/00000545-VIDEO-2026-03-17-17-00-25.mp4,video,video,True,,
mcp_whatsapp_number_1_archive_akber_khan_00846::00000546-VIDEO-2026-03-17-17-00-25.mp4,Akbar Khan,whatsapp-number-1,archive::akbar_khan,Akbar Khan,mcp_whatsapp_number_1_archive_akber_khan_00846,akber_khan-00846,2026-03-17T17:00:25,David,00000546-VIDEO-2026-03-17-17-00-25.mp4,data/raw/imports/akber_khan/00000546-VIDEO-2026-03-17-17-00-25.mp4,video,video,True,,
mcp_whatsapp_number_1_archive_akber_khan_00847::00000547-VIDEO-2026-03-17-17-00-25.mp4,Akbar Khan,whatsapp-number-1,archive::akbar_khan,Akbar Khan,mcp_whatsapp_number_1_archive_akber_khan_00847,akber_khan-00847,2026-03-17T17:00:25,David,00000547-VIDEO-2026-03-17-17-00-25.mp4,data/raw/imports/akber_khan/00000547-VIDEO-2026-03-17-17-00-25.mp4,video,video,True,,
mcp_whatsapp_number_1_archive_akber_khan_00852::00000552-PHOTO-2026-03-17-17-05-29.jpg,Akbar Khan,whatsapp-number-1,archive::akbar_khan,Akbar Khan,mcp_whatsapp_number_1_archive_akber_khan_00852,akber_khan-00852,2026-03-17T17:05:29,David,00000552-PHOTO-2026-03-17-17-05-29.jpg,data/raw/imports/akber_khan/00000552-PHOTO-2026-03-17-17-05-29.jpg,photo,photo,True,,
mcp_whatsapp_number_1_archive_akber_khan_00853::00000553-PHOTO-2026-03-17-17-05-29.jpg,Akbar Khan,whatsapp-number-1,archive::akbar_khan,Akbar Khan,mcp_whatsapp_number_1_archive_akber_khan_00853,akber_khan-00853,2026-03-17T17:05:29,David,00000553-PHOTO-2026-03-17-17-05-29.jpg,data/raw/imports/akber_khan/00000553-PHOTO-2026-03-17-17-05-29.jpg,photo,photo,True,,
mcp_whatsapp_number_1_archive_akber_khan_00865::00000565-AUDIO-2026-03-17-20-53-57.opus,Akbar Khan,whatsapp-number-1,archive::akbar_khan,Akbar Khan,mcp_whatsapp_number_1_archive_akber_khan_00865,akber_khan-00865,2026-03-17T20:53:57,Akbar Khan,00000565-AUDIO-2026-03-17-20-53-57.opus,data/raw/imports/akber_khan/00000565-AUDIO-2026-03-17-20-53-57.opus,audio,audio,False,,
mcp_whatsapp_number_1_archive_akber_khan_00866::00000566-AUDIO-2026-03-17-20-54-42.opus,Akbar Khan,whatsapp-number-1,archive::akbar_khan,Akbar Khan,mcp_whatsapp_number_1_archive_akber_khan_00866,akber_khan-00866,2026-03-17T20:54:42,Akbar Khan,00000566-AUDIO-2026-03-17-20-54-42.opus,data/raw/imports/akber_khan/00000566-AUDIO-2026-03-17-20-54-42.opus,audio,audio,False,,
mcp_whatsapp_number_1_archive_akber_khan_00867::00000567-AUDIO-2026-03-17-20-56-27.opus,Akbar Khan,whatsapp-number-1,archive::akbar_khan,Akbar Khan,mcp_whatsapp_number_1_archive_akber_khan_00867,akber_khan-00867,2026-03-17T20:56:27,Akbar Khan,00000567-AUDIO-2026-03-17-20-56-27.opus,data/raw/imports/akber_khan/00000567-AUDIO-2026-03-17-20-56-27.opus,audio,audio,False,,
mcp_whatsapp_number_2_true_120363427035421010_g_us_ac188c930d3bf0ca39f40d5ffc997680_226083001659473_lid::true_120363427035421010_g_us_AC188C930D3BF0CA39F40D5FFC997680_226083001659473_lid.jpeg,Headlight connectors,whatsapp-number-2,120363427035421010@g.us,Headlight connectors,mcp_whatsapp_number_2_true_120363427035421010_g_us_ac188c930d3bf0ca39f40d5ffc997680_226083001659473_lid,true_120363427035421010@g.us_AC188C930D3BF0CA39F40D5FFC997680_226083001659473@lid,2026-03-21T05:12:30.000Z,+923099351940,true_120363427035421010_g_us_AC188C930D3BF0CA39F40D5FFC997680_226083001659473_lid.jpeg,data/raw/imports/mcp_whatsapp_number_2/true_120363427035421010_g_us_AC188C930D3BF0CA39F40D5FFC997680_226083001659473_lid.jpeg,photo,image,true,image/jpeg,62824
mcp_whatsapp_number_2_false_120363408465558195_g_us_3b70b5cfbd88ce057e6e_190950068514824_lid::false_120363408465558195_g_us_3B70B5CFBD88CE057E6E_190950068514824_lid.xlsx,Fj40,whatsapp-number-2,120363408465558195@g.us,Fj40,mcp_whatsapp_number_2_false_120363408465558195_g_us_3b70b5cfbd88ce057e6e_190950068514824_lid,false_120363408465558195@g.us_3B70B5CFBD88CE057E6E_190950068514824@lid,2026-03-21T06:17:37.000Z,190950068514824,false_120363408465558195_g_us_3B70B5CFBD88CE057E6E_190950068514824_lid.xlsx,data/raw/imports/mcp_whatsapp_number_2/false_120363408465558195_g_us_3B70B5CFBD88CE057E6E_190950068514824_lid.xlsx,document,document,true,application/vnd.openxmlformats-officedocument.spreadsheetml.sheet,18347
mcp_whatsapp_number_2_true_147107092648188_lid_acff9d3bc248e05e43ac2c4c085591a1::true_147107092648188_lid_ACFF9D3BC248E05E43AC2C4C085591A1.jpeg,Auto Xpert,whatsapp-number-2,147107092648188@lid,Auto Xpert,mcp_whatsapp_number_2_true_147107092648188_lid_acff9d3bc248e05e43ac2c4c085591a1,true_147107092648188@lid_ACFF9D3BC248E05E43AC2C4C085591A1,2026-03-24T10:22:16.000Z,+923099351940,true_147107092648188_lid_ACFF9D3BC248E05E43AC2C4C085591A1.jpeg,data/raw/imports/mcp_whatsapp_number_2/true_147107092648188_lid_ACFF9D3BC248E05E43AC2C4C085591A1.jpeg,photo,image,true,image/jpeg,61999
mcp_whatsapp_number_2_true_147107092648188_lid_acfa4b6e1b2129a5b7cf9f247375c5a4::true_147107092648188_lid_ACFA4B6E1B2129A5B7CF9F247375C5A4.jpeg,Auto Xpert,whatsapp-number-2,147107092648188@lid,Auto Xpert,mcp_whatsapp_number_2_true_147107092648188_lid_acfa4b6e1b2129a5b7cf9f247375c5a4,true_147107092648188@lid_ACFA4B6E1B2129A5B7CF9F247375C5A4,2026-03-25T05:51:43.000Z,+923099351940,true_147107092648188_lid_ACFA4B6E1B2129A5B7CF9F247375C5A4.jpeg,data/raw/imports/mcp_whatsapp_number_2/true_147107092648188_lid_ACFA4B6E1B2129A5B7CF9F247375C5A4.jpeg,photo,image,true,image/jpeg,51140
mcp_whatsapp_number_2_false_147107092648188_lid_a517a2eafa84bc44ad7635c94ffcfffe::false_147107092648188_lid_A517A2EAFA84BC44AD7635C94FFCFFFE.jpeg,Auto Xpert,whatsapp-number-2,147107092648188@lid,Auto Xpert,mcp_whatsapp_number_2_false_147107092648188_lid_a517a2eafa84bc44ad7635c94ffcfffe,false_147107092648188@lid_A517A2EAFA84BC44AD7635C94FFCFFFE,2026-03-26T05:37:47.000Z,147107092648188,false_147107092648188_lid_A517A2EAFA84BC44AD7635C94FFCFFFE.jpeg,data/raw/imports/mcp_whatsapp_number_2/false_147107092648188_lid_A517A2EAFA84BC44AD7635C94FFCFFFE.jpeg,photo,image,true,image/jpeg,135609
mcp_whatsapp_number_2_false_120363408465558195_g_us_3b12610719f4f4f0eb33_190950068514824_lid::false_120363408465558195_g_us_3B12610719F4F4F0EB33_190950068514824_lid.jpeg,Fj40,whatsapp-number-2,120363408465558195@g.us,Fj40,mcp_whatsapp_number_2_false_120363408465558195_g_us_3b12610719f4f4f0eb33_190950068514824_lid,false_120363408465558195@g.us_3B12610719F4F4F0EB33_190950068514824@lid,2026-03-27T00:48:44.000Z,190950068514824,false_120363408465558195_g_us_3B12610719F4F4F0EB33_190950068514824_lid.jpeg,data/raw/imports/mcp_whatsapp_number_2/false_120363408465558195_g_us_3B12610719F4F4F0EB33_190950068514824_lid.jpeg,photo,image,true,image/jpeg,186337
mcp_whatsapp_number_2_true_162822445105367_lid_ac67a2c08141af089e448306aededdd6::true_162822445105367_lid_AC67A2C08141AF089E448306AEDEDDD6.jpeg,Walton Bodyshop,whatsapp-number-2,162822445105367@lid,Walton Bodyshop,mcp_whatsapp_number_2_true_162822445105367_lid_ac67a2c08141af089e448306aededdd6,true_162822445105367@lid_AC67A2C08141AF089E448306AEDEDDD6,2026-03-27T10:14:58.000Z,+923099351940,true_162822445105367_lid_AC67A2C08141AF089E448306AEDEDDD6.jpeg,data/raw/imports/mcp_whatsapp_number_2/true_162822445105367_lid_AC67A2C08141AF089E448306AEDEDDD6.jpeg,photo,image,true,image/jpeg,148798
mcp_whatsapp_number_2_true_162822445105367_lid_acce975d74f37f92f8a1897c9bba48a8::true_162822445105367_lid_ACCE975D74F37F92F8A1897C9BBA48A8.jpeg,Walton Bodyshop,whatsapp-number-2,162822445105367@lid,Walton Bodyshop,mcp_whatsapp_number_2_true_162822445105367_lid_acce975d74f37f92f8a1897c9bba48a8,true_162822445105367@lid_ACCE975D74F37F92F8A1897C9BBA48A8,2026-03-27T10:14:58.000Z,+923099351940,true_162822445105367_lid_ACCE975D74F37F92F8A1897C9BBA48A8.jpeg,data/raw/imports/mcp_whatsapp_number_2/true_162822445105367_lid_ACCE975D74F37F92F8A1897C9BBA48A8.jpeg,photo,image,true,image/jpeg,152438
mcp_whatsapp_number_2_false_162822445105367_lid_acb63f70f413bd89764014fa388b96ce::false_162822445105367_lid_ACB63F70F413BD89764014FA388B96CE.mp4,Walton Bodyshop,whatsapp-number-2,162822445105367@lid,Walton Bodyshop,mcp_whatsapp_number_2_false_162822445105367_lid_acb63f70f413bd89764014fa388b96ce,false_162822445105367@lid_ACB63F70F413BD89764014FA388B96CE,2026-03-27T11:12:11.000Z,162822445105367,false_162822445105367_lid_ACB63F70F413BD89764014FA388B96CE.mp4,data/raw/imports/mcp_whatsapp_number_2/false_162822445105367_lid_ACB63F70F413BD89764014FA388B96CE.mp4,video,video,true,video/mp4,9384207
mcp_whatsapp_number_2_false_162822445105367_lid_ac7a6a72eacc735dd553eaa89ad0154e::false_162822445105367_lid_AC7A6A72EACC735DD553EAA89AD0154E.mp4,Walton Bodyshop,whatsapp-number-2,162822445105367@lid,Walton Bodyshop,mcp_whatsapp_number_2_false_162822445105367_lid_ac7a6a72eacc735dd553eaa89ad0154e,false_162822445105367@lid_AC7A6A72EACC735DD553EAA89AD0154E,2026-03-27T11:13:06.000Z,162822445105367,false_162822445105367_lid_AC7A6A72EACC735DD553EAA89AD0154E.mp4,data/raw/imports/mcp_whatsapp_number_2/false_162822445105367_lid_AC7A6A72EACC735DD553EAA89AD0154E.mp4,video,video,true,video/mp4,10062940
mcp_whatsapp_number_2_true_162822445105367_lid_ace1c67f1aa766b0bfd72771503ffdb1::true_162822445105367_lid_ACE1C67F1AA766B0BFD72771503FFDB1.jpeg,Walton Bodyshop,whatsapp-number-2,162822445105367@lid,Walton Bodyshop,mcp_whatsapp_number_2_true_162822445105367_lid_ace1c67f1aa766b0bfd72771503ffdb1,true_162822445105367@lid_ACE1C67F1AA766B0BFD72771503FFDB1,2026-03-27T23:20:41.000Z,+923099351940,true_162822445105367_lid_ACE1C67F1AA766B0BFD72771503FFDB1.jpeg,data/raw/imports/mcp_whatsapp_number_2/true_162822445105367_lid_ACE1C67F1AA766B0BFD72771503FFDB1.jpeg,photo,image,true,image/jpeg,76209
mcp_whatsapp_number_2_true_162822445105367_lid_ac8725ba78f54c1c54a00731f5e3e9a3::true_162822445105367_lid_AC8725BA78F54C1C54A00731F5E3E9A3.jpeg,Walton Bodyshop,whatsapp-number-2,162822445105367@lid,Walton Bodyshop,mcp_whatsapp_number_2_true_162822445105367_lid_ac8725ba78f54c1c54a00731f5e3e9a3,true_162822445105367@lid_AC8725BA78F54C1C54A00731F5E3E9A3,2026-03-28T01:03:29.000Z,+923099351940,true_162822445105367_lid_AC8725BA78F54C1C54A00731F5E3E9A3.jpeg,data/raw/imports/mcp_whatsapp_number_2/true_162822445105367_lid_AC8725BA78F54C1C54A00731F5E3E9A3.jpeg,photo,image,true,image/jpeg,151976
mcp_whatsapp_number_2_true_162822445105367_lid_ac4cfcc5398fdd38d5c59b43c2d5afb0::true_162822445105367_lid_AC4CFCC5398FDD38D5C59B43C2D5AFB0.jpeg,Walton Bodyshop,whatsapp-number-2,162822445105367@lid,Walton Bodyshop,mcp_whatsapp_number_2_true_162822445105367_lid_ac4cfcc5398fdd38d5c59b43c2d5afb0,true_162822445105367@lid_AC4CFCC5398FDD38D5C59B43C2D5AFB0,2026-03-28T12:47:32.000Z,+923099351940,true_162822445105367_lid_AC4CFCC5398FDD38D5C59B43C2D5AFB0.jpeg,data/raw/imports/mcp_whatsapp_number_2/true_162822445105367_lid_AC4CFCC5398FDD38D5C59B43C2D5AFB0.jpeg,photo,image,true,image/jpeg,97575
mcp_whatsapp_number_2_true_120363408465558195_g_us_ac62e68d96b5a4781a26fe523fdbf86a_226083001659473_lid::true_120363408465558195_g_us_AC62E68D96B5A4781A26FE523FDBF86A_226083001659473_lid.jpeg,Fj40,whatsapp-number-2,120363408465558195@g.us,Fj40,mcp_whatsapp_number_2_true_120363408465558195_g_us_ac62e68d96b5a4781a26fe523fdbf86a_226083001659473_lid,true_120363408465558195@g.us_AC62E68D96B5A4781A26FE523FDBF86A_226083001659473@lid,2026-03-30T22:04:37.000Z,+923099351940,true_120363408465558195_g_us_AC62E68D96B5A4781A26FE523FDBF86A_226083001659473_lid.jpeg,data/raw/imports/mcp_whatsapp_number_2/true_120363408465558195_g_us_AC62E68D96B5A4781A26FE523FDBF86A_226083001659473_lid.jpeg,photo,image,true,image/jpeg,166090
mcp_whatsapp_number_2_false_140888080683096_lid_a5bf0b296cc82007646f0067363e0eb5::false_140888080683096_lid_A5BF0B296CC82007646F0067363E0EB5.oga,Akram Suspension Auto,whatsapp-number-2,140888080683096@lid,Akram Suspension Auto,mcp_whatsapp_number_2_false_140888080683096_lid_a5bf0b296cc82007646f0067363e0eb5,false_140888080683096@lid_A5BF0B296CC82007646F0067363E0EB5,2026-04-01T06:45:33.000Z,140888080683096,false_140888080683096_lid_A5BF0B296CC82007646F0067363E0EB5.oga,data/raw/imports/mcp_whatsapp_number_2/false_140888080683096_lid_A5BF0B296CC82007646F0067363E0EB5.oga,audio,ptt,true,audio/ogg; codecs=opus,10755
mcp_whatsapp_number_2_false_140888080683096_lid_a5731b8d0c9bdb557de689fec987f4a9::false_140888080683096_lid_A5731B8D0C9BDB557DE689FEC987F4A9.oga,Akram Suspension Auto,whatsapp-number-2,140888080683096@lid,Akram Suspension Auto,mcp_whatsapp_number_2_false_140888080683096_lid_a5731b8d0c9bdb557de689fec987f4a9,false_140888080683096@lid_A5731B8D0C9BDB557DE689FEC987F4A9,2026-04-01T06:50:06.000Z,140888080683096,false_140888080683096_lid_A5731B8D0C9BDB557DE689FEC987F4A9.oga,data/raw/imports/mcp_whatsapp_number_2/false_140888080683096_lid_A5731B8D0C9BDB557DE689FEC987F4A9.oga,audio,ptt,true,audio/ogg; codecs=opus,30357
mcp_whatsapp_number_2_true_140888080683096_lid_acbd835229dfd04c4642f0387158821d::true_140888080683096_lid_ACBD835229DFD04C4642F0387158821D.jpeg,Akram Suspension Auto,whatsapp-number-2,140888080683096@lid,Akram Suspension Auto,mcp_whatsapp_number_2_true_140888080683096_lid_acbd835229dfd04c4642f0387158821d,true_140888080683096@lid_ACBD835229DFD04C4642F0387158821D,2026-04-01T08:43:20.000Z,+923099351940,true_140888080683096_lid_ACBD835229DFD04C4642F0387158821D.jpeg,data/raw/imports/mcp_whatsapp_number_2/true_140888080683096_lid_ACBD835229DFD04C4642F0387158821D.jpeg,photo,image,true,image/jpeg,108000
mcp_whatsapp_number_2_false_140888080683096_lid_a52aa5339fabc8dc58a310fc8dab8cfd::false_140888080683096_lid_A52AA5339FABC8DC58A310FC8DAB8CFD.oga,Akram Suspension Auto,whatsapp-number-2,140888080683096@lid,Akram Suspension Auto,mcp_whatsapp_number_2_false_140888080683096_lid_a52aa5339fabc8dc58a310fc8dab8cfd,false_140888080683096@lid_A52AA5339FABC8DC58A310FC8DAB8CFD,2026-04-01T08:55:26.000Z,140888080683096,false_140888080683096_lid_A52AA5339FABC8DC58A310FC8DAB8CFD.oga,data/raw/imports/mcp_whatsapp_number_2/false_140888080683096_lid_A52AA5339FABC8DC58A310FC8DAB8CFD.oga,audio,ptt,true,audio/ogg; codecs=opus,46621
mcp_whatsapp_number_2_false_140888080683096_lid_a5a451c1ad338bc7df43359d8d369a52::false_140888080683096_lid_A5A451C1AD338BC7DF43359D8D369A52.oga,Akram Suspension Auto,whatsapp-number-2,140888080683096@lid,Akram Suspension Auto,mcp_whatsapp_number_2_false_140888080683096_lid_a5a451c1ad338bc7df43359d8d369a52,false_140888080683096@lid_A5A451C1AD338BC7DF43359D8D369A52,2026-04-01T08:55:44.000Z,140888080683096,false_140888080683096_lid_A5A451C1AD338BC7DF43359D8D369A52.oga,data/raw/imports/mcp_whatsapp_number_2/false_140888080683096_lid_A5A451C1AD338BC7DF43359D8D369A52.oga,audio,ptt,true,audio/ogg; codecs=opus,28263
mcp_whatsapp_number_2_false_140888080683096_lid_a55151332ec7aff6ac37fcfc253ef60c::false_140888080683096_lid_A55151332EC7AFF6AC37FCFC253EF60C.jpeg,Akram Suspension Auto,whatsapp-number-2,140888080683096@lid,Akram Suspension Auto,mcp_whatsapp_number_2_false_140888080683096_lid_a55151332ec7aff6ac37fcfc253ef60c,false_140888080683096@lid_A55151332EC7AFF6AC37FCFC253EF60C,2026-04-01T08:59:47.000Z,140888080683096,false_140888080683096_lid_A55151332EC7AFF6AC37FCFC253EF60C.jpeg,data/raw/imports/mcp_whatsapp_number_2/false_140888080683096_lid_A55151332EC7AFF6AC37FCFC253EF60C.jpeg,photo,image,true,image/jpeg,65205
mcp_whatsapp_number_2_false_140888080683096_lid_a5fad36afef558e1112b168aec44f7fe::false_140888080683096_lid_A5FAD36AFEF558E1112B168AEC44F7FE.oga,Akram Suspension Auto,whatsapp-number-2,140888080683096@lid,Akram Suspension Auto,mcp_whatsapp_number_2_false_140888080683096_lid_a5fad36afef558e1112b168aec44f7fe,false_140888080683096@lid_A5FAD36AFEF558E1112B168AEC44F7FE,2026-04-01T09:00:27.000Z,140888080683096,false_140888080683096_lid_A5FAD36AFEF558E1112B168AEC44F7FE.oga,data/raw/imports/mcp_whatsapp_number_2/false_140888080683096_lid_A5FAD36AFEF558E1112B168AEC44F7FE.oga,audio,ptt,true,audio/ogg; codecs=opus,31924
mcp_whatsapp_number_2_false_162822445105367_lid_ac4976dbfc4e66fca113ba6edb373d03::false_162822445105367_lid_AC4976DBFC4E66FCA113BA6EDB373D03.jpeg,Walton Bodyshop,whatsapp-number-2,162822445105367@lid,Walton Bodyshop,mcp_whatsapp_number_2_false_162822445105367_lid_ac4976dbfc4e66fca113ba6edb373d03,false_162822445105367@lid_AC4976DBFC4E66FCA113BA6EDB373D03,2026-04-01T13:05:21.000Z,162822445105367,false_162822445105367_lid_AC4976DBFC4E66FCA113BA6EDB373D03.jpeg,data/raw/imports/mcp_whatsapp_number_2/false_162822445105367_lid_AC4976DBFC4E66FCA113BA6EDB373D03.jpeg,photo,image,true,image/jpeg,68568
mcp_whatsapp_number_2_false_162822445105367_lid_acf6362e6da42f3f9f3f38627c0e07be::false_162822445105367_lid_ACF6362E6DA42F3F9F3F38627C0E07BE.jpeg,Walton Bodyshop,whatsapp-number-2,162822445105367@lid,Walton Bodyshop,mcp_whatsapp_number_2_false_162822445105367_lid_acf6362e6da42f3f9f3f38627c0e07be,false_162822445105367@lid_ACF6362E6DA42F3F9F3F38627C0E07BE,2026-04-01T13:05:21.000Z,162822445105367,false_162822445105367_lid_ACF6362E6DA42F3F9F3F38627C0E07BE.jpeg,data/raw/imports/mcp_whatsapp_number_2/false_162822445105367_lid_ACF6362E6DA42F3F9F3F38627C0E07BE.jpeg,photo,image,true,image/jpeg,121271
mcp_whatsapp_number_2_false_162822445105367_lid_acb0ed8741072ea017d844458a872688::false_162822445105367_lid_ACB0ED8741072EA017D844458A872688.jpeg,Walton Bodyshop,whatsapp-number-2,162822445105367@lid,Walton Bodyshop,mcp_whatsapp_number_2_false_162822445105367_lid_acb0ed8741072ea017d844458a872688,false_162822445105367@lid_ACB0ED8741072EA017D844458A872688,2026-04-01T13:05:22.000Z,162822445105367,false_162822445105367_lid_ACB0ED8741072EA017D844458A872688.jpeg,data/raw/imports/mcp_whatsapp_number_2/false_162822445105367_lid_ACB0ED8741072EA017D844458A872688.jpeg,photo,image,true,image/jpeg,112548
mcp_whatsapp_number_2_true_162822445105367_lid_ac4534a62b4295f677588c2593b45cc9::true_162822445105367_lid_AC4534A62B4295F677588C2593B45CC9.jpeg,Walton Bodyshop,whatsapp-number-2,162822445105367@lid,Walton Bodyshop,mcp_whatsapp_number_2_true_162822445105367_lid_ac4534a62b4295f677588c2593b45cc9,true_162822445105367@lid_AC4534A62B4295F677588C2593B45CC9,2026-04-01T13:20:39.000Z,+923099351940,true_162822445105367_lid_AC4534A62B4295F677588C2593B45CC9.jpeg,data/raw/imports/mcp_whatsapp_number_2/true_162822445105367_lid_AC4534A62B4295F677588C2593B45CC9.jpeg,photo,image,true,image/jpeg,150317
mcp_whatsapp_number_2_false_140888080683096_lid_a5a2629f6b20aa5096a17bfbb9df52a7::false_140888080683096_lid_A5A2629F6B20AA5096A17BFBB9DF52A7.mp4,Akram Suspension Auto,whatsapp-number-2,140888080683096@lid,Akram Suspension Auto,mcp_whatsapp_number_2_false_140888080683096_lid_a5a2629f6b20aa5096a17bfbb9df52a7,false_140888080683096@lid_A5A2629F6B20AA5096A17BFBB9DF52A7,2026-04-01T13:41:07.000Z,140888080683096,false_140888080683096_lid_A5A2629F6B20AA5096A17BFBB9DF52A7.mp4,data/raw/imports/mcp_whatsapp_number_2/false_140888080683096_lid_A5A2629F6B20AA5096A17BFBB9DF52A7.mp4,video,video,true,video/mp4,1020919
mcp_whatsapp_number_2_false_140888080683096_lid_a565c55316148ae27a9ce5e3c2ffac97::false_140888080683096_lid_A565C55316148AE27A9CE5E3C2FFAC97.mp4,Akram Suspension Auto,whatsapp-number-2,140888080683096@lid,Akram Suspension Auto,mcp_whatsapp_number_2_false_140888080683096_lid_a565c55316148ae27a9ce5e3c2ffac97,false_140888080683096@lid_A565C55316148AE27A9CE5E3C2FFAC97,2026-04-01T13:41:23.000Z,140888080683096,false_140888080683096_lid_A565C55316148AE27A9CE5E3C2FFAC97.mp4,data/raw/imports/mcp_whatsapp_number_2/false_140888080683096_lid_A565C55316148AE27A9CE5E3C2FFAC97.mp4,video,video,true,video/mp4,523253
mcp_whatsapp_number_2_false_140888080683096_lid_a547cc35f42edbb98d052da3fabaa7e6::false_140888080683096_lid_A547CC35F42EDBB98D052DA3FABAA7E6.jpeg,Akram Suspension Auto,whatsapp-number-2,140888080683096@lid,Akram Suspension Auto,mcp_whatsapp_number_2_false_140888080683096_lid_a547cc35f42edbb98d052da3fabaa7e6,false_140888080683096@lid_A547CC35F42EDBB98D052DA3FABAA7E6,2026-04-01T13:41:26.000Z,140888080683096,false_140888080683096_lid_A547CC35F42EDBB98D052DA3FABAA7E6.jpeg,data/raw/imports/mcp_whatsapp_number_2/false_140888080683096_lid_A547CC35F42EDBB98D052DA3FABAA7E6.jpeg,photo,image,true,image/jpeg,162375
mcp_whatsapp_number_2_false_140888080683096_lid_a5fc96b349fdb0b874ccd068caf60d1f::false_140888080683096_lid_A5FC96B349FDB0B874CCD068CAF60D1F.oga,Akram Suspension Auto,whatsapp-number-2,140888080683096@lid,Akram Suspension Auto,mcp_whatsapp_number_2_false_140888080683096_lid_a5fc96b349fdb0b874ccd068caf60d1f,false_140888080683096@lid_A5FC96B349FDB0B874CCD068CAF60D1F,2026-04-01T13:43:25.000Z,140888080683096,false_140888080683096_lid_A5FC96B349FDB0B874CCD068CAF60D1F.oga,data/raw/imports/mcp_whatsapp_number_2/false_140888080683096_lid_A5FC96B349FDB0B874CCD068CAF60D1F.oga,audio,ptt,true,audio/ogg; codecs=opus,59222
mcp_whatsapp_number_2_false_140888080683096_lid_a5bbb7ac49c9a55d1038cf58b22176e8::false_140888080683096_lid_A5BBB7AC49C9A55D1038CF58B22176E8.jpeg,Akram Suspension Auto,whatsapp-number-2,140888080683096@lid,Akram Suspension Auto,mcp_whatsapp_number_2_false_140888080683096_lid_a5bbb7ac49c9a55d1038cf58b22176e8,false_140888080683096@lid_A5BBB7AC49C9A55D1038CF58B22176E8,2026-04-01T13:43:43.000Z,140888080683096,false_140888080683096_lid_A5BBB7AC49C9A55D1038CF58B22176E8.jpeg,data/raw/imports/mcp_whatsapp_number_2/false_140888080683096_lid_A5BBB7AC49C9A55D1038CF58B22176E8.jpeg,photo,image,true,image/jpeg,136284
mcp_whatsapp_number_2_false_140888080683096_lid_a518cb9832c451dc82b3fe141d3160e8::false_140888080683096_lid_A518CB9832C451DC82B3FE141D3160E8.oga,Akram Suspension Auto,whatsapp-number-2,140888080683096@lid,Akram Suspension Auto,mcp_whatsapp_number_2_false_140888080683096_lid_a518cb9832c451dc82b3fe141d3160e8,false_140888080683096@lid_A518CB9832C451DC82B3FE141D3160E8,2026-04-01T13:44:01.000Z,140888080683096,false_140888080683096_lid_A518CB9832C451DC82B3FE141D3160E8.oga,data/raw/imports/mcp_whatsapp_number_2/false_140888080683096_lid_A518CB9832C451DC82B3FE141D3160E8.oga,audio,ptt,true,audio/ogg; codecs=opus,32505
mcp_whatsapp_number_2_false_140888080683096_lid_a5365acf80c82d6e50129a4c6d616f62::false_140888080683096_lid_A5365ACF80C82D6E50129A4C6D616F62.oga,Akram Suspension Auto,whatsapp-number-2,140888080683096@lid,Akram Suspension Auto,mcp_whatsapp_number_2_false_140888080683096_lid_a5365acf80c82d6e50129a4c6d616f62,false_140888080683096@lid_A5365ACF80C82D6E50129A4C6D616F62,2026-04-01T13:44:49.000Z,140888080683096,false_140888080683096_lid_A5365ACF80C82D6E50129A4C6D616F62.oga,data/raw/imports/mcp_whatsapp_number_2/false_140888080683096_lid_A5365ACF80C82D6E50129A4C6D616F62.oga,audio,ptt,true,audio/ogg; codecs=opus,67069
mcp_whatsapp_number_2_false_162822445105367_lid_accd26f09f0028ac52a6903a6756908a::false_162822445105367_lid_ACCD26F09F0028AC52A6903A6756908A.jpeg,Walton Bodyshop,whatsapp-number-2,162822445105367@lid,Walton Bodyshop,mcp_whatsapp_number_2_false_162822445105367_lid_accd26f09f0028ac52a6903a6756908a,false_162822445105367@lid_ACCD26F09F0028AC52A6903A6756908A,2026-04-03T12:50:58.000Z,162822445105367,false_162822445105367_lid_ACCD26F09F0028AC52A6903A6756908A.jpeg,data/raw/imports/mcp_whatsapp_number_2/false_162822445105367_lid_ACCD26F09F0028AC52A6903A6756908A.jpeg,photo,image,true,image/jpeg,147551
mcp_whatsapp_number_2_false_162822445105367_lid_ac70165d4aa1f8d35ba0de860b1cc26a::false_162822445105367_lid_AC70165D4AA1F8D35BA0DE860B1CC26A.jpeg,Walton Bodyshop,whatsapp-number-2,162822445105367@lid,Walton Bodyshop,mcp_whatsapp_number_2_false_162822445105367_lid_ac70165d4aa1f8d35ba0de860b1cc26a,false_162822445105367@lid_AC70165D4AA1F8D35BA0DE860B1CC26A,2026-04-03T12:50:59.000Z,162822445105367,false_162822445105367_lid_AC70165D4AA1F8D35BA0DE860B1CC26A.jpeg,data/raw/imports/mcp_whatsapp_number_2/false_162822445105367_lid_AC70165D4AA1F8D35BA0DE860B1CC26A.jpeg,photo,image,true,image/jpeg,159012
mcp_whatsapp_number_2_false_162822445105367_lid_ac99553747473b255e20e335b9e76dce::false_162822445105367_lid_AC99553747473B255E20E335B9E76DCE.jpeg,Walton Bodyshop,whatsapp-number-2,162822445105367@lid,Walton Bodyshop,mcp_whatsapp_number_2_false_162822445105367_lid_ac99553747473b255e20e335b9e76dce,false_162822445105367@lid_AC99553747473B255E20E335B9E76DCE,2026-04-03T12:50:59.000Z,162822445105367,false_162822445105367_lid_AC99553747473B255E20E335B9E76DCE.jpeg,data/raw/imports/mcp_whatsapp_number_2/false_162822445105367_lid_AC99553747473B255E20E335B9E76DCE.jpeg,photo,image,true,image/jpeg,149209
mcp_whatsapp_number_2_false_162822445105367_lid_aca9dbf5e91c6d3631e2235c42508f7e::false_162822445105367_lid_ACA9DBF5E91C6D3631E2235C42508F7E.jpeg,Walton Bodyshop,whatsapp-number-2,162822445105367@lid,Walton Bodyshop,mcp_whatsapp_number_2_false_162822445105367_lid_aca9dbf5e91c6d3631e2235c42508f7e,false_162822445105367@lid_ACA9DBF5E91C6D3631E2235C42508F7E,2026-04-03T12:50:59.000Z,162822445105367,false_162822445105367_lid_ACA9DBF5E91C6D3631E2235C42508F7E.jpeg,data/raw/imports/mcp_whatsapp_number_2/false_162822445105367_lid_ACA9DBF5E91C6D3631E2235C42508F7E.jpeg,photo,image,true,image/jpeg,124872
mcp_whatsapp_number_2_false_162822445105367_lid_ac239cfc2cc350da92e0a9fb73ca9959::false_162822445105367_lid_AC239CFC2CC350DA92E0A9FB73CA9959.jpeg,Walton Bodyshop,whatsapp-number-2,162822445105367@lid,Walton Bodyshop,mcp_whatsapp_number_2_false_162822445105367_lid_ac239cfc2cc350da92e0a9fb73ca9959,false_162822445105367@lid_AC239CFC2CC350DA92E0A9FB73CA9959,2026-04-03T12:51:00.000Z,162822445105367,false_162822445105367_lid_AC239CFC2CC350DA92E0A9FB73CA9959.jpeg,data/raw/imports/mcp_whatsapp_number_2/false_162822445105367_lid_AC239CFC2CC350DA92E0A9FB73CA9959.jpeg,photo,image,true,image/jpeg,194125
mcp_whatsapp_number_2_false_162822445105367_lid_ac619b5f28b9483c7d9adb8a4588adcd::false_162822445105367_lid_AC619B5F28B9483C7D9ADB8A4588ADCD.jpeg,Walton Bodyshop,whatsapp-number-2,162822445105367@lid,Walton Bodyshop,mcp_whatsapp_number_2_false_162822445105367_lid_ac619b5f28b9483c7d9adb8a4588adcd,false_162822445105367@lid_AC619B5F28B9483C7D9ADB8A4588ADCD,2026-04-03T12:51:00.000Z,162822445105367,false_162822445105367_lid_AC619B5F28B9483C7D9ADB8A4588ADCD.jpeg,data/raw/imports/mcp_whatsapp_number_2/false_162822445105367_lid_AC619B5F28B9483C7D9ADB8A4588ADCD.jpeg,photo,image,true,image/jpeg,136481
mcp_whatsapp_number_2_false_162822445105367_lid_ac9906e25d0ac06cc3514026f16c09b7::false_162822445105367_lid_AC9906E25D0AC06CC3514026F16C09B7.jpeg,Walton Bodyshop,whatsapp-number-2,162822445105367@lid,Walton Bodyshop,mcp_whatsapp_number_2_false_162822445105367_lid_ac9906e25d0ac06cc3514026f16c09b7,false_162822445105367@lid_AC9906E25D0AC06CC3514026F16C09B7,2026-04-03T12:51:01.000Z,162822445105367,false_162822445105367_lid_AC9906E25D0AC06CC3514026F16C09B7.jpeg,data/raw/imports/mcp_whatsapp_number_2/false_162822445105367_lid_AC9906E25D0AC06CC3514026F16C09B7.jpeg,photo,image,true,image/jpeg,170914
mcp_whatsapp_number_2_false_162822445105367_lid_ac17d91a1fc37f8505d1b360d87aeb6f::false_162822445105367_lid_AC17D91A1FC37F8505D1B360D87AEB6F.jpeg,Walton Bodyshop,whatsapp-number-2,162822445105367@lid,Walton Bodyshop,mcp_whatsapp_number_2_false_162822445105367_lid_ac17d91a1fc37f8505d1b360d87aeb6f,false_162822445105367@lid_AC17D91A1FC37F8505D1B360D87AEB6F,2026-04-03T12:51:02.000Z,162822445105367,false_162822445105367_lid_AC17D91A1FC37F8505D1B360D87AEB6F.jpeg,data/raw/imports/mcp_whatsapp_number_2/false_162822445105367_lid_AC17D91A1FC37F8505D1B360D87AEB6F.jpeg,photo,image,true,image/jpeg,172833
mcp_whatsapp_number_2_false_162822445105367_lid_ac66b805736e4c467c319461d7f5ad92::false_162822445105367_lid_AC66B805736E4C467C319461D7F5AD92.jpeg,Walton Bodyshop,whatsapp-number-2,162822445105367@lid,Walton Bodyshop,mcp_whatsapp_number_2_false_162822445105367_lid_ac66b805736e4c467c319461d7f5ad92,false_162822445105367@lid_AC66B805736E4C467C319461D7F5AD92,2026-04-04T12:26:00.000Z,162822445105367,false_162822445105367_lid_AC66B805736E4C467C319461D7F5AD92.jpeg,data/raw/imports/mcp_whatsapp_number_2/false_162822445105367_lid_AC66B805736E4C467C319461D7F5AD92.jpeg,photo,image,true,image/jpeg,84083
mcp_whatsapp_number_2_false_162822445105367_lid_ac27349ba4b7c8c36dee7b95d1153b92::false_162822445105367_lid_AC27349BA4B7C8C36DEE7B95D1153B92.jpeg,Walton Bodyshop,whatsapp-number-2,162822445105367@lid,Walton Bodyshop,mcp_whatsapp_number_2_false_162822445105367_lid_ac27349ba4b7c8c36dee7b95d1153b92,false_162822445105367@lid_AC27349BA4B7C8C36DEE7B95D1153B92,2026-04-04T12:26:02.000Z,162822445105367,false_162822445105367_lid_AC27349BA4B7C8C36DEE7B95D1153B92.jpeg,data/raw/imports/mcp_whatsapp_number_2/false_162822445105367_lid_AC27349BA4B7C8C36DEE7B95D1153B92.jpeg,photo,image,true,image/jpeg,67496
mcp_whatsapp_number_2_false_162822445105367_lid_ac524a16dd647b608ed92951f72dafc4::false_162822445105367_lid_AC524A16DD647B608ED92951F72DAFC4.jpeg,Walton Bodyshop,whatsapp-number-2,162822445105367@lid,Walton Bodyshop,mcp_whatsapp_number_2_false_162822445105367_lid_ac524a16dd647b608ed92951f72dafc4,false_162822445105367@lid_AC524A16DD647B608ED92951F72DAFC4,2026-04-04T12:26:03.000Z,162822445105367,false_162822445105367_lid_AC524A16DD647B608ED92951F72DAFC4.jpeg,data/raw/imports/mcp_whatsapp_number_2/false_162822445105367_lid_AC524A16DD647B608ED92951F72DAFC4.jpeg,photo,image,true,image/jpeg,81648
mcp_whatsapp_number_2_true_162822445105367_lid_ac6debdc35ebe6dbda7e59802ad1335a::true_162822445105367_lid_AC6DEBDC35EBE6DBDA7E59802AD1335A.jpeg,Walton Bodyshop,whatsapp-number-2,162822445105367@lid,Walton Bodyshop,mcp_whatsapp_number_2_true_162822445105367_lid_ac6debdc35ebe6dbda7e59802ad1335a,true_162822445105367@lid_AC6DEBDC35EBE6DBDA7E59802AD1335A,2026-04-05T00:10:46.000Z,+923099351940,true_162822445105367_lid_AC6DEBDC35EBE6DBDA7E59802AD1335A.jpeg,data/raw/imports/mcp_whatsapp_number_2/true_162822445105367_lid_AC6DEBDC35EBE6DBDA7E59802AD1335A.jpeg,photo,image,true,image/jpeg,103104
mcp_whatsapp_number_2_false_162822445105367_lid_ac881f16b38a4d4cf7443d2f175c8da2::false_162822445105367_lid_AC881F16B38A4D4CF7443D2F175C8DA2.jpeg,Walton Bodyshop,whatsapp-number-2,162822445105367@lid,Walton Bodyshop,mcp_whatsapp_number_2_false_162822445105367_lid_ac881f16b38a4d4cf7443d2f175c8da2,false_162822445105367@lid_AC881F16B38A4D4CF7443D2F175C8DA2,2026-04-06T13:08:04.000Z,162822445105367,false_162822445105367_lid_AC881F16B38A4D4CF7443D2F175C8DA2.jpeg,data/raw/imports/mcp_whatsapp_number_2/false_162822445105367_lid_AC881F16B38A4D4CF7443D2F175C8DA2.jpeg,photo,image,true,image/jpeg,128900
mcp_whatsapp_number_2_false_162822445105367_lid_ac48afe201c83afc017697a56e1a832e::false_162822445105367_lid_AC48AFE201C83AFC017697A56E1A832E.jpeg,Walton Bodyshop,whatsapp-number-2,162822445105367@lid,Walton Bodyshop,mcp_whatsapp_number_2_false_162822445105367_lid_ac48afe201c83afc017697a56e1a832e,false_162822445105367@lid_AC48AFE201C83AFC017697A56E1A832E,2026-04-06T13:08:06.000Z,162822445105367,false_162822445105367_lid_AC48AFE201C83AFC017697A56E1A832E.jpeg,data/raw/imports/mcp_whatsapp_number_2/false_162822445105367_lid_AC48AFE201C83AFC017697A56E1A832E.jpeg,photo,image,true,image/jpeg,129749
mcp_whatsapp_number_2_false_162822445105367_lid_aca6b43c8d4a0e4f52f72848d8c160ef::false_162822445105367_lid_ACA6B43C8D4A0E4F52F72848D8C160EF.jpeg,Walton Bodyshop,whatsapp-number-2,162822445105367@lid,Walton Bodyshop,mcp_whatsapp_number_2_false_162822445105367_lid_aca6b43c8d4a0e4f52f72848d8c160ef,false_162822445105367@lid_ACA6B43C8D4A0E4F52F72848D8C160EF,2026-04-06T13:08:06.000Z,162822445105367,false_162822445105367_lid_ACA6B43C8D4A0E4F52F72848D8C160EF.jpeg,data/raw/imports/mcp_whatsapp_number_2/false_162822445105367_lid_ACA6B43C8D4A0E4F52F72848D8C160EF.jpeg,photo,image,true,image/jpeg,185772
mcp_whatsapp_number_2_true_162822445105367_lid_ac5a3c3bbcf382f3698ec1a2e6f977dc::true_162822445105367_lid_AC5A3C3BBCF382F3698EC1A2E6F977DC.jpeg,Walton Bodyshop,whatsapp-number-2,162822445105367@lid,Walton Bodyshop,mcp_whatsapp_number_2_true_162822445105367_lid_ac5a3c3bbcf382f3698ec1a2e6f977dc,true_162822445105367@lid_AC5A3C3BBCF382F3698EC1A2E6F977DC,2026-04-06T13:32:37.000Z,+923099351940,true_162822445105367_lid_AC5A3C3BBCF382F3698EC1A2E6F977DC.jpeg,data/raw/imports/mcp_whatsapp_number_2/true_162822445105367_lid_AC5A3C3BBCF382F3698EC1A2E6F977DC.jpeg,photo,image,true,image/jpeg,150317
mcp_whatsapp_number_2_true_162822445105367_lid_ac7d20e33e93c48f50aad3f975576838::true_162822445105367_lid_AC7D20E33E93C48F50AAD3F975576838.jpeg,Walton Bodyshop,whatsapp-number-2,162822445105367@lid,Walton Bodyshop,mcp_whatsapp_number_2_true_162822445105367_lid_ac7d20e33e93c48f50aad3f975576838,true_162822445105367@lid_AC7D20E33E93C48F50AAD3F975576838,2026-04-06T13:34:33.000Z,+923099351940,true_162822445105367_lid_AC7D20E33E93C48F50AAD3F975576838.jpeg,data/raw/imports/mcp_whatsapp_number_2/true_162822445105367_lid_AC7D20E33E93C48F50AAD3F975576838.jpeg,photo,image,true,image/jpeg,145210
mcp_whatsapp_number_2_false_162822445105367_lid_ac5b7ffa3560c64e35b4538ece3ed2fc::false_162822445105367_lid_AC5B7FFA3560C64E35B4538ECE3ED2FC.jpeg,Walton Bodyshop,whatsapp-number-2,162822445105367@lid,Walton Bodyshop,mcp_whatsapp_number_2_false_162822445105367_lid_ac5b7ffa3560c64e35b4538ece3ed2fc,false_162822445105367@lid_AC5B7FFA3560C64E35B4538ECE3ED2FC,2026-04-07T12:11:46.000Z,162822445105367,false_162822445105367_lid_AC5B7FFA3560C64E35B4538ECE3ED2FC.jpeg,data/raw/imports/mcp_whatsapp_number_2/false_162822445105367_lid_AC5B7FFA3560C64E35B4538ECE3ED2FC.jpeg,photo,image,true,image/jpeg,145288
mcp_whatsapp_number_2_false_162822445105367_lid_ace0d49da77dfaa3c26854409d721119::false_162822445105367_lid_ACE0D49DA77DFAA3C26854409D721119.jpeg,Walton Bodyshop,whatsapp-number-2,162822445105367@lid,Walton Bodyshop,mcp_whatsapp_number_2_false_162822445105367_lid_ace0d49da77dfaa3c26854409d721119,false_162822445105367@lid_ACE0D49DA77DFAA3C26854409D721119,2026-04-07T12:11:46.000Z,162822445105367,false_162822445105367_lid_ACE0D49DA77DFAA3C26854409D721119.jpeg,data/raw/imports/mcp_whatsapp_number_2/false_162822445105367_lid_ACE0D49DA77DFAA3C26854409D721119.jpeg,photo,image,true,image/jpeg,155283
mcp_whatsapp_number_2_false_162822445105367_lid_ac27c554a0bd46c5a95bfe895e830502::false_162822445105367_lid_AC27C554A0BD46C5A95BFE895E830502.jpeg,Walton Bodyshop,whatsapp-number-2,162822445105367@lid,Walton Bodyshop,mcp_whatsapp_number_2_false_162822445105367_lid_ac27c554a0bd46c5a95bfe895e830502,false_162822445105367@lid_AC27C554A0BD46C5A95BFE895E830502,2026-04-07T12:11:51.000Z,162822445105367,false_162822445105367_lid_AC27C554A0BD46C5A95BFE895E830502.jpeg,data/raw/imports/mcp_whatsapp_number_2/false_162822445105367_lid_AC27C554A0BD46C5A95BFE895E830502.jpeg,photo,image,true,image/jpeg,128119
mcp_whatsapp_number_2_false_162822445105367_lid_acb883cdd77f223bc7e5a0d48a2f0028::false_162822445105367_lid_ACB883CDD77F223BC7E5A0D48A2F0028.jpeg,Walton Bodyshop,whatsapp-number-2,162822445105367@lid,Walton Bodyshop,mcp_whatsapp_number_2_false_162822445105367_lid_acb883cdd77f223bc7e5a0d48a2f0028,false_162822445105367@lid_ACB883CDD77F223BC7E5A0D48A2F0028,2026-04-07T12:11:52.000Z,162822445105367,false_162822445105367_lid_ACB883CDD77F223BC7E5A0D48A2F0028.jpeg,data/raw/imports/mcp_whatsapp_number_2/false_162822445105367_lid_ACB883CDD77F223BC7E5A0D48A2F0028.jpeg,photo,image,true,image/jpeg,161355
mcp_whatsapp_number_2_true_162822445105367_lid_ac83e905935d0b6d12cd608f4103eb8b::true_162822445105367_lid_AC83E905935D0B6D12CD608F4103EB8B.jpeg,Walton Bodyshop,whatsapp-number-2,162822445105367@lid,Walton Bodyshop,mcp_whatsapp_number_2_true_162822445105367_lid_ac83e905935d0b6d12cd608f4103eb8b,true_162822445105367@lid_AC83E905935D0B6D12CD608F4103EB8B,2026-04-07T14:36:54.000Z,+923099351940,true_162822445105367_lid_AC83E905935D0B6D12CD608F4103EB8B.jpeg,data/raw/imports/mcp_whatsapp_number_2/true_162822445105367_lid_AC83E905935D0B6D12CD608F4103EB8B.jpeg,photo,image,true,image/jpeg,97381
mcp_whatsapp_number_2_false_162822445105367_lid_ac43ae9c7273b0480895aae9928bf636::false_162822445105367_lid_AC43AE9C7273B0480895AAE9928BF636.pdf,Walton Bodyshop,whatsapp-number-2,162822445105367@lid,Walton Bodyshop,mcp_whatsapp_number_2_false_162822445105367_lid_ac43ae9c7273b0480895aae9928bf636,false_162822445105367@lid_AC43AE9C7273B0480895AAE9928BF636,2026-04-08T05:02:25.000Z,162822445105367,false_162822445105367_lid_AC43AE9C7273B0480895AAE9928BF636.pdf,data/raw/imports/mcp_whatsapp_number_2/false_162822445105367_lid_AC43AE9C7273B0480895AAE9928BF636.pdf,document,document,true,application/pdf,461715
mcp_whatsapp_number_2_true_62917110190266_lid_ac41c0d90dbbb66dd74ff4070ea6d4de::true_62917110190266_lid_AC41C0D90DBBB66DD74FF4070EA6D4DE.jpeg,Akbar Khan,whatsapp-number-2,62917110190266@lid,Akbar Khan,mcp_whatsapp_number_2_true_62917110190266_lid_ac41c0d90dbbb66dd74ff4070ea6d4de,true_62917110190266@lid_AC41C0D90DBBB66DD74FF4070EA6D4DE,2026-04-12T14:55:18.000Z,+923099351940,true_62917110190266_lid_AC41C0D90DBBB66DD74FF4070EA6D4DE.jpeg,data/raw/imports/mcp_whatsapp_number_2/true_62917110190266_lid_AC41C0D90DBBB66DD74FF4070EA6D4DE.jpeg,photo,image,true,image/jpeg,48767
mcp_whatsapp_number_2_true_62917110190266_lid_ac854c2f1b410f72787cc73567e385c6::true_62917110190266_lid_AC854C2F1B410F72787CC73567E385C6.jpeg,Akbar Khan,whatsapp-number-2,62917110190266@lid,Akbar Khan,mcp_whatsapp_number_2_true_62917110190266_lid_ac854c2f1b410f72787cc73567e385c6,true_62917110190266@lid_AC854C2F1B410F72787CC73567E385C6,2026-04-12T14:55:18.000Z,+923099351940,true_62917110190266_lid_AC854C2F1B410F72787CC73567E385C6.jpeg,data/raw/imports/mcp_whatsapp_number_2/true_62917110190266_lid_AC854C2F1B410F72787CC73567E385C6.jpeg,photo,image,true,image/jpeg,100170
mcp_whatsapp_number_2_true_62917110190266_lid_ac96153033ef6fdba487c4b26b57372a::true_62917110190266_lid_AC96153033EF6FDBA487C4B26B57372A.jpeg,Akbar Khan,whatsapp-number-2,62917110190266@lid,Akbar Khan,mcp_whatsapp_number_2_true_62917110190266_lid_ac96153033ef6fdba487c4b26b57372a,true_62917110190266@lid_AC96153033EF6FDBA487C4B26B57372A,2026-04-12T14:55:18.000Z,+923099351940,true_62917110190266_lid_AC96153033EF6FDBA487C4B26B57372A.jpeg,data/raw/imports/mcp_whatsapp_number_2/true_62917110190266_lid_AC96153033EF6FDBA487C4B26B57372A.jpeg,photo,image,true,image/jpeg,71213
mcp_whatsapp_number_2_true_62917110190266_lid_acc55bfa17c1507abc6098c947f66615::true_62917110190266_lid_ACC55BFA17C1507ABC6098C947F66615.jpeg,Akbar Khan,whatsapp-number-2,62917110190266@lid,Akbar Khan,mcp_whatsapp_number_2_true_62917110190266_lid_acc55bfa17c1507abc6098c947f66615,true_62917110190266@lid_ACC55BFA17C1507ABC6098C947F66615,2026-04-12T14:55:18.000Z,+923099351940,true_62917110190266_lid_ACC55BFA17C1507ABC6098C947F66615.jpeg,data/raw/imports/mcp_whatsapp_number_2/true_62917110190266_lid_ACC55BFA17C1507ABC6098C947F66615.jpeg,photo,image,true,image/jpeg,59450
mcp_whatsapp_number_2_true_62917110190266_lid_acd9ca24b73233d5d9eee6a82f65c445::true_62917110190266_lid_ACD9CA24B73233D5D9EEE6A82F65C445.jpeg,Akbar Khan,whatsapp-number-2,62917110190266@lid,Akbar Khan,mcp_whatsapp_number_2_true_62917110190266_lid_acd9ca24b73233d5d9eee6a82f65c445,true_62917110190266@lid_ACD9CA24B73233D5D9EEE6A82F65C445,2026-04-12T14:55:18.000Z,+923099351940,true_62917110190266_lid_ACD9CA24B73233D5D9EEE6A82F65C445.jpeg,data/raw/imports/mcp_whatsapp_number_2/true_62917110190266_lid_ACD9CA24B73233D5D9EEE6A82F65C445.jpeg,photo,image,true,image/jpeg,70660
mcp_whatsapp_number_2_true_62917110190266_lid_aced06aeedbd3cd46d4616c739f3a02d::true_62917110190266_lid_ACED06AEEDBD3CD46D4616C739F3A02D.jpeg,Akbar Khan,whatsapp-number-2,62917110190266@lid,Akbar Khan,mcp_whatsapp_number_2_true_62917110190266_lid_aced06aeedbd3cd46d4616c739f3a02d,true_62917110190266@lid_ACED06AEEDBD3CD46D4616C739F3A02D,2026-04-12T14:55:18.000Z,+923099351940,true_62917110190266_lid_ACED06AEEDBD3CD46D4616C739F3A02D.jpeg,data/raw/imports/mcp_whatsapp_number_2/true_62917110190266_lid_ACED06AEEDBD3CD46D4616C739F3A02D.jpeg,photo,image,true,image/jpeg,53309
mcp_whatsapp_number_2_true_62917110190266_lid_acf50b6ca7a81c5239c98b4c9a27e755::true_62917110190266_lid_ACF50B6CA7A81C5239C98B4C9A27E755.jpeg,Akbar Khan,whatsapp-number-2,62917110190266@lid,Akbar Khan,mcp_whatsapp_number_2_true_62917110190266_lid_acf50b6ca7a81c5239c98b4c9a27e755,true_62917110190266@lid_ACF50B6CA7A81C5239C98B4C9A27E755,2026-04-12T14:55:18.000Z,+923099351940,true_62917110190266_lid_ACF50B6CA7A81C5239C98B4C9A27E755.jpeg,data/raw/imports/mcp_whatsapp_number_2/true_62917110190266_lid_ACF50B6CA7A81C5239C98B4C9A27E755.jpeg,photo,image,true,image/jpeg,162581
mcp_whatsapp_number_2_true_62917110190266_lid_ac1c4075501b49a9bab7bbb1fb3d4056::true_62917110190266_lid_AC1C4075501B49A9BAB7BBB1FB3D4056.jpeg,Akbar Khan,whatsapp-number-2,62917110190266@lid,Akbar Khan,mcp_whatsapp_number_2_true_62917110190266_lid_ac1c4075501b49a9bab7bbb1fb3d4056,true_62917110190266@lid_AC1C4075501B49A9BAB7BBB1FB3D4056,2026-04-12T14:55:19.000Z,+923099351940,true_62917110190266_lid_AC1C4075501B49A9BAB7BBB1FB3D4056.jpeg,data/raw/imports/mcp_whatsapp_number_2/true_62917110190266_lid_AC1C4075501B49A9BAB7BBB1FB3D4056.jpeg,photo,image,true,image/jpeg,48767
mcp_whatsapp_number_2_true_62917110190266_lid_ac32763394e7df6e4c1ca4058f68822d::true_62917110190266_lid_AC32763394E7DF6E4C1CA4058F68822D.jpeg,Akbar Khan,whatsapp-number-2,62917110190266@lid,Akbar Khan,mcp_whatsapp_number_2_true_62917110190266_lid_ac32763394e7df6e4c1ca4058f68822d,true_62917110190266@lid_AC32763394E7DF6E4C1CA4058F68822D,2026-04-12T14:55:19.000Z,+923099351940,true_62917110190266_lid_AC32763394E7DF6E4C1CA4058F68822D.jpeg,data/raw/imports/mcp_whatsapp_number_2/true_62917110190266_lid_AC32763394E7DF6E4C1CA4058F68822D.jpeg,photo,image,true,image/jpeg,87985
mcp_whatsapp_number_2_true_62917110190266_lid_ac419bff502f1982c86dd1885b7d1ffa::true_62917110190266_lid_AC419BFF502F1982C86DD1885B7D1FFA.jpeg,Akbar Khan,whatsapp-number-2,62917110190266@lid,Akbar Khan,mcp_whatsapp_number_2_true_62917110190266_lid_ac419bff502f1982c86dd1885b7d1ffa,true_62917110190266@lid_AC419BFF502F1982C86DD1885B7D1FFA,2026-04-12T14:55:19.000Z,+923099351940,true_62917110190266_lid_AC419BFF502F1982C86DD1885B7D1FFA.jpeg,data/raw/imports/mcp_whatsapp_number_2/true_62917110190266_lid_AC419BFF502F1982C86DD1885B7D1FFA.jpeg,photo,image,true,image/jpeg,64904
mcp_whatsapp_number_2_true_62917110190266_lid_ac6d2face0770ae6a91c2de183261288::true_62917110190266_lid_AC6D2FACE0770AE6A91C2DE183261288.jpeg,Akbar Khan,whatsapp-number-2,62917110190266@lid,Akbar Khan,mcp_whatsapp_number_2_true_62917110190266_lid_ac6d2face0770ae6a91c2de183261288,true_62917110190266@lid_AC6D2FACE0770AE6A91C2DE183261288,2026-04-12T14:55:19.000Z,+923099351940,true_62917110190266_lid_AC6D2FACE0770AE6A91C2DE183261288.jpeg,data/raw/imports/mcp_whatsapp_number_2/true_62917110190266_lid_AC6D2FACE0770AE6A91C2DE183261288.jpeg,photo,image,true,image/jpeg,162581
mcp_whatsapp_number_2_true_62917110190266_lid_ac83e236a69365390afd82e69706f7e6::true_62917110190266_lid_AC83E236A69365390AFD82E69706F7E6.jpeg,Akbar Khan,whatsapp-number-2,62917110190266@lid,Akbar Khan,mcp_whatsapp_number_2_true_62917110190266_lid_ac83e236a69365390afd82e69706f7e6,true_62917110190266@lid_AC83E236A69365390AFD82E69706F7E6,2026-04-12T14:55:19.000Z,+923099351940,true_62917110190266_lid_AC83E236A69365390AFD82E69706F7E6.jpeg,data/raw/imports/mcp_whatsapp_number_2/true_62917110190266_lid_AC83E236A69365390AFD82E69706F7E6.jpeg,photo,image,true,image/jpeg,100170
mcp_whatsapp_number_2_true_62917110190266_lid_ac9cea7f459978ac59253401c061fe81::true_62917110190266_lid_AC9CEA7F459978AC59253401C061FE81.jpeg,Akbar Khan,whatsapp-number-2,62917110190266@lid,Akbar Khan,mcp_whatsapp_number_2_true_62917110190266_lid_ac9cea7f459978ac59253401c061fe81,true_62917110190266@lid_AC9CEA7F459978AC59253401C061FE81,2026-04-12T14:55:19.000Z,+923099351940,true_62917110190266_lid_AC9CEA7F459978AC59253401C061FE81.jpeg,data/raw/imports/mcp_whatsapp_number_2/true_62917110190266_lid_AC9CEA7F459978AC59253401C061FE81.jpeg,photo,image,true,image/jpeg,132889
mcp_whatsapp_number_2_true_62917110190266_lid_acb5585976d83836f53d11c3f684b726::true_62917110190266_lid_ACB5585976D83836F53D11C3F684B726.jpeg,Akbar Khan,whatsapp-number-2,62917110190266@lid,Akbar Khan,mcp_whatsapp_number_2_true_62917110190266_lid_acb5585976d83836f53d11c3f684b726,true_62917110190266@lid_ACB5585976D83836F53D11C3F684B726,2026-04-12T14:55:19.000Z,+923099351940,true_62917110190266_lid_ACB5585976D83836F53D11C3F684B726.jpeg,data/raw/imports/mcp_whatsapp_number_2/true_62917110190266_lid_ACB5585976D83836F53D11C3F684B726.jpeg,photo,image,true,image/jpeg,146224
mcp_whatsapp_number_2_true_62917110190266_lid_acbb2da94370276ee118ca010daf6a1d::true_62917110190266_lid_ACBB2DA94370276EE118CA010DAF6A1D.jpeg,Akbar Khan,whatsapp-number-2,62917110190266@lid,Akbar Khan,mcp_whatsapp_number_2_true_62917110190266_lid_acbb2da94370276ee118ca010daf6a1d,true_62917110190266@lid_ACBB2DA94370276EE118CA010DAF6A1D,2026-04-12T14:55:19.000Z,+923099351940,true_62917110190266_lid_ACBB2DA94370276EE118CA010DAF6A1D.jpeg,data/raw/imports/mcp_whatsapp_number_2/true_62917110190266_lid_ACBB2DA94370276EE118CA010DAF6A1D.jpeg,photo,image,true,image/jpeg,37208
mcp_whatsapp_number_2_true_62917110190266_lid_acce6b4e6f759ac74a76e95f40a77a38::true_62917110190266_lid_ACCE6B4E6F759AC74A76E95F40A77A38.jpeg,Akbar Khan,whatsapp-number-2,62917110190266@lid,Akbar Khan,mcp_whatsapp_number_2_true_62917110190266_lid_acce6b4e6f759ac74a76e95f40a77a38,true_62917110190266@lid_ACCE6B4E6F759AC74A76E95F40A77A38,2026-04-12T14:55:19.000Z,+923099351940,true_62917110190266_lid_ACCE6B4E6F759AC74A76E95F40A77A38.jpeg,data/raw/imports/mcp_whatsapp_number_2/true_62917110190266_lid_ACCE6B4E6F759AC74A76E95F40A77A38.jpeg,photo,image,true,image/jpeg,53309
mcp_whatsapp_number_2_true_62917110190266_lid_ac757a5fbf44dca6028a339543722c22::true_62917110190266_lid_AC757A5FBF44DCA6028A339543722C22.jpeg,Akbar Khan,whatsapp-number-2,62917110190266@lid,Akbar Khan,mcp_whatsapp_number_2_true_62917110190266_lid_ac757a5fbf44dca6028a339543722c22,true_62917110190266@lid_AC757A5FBF44DCA6028A339543722C22,2026-04-12T14:57:37.000Z,+923099351940,true_62917110190266_lid_AC757A5FBF44DCA6028A339543722C22.jpeg,data/raw/imports/mcp_whatsapp_number_2/true_62917110190266_lid_AC757A5FBF44DCA6028A339543722C22.jpeg,photo,image,true,image/jpeg,100170
mcp_whatsapp_number_2_true_62917110190266_lid_ac85e596049b1666686594d5fe2657fc::true_62917110190266_lid_AC85E596049B1666686594D5FE2657FC.jpeg,Akbar Khan,whatsapp-number-2,62917110190266@lid,Akbar Khan,mcp_whatsapp_number_2_true_62917110190266_lid_ac85e596049b1666686594d5fe2657fc,true_62917110190266@lid_AC85E596049B1666686594D5FE2657FC,2026-04-12T14:57:37.000Z,+923099351940,true_62917110190266_lid_AC85E596049B1666686594D5FE2657FC.jpeg,data/raw/imports/mcp_whatsapp_number_2/true_62917110190266_lid_AC85E596049B1666686594D5FE2657FC.jpeg,photo,image,true,image/jpeg,53309
mcp_whatsapp_number_2_true_62917110190266_lid_ac9d147270135b3e707104cf4a75ca97::true_62917110190266_lid_AC9D147270135B3E707104CF4A75CA97.jpeg,Akbar Khan,whatsapp-number-2,62917110190266@lid,Akbar Khan,mcp_whatsapp_number_2_true_62917110190266_lid_ac9d147270135b3e707104cf4a75ca97,true_62917110190266@lid_AC9D147270135B3E707104CF4A75CA97,2026-04-12T14:57:37.000Z,+923099351940,true_62917110190266_lid_AC9D147270135B3E707104CF4A75CA97.jpeg,data/raw/imports/mcp_whatsapp_number_2/true_62917110190266_lid_AC9D147270135B3E707104CF4A75CA97.jpeg,photo,image,true,image/jpeg,48767
mcp_whatsapp_number_2_true_62917110190266_lid_ac18b690a2e53a77f85610c0224f2268::true_62917110190266_lid_AC18B690A2E53A77F85610C0224F2268.jpeg,Akbar Khan,whatsapp-number-2,62917110190266@lid,Akbar Khan,mcp_whatsapp_number_2_true_62917110190266_lid_ac18b690a2e53a77f85610c0224f2268,true_62917110190266@lid_AC18B690A2E53A77F85610C0224F2268,2026-04-12T14:58:53.000Z,+923099351940,true_62917110190266_lid_AC18B690A2E53A77F85610C0224F2268.jpeg,data/raw/imports/mcp_whatsapp_number_2/true_62917110190266_lid_AC18B690A2E53A77F85610C0224F2268.jpeg,photo,image,true,image/jpeg,70660
mcp_whatsapp_number_2_true_62917110190266_lid_ac24de7bb4ddf467f22d72d32157f7be::true_62917110190266_lid_AC24DE7BB4DDF467F22D72D32157F7BE.jpeg,Akbar Khan,whatsapp-number-2,62917110190266@lid,Akbar Khan,mcp_whatsapp_number_2_true_62917110190266_lid_ac24de7bb4ddf467f22d72d32157f7be,true_62917110190266@lid_AC24DE7BB4DDF467F22D72D32157F7BE,2026-04-12T14:58:53.000Z,+923099351940,true_62917110190266_lid_AC24DE7BB4DDF467F22D72D32157F7BE.jpeg,data/raw/imports/mcp_whatsapp_number_2/true_62917110190266_lid_AC24DE7BB4DDF467F22D72D32157F7BE.jpeg,photo,image,true,image/jpeg,37208
mcp_whatsapp_number_2_true_62917110190266_lid_ac3af23cdb6382e299f8e3b65c51dcb5::true_62917110190266_lid_AC3AF23CDB6382E299F8E3B65C51DCB5.jpeg,Akbar Khan,whatsapp-number-2,62917110190266@lid,Akbar Khan,mcp_whatsapp_number_2_true_62917110190266_lid_ac3af23cdb6382e299f8e3b65c51dcb5,true_62917110190266@lid_AC3AF23CDB6382E299F8E3B65C51DCB5,2026-04-12T14:58:53.000Z,+923099351940,true_62917110190266_lid_AC3AF23CDB6382E299F8E3B65C51DCB5.jpeg,data/raw/imports/mcp_whatsapp_number_2/true_62917110190266_lid_AC3AF23CDB6382E299F8E3B65C51DCB5.jpeg,photo,image,true,image/jpeg,87985
mcp_whatsapp_number_2_true_62917110190266_lid_ac69d3db7898c38965009e3d1bd39331::true_62917110190266_lid_AC69D3DB7898C38965009E3D1BD39331.jpeg,Akbar Khan,whatsapp-number-2,62917110190266@lid,Akbar Khan,mcp_whatsapp_number_2_true_62917110190266_lid_ac69d3db7898c38965009e3d1bd39331,true_62917110190266@lid_AC69D3DB7898C38965009E3D1BD39331,2026-04-12T14:58:53.000Z,+923099351940,true_62917110190266_lid_AC69D3DB7898C38965009E3D1BD39331.jpeg,data/raw/imports/mcp_whatsapp_number_2/true_62917110190266_lid_AC69D3DB7898C38965009E3D1BD39331.jpeg,photo,image,true,image/jpeg,64904
mcp_whatsapp_number_2_true_62917110190266_lid_acb2e8da0da358488819053e0aee0201::true_62917110190266_lid_ACB2E8DA0DA358488819053E0AEE0201.jpeg,Akbar Khan,whatsapp-number-2,62917110190266@lid,Akbar Khan,mcp_whatsapp_number_2_true_62917110190266_lid_acb2e8da0da358488819053e0aee0201,true_62917110190266@lid_ACB2E8DA0DA358488819053E0AEE0201,2026-04-12T14:58:53.000Z,+923099351940,true_62917110190266_lid_ACB2E8DA0DA358488819053E0AEE0201.jpeg,data/raw/imports/mcp_whatsapp_number_2/true_62917110190266_lid_ACB2E8DA0DA358488819053E0AEE0201.jpeg,photo,image,true,image/jpeg,71213
mcp_whatsapp_number_2_true_62917110190266_lid_acdfdda8ba38b70bbc48315c9cf15972::true_62917110190266_lid_ACDFDDA8BA38B70BBC48315C9CF15972.jpeg,Akbar Khan,whatsapp-number-2,62917110190266@lid,Akbar Khan,mcp_whatsapp_number_2_true_62917110190266_lid_acdfdda8ba38b70bbc48315c9cf15972,true_62917110190266@lid_ACDFDDA8BA38B70BBC48315C9CF15972,2026-04-12T14:58:53.000Z,+923099351940,true_62917110190266_lid_ACDFDDA8BA38B70BBC48315C9CF15972.jpeg,data/raw/imports/mcp_whatsapp_number_2/true_62917110190266_lid_ACDFDDA8BA38B70BBC48315C9CF15972.jpeg,photo,image,true,image/jpeg,89484
mcp_whatsapp_number_2_true_62917110190266_lid_accb6bf59eaf0588504e26f044b0e6b0::true_62917110190266_lid_ACCB6BF59EAF0588504E26F044B0E6B0.jpeg,Akbar Khan,whatsapp-number-2,62917110190266@lid,Akbar Khan,mcp_whatsapp_number_2_true_62917110190266_lid_accb6bf59eaf0588504e26f044b0e6b0,true_62917110190266@lid_ACCB6BF59EAF0588504E26F044B0E6B0,2026-04-12T17:36:06.000Z,+923099351940,true_62917110190266_lid_ACCB6BF59EAF0588504E26F044B0E6B0.jpeg,data/raw/imports/mcp_whatsapp_number_2/true_62917110190266_lid_ACCB6BF59EAF0588504E26F044B0E6B0.jpeg,photo,image,true,image/jpeg,115487
mcp_whatsapp_number_2_false_62917110190266_lid_acbceb351050b53fd06f99d883378cd3::false_62917110190266_lid_ACBCEB351050B53FD06F99D883378CD3.jpeg,Akbar Khan,whatsapp-number-2,62917110190266@lid,Akbar Khan,mcp_whatsapp_number_2_false_62917110190266_lid_acbceb351050b53fd06f99d883378cd3,false_62917110190266@lid_ACBCEB351050B53FD06F99D883378CD3,2026-04-13T05:50:01.000Z,923334552030,false_62917110190266_lid_ACBCEB351050B53FD06F99D883378CD3.jpeg,data/raw/imports/mcp_whatsapp_number_2/false_62917110190266_lid_ACBCEB351050B53FD06F99D883378CD3.jpeg,photo,image,true,image/jpeg,64880
mcp_whatsapp_number_2_false_124176513941598_lid_3eb047fbce4a0418d8128f::false_124176513941598_lid_3EB047FBCE4A0418D8128F.jpeg,Oxy Welding,whatsapp-number-2,124176513941598@lid,Oxy Welding,mcp_whatsapp_number_2_false_124176513941598_lid_3eb047fbce4a0418d8128f,false_124176513941598@lid_3EB047FBCE4A0418D8128F,2026-04-13T08:59:02.000Z,124176513941598,false_124176513941598_lid_3EB047FBCE4A0418D8128F.jpeg,data/raw/imports/mcp_whatsapp_number_2/false_124176513941598_lid_3EB047FBCE4A0418D8128F.jpeg,photo,image,true,image/jpeg,159112
mcp_whatsapp_number_2_true_62917110190266_lid_ac90e44c4c96ea892370a315ddb67418::true_62917110190266_lid_AC90E44C4C96EA892370A315DDB67418.jpeg,Akbar Khan,whatsapp-number-2,62917110190266@lid,Akbar Khan,mcp_whatsapp_number_2_true_62917110190266_lid_ac90e44c4c96ea892370a315ddb67418,true_62917110190266@lid_AC90E44C4C96EA892370A315DDB67418,2026-04-13T19:08:38.000Z,+923099351940,true_62917110190266_lid_AC90E44C4C96EA892370A315DDB67418.jpeg,data/raw/imports/mcp_whatsapp_number_2/true_62917110190266_lid_AC90E44C4C96EA892370A315DDB67418.jpeg,photo,image,true,image/jpeg,968913
mcp_whatsapp_number_2_true_124176513941598_lid_ac0a5052602e7e3ecd85a05f64928392::true_124176513941598_lid_AC0A5052602E7E3ECD85A05F64928392.jpeg,Oxy Welding,whatsapp-number-2,124176513941598@lid,Oxy Welding,mcp_whatsapp_number_2_true_124176513941598_lid_ac0a5052602e7e3ecd85a05f64928392,true_124176513941598@lid_AC0A5052602E7E3ECD85A05F64928392,2026-04-13T19:56:45.000Z,+923099351940,true_124176513941598_lid_AC0A5052602E7E3ECD85A05F64928392.jpeg,data/raw/imports/mcp_whatsapp_number_2/true_124176513941598_lid_AC0A5052602E7E3ECD85A05F64928392.jpeg,photo,image,true,image/jpeg,151976
mcp_whatsapp_number_2_true_62917110190266_lid_ac17b871f113c176067c0e59f5e83a0a::true_62917110190266_lid_AC17B871F113C176067C0E59F5E83A0A.jpeg,Akbar Khan,whatsapp-number-2,62917110190266@lid,Akbar Khan,mcp_whatsapp_number_2_true_62917110190266_lid_ac17b871f113c176067c0e59f5e83a0a,true_62917110190266@lid_AC17B871F113C176067C0E59F5E83A0A,2026-04-17T10:11:16.000Z,+923099351940,true_62917110190266_lid_AC17B871F113C176067C0E59F5E83A0A.jpeg,data/raw/imports/mcp_whatsapp_number_2/true_62917110190266_lid_AC17B871F113C176067C0E59F5E83A0A.jpeg,photo,image,true,image/jpeg,127636
mcp_whatsapp_number_2_true_62917110190266_lid_ac7ac5067704b0e66cb492c101d30c37::true_62917110190266_lid_AC7AC5067704B0E66CB492C101D30C37.jpeg,Akbar Khan,whatsapp-number-2,62917110190266@lid,Akbar Khan,mcp_whatsapp_number_2_true_62917110190266_lid_ac7ac5067704b0e66cb492c101d30c37,true_62917110190266@lid_AC7AC5067704B0E66CB492C101D30C37,2026-04-17T10:11:16.000Z,+923099351940,true_62917110190266_lid_AC7AC5067704B0E66CB492C101D30C37.jpeg,data/raw/imports/mcp_whatsapp_number_2/true_62917110190266_lid_AC7AC5067704B0E66CB492C101D30C37.jpeg,photo,image,true,image/jpeg,431598
mcp_whatsapp_number_2_true_62917110190266_lid_ac9b7edd31fd508d0217b587a0664fb9::true_62917110190266_lid_AC9B7EDD31FD508D0217B587A0664FB9.jpeg,Akbar Khan,whatsapp-number-2,62917110190266@lid,Akbar Khan,mcp_whatsapp_number_2_true_62917110190266_lid_ac9b7edd31fd508d0217b587a0664fb9,true_62917110190266@lid_AC9B7EDD31FD508D0217B587A0664FB9,2026-04-17T10:11:16.000Z,+923099351940,true_62917110190266_lid_AC9B7EDD31FD508D0217B587A0664FB9.jpeg,data/raw/imports/mcp_whatsapp_number_2/true_62917110190266_lid_AC9B7EDD31FD508D0217B587A0664FB9.jpeg,photo,image,true,image/jpeg,458090
mcp_whatsapp_number_2_true_62917110190266_lid_acab4d7ef1d061eadfb9819871fdd78e::true_62917110190266_lid_ACAB4D7EF1D061EADFB9819871FDD78E.jpeg,Akbar Khan,whatsapp-number-2,62917110190266@lid,Akbar Khan,mcp_whatsapp_number_2_true_62917110190266_lid_acab4d7ef1d061eadfb9819871fdd78e,true_62917110190266@lid_ACAB4D7EF1D061EADFB9819871FDD78E,2026-04-17T10:11:16.000Z,+923099351940,true_62917110190266_lid_ACAB4D7EF1D061EADFB9819871FDD78E.jpeg,data/raw/imports/mcp_whatsapp_number_2/true_62917110190266_lid_ACAB4D7EF1D061EADFB9819871FDD78E.jpeg,photo,image,true,image/jpeg,320804
mcp_whatsapp_number_2_true_62917110190266_lid_ace5b8358989e31477a91211bd86f13f::true_62917110190266_lid_ACE5B8358989E31477A91211BD86F13F.jpeg,Akbar Khan,whatsapp-number-2,62917110190266@lid,Akbar Khan,mcp_whatsapp_number_2_true_62917110190266_lid_ace5b8358989e31477a91211bd86f13f,true_62917110190266@lid_ACE5B8358989E31477A91211BD86F13F,2026-04-17T10:11:16.000Z,+923099351940,true_62917110190266_lid_ACE5B8358989E31477A91211BD86F13F.jpeg,data/raw/imports/mcp_whatsapp_number_2/true_62917110190266_lid_ACE5B8358989E31477A91211BD86F13F.jpeg,photo,image,true,image/jpeg,289328
mcp_whatsapp_number_2_true_62917110190266_lid_acfdcd95700afb4d842f34385fe1fccb::true_62917110190266_lid_ACFDCD95700AFB4D842F34385FE1FCCB.jpeg,Akbar Khan,whatsapp-number-2,62917110190266@lid,Akbar Khan,mcp_whatsapp_number_2_true_62917110190266_lid_acfdcd95700afb4d842f34385fe1fccb,true_62917110190266@lid_ACFDCD95700AFB4D842F34385FE1FCCB,2026-04-17T10:11:16.000Z,+923099351940,true_62917110190266_lid_ACFDCD95700AFB4D842F34385FE1FCCB.jpeg,data/raw/imports/mcp_whatsapp_number_2/true_62917110190266_lid_ACFDCD95700AFB4D842F34385FE1FCCB.jpeg,photo,image,true,image/jpeg,377761
mcp_whatsapp_number_2_true_62917110190266_lid_ac6a8ab597679ef3e03b034496c52fd0::true_62917110190266_lid_AC6A8AB597679EF3E03B034496C52FD0.jpeg,Akbar Khan,whatsapp-number-2,62917110190266@lid,Akbar Khan,mcp_whatsapp_number_2_true_62917110190266_lid_ac6a8ab597679ef3e03b034496c52fd0,true_62917110190266@lid_AC6A8AB597679EF3E03B034496C52FD0,2026-04-19T14:25:51.000Z,+923099351940,true_62917110190266_lid_AC6A8AB597679EF3E03B034496C52FD0.jpeg,data/raw/imports/mcp_whatsapp_number_2/true_62917110190266_lid_AC6A8AB597679EF3E03B034496C52FD0.jpeg,photo,image,true,image/jpeg,52831
mcp_whatsapp_number_2_true_62917110190266_lid_acccdaf892047f5b0786e6c17b7f97cc::true_62917110190266_lid_ACCCDAF892047F5B0786E6C17B7F97CC.jpeg,Akbar Khan,whatsapp-number-2,62917110190266@lid,Akbar Khan,mcp_whatsapp_number_2_true_62917110190266_lid_acccdaf892047f5b0786e6c17b7f97cc,true_62917110190266@lid_ACCCDAF892047F5B0786E6C17B7F97CC,2026-04-19T14:25:59.000Z,+923099351940,true_62917110190266_lid_ACCCDAF892047F5B0786E6C17B7F97CC.jpeg,data/raw/imports/mcp_whatsapp_number_2/true_62917110190266_lid_ACCCDAF892047F5B0786E6C17B7F97CC.jpeg,photo,image,true,image/jpeg,102300
mcp_whatsapp_number_2_true_62917110190266_lid_ac29607f9eb4bfa000675793cde77149::true_62917110190266_lid_AC29607F9EB4BFA000675793CDE77149.jpeg,Akbar Khan,whatsapp-number-2,62917110190266@lid,Akbar Khan,mcp_whatsapp_number_2_true_62917110190266_lid_ac29607f9eb4bfa000675793cde77149,true_62917110190266@lid_AC29607F9EB4BFA000675793CDE77149,2026-04-19T14:27:36.000Z,+923099351940,true_62917110190266_lid_AC29607F9EB4BFA000675793CDE77149.jpeg,data/raw/imports/mcp_whatsapp_number_2/true_62917110190266_lid_AC29607F9EB4BFA000675793CDE77149.jpeg,photo,image,true,image/jpeg,190200
mcp_whatsapp_number_2_true_62917110190266_lid_ac59debd660f2036bd854a35159aea3f::true_62917110190266_lid_AC59DEBD660F2036BD854A35159AEA3F.jpeg,Akbar Khan,whatsapp-number-2,62917110190266@lid,Akbar Khan,mcp_whatsapp_number_2_true_62917110190266_lid_ac59debd660f2036bd854a35159aea3f,true_62917110190266@lid_AC59DEBD660F2036BD854A35159AEA3F,2026-04-19T14:33:37.000Z,+923099351940,true_62917110190266_lid_AC59DEBD660F2036BD854A35159AEA3F.jpeg,data/raw/imports/mcp_whatsapp_number_2/true_62917110190266_lid_AC59DEBD660F2036BD854A35159AEA3F.jpeg,photo,image,true,image/jpeg,104018
mcp_whatsapp_number_2_true_62917110190266_lid_ac95b4dc843ce5fb3f49b56773f426c7::true_62917110190266_lid_AC95B4DC843CE5FB3F49B56773F426C7.jpeg,Akbar Khan,whatsapp-number-2,62917110190266@lid,Akbar Khan,mcp_whatsapp_number_2_true_62917110190266_lid_ac95b4dc843ce5fb3f49b56773f426c7,true_62917110190266@lid_AC95B4DC843CE5FB3F49B56773F426C7,2026-04-19T14:37:43.000Z,+923099351940,true_62917110190266_lid_AC95B4DC843CE5FB3F49B56773F426C7.jpeg,data/raw/imports/mcp_whatsapp_number_2/true_62917110190266_lid_AC95B4DC843CE5FB3F49B56773F426C7.jpeg,photo,image,true,image/jpeg,79861
mcp_whatsapp_number_2_true_62917110190266_lid_ac635881ff4414ef1e8e83b3ad4513aa::true_62917110190266_lid_AC635881FF4414EF1E8E83B3AD4513AA.jpeg,Akbar Khan,whatsapp-number-2,62917110190266@lid,Akbar Khan,mcp_whatsapp_number_2_true_62917110190266_lid_ac635881ff4414ef1e8e83b3ad4513aa,true_62917110190266@lid_AC635881FF4414EF1E8E83B3AD4513AA,2026-04-19T14:44:30.000Z,+923099351940,true_62917110190266_lid_AC635881FF4414EF1E8E83B3AD4513AA.jpeg,data/raw/imports/mcp_whatsapp_number_2/true_62917110190266_lid_AC635881FF4414EF1E8E83B3AD4513AA.jpeg,photo,image,true,image/jpeg,84716
mcp_whatsapp_number_2_true_62917110190266_lid_ac073eaa7440567a751903af7fef9633::true_62917110190266_lid_AC073EAA7440567A751903AF7FEF9633.jpeg,Akbar Khan,whatsapp-number-2,62917110190266@lid,Akbar Khan,mcp_whatsapp_number_2_true_62917110190266_lid_ac073eaa7440567a751903af7fef9633,true_62917110190266@lid_AC073EAA7440567A751903AF7FEF9633,2026-04-19T17:31:48.000Z,+923099351940,true_62917110190266_lid_AC073EAA7440567A751903AF7FEF9633.jpeg,data/raw/imports/mcp_whatsapp_number_2/true_62917110190266_lid_AC073EAA7440567A751903AF7FEF9633.jpeg,photo,image,true,image/jpeg,119484
mcp_whatsapp_number_2_true_62917110190266_lid_ac1e740694e8d387f667e52456b0f0bb::true_62917110190266_lid_AC1E740694E8D387F667E52456B0F0BB.jpeg,Akbar Khan,whatsapp-number-2,62917110190266@lid,Akbar Khan,mcp_whatsapp_number_2_true_62917110190266_lid_ac1e740694e8d387f667e52456b0f0bb,true_62917110190266@lid_AC1E740694E8D387F667E52456B0F0BB,2026-04-19T17:37:21.000Z,+923099351940,true_62917110190266_lid_AC1E740694E8D387F667E52456B0F0BB.jpeg,data/raw/imports/mcp_whatsapp_number_2/true_62917110190266_lid_AC1E740694E8D387F667E52456B0F0BB.jpeg,photo,image,true,image/jpeg,107650
mcp_whatsapp_number_2_true_62917110190266_lid_ac0146cd4408366cb295c871d2eccdf0::true_62917110190266_lid_AC0146CD4408366CB295C871D2ECCDF0.jpeg,Akbar Khan,whatsapp-number-2,62917110190266@lid,Akbar Khan,mcp_whatsapp_number_2_true_62917110190266_lid_ac0146cd4408366cb295c871d2eccdf0,true_62917110190266@lid_AC0146CD4408366CB295C871D2ECCDF0,2026-04-19T19:51:37.000Z,+923099351940,true_62917110190266_lid_AC0146CD4408366CB295C871D2ECCDF0.jpeg,data/raw/imports/mcp_whatsapp_number_2/true_62917110190266_lid_AC0146CD4408366CB295C871D2ECCDF0.jpeg,photo,image,true,image/jpeg,134791
mcp_whatsapp_number_2_true_62917110190266_lid_ac915c8658b2b1807836c347959aa76c::true_62917110190266_lid_AC915C8658B2B1807836C347959AA76C.jpeg,Akbar Khan,whatsapp-number-2,62917110190266@lid,Akbar Khan,mcp_whatsapp_number_2_true_62917110190266_lid_ac915c8658b2b1807836c347959aa76c,true_62917110190266@lid_AC915C8658B2B1807836C347959AA76C,2026-04-19T19:51:44.000Z,+923099351940,true_62917110190266_lid_AC915C8658B2B1807836C347959AA76C.jpeg,data/raw/imports/mcp_whatsapp_number_2/true_62917110190266_lid_AC915C8658B2B1807836C347959AA76C.jpeg,photo,image,true,image/jpeg,121913
mcp_whatsapp_number_2_true_62917110190266_lid_ac5e04bfd58ffe57a07e3a018ef49811::true_62917110190266_lid_AC5E04BFD58FFE57A07E3A018EF49811.jpeg,Akbar Khan,whatsapp-number-2,62917110190266@lid,Akbar Khan,mcp_whatsapp_number_2_true_62917110190266_lid_ac5e04bfd58ffe57a07e3a018ef49811,true_62917110190266@lid_AC5E04BFD58FFE57A07E3A018EF49811,2026-04-19T19:52:02.000Z,+923099351940,true_62917110190266_lid_AC5E04BFD58FFE57A07E3A018EF49811.jpeg,data/raw/imports/mcp_whatsapp_number_2/true_62917110190266_lid_AC5E04BFD58FFE57A07E3A018EF49811.jpeg,photo,image,true,image/jpeg,86410
mcp_whatsapp_number_2_true_62917110190266_lid_ac4f02cd9d55995c6aec915cb1c4ef94::true_62917110190266_lid_AC4F02CD9D55995C6AEC915CB1C4EF94.jpeg,Akbar Khan,whatsapp-number-2,62917110190266@lid,Akbar Khan,mcp_whatsapp_number_2_true_62917110190266_lid_ac4f02cd9d55995c6aec915cb1c4ef94,true_62917110190266@lid_AC4F02CD9D55995C6AEC915CB1C4EF94,2026-04-19T19:52:41.000Z,+923099351940,true_62917110190266_lid_AC4F02CD9D55995C6AEC915CB1C4EF94.jpeg,data/raw/imports/mcp_whatsapp_number_2/true_62917110190266_lid_AC4F02CD9D55995C6AEC915CB1C4EF94.jpeg,photo,image,true,image/jpeg,199663
mcp_whatsapp_number_2_true_62917110190266_lid_acf7971c2e0e5c44246284ae2abaaef0::true_62917110190266_lid_ACF7971C2E0E5C44246284AE2ABAAEF0.jpeg,Akbar Khan,whatsapp-number-2,62917110190266@lid,Akbar Khan,mcp_whatsapp_number_2_true_62917110190266_lid_acf7971c2e0e5c44246284ae2abaaef0,true_62917110190266@lid_ACF7971C2E0E5C44246284AE2ABAAEF0,2026-04-19T21:55:28.000Z,+923099351940,true_62917110190266_lid_ACF7971C2E0E5C44246284AE2ABAAEF0.jpeg,data/raw/imports/mcp_whatsapp_number_2/true_62917110190266_lid_ACF7971C2E0E5C44246284AE2ABAAEF0.jpeg,photo,image,true,image/jpeg,211266
mcp_whatsapp_number_2_true_120363408465558195_g_us_ac5ec79a58741dd33b9cc084940925cd_226083001659473_lid::true_120363408465558195_g_us_AC5EC79A58741DD33B9CC084940925CD_226083001659473_lid.jpeg,Fj40,whatsapp-number-2,120363408465558195@g.us,Fj40,mcp_whatsapp_number_2_true_120363408465558195_g_us_ac5ec79a58741dd33b9cc084940925cd_226083001659473_lid,true_120363408465558195@g.us_AC5EC79A58741DD33B9CC084940925CD_226083001659473@lid,2026-04-20T04:23:31.000Z,+923099351940,true_120363408465558195_g_us_AC5EC79A58741DD33B9CC084940925CD_226083001659473_lid.jpeg,data/raw/imports/mcp_whatsapp_number_2/true_120363408465558195_g_us_AC5EC79A58741DD33B9CC084940925CD_226083001659473_lid.jpeg,photo,image,true,image/jpeg,91924
mcp_whatsapp_number_2_true_120363408465558195_g_us_acc80651958a1f19d2a629e4dc38e6de_226083001659473_lid::true_120363408465558195_g_us_ACC80651958A1F19D2A629E4DC38E6DE_226083001659473_lid.jpeg,Fj40,whatsapp-number-2,120363408465558195@g.us,Fj40,mcp_whatsapp_number_2_true_120363408465558195_g_us_acc80651958a1f19d2a629e4dc38e6de_226083001659473_lid,true_120363408465558195@g.us_ACC80651958A1F19D2A629E4DC38E6DE_226083001659473@lid,2026-04-20T04:28:23.000Z,+923099351940,true_120363408465558195_g_us_ACC80651958A1F19D2A629E4DC38E6DE_226083001659473_lid.jpeg,data/raw/imports/mcp_whatsapp_number_2/true_120363408465558195_g_us_ACC80651958A1F19D2A629E4DC38E6DE_226083001659473_lid.jpeg,photo,image,true,image/jpeg,103882
mcp_whatsapp_number_2_false_124176513941598_lid_3eb00ad0739fdf1e40c4d4::false_124176513941598_lid_3EB00AD0739FDF1E40C4D4.jpeg,Oxy Welding,whatsapp-number-2,124176513941598@lid,Oxy Welding,mcp_whatsapp_number_2_false_124176513941598_lid_3eb00ad0739fdf1e40c4d4,false_124176513941598@lid_3EB00AD0739FDF1E40C4D4,2026-04-20T07:23:07.000Z,124176513941598,false_124176513941598_lid_3EB00AD0739FDF1E40C4D4.jpeg,data/raw/imports/mcp_whatsapp_number_2/false_124176513941598_lid_3EB00AD0739FDF1E40C4D4.jpeg,photo,image,true,image/jpeg,46840
mcp_whatsapp_number_2_true_124176513941598_lid_ac6be826ef619a0f665e82d25d56d469::true_124176513941598_lid_AC6BE826EF619A0F665E82D25D56D469.jpeg,Oxy Welding,whatsapp-number-2,124176513941598@lid,Oxy Welding,mcp_whatsapp_number_2_true_124176513941598_lid_ac6be826ef619a0f665e82d25d56d469,true_124176513941598@lid_AC6BE826EF619A0F665E82D25D56D469,2026-04-20T08:19:30.000Z,+923099351940,true_124176513941598_lid_AC6BE826EF619A0F665E82D25D56D469.jpeg,data/raw/imports/mcp_whatsapp_number_2/true_124176513941598_lid_AC6BE826EF619A0F665E82D25D56D469.jpeg,photo,image,true,image/jpeg,43055
mcp_whatsapp_number_2_true_62917110190266_lid_ac55f77e5828e56e9273849a4fd17904::true_62917110190266_lid_AC55F77E5828E56E9273849A4FD17904.jpeg,Akbar Khan,whatsapp-number-2,62917110190266@lid,Akbar Khan,mcp_whatsapp_number_2_true_62917110190266_lid_ac55f77e5828e56e9273849a4fd17904,true_62917110190266@lid_AC55F77E5828E56E9273849A4FD17904,2026-04-20T19:07:22.000Z,+923099351940,true_62917110190266_lid_AC55F77E5828E56E9273849A4FD17904.jpeg,data/raw/imports/mcp_whatsapp_number_2/true_62917110190266_lid_AC55F77E5828E56E9273849A4FD17904.jpeg,photo,image,true,image/jpeg,119484
mcp_whatsapp_number_2_true_62917110190266_lid_ac4dd7b617b9c64e2929fdaf002edc0f::true_62917110190266_lid_AC4DD7B617B9C64E2929FDAF002EDC0F.jpeg,Akbar Khan,whatsapp-number-2,62917110190266@lid,Akbar Khan,mcp_whatsapp_number_2_true_62917110190266_lid_ac4dd7b617b9c64e2929fdaf002edc0f,true_62917110190266@lid_AC4DD7B617B9C64E2929FDAF002EDC0F,2026-04-21T14:26:37.000Z,+923099351940,true_62917110190266_lid_AC4DD7B617B9C64E2929FDAF002EDC0F.jpeg,data/raw/imports/mcp_whatsapp_number_2/true_62917110190266_lid_AC4DD7B617B9C64E2929FDAF002EDC0F.jpeg,photo,image,true,image/jpeg,968913
mcp_whatsapp_number_2_true_162822445105367_lid_ac8e0a41afdfa5e4897435d6eadf9159::true_162822445105367_lid_AC8E0A41AFDFA5E4897435D6EADF9159.jpeg,Walton Bodyshop,whatsapp-number-2,162822445105367@lid,Walton Bodyshop,mcp_whatsapp_number_2_true_162822445105367_lid_ac8e0a41afdfa5e4897435d6eadf9159,true_162822445105367@lid_AC8E0A41AFDFA5E4897435D6EADF9159,2026-04-21T20:40:40.000Z,+923099351940,true_162822445105367_lid_AC8E0A41AFDFA5E4897435D6EADF9159.jpeg,data/raw/imports/mcp_whatsapp_number_2/true_162822445105367_lid_AC8E0A41AFDFA5E4897435D6EADF9159.jpeg,photo,image,true,image/jpeg,129777
mcp_whatsapp_number_2_true_120363408465558195_g_us_aca5ab8148103ae3e8d9d45827b3ecac_226083001659473_lid::true_120363408465558195_g_us_ACA5AB8148103AE3E8D9D45827B3ECAC_226083001659473_lid.jpeg,Fj40,whatsapp-number-2,120363408465558195@g.us,Fj40,mcp_whatsapp_number_2_true_120363408465558195_g_us_aca5ab8148103ae3e8d9d45827b3ecac_226083001659473_lid,true_120363408465558195@g.us_ACA5AB8148103AE3E8D9D45827B3ECAC_226083001659473@lid,2026-04-22T00:37:43.000Z,+923099351940,true_120363408465558195_g_us_ACA5AB8148103AE3E8D9D45827B3ECAC_226083001659473_lid.jpeg,data/raw/imports/mcp_whatsapp_number_2/true_120363408465558195_g_us_ACA5AB8148103AE3E8D9D45827B3ECAC_226083001659473_lid.jpeg,photo,image,true,image/jpeg,72868
mcp_whatsapp_number_2_false_120363408465558195_g_us_3b996415919d77c0163d_190950068514824_lid::false_120363408465558195_g_us_3B996415919D77C0163D_190950068514824_lid.jpeg,Fj40,whatsapp-number-2,120363408465558195@g.us,Fj40,mcp_whatsapp_number_2_false_120363408465558195_g_us_3b996415919d77c0163d_190950068514824_lid,false_120363408465558195@g.us_3B996415919D77C0163D_190950068514824@lid,2026-04-22T00:47:07.000Z,190950068514824,false_120363408465558195_g_us_3B996415919D77C0163D_190950068514824_lid.jpeg,data/raw/imports/mcp_whatsapp_number_2/false_120363408465558195_g_us_3B996415919D77C0163D_190950068514824_lid.jpeg,photo,image,true,image/jpeg,97712
mcp_whatsapp_number_2_false_62917110190266_lid_ace17adfd88109df72efc855b1a8311c::false_62917110190266_lid_ACE17ADFD88109DF72EFC855B1A8311C.jpeg,Akbar Khan,whatsapp-number-2,62917110190266@lid,Akbar Khan,mcp_whatsapp_number_2_false_62917110190266_lid_ace17adfd88109df72efc855b1a8311c,false_62917110190266@lid_ACE17ADFD88109DF72EFC855B1A8311C,2026-04-28T21:28:43.000Z,923334552030,false_62917110190266_lid_ACE17ADFD88109DF72EFC855B1A8311C.jpeg,data/raw/imports/mcp_whatsapp_number_2/false_62917110190266_lid_ACE17ADFD88109DF72EFC855B1A8311C.jpeg,photo,image,true,image/jpeg,27823
mcp_whatsapp_number_2_false_62917110190266_lid_ac1028bb627086cb3af3f2eee9f9f531::false_62917110190266_lid_AC1028BB627086CB3AF3F2EEE9F9F531.jpeg,Akbar Khan,whatsapp-number-2,62917110190266@lid,Akbar Khan,mcp_whatsapp_number_2_false_62917110190266_lid_ac1028bb627086cb3af3f2eee9f9f531,false_62917110190266@lid_AC1028BB627086CB3AF3F2EEE9F9F531,2026-04-28T21:30:09.000Z,923334552030,false_62917110190266_lid_AC1028BB627086CB3AF3F2EEE9F9F531.jpeg,data/raw/imports/mcp_whatsapp_number_2/false_62917110190266_lid_AC1028BB627086CB3AF3F2EEE9F9F531.jpeg,photo,image,true,image/jpeg,42838
mcp_whatsapp_number_2_true_62917110190266_lid_ac48e0c13e873c1e1630cfdcc51694a2::true_62917110190266_lid_AC48E0C13E873C1E1630CFDCC51694A2.jpeg,Akbar Khan,whatsapp-number-2,62917110190266@lid,Akbar Khan,mcp_whatsapp_number_2_true_62917110190266_lid_ac48e0c13e873c1e1630cfdcc51694a2,true_62917110190266@lid_AC48E0C13E873C1E1630CFDCC51694A2,2026-04-28T21:51:41.000Z,+923099351940,true_62917110190266_lid_AC48E0C13E873C1E1630CFDCC51694A2.jpeg,data/raw/imports/mcp_whatsapp_number_2/true_62917110190266_lid_AC48E0C13E873C1E1630CFDCC51694A2.jpeg,photo,image,true,image/jpeg,71395
mcp_whatsapp_number_2_false_971527520120_1517397900_g_us_ac91d013a12858d4fa7661050c5930cb_104084774383678_lid::false_971527520120_1517397900_g_us_AC91D013A12858D4FA7661050C5930CB_104084774383678_lid.jpeg,TLC 40 Series Owners,whatsapp-number-2,971527520120-1517397900@g.us,TLC 40 Series Owners,mcp_whatsapp_number_2_false_971527520120_1517397900_g_us_ac91d013a12858d4fa7661050c5930cb_104084774383678_lid,false_971527520120-1517397900@g.us_AC91D013A12858D4FA7661050C5930CB_104084774383678@lid,2026-05-17T10:30:59.000Z,104084774383678,false_971527520120_1517397900_g_us_AC91D013A12858D4FA7661050C5930CB_104084774383678_lid.jpeg,data/raw/imports/mcp_whatsapp_number_2/false_971527520120_1517397900_g_us_AC91D013A12858D4FA7661050C5930CB_104084774383678_lid.jpeg,photo,image,true,image/jpeg,470811
mcp_whatsapp_number_2_false_971527520120_1517397900_g_us_3aebe92c40590224e52b_71807675711525_lid::false_971527520120_1517397900_g_us_3AEBE92C40590224E52B_71807675711525_lid.webp,TLC 40 Series Owners,whatsapp-number-2,971527520120-1517397900@g.us,TLC 40 Series Owners,mcp_whatsapp_number_2_false_971527520120_1517397900_g_us_3aebe92c40590224e52b_71807675711525_lid,false_971527520120-1517397900@g.us_3AEBE92C40590224E52B_71807675711525@lid,2026-05-17T10:40:56.000Z,71807675711525,false_971527520120_1517397900_g_us_3AEBE92C40590224E52B_71807675711525_lid.webp,data/raw/imports/mcp_whatsapp_number_2/false_971527520120_1517397900_g_us_3AEBE92C40590224E52B_71807675711525_lid.webp,sticker,sticker,true,image/webp,291120
mcp_whatsapp_number_2_false_971527520120_1517397900_g_us_a5af258020529ad57404771d0c4d471f_98548125290539_lid::false_971527520120_1517397900_g_us_A5AF258020529AD57404771D0C4D471F_98548125290539_lid.jpeg,TLC 40 Series Owners,whatsapp-number-2,971527520120-1517397900@g.us,TLC 40 Series Owners,mcp_whatsapp_number_2_false_971527520120_1517397900_g_us_a5af258020529ad57404771d0c4d471f_98548125290539_lid,false_971527520120-1517397900@g.us_A5AF258020529AD57404771D0C4D471F_98548125290539@lid,2026-05-17T10:41:18.000Z,98548125290539,false_971527520120_1517397900_g_us_A5AF258020529AD57404771D0C4D471F_98548125290539_lid.jpeg,data/raw/imports/mcp_whatsapp_number_2/false_971527520120_1517397900_g_us_A5AF258020529AD57404771D0C4D471F_98548125290539_lid.jpeg,photo,image,true,image/jpeg,159137
mcp_whatsapp_number_2_false_971527520120_1517397900_g_us_4a84f937de6521319230_24790651924732_lid::false_971527520120_1517397900_g_us_4A84F937DE6521319230_24790651924732_lid.jpeg,TLC 40 Series Owners,whatsapp-number-2,971527520120-1517397900@g.us,TLC 40 Series Owners,mcp_whatsapp_number_2_false_971527520120_1517397900_g_us_4a84f937de6521319230_24790651924732_lid,false_971527520120-1517397900@g.us_4A84F937DE6521319230_24790651924732@lid,2026-05-17T10:59:11.000Z,24790651924732,false_971527520120_1517397900_g_us_4A84F937DE6521319230_24790651924732_lid.jpeg,data/raw/imports/mcp_whatsapp_number_2/false_971527520120_1517397900_g_us_4A84F937DE6521319230_24790651924732_lid.jpeg,photo,image,true,image/jpeg,159874
mcp_whatsapp_number_2_false_971527520120_1517397900_g_us_4aa916782844de383740_24790651924732_lid::false_971527520120_1517397900_g_us_4AA916782844DE383740_24790651924732_lid.jpeg,TLC 40 Series Owners,whatsapp-number-2,971527520120-1517397900@g.us,TLC 40 Series Owners,mcp_whatsapp_number_2_false_971527520120_1517397900_g_us_4aa916782844de383740_24790651924732_lid,false_971527520120-1517397900@g.us_4AA916782844DE383740_24790651924732@lid,2026-05-17T10:59:11.000Z,24790651924732,false_971527520120_1517397900_g_us_4AA916782844DE383740_24790651924732_lid.jpeg,data/raw/imports/mcp_whatsapp_number_2/false_971527520120_1517397900_g_us_4AA916782844DE383740_24790651924732_lid.jpeg,photo,image,true,image/jpeg,230064
mcp_whatsapp_number_2_false_971527520120_1517397900_g_us_4a6a06ec9e5e40b9a81d_24790651924732_lid::false_971527520120_1517397900_g_us_4A6A06EC9E5E40B9A81D_24790651924732_lid.jpeg,TLC 40 Series Owners,whatsapp-number-2,971527520120-1517397900@g.us,TLC 40 Series Owners,mcp_whatsapp_number_2_false_971527520120_1517397900_g_us_4a6a06ec9e5e40b9a81d_24790651924732_lid,false_971527520120-1517397900@g.us_4A6A06EC9E5E40B9A81D_24790651924732@lid,2026-05-17T10:59:13.000Z,24790651924732,false_971527520120_1517397900_g_us_4A6A06EC9E5E40B9A81D_24790651924732_lid.jpeg,data/raw/imports/mcp_whatsapp_number_2/false_971527520120_1517397900_g_us_4A6A06EC9E5E40B9A81D_24790651924732_lid.jpeg,photo,image,true,image/jpeg,152943
mcp_whatsapp_number_2_false_971527520120_1517397900_g_us_4aa528bb116f28026c92_24790651924732_lid::false_971527520120_1517397900_g_us_4AA528BB116F28026C92_24790651924732_lid.mp4,TLC 40 Series Owners,whatsapp-number-2,971527520120-1517397900@g.us,TLC 40 Series Owners,mcp_whatsapp_number_2_false_971527520120_1517397900_g_us_4aa528bb116f28026c92_24790651924732_lid,false_971527520120-1517397900@g.us_4AA528BB116F28026C92_24790651924732@lid,2026-05-17T10:59:23.000Z,24790651924732,false_971527520120_1517397900_g_us_4AA528BB116F28026C92_24790651924732_lid.mp4,data/raw/imports/mcp_whatsapp_number_2/false_971527520120_1517397900_g_us_4AA528BB116F28026C92_24790651924732_lid.mp4,video,video,true,video/mp4,782215
mcp_whatsapp_number_2_true_971527520120_1517397900_g_us_ac3fe3438dfe18fa3a39f09a07c1ab8b_226083001659473_lid::true_971527520120_1517397900_g_us_AC3FE3438DFE18FA3A39F09A07C1AB8B_226083001659473_lid.jpeg,TLC 40 Series Owners,whatsapp-number-2,971527520120-1517397900@g.us,TLC 40 Series Owners,mcp_whatsapp_number_2_true_971527520120_1517397900_g_us_ac3fe3438dfe18fa3a39f09a07c1ab8b_226083001659473_lid,true_971527520120-1517397900@g.us_AC3FE3438DFE18FA3A39F09A07C1AB8B_226083001659473@lid,2026-05-17T11:05:12.000Z,+923099351940,true_971527520120_1517397900_g_us_AC3FE3438DFE18FA3A39F09A07C1AB8B_226083001659473_lid.jpeg,data/raw/imports/mcp_whatsapp_number_2/true_971527520120_1517397900_g_us_AC3FE3438DFE18FA3A39F09A07C1AB8B_226083001659473_lid.jpeg,photo,image,true,image/jpeg,136627
mcp_whatsapp_number_2_true_971527520120_1517397900_g_us_ac49d3511fae6c7d6137cc88e0a955e0_226083001659473_lid::true_971527520120_1517397900_g_us_AC49D3511FAE6C7D6137CC88E0A955E0_226083001659473_lid.jpeg,TLC 40 Series Owners,whatsapp-number-2,971527520120-1517397900@g.us,TLC 40 Series Owners,mcp_whatsapp_number_2_true_971527520120_1517397900_g_us_ac49d3511fae6c7d6137cc88e0a955e0_226083001659473_lid,true_971527520120-1517397900@g.us_AC49D3511FAE6C7D6137CC88E0A955E0_226083001659473@lid,2026-05-17T11:05:12.000Z,+923099351940,true_971527520120_1517397900_g_us_AC49D3511FAE6C7D6137CC88E0A955E0_226083001659473_lid.jpeg,data/raw/imports/mcp_whatsapp_number_2/true_971527520120_1517397900_g_us_AC49D3511FAE6C7D6137CC88E0A955E0_226083001659473_lid.jpeg,photo,image,true,image/jpeg,110560
mcp_whatsapp_number_2_true_971527520120_1517397900_g_us_ac4e807af739b9c5d18ce65826ed3bdc_226083001659473_lid::true_971527520120_1517397900_g_us_AC4E807AF739B9C5D18CE65826ED3BDC_226083001659473_lid.jpeg,TLC 40 Series Owners,whatsapp-number-2,971527520120-1517397900@g.us,TLC 40 Series Owners,mcp_whatsapp_number_2_true_971527520120_1517397900_g_us_ac4e807af739b9c5d18ce65826ed3bdc_226083001659473_lid,true_971527520120-1517397900@g.us_AC4E807AF739B9C5D18CE65826ED3BDC_226083001659473@lid,2026-05-17T11:05:12.000Z,+923099351940,true_971527520120_1517397900_g_us_AC4E807AF739B9C5D18CE65826ED3BDC_226083001659473_lid.jpeg,data/raw/imports/mcp_whatsapp_number_2/true_971527520120_1517397900_g_us_AC4E807AF739B9C5D18CE65826ED3BDC_226083001659473_lid.jpeg,photo,image,true,image/jpeg,90923
mcp_whatsapp_number_2_true_971527520120_1517397900_g_us_ace6e86271ca276fb10b1d3958279f55_226083001659473_lid::true_971527520120_1517397900_g_us_ACE6E86271CA276FB10B1D3958279F55_226083001659473_lid.jpeg,TLC 40 Series Owners,whatsapp-number-2,971527520120-1517397900@g.us,TLC 40 Series Owners,mcp_whatsapp_number_2_true_971527520120_1517397900_g_us_ace6e86271ca276fb10b1d3958279f55_226083001659473_lid,true_971527520120-1517397900@g.us_ACE6E86271CA276FB10B1D3958279F55_226083001659473@lid,2026-05-17T11:05:12.000Z,+923099351940,true_971527520120_1517397900_g_us_ACE6E86271CA276FB10B1D3958279F55_226083001659473_lid.jpeg,data/raw/imports/mcp_whatsapp_number_2/true_971527520120_1517397900_g_us_ACE6E86271CA276FB10B1D3958279F55_226083001659473_lid.jpeg,photo,image,true,image/jpeg,133025
mcp_whatsapp_number_2_false_971527520120_1517397900_g_us_4a460230fb76283f00f2_160082188873865_lid::false_971527520120_1517397900_g_us_4A460230FB76283F00F2_160082188873865_lid.jpeg,TLC 40 Series Owners,whatsapp-number-2,971527520120-1517397900@g.us,TLC 40 Series Owners,mcp_whatsapp_number_2_false_971527520120_1517397900_g_us_4a460230fb76283f00f2_160082188873865_lid,false_971527520120-1517397900@g.us_4A460230FB76283F00F2_160082188873865@lid,2026-05-17T11:08:31.000Z,160082188873865,false_971527520120_1517397900_g_us_4A460230FB76283F00F2_160082188873865_lid.jpeg,data/raw/imports/mcp_whatsapp_number_2/false_971527520120_1517397900_g_us_4A460230FB76283F00F2_160082188873865_lid.jpeg,photo,image,true,image/jpeg,210792
mcp_whatsapp_number_2_false_971527520120_1517397900_g_us_4a8ec6880e1c1990ed8b_160082188873865_lid::false_971527520120_1517397900_g_us_4A8EC6880E1C1990ED8B_160082188873865_lid.jpeg,TLC 40 Series Owners,whatsapp-number-2,971527520120-1517397900@g.us,TLC 40 Series Owners,mcp_whatsapp_number_2_false_971527520120_1517397900_g_us_4a8ec6880e1c1990ed8b_160082188873865_lid,false_971527520120-1517397900@g.us_4A8EC6880E1C1990ED8B_160082188873865@lid,2026-05-17T11:08:31.000Z,160082188873865,false_971527520120_1517397900_g_us_4A8EC6880E1C1990ED8B_160082188873865_lid.jpeg,data/raw/imports/mcp_whatsapp_number_2/false_971527520120_1517397900_g_us_4A8EC6880E1C1990ED8B_160082188873865_lid.jpeg,photo,image,true,image/jpeg,225967
mcp_whatsapp_number_2_false_971527520120_1517397900_g_us_4a67b1697bb4525ad8fd_160082188873865_lid::false_971527520120_1517397900_g_us_4A67B1697BB4525AD8FD_160082188873865_lid.mp4,TLC 40 Series Owners,whatsapp-number-2,971527520120-1517397900@g.us,TLC 40 Series Owners,mcp_whatsapp_number_2_false_971527520120_1517397900_g_us_4a67b1697bb4525ad8fd_160082188873865_lid,false_971527520120-1517397900@g.us_4A67B1697BB4525AD8FD_160082188873865@lid,2026-05-17T11:08:32.000Z,160082188873865,false_971527520120_1517397900_g_us_4A67B1697BB4525AD8FD_160082188873865_lid.mp4,data/raw/imports/mcp_whatsapp_number_2/false_971527520120_1517397900_g_us_4A67B1697BB4525AD8FD_160082188873865_lid.mp4,video,video,true,video/mp4,4572257
mcp_whatsapp_number_2_false_971527520120_1517397900_g_us_2a7f1f8f2238a7bd3854_30369831203040_lid::false_971527520120_1517397900_g_us_2A7F1F8F2238A7BD3854_30369831203040_lid.jpeg,TLC 40 Series Owners,whatsapp-number-2,971527520120-1517397900@g.us,TLC 40 Series Owners,mcp_whatsapp_number_2_false_971527520120_1517397900_g_us_2a7f1f8f2238a7bd3854_30369831203040_lid,false_971527520120-1517397900@g.us_2A7F1F8F2238A7BD3854_30369831203040@lid,2026-05-17T11:34:52.000Z,30369831203040,false_971527520120_1517397900_g_us_2A7F1F8F2238A7BD3854_30369831203040_lid.jpeg,data/raw/imports/mcp_whatsapp_number_2/false_971527520120_1517397900_g_us_2A7F1F8F2238A7BD3854_30369831203040_lid.jpeg,photo,image,true,image/jpeg,213739
mcp_whatsapp_number_2_false_971527520120_1517397900_g_us_a568254eab7ccdbad637fe17e4393f0e_98548125290539_lid::false_971527520120_1517397900_g_us_A568254EAB7CCDBAD637FE17E4393F0E_98548125290539_lid.mp4,TLC 40 Series Owners,whatsapp-number-2,971527520120-1517397900@g.us,TLC 40 Series Owners,mcp_whatsapp_number_2_false_971527520120_1517397900_g_us_a568254eab7ccdbad637fe17e4393f0e_98548125290539_lid,false_971527520120-1517397900@g.us_A568254EAB7CCDBAD637FE17E4393F0E_98548125290539@lid,2026-05-17T11:48:23.000Z,98548125290539,false_971527520120_1517397900_g_us_A568254EAB7CCDBAD637FE17E4393F0E_98548125290539_lid.mp4,data/raw/imports/mcp_whatsapp_number_2/false_971527520120_1517397900_g_us_A568254EAB7CCDBAD637FE17E4393F0E_98548125290539_lid.mp4,video,video,true,video/mp4,1961847
mcp_whatsapp_number_2_true_971527520120_1517397900_g_us_ac6f30a5b810b78ee938b05e9490c947_226083001659473_lid::true_971527520120_1517397900_g_us_AC6F30A5B810B78EE938B05E9490C947_226083001659473_lid.jpeg,TLC 40 Series Owners,whatsapp-number-2,971527520120-1517397900@g.us,TLC 40 Series Owners,mcp_whatsapp_number_2_true_971527520120_1517397900_g_us_ac6f30a5b810b78ee938b05e9490c947_226083001659473_lid,true_971527520120-1517397900@g.us_AC6F30A5B810B78EE938B05E9490C947_226083001659473@lid,2026-05-17T11:52:29.000Z,+923099351940,true_971527520120_1517397900_g_us_AC6F30A5B810B78EE938B05E9490C947_226083001659473_lid.jpeg,data/raw/imports/mcp_whatsapp_number_2/true_971527520120_1517397900_g_us_AC6F30A5B810B78EE938B05E9490C947_226083001659473_lid.jpeg,photo,image,true,image/jpeg,147448
mcp_whatsapp_number_2_true_971527520120_1517397900_g_us_acd24cfad665ba9dd28f515059c328a4_226083001659473_lid::true_971527520120_1517397900_g_us_ACD24CFAD665BA9DD28F515059C328A4_226083001659473_lid.jpeg,TLC 40 Series Owners,whatsapp-number-2,971527520120-1517397900@g.us,TLC 40 Series Owners,mcp_whatsapp_number_2_true_971527520120_1517397900_g_us_acd24cfad665ba9dd28f515059c328a4_226083001659473_lid,true_971527520120-1517397900@g.us_ACD24CFAD665BA9DD28F515059C328A4_226083001659473@lid,2026-05-17T12:20:16.000Z,+923099351940,true_971527520120_1517397900_g_us_ACD24CFAD665BA9DD28F515059C328A4_226083001659473_lid.jpeg,data/raw/imports/mcp_whatsapp_number_2/true_971527520120_1517397900_g_us_ACD24CFAD665BA9DD28F515059C328A4_226083001659473_lid.jpeg,photo,image,true,image/jpeg,166162
mcp_whatsapp_number_2_false_971527520120_1517397900_g_us_ac365f8f9774b5c0be64d4ff1fc06483_73328060551171_lid::false_971527520120_1517397900_g_us_AC365F8F9774B5C0BE64D4FF1FC06483_73328060551171_lid.jpeg,TLC 40 Series Owners,whatsapp-number-2,971527520120-1517397900@g.us,TLC 40 Series Owners,mcp_whatsapp_number_2_false_971527520120_1517397900_g_us_ac365f8f9774b5c0be64d4ff1fc06483_73328060551171_lid,false_971527520120-1517397900@g.us_AC365F8F9774B5C0BE64D4FF1FC06483_73328060551171@lid,2026-05-17T12:23:20.000Z,73328060551171,false_971527520120_1517397900_g_us_AC365F8F9774B5C0BE64D4FF1FC06483_73328060551171_lid.jpeg,data/raw/imports/mcp_whatsapp_number_2/false_971527520120_1517397900_g_us_AC365F8F9774B5C0BE64D4FF1FC06483_73328060551171_lid.jpeg,photo,image,true,image/jpeg,298661
mcp_whatsapp_number_2_false_971527520120_1517397900_g_us_3a8e4145f2c3d94187f1_122410913292479_lid::false_971527520120_1517397900_g_us_3A8E4145F2C3D94187F1_122410913292479_lid.mp4,TLC 40 Series Owners,whatsapp-number-2,971527520120-1517397900@g.us,TLC 40 Series Owners,mcp_whatsapp_number_2_false_971527520120_1517397900_g_us_3a8e4145f2c3d94187f1_122410913292479_lid,false_971527520120-1517397900@g.us_3A8E4145F2C3D94187F1_122410913292479@lid,2026-05-17T15:59:22.000Z,122410913292479,false_971527520120_1517397900_g_us_3A8E4145F2C3D94187F1_122410913292479_lid.mp4,data/raw/imports/mcp_whatsapp_number_2/false_971527520120_1517397900_g_us_3A8E4145F2C3D94187F1_122410913292479_lid.mp4,video,video,true,video/mp4,989897
mcp_whatsapp_number_2_false_971527520120_1517397900_g_us_3a413a31ef810f477a87_201399707132034_lid::false_971527520120_1517397900_g_us_3A413A31EF810F477A87_201399707132034_lid.jpeg,TLC 40 Series Owners,whatsapp-number-2,971527520120-1517397900@g.us,TLC 40 Series Owners,mcp_whatsapp_number_2_false_971527520120_1517397900_g_us_3a413a31ef810f477a87_201399707132034_lid,false_971527520120-1517397900@g.us_3A413A31EF810F477A87_201399707132034@lid,2026-05-17T17:39:00.000Z,201399707132034,false_971527520120_1517397900_g_us_3A413A31EF810F477A87_201399707132034_lid.jpeg,data/raw/imports/mcp_whatsapp_number_2/false_971527520120_1517397900_g_us_3A413A31EF810F477A87_201399707132034_lid.jpeg,photo,image,true,image/jpeg,152948
mcp_whatsapp_number_2_false_971527520120_1517397900_g_us_3a00547104ffbef8ce78_158261005279468_lid::false_971527520120_1517397900_g_us_3A00547104FFBEF8CE78_158261005279468_lid.mp4,TLC 40 Series Owners,whatsapp-number-2,971527520120-1517397900@g.us,TLC 40 Series Owners,mcp_whatsapp_number_2_false_971527520120_1517397900_g_us_3a00547104ffbef8ce78_158261005279468_lid,false_971527520120-1517397900@g.us_3A00547104FFBEF8CE78_158261005279468@lid,2026-05-18T05:51:45.000Z,158261005279468,false_971527520120_1517397900_g_us_3A00547104FFBEF8CE78_158261005279468_lid.mp4,data/raw/imports/mcp_whatsapp_number_2/false_971527520120_1517397900_g_us_3A00547104FFBEF8CE78_158261005279468_lid.mp4,video,video,true,video/mp4,2579640
mcp_whatsapp_number_2_false_971527520120_1517397900_g_us_4aa11adc7b773bc3437d_4359425396802_lid::false_971527520120_1517397900_g_us_4AA11ADC7B773BC3437D_4359425396802_lid.jpeg,TLC 40 Series Owners,whatsapp-number-2,971527520120-1517397900@g.us,TLC 40 Series Owners,mcp_whatsapp_number_2_false_971527520120_1517397900_g_us_4aa11adc7b773bc3437d_4359425396802_lid,false_971527520120-1517397900@g.us_4AA11ADC7B773BC3437D_4359425396802@lid,2026-05-18T05:59:56.000Z,4359425396802,false_971527520120_1517397900_g_us_4AA11ADC7B773BC3437D_4359425396802_lid.jpeg,data/raw/imports/mcp_whatsapp_number_2/false_971527520120_1517397900_g_us_4AA11ADC7B773BC3437D_4359425396802_lid.jpeg,photo,image,true,image/jpeg,179874
mcp_whatsapp_number_2_false_971527520120_1517397900_g_us_4a8cb5035fa1db9dc6d3_4359425396802_lid::false_971527520120_1517397900_g_us_4A8CB5035FA1DB9DC6D3_4359425396802_lid.jpeg,TLC 40 Series Owners,whatsapp-number-2,971527520120-1517397900@g.us,TLC 40 Series Owners,mcp_whatsapp_number_2_false_971527520120_1517397900_g_us_4a8cb5035fa1db9dc6d3_4359425396802_lid,false_971527520120-1517397900@g.us_4A8CB5035FA1DB9DC6D3_4359425396802@lid,2026-05-18T05:59:57.000Z,4359425396802,false_971527520120_1517397900_g_us_4A8CB5035FA1DB9DC6D3_4359425396802_lid.jpeg,data/raw/imports/mcp_whatsapp_number_2/false_971527520120_1517397900_g_us_4A8CB5035FA1DB9DC6D3_4359425396802_lid.jpeg,photo,image,true,image/jpeg,204498
mcp_whatsapp_number_2_false_971527520120_1517397900_g_us_4ad71c52c10899dcf25f_4359425396802_lid::false_971527520120_1517397900_g_us_4AD71C52C10899DCF25F_4359425396802_lid.jpeg,TLC 40 Series Owners,whatsapp-number-2,971527520120-1517397900@g.us,TLC 40 Series Owners,mcp_whatsapp_number_2_false_971527520120_1517397900_g_us_4ad71c52c10899dcf25f_4359425396802_lid,false_971527520120-1517397900@g.us_4AD71C52C10899DCF25F_4359425396802@lid,2026-05-18T05:59:57.000Z,4359425396802,false_971527520120_1517397900_g_us_4AD71C52C10899DCF25F_4359425396802_lid.jpeg,data/raw/imports/mcp_whatsapp_number_2/false_971527520120_1517397900_g_us_4AD71C52C10899DCF25F_4359425396802_lid.jpeg,photo,image,true,image/jpeg,197843
mcp_whatsapp_number_2_false_971527520120_1517397900_g_us_4a0fc27c4c37b6b95a88_4359425396802_lid::false_971527520120_1517397900_g_us_4A0FC27C4C37B6B95A88_4359425396802_lid.jpeg,TLC 40 Series Owners,whatsapp-number-2,971527520120-1517397900@g.us,TLC 40 Series Owners,mcp_whatsapp_number_2_false_971527520120_1517397900_g_us_4a0fc27c4c37b6b95a88_4359425396802_lid,false_971527520120-1517397900@g.us_4A0FC27C4C37B6B95A88_4359425396802@lid,2026-05-18T06:02:43.000Z,4359425396802,false_971527520120_1517397900_g_us_4A0FC27C4C37B6B95A88_4359425396802_lid.jpeg,data/raw/imports/mcp_whatsapp_number_2/false_971527520120_1517397900_g_us_4A0FC27C4C37B6B95A88_4359425396802_lid.jpeg,photo,image,true,image/jpeg,152343
mcp_whatsapp_number_2_false_971527520120_1517397900_g_us_4ad90a5d188d2a9c3960_4359425396802_lid::false_971527520120_1517397900_g_us_4AD90A5D188D2A9C3960_4359425396802_lid.jpeg,TLC 40 Series Owners,whatsapp-number-2,971527520120-1517397900@g.us,TLC 40 Series Owners,mcp_whatsapp_number_2_false_971527520120_1517397900_g_us_4ad90a5d188d2a9c3960_4359425396802_lid,false_971527520120-1517397900@g.us_4AD90A5D188D2A9C3960_4359425396802@lid,2026-05-18T06:02:43.000Z,4359425396802,false_971527520120_1517397900_g_us_4AD90A5D188D2A9C3960_4359425396802_lid.jpeg,data/raw/imports/mcp_whatsapp_number_2/false_971527520120_1517397900_g_us_4AD90A5D188D2A9C3960_4359425396802_lid.jpeg,photo,image,true,image/jpeg,193221
mcp_whatsapp_number_2_false_971527520120_1517397900_g_us_4affe980d4bf7164c050_4359425396802_lid::false_971527520120_1517397900_g_us_4AFFE980D4BF7164C050_4359425396802_lid.jpeg,TLC 40 Series Owners,whatsapp-number-2,971527520120-1517397900@g.us,TLC 40 Series Owners,mcp_whatsapp_number_2_false_971527520120_1517397900_g_us_4affe980d4bf7164c050_4359425396802_lid,false_971527520120-1517397900@g.us_4AFFE980D4BF7164C050_4359425396802@lid,2026-05-18T06:02:43.000Z,4359425396802,false_971527520120_1517397900_g_us_4AFFE980D4BF7164C050_4359425396802_lid.jpeg,data/raw/imports/mcp_whatsapp_number_2/false_971527520120_1517397900_g_us_4AFFE980D4BF7164C050_4359425396802_lid.jpeg,photo,image,true,image/jpeg,172197
mcp_whatsapp_number_2_true_62917110190266_lid_ac0dad6f194cee72f141ae8b377cb905::true_62917110190266_lid_AC0DAD6F194CEE72F141AE8B377CB905.jpeg,Akbar Khan,whatsapp-number-2,62917110190266@lid,Akbar Khan,mcp_whatsapp_number_2_true_62917110190266_lid_ac0dad6f194cee72f141ae8b377cb905,true_62917110190266@lid_AC0DAD6F194CEE72F141AE8B377CB905,2026-05-18T13:25:56.000Z,+923099351940,true_62917110190266_lid_AC0DAD6F194CEE72F141AE8B377CB905.jpeg,data/raw/imports/mcp_whatsapp_number_2/true_62917110190266_lid_AC0DAD6F194CEE72F141AE8B377CB905.jpeg,photo,image,true,image/jpeg,66020
mcp_whatsapp_number_2_false_62917110190266_lid_ac62ac85ad6478e0bb6ec8ad309146d1::false_62917110190266_lid_AC62AC85AD6478E0BB6EC8AD309146D1.oga,Akbar Khan,whatsapp-number-2,62917110190266@lid,Akbar Khan,mcp_whatsapp_number_2_false_62917110190266_lid_ac62ac85ad6478e0bb6ec8ad309146d1,false_62917110190266@lid_AC62AC85AD6478E0BB6EC8AD309146D1,2026-05-19T08:48:33.000Z,62917110190266,false_62917110190266_lid_AC62AC85AD6478E0BB6EC8AD309146D1.oga,data/raw/imports/mcp_whatsapp_number_2/false_62917110190266_lid_AC62AC85AD6478E0BB6EC8AD309146D1.oga,audio,ptt,true,audio/ogg; codecs=opus,80485
mcp_whatsapp_number_2_false_62917110190266_lid_ace2c05ff121e2321ea67db0ee9c8114::false_62917110190266_lid_ACE2C05FF121E2321EA67DB0EE9C8114.oga,Akbar Khan,whatsapp-number-2,62917110190266@lid,Akbar Khan,mcp_whatsapp_number_2_false_62917110190266_lid_ace2c05ff121e2321ea67db0ee9c8114,false_62917110190266@lid_ACE2C05FF121E2321EA67DB0EE9C8114,2026-05-19T09:03:10.000Z,62917110190266,false_62917110190266_lid_ACE2C05FF121E2321EA67DB0EE9C8114.oga,data/raw/imports/mcp_whatsapp_number_2/false_62917110190266_lid_ACE2C05FF121E2321EA67DB0EE9C8114.oga,audio,ptt,true,audio/ogg; codecs=opus,15109
mcp_whatsapp_number_2_false_971527520120_1517397900_g_us_2ad33b68a410d3131aa3_21685440872577_lid::false_971527520120_1517397900_g_us_2AD33B68A410D3131AA3_21685440872577_lid.jpeg,TLC 40 Series Owners,whatsapp-number-2,971527520120-1517397900@g.us,TLC 40 Series Owners,mcp_whatsapp_number_2_false_971527520120_1517397900_g_us_2ad33b68a410d3131aa3_21685440872577_lid,false_971527520120-1517397900@g.us_2AD33B68A410D3131AA3_21685440872577@lid,2026-05-19T09:25:50.000Z,21685440872577,false_971527520120_1517397900_g_us_2AD33B68A410D3131AA3_21685440872577_lid.jpeg,data/raw/imports/mcp_whatsapp_number_2/false_971527520120_1517397900_g_us_2AD33B68A410D3131AA3_21685440872577_lid.jpeg,photo,image,true,image/jpeg,119094
mcp_whatsapp_number_2_true_62917110190266_lid_ac77b75d1e2b9738fccfe090d298ddfe::true_62917110190266_lid_AC77B75D1E2B9738FCCFE090D298DDFE.jpeg,Akbar Khan,whatsapp-number-2,62917110190266@lid,Akbar Khan,mcp_whatsapp_number_2_true_62917110190266_lid_ac77b75d1e2b9738fccfe090d298ddfe,true_62917110190266@lid_AC77B75D1E2B9738FCCFE090D298DDFE,2026-05-19T09:44:19.000Z,+923099351940,true_62917110190266_lid_AC77B75D1E2B9738FCCFE090D298DDFE.jpeg,data/raw/imports/mcp_whatsapp_number_2/true_62917110190266_lid_AC77B75D1E2B9738FCCFE090D298DDFE.jpeg,photo,image,true,image/jpeg,95729
mcp_whatsapp_number_2_false_62917110190266_lid_ac9d101f2fb9f0befbaac40cf03fa6af::false_62917110190266_lid_AC9D101F2FB9F0BEFBAAC40CF03FA6AF.oga,Akbar Khan,whatsapp-number-2,62917110190266@lid,Akbar Khan,mcp_whatsapp_number_2_false_62917110190266_lid_ac9d101f2fb9f0befbaac40cf03fa6af,false_62917110190266@lid_AC9D101F2FB9F0BEFBAAC40CF03FA6AF,2026-05-19T10:14:57.000Z,62917110190266,false_62917110190266_lid_AC9D101F2FB9F0BEFBAAC40CF03FA6AF.oga,data/raw/imports/mcp_whatsapp_number_2/false_62917110190266_lid_AC9D101F2FB9F0BEFBAAC40CF03FA6AF.oga,audio,audio,true,audio/ogg; codecs=opus,73033
mcp_whatsapp_number_2_false_971527520120_1517397900_g_us_4adc37eeeea949ca8aa2_131761191297256_lid::false_971527520120_1517397900_g_us_4ADC37EEEEA949CA8AA2_131761191297256_lid.jpeg,TLC 40 Series Owners,whatsapp-number-2,971527520120-1517397900@g.us,TLC 40 Series Owners,mcp_whatsapp_number_2_false_971527520120_1517397900_g_us_4adc37eeeea949ca8aa2_131761191297256_lid,false_971527520120-1517397900@g.us_4ADC37EEEEA949CA8AA2_131761191297256@lid,2026-05-19T12:10:51.000Z,131761191297256,false_971527520120_1517397900_g_us_4ADC37EEEEA949CA8AA2_131761191297256_lid.jpeg,data/raw/imports/mcp_whatsapp_number_2/false_971527520120_1517397900_g_us_4ADC37EEEEA949CA8AA2_131761191297256_lid.jpeg,photo,image,true,image/jpeg,105836
mcp_whatsapp_number_2_false_971527520120_1517397900_g_us_3ac3ebb9c4643aa7905f_7177007808594_lid::false_971527520120_1517397900_g_us_3AC3EBB9C4643AA7905F_7177007808594_lid.jpeg,TLC 40 Series Owners,whatsapp-number-2,971527520120-1517397900@g.us,TLC 40 Series Owners,mcp_whatsapp_number_2_false_971527520120_1517397900_g_us_3ac3ebb9c4643aa7905f_7177007808594_lid,false_971527520120-1517397900@g.us_3AC3EBB9C4643AA7905F_7177007808594@lid,2026-05-19T12:17:10.000Z,7177007808594,false_971527520120_1517397900_g_us_3AC3EBB9C4643AA7905F_7177007808594_lid.jpeg,data/raw/imports/mcp_whatsapp_number_2/false_971527520120_1517397900_g_us_3AC3EBB9C4643AA7905F_7177007808594_lid.jpeg,photo,image,true,image/jpeg,97162
mcp_whatsapp_number_2_false_971527520120_1517397900_g_us_ac84f32b00f4dd06c453962574ca8c59_112803037855909_lid::false_971527520120_1517397900_g_us_AC84F32B00F4DD06C453962574CA8C59_112803037855909_lid.jpeg,TLC 40 Series Owners,whatsapp-number-2,971527520120-1517397900@g.us,TLC 40 Series Owners,mcp_whatsapp_number_2_false_971527520120_1517397900_g_us_ac84f32b00f4dd06c453962574ca8c59_112803037855909_lid,false_971527520120-1517397900@g.us_AC84F32B00F4DD06C453962574CA8C59_112803037855909@lid,2026-05-19T13:38:19.000Z,112803037855909,false_971527520120_1517397900_g_us_AC84F32B00F4DD06C453962574CA8C59_112803037855909_lid.jpeg,data/raw/imports/mcp_whatsapp_number_2/false_971527520120_1517397900_g_us_AC84F32B00F4DD06C453962574CA8C59_112803037855909_lid.jpeg,photo,image,true,image/jpeg,183965
mcp_whatsapp_number_2_false_971527520120_1517397900_g_us_ac2d66d5f2f8997ba3a5b900b65fe2fd_112803037855909_lid::false_971527520120_1517397900_g_us_AC2D66D5F2F8997BA3A5B900B65FE2FD_112803037855909_lid.jpeg,TLC 40 Series Owners,whatsapp-number-2,971527520120-1517397900@g.us,TLC 40 Series Owners,mcp_whatsapp_number_2_false_971527520120_1517397900_g_us_ac2d66d5f2f8997ba3a5b900b65fe2fd_112803037855909_lid,false_971527520120-1517397900@g.us_AC2D66D5F2F8997BA3A5B900B65FE2FD_112803037855909@lid,2026-05-19T13:42:36.000Z,112803037855909,false_971527520120_1517397900_g_us_AC2D66D5F2F8997BA3A5B900B65FE2FD_112803037855909_lid.jpeg,data/raw/imports/mcp_whatsapp_number_2/false_971527520120_1517397900_g_us_AC2D66D5F2F8997BA3A5B900B65FE2FD_112803037855909_lid.jpeg,photo,image,true,image/jpeg,175437
mcp_whatsapp_number_2_false_971527520120_1517397900_g_us_ac4af4a38f15dc2da3ec871c53ac11da_48408643563605_lid::false_971527520120_1517397900_g_us_AC4AF4A38F15DC2DA3EC871C53AC11DA_48408643563605_lid.jpeg,TLC 40 Series Owners,whatsapp-number-2,971527520120-1517397900@g.us,TLC 40 Series Owners,mcp_whatsapp_number_2_false_971527520120_1517397900_g_us_ac4af4a38f15dc2da3ec871c53ac11da_48408643563605_lid,false_971527520120-1517397900@g.us_AC4AF4A38F15DC2DA3EC871C53AC11DA_48408643563605@lid,2026-05-21T07:49:06.000Z,48408643563605,false_971527520120_1517397900_g_us_AC4AF4A38F15DC2DA3EC871C53AC11DA_48408643563605_lid.jpeg,data/raw/imports/mcp_whatsapp_number_2/false_971527520120_1517397900_g_us_AC4AF4A38F15DC2DA3EC871C53AC11DA_48408643563605_lid.jpeg,photo,image,true,image/jpeg,120509
mcp_whatsapp_number_2_false_62917110190266_lid_ac041a3c59f831b1d98380c5703fab36::false_62917110190266_lid_AC041A3C59F831B1D98380C5703FAB36.oga,Akbar Khan,whatsapp-number-2,62917110190266@lid,Akbar Khan,mcp_whatsapp_number_2_false_62917110190266_lid_ac041a3c59f831b1d98380c5703fab36,false_62917110190266@lid_AC041A3C59F831B1D98380C5703FAB36,2026-05-21T22:00:15.000Z,62917110190266,false_62917110190266_lid_AC041A3C59F831B1D98380C5703FAB36.oga,data/raw/imports/mcp_whatsapp_number_2/false_62917110190266_lid_AC041A3C59F831B1D98380C5703FAB36.oga,audio,ptt,true,audio/ogg; codecs=opus,71969
mcp_whatsapp_number_2_false_971527520120_1517397900_g_us_ac643fce16204c8360c5d0a7380c4f91_19825619382401_lid::false_971527520120_1517397900_g_us_AC643FCE16204C8360C5D0A7380C4F91_19825619382401_lid.webp,TLC 40 Series Owners,whatsapp-number-2,971527520120-1517397900@g.us,TLC 40 Series Owners,mcp_whatsapp_number_2_false_971527520120_1517397900_g_us_ac643fce16204c8360c5d0a7380c4f91_19825619382401_lid,false_971527520120-1517397900@g.us_AC643FCE16204C8360C5D0A7380C4F91_19825619382401@lid,2026-05-22T11:10:43.000Z,19825619382401,false_971527520120_1517397900_g_us_AC643FCE16204C8360C5D0A7380C4F91_19825619382401_lid.webp,data/raw/imports/mcp_whatsapp_number_2/false_971527520120_1517397900_g_us_AC643FCE16204C8360C5D0A7380C4F91_19825619382401_lid.webp,sticker,sticker,true,image/webp,26298
mcp_whatsapp_number_2_false_971527520120_1517397900_g_us_ac53c5e04013ab87605281c86eb40e01_73328060551171_lid::false_971527520120_1517397900_g_us_AC53C5E04013AB87605281C86EB40E01_73328060551171_lid.jpeg,TLC 40 Series Owners,whatsapp-number-2,971527520120-1517397900@g.us,TLC 40 Series Owners,mcp_whatsapp_number_2_false_971527520120_1517397900_g_us_ac53c5e04013ab87605281c86eb40e01_73328060551171_lid,false_971527520120-1517397900@g.us_AC53C5E04013AB87605281C86EB40E01_73328060551171@lid,2026-05-22T16:46:45.000Z,73328060551171,false_971527520120_1517397900_g_us_AC53C5E04013AB87605281C86EB40E01_73328060551171_lid.jpeg,data/raw/imports/mcp_whatsapp_number_2/false_971527520120_1517397900_g_us_AC53C5E04013AB87605281C86EB40E01_73328060551171_lid.jpeg,photo,image,true,image/jpeg,178859
mcp_whatsapp_number_2_false_971527520120_1517397900_g_us_a5ebce7e4647d0a3c66764e52610b47c_98548125290539_lid::false_971527520120_1517397900_g_us_A5EBCE7E4647D0A3C66764E52610B47C_98548125290539_lid.webp,TLC 40 Series Owners,whatsapp-number-2,971527520120-1517397900@g.us,TLC 40 Series Owners,mcp_whatsapp_number_2_false_971527520120_1517397900_g_us_a5ebce7e4647d0a3c66764e52610b47c_98548125290539_lid,false_971527520120-1517397900@g.us_A5EBCE7E4647D0A3C66764E52610B47C_98548125290539@lid,2026-05-22T16:48:44.000Z,98548125290539,false_971527520120_1517397900_g_us_A5EBCE7E4647D0A3C66764E52610B47C_98548125290539_lid.webp,data/raw/imports/mcp_whatsapp_number_2/false_971527520120_1517397900_g_us_A5EBCE7E4647D0A3C66764E52610B47C_98548125290539_lid.webp,sticker,sticker,true,image/webp,27148
mcp_whatsapp_number_2_false_971527520120_1517397900_g_us_3af901332d94051cc31e_122410913292479_lid::false_971527520120_1517397900_g_us_3AF901332D94051CC31E_122410913292479_lid.jpeg,TLC 40 Series Owners,whatsapp-number-2,971527520120-1517397900@g.us,TLC 40 Series Owners,mcp_whatsapp_number_2_false_971527520120_1517397900_g_us_3af901332d94051cc31e_122410913292479_lid,false_971527520120-1517397900@g.us_3AF901332D94051CC31E_122410913292479@lid,2026-05-23T15:54:50.000Z,122410913292479,false_971527520120_1517397900_g_us_3AF901332D94051CC31E_122410913292479_lid.jpeg,data/raw/imports/mcp_whatsapp_number_2/false_971527520120_1517397900_g_us_3AF901332D94051CC31E_122410913292479_lid.jpeg,photo,image,true,image/jpeg,289582
mcp_whatsapp_number_2_false_971527520120_1517397900_g_us_3eb05cc8d443067bb6d29a_262787741827282_lid::false_971527520120_1517397900_g_us_3EB05CC8D443067BB6D29A_262787741827282_lid.jpeg,TLC 40 Series Owners,whatsapp-number-2,971527520120-1517397900@g.us,TLC 40 Series Owners,mcp_whatsapp_number_2_false_971527520120_1517397900_g_us_3eb05cc8d443067bb6d29a_262787741827282_lid,false_971527520120-1517397900@g.us_3EB05CC8D443067BB6D29A_262787741827282@lid,2026-05-24T05:09:52.000Z,262787741827282,false_971527520120_1517397900_g_us_3EB05CC8D443067BB6D29A_262787741827282_lid.jpeg,data/raw/imports/mcp_whatsapp_number_2/false_971527520120_1517397900_g_us_3EB05CC8D443067BB6D29A_262787741827282_lid.jpeg,photo,image,true,image/jpeg,333664
mcp_whatsapp_number_2_false_971527520120_1517397900_g_us_3a02f6aa6bc7d0f2a0aa_121577739915469_lid::false_971527520120_1517397900_g_us_3A02F6AA6BC7D0F2A0AA_121577739915469_lid.jpeg,TLC 40 Series Owners,whatsapp-number-2,971527520120-1517397900@g.us,TLC 40 Series Owners,mcp_whatsapp_number_2_false_971527520120_1517397900_g_us_3a02f6aa6bc7d0f2a0aa_121577739915469_lid,false_971527520120-1517397900@g.us_3A02F6AA6BC7D0F2A0AA_121577739915469@lid,2026-05-24T05:46:14.000Z,121577739915469,false_971527520120_1517397900_g_us_3A02F6AA6BC7D0F2A0AA_121577739915469_lid.jpeg,data/raw/imports/mcp_whatsapp_number_2/false_971527520120_1517397900_g_us_3A02F6AA6BC7D0F2A0AA_121577739915469_lid.jpeg,photo,image,true,image/jpeg,536313
mcp_whatsapp_number_2_false_971527520120_1517397900_g_us_3abf0973d4dd28cf4061_42507291328542_lid::false_971527520120_1517397900_g_us_3ABF0973D4DD28CF4061_42507291328542_lid.jpeg,TLC 40 Series Owners,whatsapp-number-2,971527520120-1517397900@g.us,TLC 40 Series Owners,mcp_whatsapp_number_2_false_971527520120_1517397900_g_us_3abf0973d4dd28cf4061_42507291328542_lid,false_971527520120-1517397900@g.us_3ABF0973D4DD28CF4061_42507291328542@lid,2026-05-24T06:28:59.000Z,42507291328542,false_971527520120_1517397900_g_us_3ABF0973D4DD28CF4061_42507291328542_lid.jpeg,data/raw/imports/mcp_whatsapp_number_2/false_971527520120_1517397900_g_us_3ABF0973D4DD28CF4061_42507291328542_lid.jpeg,photo,image,true,image/jpeg,189861
mcp_whatsapp_number_2_false_971527520120_1517397900_g_us_a500897ebc7e0fd2f6a2fa503d036f84_128350903398508_lid::false_971527520120_1517397900_g_us_A500897EBC7E0FD2F6A2FA503D036F84_128350903398508_lid.jpeg,TLC 40 Series Owners,whatsapp-number-2,971527520120-1517397900@g.us,TLC 40 Series Owners,mcp_whatsapp_number_2_false_971527520120_1517397900_g_us_a500897ebc7e0fd2f6a2fa503d036f84_128350903398508_lid,false_971527520120-1517397900@g.us_A500897EBC7E0FD2F6A2FA503D036F84_128350903398508@lid,2026-05-24T08:30:43.000Z,128350903398508,false_971527520120_1517397900_g_us_A500897EBC7E0FD2F6A2FA503D036F84_128350903398508_lid.jpeg,data/raw/imports/mcp_whatsapp_number_2/false_971527520120_1517397900_g_us_A500897EBC7E0FD2F6A2FA503D036F84_128350903398508_lid.jpeg,photo,image,true,image/jpeg,295814
mcp_whatsapp_number_2_false_971527520120_1517397900_g_us_3a84b45c883bb316cc0f_42507291328542_lid::false_971527520120_1517397900_g_us_3A84B45C883BB316CC0F_42507291328542_lid.oga,TLC 40 Series Owners,whatsapp-number-2,971527520120-1517397900@g.us,TLC 40 Series Owners,mcp_whatsapp_number_2_false_971527520120_1517397900_g_us_3a84b45c883bb316cc0f_42507291328542_lid,false_971527520120-1517397900@g.us_3A84B45C883BB316CC0F_42507291328542@lid,2026-05-24T08:33:03.000Z,42507291328542,false_971527520120_1517397900_g_us_3A84B45C883BB316CC0F_42507291328542_lid.oga,data/raw/imports/mcp_whatsapp_number_2/false_971527520120_1517397900_g_us_3A84B45C883BB316CC0F_42507291328542_lid.oga,audio,ptt,true,audio/ogg; codecs=opus,67907
mcp_whatsapp_number_2_false_971527520120_1517397900_g_us_a5b2f7116bca62e1cb039e0b386efac6_128350903398508_lid::false_971527520120_1517397900_g_us_A5B2F7116BCA62E1CB039E0B386EFAC6_128350903398508_lid.oga,TLC 40 Series Owners,whatsapp-number-2,971527520120-1517397900@g.us,TLC 40 Series Owners,mcp_whatsapp_number_2_false_971527520120_1517397900_g_us_a5b2f7116bca62e1cb039e0b386efac6_128350903398508_lid,false_971527520120-1517397900@g.us_A5B2F7116BCA62E1CB039E0B386EFAC6_128350903398508@lid,2026-05-24T08:34:08.000Z,128350903398508,false_971527520120_1517397900_g_us_A5B2F7116BCA62E1CB039E0B386EFAC6_128350903398508_lid.oga,data/raw/imports/mcp_whatsapp_number_2/false_971527520120_1517397900_g_us_A5B2F7116BCA62E1CB039E0B386EFAC6_128350903398508_lid.oga,audio,ptt,true,audio/ogg; codecs=opus,66809
mcp_whatsapp_number_2_false_971527520120_1517397900_g_us_a562da4bd265a24ada6522cea039321c_98548125290539_lid::false_971527520120_1517397900_g_us_A562DA4BD265A24ADA6522CEA039321C_98548125290539_lid.jpeg,TLC 40 Series Owners,whatsapp-number-2,971527520120-1517397900@g.us,TLC 40 Series Owners,mcp_whatsapp_number_2_false_971527520120_1517397900_g_us_a562da4bd265a24ada6522cea039321c_98548125290539_lid,false_971527520120-1517397900@g.us_A562DA4BD265A24ADA6522CEA039321C_98548125290539@lid,2026-05-24T08:37:07.000Z,98548125290539,false_971527520120_1517397900_g_us_A562DA4BD265A24ADA6522CEA039321C_98548125290539_lid.jpeg,data/raw/imports/mcp_whatsapp_number_2/false_971527520120_1517397900_g_us_A562DA4BD265A24ADA6522CEA039321C_98548125290539_lid.jpeg,photo,image,true,image/jpeg,99669
mcp_whatsapp_number_2_false_971527520120_1517397900_g_us_3aa04c55dc00138297d3_42507291328542_lid::false_971527520120_1517397900_g_us_3AA04C55DC00138297D3_42507291328542_lid.jpeg,TLC 40 Series Owners,whatsapp-number-2,971527520120-1517397900@g.us,TLC 40 Series Owners,mcp_whatsapp_number_2_false_971527520120_1517397900_g_us_3aa04c55dc00138297d3_42507291328542_lid,false_971527520120-1517397900@g.us_3AA04C55DC00138297D3_42507291328542@lid,2026-05-24T11:26:19.000Z,42507291328542,false_971527520120_1517397900_g_us_3AA04C55DC00138297D3_42507291328542_lid.jpeg,data/raw/imports/mcp_whatsapp_number_2/false_971527520120_1517397900_g_us_3AA04C55DC00138297D3_42507291328542_lid.jpeg,photo,image,true,image/jpeg,299420
mcp_whatsapp_number_2_false_971527520120_1517397900_g_us_acb1185595d9d46c265aaacd0eafd238_153450709049471_lid::false_971527520120_1517397900_g_us_ACB1185595D9D46C265AAACD0EAFD238_153450709049471_lid.mp4,TLC 40 Series Owners,whatsapp-number-2,971527520120-1517397900@g.us,TLC 40 Series Owners,mcp_whatsapp_number_2_false_971527520120_1517397900_g_us_acb1185595d9d46c265aaacd0eafd238_153450709049471_lid,false_971527520120-1517397900@g.us_ACB1185595D9D46C265AAACD0EAFD238_153450709049471@lid,2026-05-24T21:43:28.000Z,153450709049471,false_971527520120_1517397900_g_us_ACB1185595D9D46C265AAACD0EAFD238_153450709049471_lid.mp4,data/raw/imports/mcp_whatsapp_number_2/false_971527520120_1517397900_g_us_ACB1185595D9D46C265AAACD0EAFD238_153450709049471_lid.mp4,video,video,true,video/mp4,7220206
mcp_whatsapp_number_2_false_971527520120_1517397900_g_us_acee77db63f348b4c87145b1936442ff_172245385244826_lid::false_971527520120_1517397900_g_us_ACEE77DB63F348B4C87145B1936442FF_172245385244826_lid.jpeg,TLC 40 Series Owners,whatsapp-number-2,971527520120-1517397900@g.us,TLC 40 Series Owners,mcp_whatsapp_number_2_false_971527520120_1517397900_g_us_acee77db63f348b4c87145b1936442ff_172245385244826_lid,false_971527520120-1517397900@g.us_ACEE77DB63F348B4C87145B1936442FF_172245385244826@lid,2026-05-26T14:36:40.000Z,172245385244826,false_971527520120_1517397900_g_us_ACEE77DB63F348B4C87145B1936442FF_172245385244826_lid.jpeg,data/raw/imports/mcp_whatsapp_number_2/false_971527520120_1517397900_g_us_ACEE77DB63F348B4C87145B1936442FF_172245385244826_lid.jpeg,photo,image,true,image/jpeg,228488
mcp_whatsapp_number_2_false_971527520120_1517397900_g_us_acc00a4e7024750bb9cd9ab9ac7f1d67_172245385244826_lid::false_971527520120_1517397900_g_us_ACC00A4E7024750BB9CD9AB9AC7F1D67_172245385244826_lid.jpeg,TLC 40 Series Owners,whatsapp-number-2,971527520120-1517397900@g.us,TLC 40 Series Owners,mcp_whatsapp_number_2_false_971527520120_1517397900_g_us_acc00a4e7024750bb9cd9ab9ac7f1d67_172245385244826_lid,false_971527520120-1517397900@g.us_ACC00A4E7024750BB9CD9AB9AC7F1D67_172245385244826@lid,2026-05-26T14:36:41.000Z,172245385244826,false_971527520120_1517397900_g_us_ACC00A4E7024750BB9CD9AB9AC7F1D67_172245385244826_lid.jpeg,data/raw/imports/mcp_whatsapp_number_2/false_971527520120_1517397900_g_us_ACC00A4E7024750BB9CD9AB9AC7F1D67_172245385244826_lid.jpeg,photo,image,true,image/jpeg,186011
mcp_whatsapp_number_2_false_971527520120_1517397900_g_us_3a6f50b8e07ddf15a996_187861886328909_lid::false_971527520120_1517397900_g_us_3A6F50B8E07DDF15A996_187861886328909_lid.mp4,TLC 40 Series Owners,whatsapp-number-2,971527520120-1517397900@g.us,TLC 40 Series Owners,mcp_whatsapp_number_2_false_971527520120_1517397900_g_us_3a6f50b8e07ddf15a996_187861886328909_lid,false_971527520120-1517397900@g.us_3A6F50B8E07DDF15A996_187861886328909@lid,2026-05-27T01:26:15.000Z,187861886328909,false_971527520120_1517397900_g_us_3A6F50B8E07DDF15A996_187861886328909_lid.mp4,data/raw/imports/mcp_whatsapp_number_2/false_971527520120_1517397900_g_us_3A6F50B8E07DDF15A996_187861886328909_lid.mp4,video,video,true,video/mp4,1335715
mcp_whatsapp_number_2_false_971527520120_1517397900_g_us_ac87f8d85ab791f61a3a5a0a3baec832_145874403492093_lid::false_971527520120_1517397900_g_us_AC87F8D85AB791F61A3A5A0A3BAEC832_145874403492093_lid.jpeg,TLC 40 Series Owners,whatsapp-number-2,971527520120-1517397900@g.us,TLC 40 Series Owners,mcp_whatsapp_number_2_false_971527520120_1517397900_g_us_ac87f8d85ab791f61a3a5a0a3baec832_145874403492093_lid,false_971527520120-1517397900@g.us_AC87F8D85AB791F61A3A5A0A3BAEC832_145874403492093@lid,2026-05-27T03:15:54.000Z,145874403492093,false_971527520120_1517397900_g_us_AC87F8D85AB791F61A3A5A0A3BAEC832_145874403492093_lid.jpeg,data/raw/imports/mcp_whatsapp_number_2/false_971527520120_1517397900_g_us_AC87F8D85AB791F61A3A5A0A3BAEC832_145874403492093_lid.jpeg,photo,image,true,image/jpeg,237201
mcp_whatsapp_number_2_false_971527520120_1517397900_g_us_ac89c96d44ff7fa8ffdcfafc13eced3b_48408643563605_lid::false_971527520120_1517397900_g_us_AC89C96D44FF7FA8FFDCFAFC13ECED3B_48408643563605_lid.jpeg,TLC 40 Series Owners,whatsapp-number-2,971527520120-1517397900@g.us,TLC 40 Series Owners,mcp_whatsapp_number_2_false_971527520120_1517397900_g_us_ac89c96d44ff7fa8ffdcfafc13eced3b_48408643563605_lid,false_971527520120-1517397900@g.us_AC89C96D44FF7FA8FFDCFAFC13ECED3B_48408643563605@lid,2026-05-27T03:44:18.000Z,48408643563605,false_971527520120_1517397900_g_us_AC89C96D44FF7FA8FFDCFAFC13ECED3B_48408643563605_lid.jpeg,data/raw/imports/mcp_whatsapp_number_2/false_971527520120_1517397900_g_us_AC89C96D44FF7FA8FFDCFAFC13ECED3B_48408643563605_lid.jpeg,photo,image,true,image/jpeg,410964
mcp_whatsapp_number_2_false_971527520120_1517397900_g_us_3a44568fdcfbaac803e5_79744859140123_lid::false_971527520120_1517397900_g_us_3A44568FDCFBAAC803E5_79744859140123_lid.jpeg,TLC 40 Series Owners,whatsapp-number-2,971527520120-1517397900@g.us,TLC 40 Series Owners,mcp_whatsapp_number_2_false_971527520120_1517397900_g_us_3a44568fdcfbaac803e5_79744859140123_lid,false_971527520120-1517397900@g.us_3A44568FDCFBAAC803E5_79744859140123@lid,2026-05-27T04:19:07.000Z,79744859140123,false_971527520120_1517397900_g_us_3A44568FDCFBAAC803E5_79744859140123_lid.jpeg,data/raw/imports/mcp_whatsapp_number_2/false_971527520120_1517397900_g_us_3A44568FDCFBAAC803E5_79744859140123_lid.jpeg,photo,image,true,image/jpeg,222503
mcp_whatsapp_number_2_false_971527520120_1517397900_g_us_ac52da71d533b9f0e8b017804ab580b7_236519688282206_lid::false_971527520120_1517397900_g_us_AC52DA71D533B9F0E8B017804AB580B7_236519688282206_lid.jpeg,TLC 40 Series Owners,whatsapp-number-2,971527520120-1517397900@g.us,TLC 40 Series Owners,mcp_whatsapp_number_2_false_971527520120_1517397900_g_us_ac52da71d533b9f0e8b017804ab580b7_236519688282206_lid,false_971527520120-1517397900@g.us_AC52DA71D533B9F0E8B017804AB580B7_236519688282206@lid,2026-05-27T05:08:54.000Z,236519688282206,false_971527520120_1517397900_g_us_AC52DA71D533B9F0E8B017804AB580B7_236519688282206_lid.jpeg,data/raw/imports/mcp_whatsapp_number_2/false_971527520120_1517397900_g_us_AC52DA71D533B9F0E8B017804AB580B7_236519688282206_lid.jpeg,photo,image,true,image/jpeg,76570
mcp_whatsapp_number_2_false_971527520120_1517397900_g_us_3a859612fd0524444787_113159520133224_lid::false_971527520120_1517397900_g_us_3A859612FD0524444787_113159520133224_lid.jpeg,TLC 40 Series Owners,whatsapp-number-2,971527520120-1517397900@g.us,TLC 40 Series Owners,mcp_whatsapp_number_2_false_971527520120_1517397900_g_us_3a859612fd0524444787_113159520133224_lid,false_971527520120-1517397900@g.us_3A859612FD0524444787_113159520133224@lid,2026-05-27T05:09:54.000Z,113159520133224,false_971527520120_1517397900_g_us_3A859612FD0524444787_113159520133224_lid.jpeg,data/raw/imports/mcp_whatsapp_number_2/false_971527520120_1517397900_g_us_3A859612FD0524444787_113159520133224_lid.jpeg,photo,image,true,image/jpeg,211280
mcp_whatsapp_number_2_false_971527520120_1517397900_g_us_ace82f53daddf72ae3336f971d06e16b_184718171590789_lid::false_971527520120_1517397900_g_us_ACE82F53DADDF72AE3336F971D06E16B_184718171590789_lid.jpeg,TLC 40 Series Owners,whatsapp-number-2,971527520120-1517397900@g.us,TLC 40 Series Owners,mcp_whatsapp_number_2_false_971527520120_1517397900_g_us_ace82f53daddf72ae3336f971d06e16b_184718171590789_lid,false_971527520120-1517397900@g.us_ACE82F53DADDF72AE3336F971D06E16B_184718171590789@lid,2026-05-27T05:10:58.000Z,184718171590789,false_971527520120_1517397900_g_us_ACE82F53DADDF72AE3336F971D06E16B_184718171590789_lid.jpeg,data/raw/imports/mcp_whatsapp_number_2/false_971527520120_1517397900_g_us_ACE82F53DADDF72AE3336F971D06E16B_184718171590789_lid.jpeg,photo,image,true,image/jpeg,152738
mcp_whatsapp_number_2_false_971527520120_1517397900_g_us_3a35ad55ab3bd3532e9b_189541403115641_lid::false_971527520120_1517397900_g_us_3A35AD55AB3BD3532E9B_189541403115641_lid.jpeg,TLC 40 Series Owners,whatsapp-number-2,971527520120-1517397900@g.us,TLC 40 Series Owners,mcp_whatsapp_number_2_false_971527520120_1517397900_g_us_3a35ad55ab3bd3532e9b_189541403115641_lid,false_971527520120-1517397900@g.us_3A35AD55AB3BD3532E9B_189541403115641@lid,2026-05-27T06:55:16.000Z,189541403115641,false_971527520120_1517397900_g_us_3A35AD55AB3BD3532E9B_189541403115641_lid.jpeg,data/raw/imports/mcp_whatsapp_number_2/false_971527520120_1517397900_g_us_3A35AD55AB3BD3532E9B_189541403115641_lid.jpeg,photo,image,true,image/jpeg,214798
mcp_whatsapp_number_2_false_971527520120_1517397900_g_us_ac370605e0c152a405e3e6e7a68e307c_73328060551171_lid::false_971527520120_1517397900_g_us_AC370605E0C152A405E3E6E7A68E307C_73328060551171_lid.jpeg,TLC 40 Series Owners,whatsapp-number-2,971527520120-1517397900@g.us,TLC 40 Series Owners,mcp_whatsapp_number_2_false_971527520120_1517397900_g_us_ac370605e0c152a405e3e6e7a68e307c_73328060551171_lid,false_971527520120-1517397900@g.us_AC370605E0C152A405E3E6E7A68E307C_73328060551171@lid,2026-05-27T07:02:43.000Z,73328060551171,false_971527520120_1517397900_g_us_AC370605E0C152A405E3E6E7A68E307C_73328060551171_lid.jpeg,data/raw/imports/mcp_whatsapp_number_2/false_971527520120_1517397900_g_us_AC370605E0C152A405E3E6E7A68E307C_73328060551171_lid.jpeg,photo,image,true,image/jpeg,53279
mcp_whatsapp_number_2_false_971527520120_1517397900_g_us_3a5fde1c855ac79c3a10_71807675711525_lid::false_971527520120_1517397900_g_us_3A5FDE1C855AC79C3A10_71807675711525_lid.jpeg,TLC 40 Series Owners,whatsapp-number-2,971527520120-1517397900@g.us,TLC 40 Series Owners,mcp_whatsapp_number_2_false_971527520120_1517397900_g_us_3a5fde1c855ac79c3a10_71807675711525_lid,false_971527520120-1517397900@g.us_3A5FDE1C855AC79C3A10_71807675711525@lid,2026-05-27T07:08:44.000Z,71807675711525,false_971527520120_1517397900_g_us_3A5FDE1C855AC79C3A10_71807675711525_lid.jpeg,data/raw/imports/mcp_whatsapp_number_2/false_971527520120_1517397900_g_us_3A5FDE1C855AC79C3A10_71807675711525_lid.jpeg,photo,image,true,image/jpeg,283378
mcp_whatsapp_number_2_false_971527520120_1517397900_g_us_3a769f5d79b5cca746a0_4359425396802_lid::false_971527520120_1517397900_g_us_3A769F5D79B5CCA746A0_4359425396802_lid.jpeg,TLC 40 Series Owners,whatsapp-number-2,971527520120-1517397900@g.us,TLC 40 Series Owners,mcp_whatsapp_number_2_false_971527520120_1517397900_g_us_3a769f5d79b5cca746a0_4359425396802_lid,false_971527520120-1517397900@g.us_3A769F5D79B5CCA746A0_4359425396802@lid,2026-05-27T09:09:24.000Z,4359425396802,false_971527520120_1517397900_g_us_3A769F5D79B5CCA746A0_4359425396802_lid.jpeg,data/raw/imports/mcp_whatsapp_number_2/false_971527520120_1517397900_g_us_3A769F5D79B5CCA746A0_4359425396802_lid.jpeg,photo,image,true,image/jpeg,112819
mcp_whatsapp_number_2_false_971527520120_1517397900_g_us_3ae113ced749d89a8e97_160082188873865_lid::false_971527520120_1517397900_g_us_3AE113CED749D89A8E97_160082188873865_lid.jpeg,TLC 40 Series Owners,whatsapp-number-2,971527520120-1517397900@g.us,TLC 40 Series Owners,mcp_whatsapp_number_2_false_971527520120_1517397900_g_us_3ae113ced749d89a8e97_160082188873865_lid,false_971527520120-1517397900@g.us_3AE113CED749D89A8E97_160082188873865@lid,2026-05-27T09:26:41.000Z,160082188873865,false_971527520120_1517397900_g_us_3AE113CED749D89A8E97_160082188873865_lid.jpeg,data/raw/imports/mcp_whatsapp_number_2/false_971527520120_1517397900_g_us_3AE113CED749D89A8E97_160082188873865_lid.jpeg,photo,image,true,image/jpeg,248898
mcp_whatsapp_number_2_false_971527520120_1517397900_g_us_acc241aff9a222f37bda5b65e2e79bbf_112803037855909_lid::false_971527520120_1517397900_g_us_ACC241AFF9A222F37BDA5B65E2E79BBF_112803037855909_lid.jpeg,TLC 40 Series Owners,whatsapp-number-2,971527520120-1517397900@g.us,TLC 40 Series Owners,mcp_whatsapp_number_2_false_971527520120_1517397900_g_us_acc241aff9a222f37bda5b65e2e79bbf_112803037855909_lid,false_971527520120-1517397900@g.us_ACC241AFF9A222F37BDA5B65E2E79BBF_112803037855909@lid,2026-05-27T09:41:34.000Z,112803037855909,false_971527520120_1517397900_g_us_ACC241AFF9A222F37BDA5B65E2E79BBF_112803037855909_lid.jpeg,data/raw/imports/mcp_whatsapp_number_2/false_971527520120_1517397900_g_us_ACC241AFF9A222F37BDA5B65E2E79BBF_112803037855909_lid.jpeg,photo,image,true,image/jpeg,166554
mcp_whatsapp_number_2_false_971527520120_1517397900_g_us_3aa33a59bc8cb53c1cb4_66812544823506_lid::false_971527520120_1517397900_g_us_3AA33A59BC8CB53C1CB4_66812544823506_lid.jpeg,TLC 40 Series Owners,whatsapp-number-2,971527520120-1517397900@g.us,TLC 40 Series Owners,mcp_whatsapp_number_2_false_971527520120_1517397900_g_us_3aa33a59bc8cb53c1cb4_66812544823506_lid,false_971527520120-1517397900@g.us_3AA33A59BC8CB53C1CB4_66812544823506@lid,2026-05-27T10:51:54.000Z,66812544823506,false_971527520120_1517397900_g_us_3AA33A59BC8CB53C1CB4_66812544823506_lid.jpeg,data/raw/imports/mcp_whatsapp_number_2/false_971527520120_1517397900_g_us_3AA33A59BC8CB53C1CB4_66812544823506_lid.jpeg,photo,image,true,image/jpeg,168710
mcp_whatsapp_number_2_false_971527520120_1517397900_g_us_3a78fb0a72f5aa83e204_121577739915469_lid::false_971527520120_1517397900_g_us_3A78FB0A72F5AA83E204_121577739915469_lid.jpeg,TLC 40 Series Owners,whatsapp-number-2,971527520120-1517397900@g.us,TLC 40 Series Owners,mcp_whatsapp_number_2_false_971527520120_1517397900_g_us_3a78fb0a72f5aa83e204_121577739915469_lid,false_971527520120-1517397900@g.us_3A78FB0A72F5AA83E204_121577739915469@lid,2026-05-27T10:52:29.000Z,121577739915469,false_971527520120_1517397900_g_us_3A78FB0A72F5AA83E204_121577739915469_lid.jpeg,data/raw/imports/mcp_whatsapp_number_2/false_971527520120_1517397900_g_us_3A78FB0A72F5AA83E204_121577739915469_lid.jpeg,photo,image,true,image/jpeg,523887
mcp_whatsapp_number_2_false_971527520120_1517397900_g_us_acb3722f0b7d4c0c2932d22409a029aa_37911810572503_lid::false_971527520120_1517397900_g_us_ACB3722F0B7D4C0C2932D22409A029AA_37911810572503_lid.jpeg,TLC 40 Series Owners,whatsapp-number-2,971527520120-1517397900@g.us,TLC 40 Series Owners,mcp_whatsapp_number_2_false_971527520120_1517397900_g_us_acb3722f0b7d4c0c2932d22409a029aa_37911810572503_lid,false_971527520120-1517397900@g.us_ACB3722F0B7D4C0C2932D22409A029AA_37911810572503@lid,2026-05-27T15:55:46.000Z,37911810572503,false_971527520120_1517397900_g_us_ACB3722F0B7D4C0C2932D22409A029AA_37911810572503_lid.jpeg,data/raw/imports/mcp_whatsapp_number_2/false_971527520120_1517397900_g_us_ACB3722F0B7D4C0C2932D22409A029AA_37911810572503_lid.jpeg,photo,image,true,image/jpeg,497274
mcp_whatsapp_number_2_false_971527520120_1517397900_g_us_ac1ae6e046eb8ce87add3095b276f493_92225899917317_lid::false_971527520120_1517397900_g_us_AC1AE6E046EB8CE87ADD3095B276F493_92225899917317_lid.jpeg,TLC 40 Series Owners,whatsapp-number-2,971527520120-1517397900@g.us,TLC 40 Series Owners,mcp_whatsapp_number_2_false_971527520120_1517397900_g_us_ac1ae6e046eb8ce87add3095b276f493_92225899917317_lid,false_971527520120-1517397900@g.us_AC1AE6E046EB8CE87ADD3095B276F493_92225899917317@lid,2026-05-28T13:14:23.000Z,92225899917317,false_971527520120_1517397900_g_us_AC1AE6E046EB8CE87ADD3095B276F493_92225899917317_lid.jpeg,data/raw/imports/mcp_whatsapp_number_2/false_971527520120_1517397900_g_us_AC1AE6E046EB8CE87ADD3095B276F493_92225899917317_lid.jpeg,photo,image,true,image/jpeg,1118110
mcp_whatsapp_number_2_false_971527520120_1517397900_g_us_ac3b1bed07bf22214f8593429e4d179e_41635429744809_lid::false_971527520120_1517397900_g_us_AC3B1BED07BF22214F8593429E4D179E_41635429744809_lid.mp4,TLC 40 Series Owners,whatsapp-number-2,971527520120-1517397900@g.us,TLC 40 Series Owners,mcp_whatsapp_number_2_false_971527520120_1517397900_g_us_ac3b1bed07bf22214f8593429e4d179e_41635429744809_lid,false_971527520120-1517397900@g.us_AC3B1BED07BF22214F8593429E4D179E_41635429744809@lid,2026-05-28T17:46:16.000Z,41635429744809,false_971527520120_1517397900_g_us_AC3B1BED07BF22214F8593429E4D179E_41635429744809_lid.mp4,data/raw/imports/mcp_whatsapp_number_2/false_971527520120_1517397900_g_us_AC3B1BED07BF22214F8593429E4D179E_41635429744809_lid.mp4,video,video,true,video/mp4,4470298
mcp_whatsapp_number_2_false_971527520120_1517397900_g_us_a58bcd8bf1757ab93982325b45f50022_98548125290539_lid::false_971527520120_1517397900_g_us_A58BCD8BF1757AB93982325B45F50022_98548125290539_lid.bin,TLC 40 Series Owners,whatsapp-number-2,971527520120-1517397900@g.us,TLC 40 Series Owners,mcp_whatsapp_number_2_false_971527520120_1517397900_g_us_a58bcd8bf1757ab93982325b45f50022_98548125290539_lid,false_971527520120-1517397900@g.us_A58BCD8BF1757AB93982325B45F50022_98548125290539@lid,2026-05-29T07:45:51.000Z,98548125290539,false_971527520120_1517397900_g_us_A58BCD8BF1757AB93982325B45F50022_98548125290539_lid.bin,data/raw/imports/mcp_whatsapp_number_2/false_971527520120_1517397900_g_us_A58BCD8BF1757AB93982325B45F50022_98548125290539_lid.bin,sticker,sticker,true,application/was,66126
mcp_whatsapp_number_2_false_971527520120_1517397900_g_us_acf440256359c6985a35e767d08b3dff_219039053906043_lid::false_971527520120_1517397900_g_us_ACF440256359C6985A35E767D08B3DFF_219039053906043_lid.jpeg,TLC 40 Series Owners,whatsapp-number-2,971527520120-1517397900@g.us,TLC 40 Series Owners,mcp_whatsapp_number_2_false_971527520120_1517397900_g_us_acf440256359c6985a35e767d08b3dff_219039053906043_lid,false_971527520120-1517397900@g.us_ACF440256359C6985A35E767D08B3DFF_219039053906043@lid,2026-05-29T09:24:49.000Z,219039053906043,false_971527520120_1517397900_g_us_ACF440256359C6985A35E767D08B3DFF_219039053906043_lid.jpeg,data/raw/imports/mcp_whatsapp_number_2/false_971527520120_1517397900_g_us_ACF440256359C6985A35E767D08B3DFF_219039053906043_lid.jpeg,photo,image,true,image/jpeg,247315
mcp_whatsapp_number_2_false_971527520120_1517397900_g_us_a569322abd7646634989a7e090cb587d_98548125290539_lid::false_971527520120_1517397900_g_us_A569322ABD7646634989A7E090CB587D_98548125290539_lid.jpeg,TLC 40 Series Owners,whatsapp-number-2,971527520120-1517397900@g.us,TLC 40 Series Owners,mcp_whatsapp_number_2_false_971527520120_1517397900_g_us_a569322abd7646634989a7e090cb587d_98548125290539_lid,false_971527520120-1517397900@g.us_A569322ABD7646634989A7E090CB587D_98548125290539@lid,2026-05-29T14:35:14.000Z,98548125290539,false_971527520120_1517397900_g_us_A569322ABD7646634989A7E090CB587D_98548125290539_lid.jpeg,data/raw/imports/mcp_whatsapp_number_2/false_971527520120_1517397900_g_us_A569322ABD7646634989A7E090CB587D_98548125290539_lid.jpeg,photo,image,true,image/jpeg,162721
mcp_whatsapp_number_2_false_971527520120_1517397900_g_us_a5f4b63763e8688744697a4cbccfde88_98548125290539_lid::false_971527520120_1517397900_g_us_A5F4B63763E8688744697A4CBCCFDE88_98548125290539_lid.jpeg,TLC 40 Series Owners,whatsapp-number-2,971527520120-1517397900@g.us,TLC 40 Series Owners,mcp_whatsapp_number_2_false_971527520120_1517397900_g_us_a5f4b63763e8688744697a4cbccfde88_98548125290539_lid,false_971527520120-1517397900@g.us_A5F4B63763E8688744697A4CBCCFDE88_98548125290539@lid,2026-05-29T14:35:14.000Z,98548125290539,false_971527520120_1517397900_g_us_A5F4B63763E8688744697A4CBCCFDE88_98548125290539_lid.jpeg,data/raw/imports/mcp_whatsapp_number_2/false_971527520120_1517397900_g_us_A5F4B63763E8688744697A4CBCCFDE88_98548125290539_lid.jpeg,photo,image,true,image/jpeg,120006
mcp_whatsapp_number_2_false_971527520120_1517397900_g_us_a5031dd3600d59ada0c825b35a4cd410_98548125290539_lid::false_971527520120_1517397900_g_us_A5031DD3600D59ADA0C825B35A4CD410_98548125290539_lid.jpeg,TLC 40 Series Owners,whatsapp-number-2,971527520120-1517397900@g.us,TLC 40 Series Owners,mcp_whatsapp_number_2_false_971527520120_1517397900_g_us_a5031dd3600d59ada0c825b35a4cd410_98548125290539_lid,false_971527520120-1517397900@g.us_A5031DD3600D59ADA0C825B35A4CD410_98548125290539@lid,2026-05-29T14:57:15.000Z,98548125290539,false_971527520120_1517397900_g_us_A5031DD3600D59ADA0C825B35A4CD410_98548125290539_lid.jpeg,data/raw/imports/mcp_whatsapp_number_2/false_971527520120_1517397900_g_us_A5031DD3600D59ADA0C825B35A4CD410_98548125290539_lid.jpeg,photo,image,true,image/jpeg,236958
mcp_whatsapp_number_2_false_971527520120_1517397900_g_us_a53f2ca223416b8259cdade9346a6958_98548125290539_lid::false_971527520120_1517397900_g_us_A53F2CA223416B8259CDADE9346A6958_98548125290539_lid.jpeg,TLC 40 Series Owners,whatsapp-number-2,971527520120-1517397900@g.us,TLC 40 Series Owners,mcp_whatsapp_number_2_false_971527520120_1517397900_g_us_a53f2ca223416b8259cdade9346a6958_98548125290539_lid,false_971527520120-1517397900@g.us_A53F2CA223416B8259CDADE9346A6958_98548125290539@lid,2026-05-29T14:57:15.000Z,98548125290539,false_971527520120_1517397900_g_us_A53F2CA223416B8259CDADE9346A6958_98548125290539_lid.jpeg,data/raw/imports/mcp_whatsapp_number_2/false_971527520120_1517397900_g_us_A53F2CA223416B8259CDADE9346A6958_98548125290539_lid.jpeg,photo,image,true,image/jpeg,206762
mcp_whatsapp_number_2_false_971527520120_1517397900_g_us_a57722bcbb719f8020141f5ff02a785e_98548125290539_lid::false_971527520120_1517397900_g_us_A57722BCBB719F8020141F5FF02A785E_98548125290539_lid.jpeg,TLC 40 Series Owners,whatsapp-number-2,971527520120-1517397900@g.us,TLC 40 Series Owners,mcp_whatsapp_number_2_false_971527520120_1517397900_g_us_a57722bcbb719f8020141f5ff02a785e_98548125290539_lid,false_971527520120-1517397900@g.us_A57722BCBB719F8020141F5FF02A785E_98548125290539@lid,2026-05-29T14:57:15.000Z,98548125290539,false_971527520120_1517397900_g_us_A57722BCBB719F8020141F5FF02A785E_98548125290539_lid.jpeg,data/raw/imports/mcp_whatsapp_number_2/false_971527520120_1517397900_g_us_A57722BCBB719F8020141F5FF02A785E_98548125290539_lid.jpeg,photo,image,true,image/jpeg,229701
mcp_whatsapp_number_2_false_971527520120_1517397900_g_us_a5c1845574d2db8f2cc3909ac4308d5e_98548125290539_lid::false_971527520120_1517397900_g_us_A5C1845574D2DB8F2CC3909AC4308D5E_98548125290539_lid.jpeg,TLC 40 Series Owners,whatsapp-number-2,971527520120-1517397900@g.us,TLC 40 Series Owners,mcp_whatsapp_number_2_false_971527520120_1517397900_g_us_a5c1845574d2db8f2cc3909ac4308d5e_98548125290539_lid,false_971527520120-1517397900@g.us_A5C1845574D2DB8F2CC3909AC4308D5E_98548125290539@lid,2026-05-29T14:57:15.000Z,98548125290539,false_971527520120_1517397900_g_us_A5C1845574D2DB8F2CC3909AC4308D5E_98548125290539_lid.jpeg,data/raw/imports/mcp_whatsapp_number_2/false_971527520120_1517397900_g_us_A5C1845574D2DB8F2CC3909AC4308D5E_98548125290539_lid.jpeg,photo,image,true,image/jpeg,188862
mcp_whatsapp_number_2_false_971527520120_1517397900_g_us_a566a69d31afe70cac73ea5b33f8e53d_98548125290539_lid::false_971527520120_1517397900_g_us_A566A69D31AFE70CAC73EA5B33F8E53D_98548125290539_lid.jpeg,TLC 40 Series Owners,whatsapp-number-2,971527520120-1517397900@g.us,TLC 40 Series Owners,mcp_whatsapp_number_2_false_971527520120_1517397900_g_us_a566a69d31afe70cac73ea5b33f8e53d_98548125290539_lid,false_971527520120-1517397900@g.us_A566A69D31AFE70CAC73EA5B33F8E53D_98548125290539@lid,2026-05-29T15:20:41.000Z,98548125290539,false_971527520120_1517397900_g_us_A566A69D31AFE70CAC73EA5B33F8E53D_98548125290539_lid.jpeg,data/raw/imports/mcp_whatsapp_number_2/false_971527520120_1517397900_g_us_A566A69D31AFE70CAC73EA5B33F8E53D_98548125290539_lid.jpeg,photo,image,true,image/jpeg,175621
mcp_whatsapp_number_2_false_971527520120_1517397900_g_us_ac2cf850576c691b0ad764e96f69515f_195330918379676_lid::false_971527520120_1517397900_g_us_AC2CF850576C691B0AD764E96F69515F_195330918379676_lid.jpeg,TLC 40 Series Owners,whatsapp-number-2,971527520120-1517397900@g.us,TLC 40 Series Owners,mcp_whatsapp_number_2_false_971527520120_1517397900_g_us_ac2cf850576c691b0ad764e96f69515f_195330918379676_lid,false_971527520120-1517397900@g.us_AC2CF850576C691B0AD764E96F69515F_195330918379676@lid,2026-05-30T08:31:00.000Z,195330918379676,false_971527520120_1517397900_g_us_AC2CF850576C691B0AD764E96F69515F_195330918379676_lid.jpeg,data/raw/imports/mcp_whatsapp_number_2/false_971527520120_1517397900_g_us_AC2CF850576C691B0AD764E96F69515F_195330918379676_lid.jpeg,photo,image,true,image/jpeg,107127
mcp_whatsapp_number_2_false_971527520120_1517397900_g_us_ac73931f5fe7f225f21d9afe6426279f_195330918379676_lid::false_971527520120_1517397900_g_us_AC73931F5FE7F225F21D9AFE6426279F_195330918379676_lid.jpeg,TLC 40 Series Owners,whatsapp-number-2,971527520120-1517397900@g.us,TLC 40 Series Owners,mcp_whatsapp_number_2_false_971527520120_1517397900_g_us_ac73931f5fe7f225f21d9afe6426279f_195330918379676_lid,false_971527520120-1517397900@g.us_AC73931F5FE7F225F21D9AFE6426279F_195330918379676@lid,2026-05-30T08:31:01.000Z,195330918379676,false_971527520120_1517397900_g_us_AC73931F5FE7F225F21D9AFE6426279F_195330918379676_lid.jpeg,data/raw/imports/mcp_whatsapp_number_2/false_971527520120_1517397900_g_us_AC73931F5FE7F225F21D9AFE6426279F_195330918379676_lid.jpeg,photo,image,true,image/jpeg,165564
mcp_whatsapp_number_2_false_971527520120_1517397900_g_us_accd0096e80c4715380b2bfab5c4dc9e_195330918379676_lid::false_971527520120_1517397900_g_us_ACCD0096E80C4715380B2BFAB5C4DC9E_195330918379676_lid.jpeg,TLC 40 Series Owners,whatsapp-number-2,971527520120-1517397900@g.us,TLC 40 Series Owners,mcp_whatsapp_number_2_false_971527520120_1517397900_g_us_accd0096e80c4715380b2bfab5c4dc9e_195330918379676_lid,false_971527520120-1517397900@g.us_ACCD0096E80C4715380B2BFAB5C4DC9E_195330918379676@lid,2026-05-30T08:31:01.000Z,195330918379676,false_971527520120_1517397900_g_us_ACCD0096E80C4715380B2BFAB5C4DC9E_195330918379676_lid.jpeg,data/raw/imports/mcp_whatsapp_number_2/false_971527520120_1517397900_g_us_ACCD0096E80C4715380B2BFAB5C4DC9E_195330918379676_lid.jpeg,photo,image,true,image/jpeg,165929
mcp_whatsapp_number_2_false_971527520120_1517397900_g_us_3a040ce1113051fc8fd6_131761191297256_lid::false_971527520120_1517397900_g_us_3A040CE1113051FC8FD6_131761191297256_lid.jpeg,TLC 40 Series Owners,whatsapp-number-2,971527520120-1517397900@g.us,TLC 40 Series Owners,mcp_whatsapp_number_2_false_971527520120_1517397900_g_us_3a040ce1113051fc8fd6_131761191297256_lid,false_971527520120-1517397900@g.us_3A040CE1113051FC8FD6_131761191297256@lid,2026-06-02T09:35:28.000Z,131761191297256,false_971527520120_1517397900_g_us_3A040CE1113051FC8FD6_131761191297256_lid.jpeg,data/raw/imports/mcp_whatsapp_number_2/false_971527520120_1517397900_g_us_3A040CE1113051FC8FD6_131761191297256_lid.jpeg,photo,image,true,image/jpeg,399973
mcp_whatsapp_number_2_false_971527520120_1517397900_g_us_ac70d86748ffe86ee636c0d0ba7423d7_124395255255221_lid::false_971527520120_1517397900_g_us_AC70D86748FFE86EE636C0D0BA7423D7_124395255255221_lid.mp4,TLC 40 Series Owners,whatsapp-number-2,971527520120-1517397900@g.us,TLC 40 Series Owners,mcp_whatsapp_number_2_false_971527520120_1517397900_g_us_ac70d86748ffe86ee636c0d0ba7423d7_124395255255221_lid,false_971527520120-1517397900@g.us_AC70D86748FFE86EE636C0D0BA7423D7_124395255255221@lid,2026-06-03T11:37:12.000Z,124395255255221,false_971527520120_1517397900_g_us_AC70D86748FFE86EE636C0D0BA7423D7_124395255255221_lid.mp4,data/raw/imports/mcp_whatsapp_number_2/false_971527520120_1517397900_g_us_AC70D86748FFE86EE636C0D0BA7423D7_124395255255221_lid.mp4,video,video,true,video/mp4,1985066
mcp_whatsapp_number_2_false_971527520120_1517397900_g_us_3eb0264d69ecd7f568d37b_262787741827282_lid::false_971527520120_1517397900_g_us_3EB0264D69ECD7F568D37B_262787741827282_lid.jpeg,TLC 40 Series Owners,whatsapp-number-2,971527520120-1517397900@g.us,TLC 40 Series Owners,mcp_whatsapp_number_2_false_971527520120_1517397900_g_us_3eb0264d69ecd7f568d37b_262787741827282_lid,false_971527520120-1517397900@g.us_3EB0264D69ECD7F568D37B_262787741827282@lid,2026-06-05T19:43:55.000Z,262787741827282,false_971527520120_1517397900_g_us_3EB0264D69ECD7F568D37B_262787741827282_lid.jpeg,data/raw/imports/mcp_whatsapp_number_2/false_971527520120_1517397900_g_us_3EB0264D69ECD7F568D37B_262787741827282_lid.jpeg,photo,image,true,image/jpeg,94150
mcp_whatsapp_number_2_false_971527520120_1517397900_g_us_3eb0c08a8c15ab21d10b79_262787741827282_lid::false_971527520120_1517397900_g_us_3EB0C08A8C15AB21D10B79_262787741827282_lid.jpeg,TLC 40 Series Owners,whatsapp-number-2,971527520120-1517397900@g.us,TLC 40 Series Owners,mcp_whatsapp_number_2_false_971527520120_1517397900_g_us_3eb0c08a8c15ab21d10b79_262787741827282_lid,false_971527520120-1517397900@g.us_3EB0C08A8C15AB21D10B79_262787741827282@lid,2026-06-05T19:45:56.000Z,262787741827282,false_971527520120_1517397900_g_us_3EB0C08A8C15AB21D10B79_262787741827282_lid.jpeg,data/raw/imports/mcp_whatsapp_number_2/false_971527520120_1517397900_g_us_3EB0C08A8C15AB21D10B79_262787741827282_lid.jpeg,photo,image,true,image/jpeg,161245
mcp_whatsapp_number_2_false_971527520120_1517397900_g_us_ac9ad71a4514a17ad902710ddeacae8c_41635429744809_lid::false_971527520120_1517397900_g_us_AC9AD71A4514A17AD902710DDEACAE8C_41635429744809_lid.mp4,TLC 40 Series Owners,whatsapp-number-2,971527520120-1517397900@g.us,TLC 40 Series Owners,mcp_whatsapp_number_2_false_971527520120_1517397900_g_us_ac9ad71a4514a17ad902710ddeacae8c_41635429744809_lid,false_971527520120-1517397900@g.us_AC9AD71A4514A17AD902710DDEACAE8C_41635429744809@lid,2026-06-06T08:46:45.000Z,41635429744809,false_971527520120_1517397900_g_us_AC9AD71A4514A17AD902710DDEACAE8C_41635429744809_lid.mp4,data/raw/imports/mcp_whatsapp_number_2/false_971527520120_1517397900_g_us_AC9AD71A4514A17AD902710DDEACAE8C_41635429744809_lid.mp4,video,video,true,video/mp4,13812269
mcp_whatsapp_number_2_false_971527520120_1517397900_g_us_2a895643f65fc2ef04e7_30369831203040_lid::false_971527520120_1517397900_g_us_2A895643F65FC2EF04E7_30369831203040_lid.jpeg,TLC 40 Series Owners,whatsapp-number-2,971527520120-1517397900@g.us,TLC 40 Series Owners,mcp_whatsapp_number_2_false_971527520120_1517397900_g_us_2a895643f65fc2ef04e7_30369831203040_lid,false_971527520120-1517397900@g.us_2A895643F65FC2EF04E7_30369831203040@lid,2026-06-06T08:59:46.000Z,30369831203040,false_971527520120_1517397900_g_us_2A895643F65FC2EF04E7_30369831203040_lid.jpeg,data/raw/imports/mcp_whatsapp_number_2/false_971527520120_1517397900_g_us_2A895643F65FC2EF04E7_30369831203040_lid.jpeg,photo,image,true,image/jpeg,368486
mcp_whatsapp_number_2_false_971527520120_1517397900_g_us_2ace621906a443ad790e_30369831203040_lid::false_971527520120_1517397900_g_us_2ACE621906A443AD790E_30369831203040_lid.jpeg,TLC 40 Series Owners,whatsapp-number-2,971527520120-1517397900@g.us,TLC 40 Series Owners,mcp_whatsapp_number_2_false_971527520120_1517397900_g_us_2ace621906a443ad790e_30369831203040_lid,false_971527520120-1517397900@g.us_2ACE621906A443AD790E_30369831203040@lid,2026-06-06T09:02:41.000Z,30369831203040,false_971527520120_1517397900_g_us_2ACE621906A443AD790E_30369831203040_lid.jpeg,data/raw/imports/mcp_whatsapp_number_2/false_971527520120_1517397900_g_us_2ACE621906A443AD790E_30369831203040_lid.jpeg,photo,image,true,image/jpeg,178298
mcp_whatsapp_number_2_false_971527520120_1517397900_g_us_acc95d8e4b95e86a3fa6457f4260219a_215290134696065_lid::false_971527520120_1517397900_g_us_ACC95D8E4B95E86A3FA6457F4260219A_215290134696065_lid.jpeg,TLC 40 Series Owners,whatsapp-number-2,971527520120-1517397900@g.us,TLC 40 Series Owners,mcp_whatsapp_number_2_false_971527520120_1517397900_g_us_acc95d8e4b95e86a3fa6457f4260219a_215290134696065_lid,false_971527520120-1517397900@g.us_ACC95D8E4B95E86A3FA6457F4260219A_215290134696065@lid,2026-06-06T09:36:47.000Z,215290134696065,false_971527520120_1517397900_g_us_ACC95D8E4B95E86A3FA6457F4260219A_215290134696065_lid.jpeg,data/raw/imports/mcp_whatsapp_number_2/false_971527520120_1517397900_g_us_ACC95D8E4B95E86A3FA6457F4260219A_215290134696065_lid.jpeg,photo,image,true,image/jpeg,259151
mcp_whatsapp_number_2_false_971527520120_1517397900_g_us_ac4a4e13538a082c3a2433b8bbeea753_215290134696065_lid::false_971527520120_1517397900_g_us_AC4A4E13538A082C3A2433B8BBEEA753_215290134696065_lid.jpeg,TLC 40 Series Owners,whatsapp-number-2,971527520120-1517397900@g.us,TLC 40 Series Owners,mcp_whatsapp_number_2_false_971527520120_1517397900_g_us_ac4a4e13538a082c3a2433b8bbeea753_215290134696065_lid,false_971527520120-1517397900@g.us_AC4A4E13538A082C3A2433B8BBEEA753_215290134696065@lid,2026-06-06T09:37:03.000Z,215290134696065,false_971527520120_1517397900_g_us_AC4A4E13538A082C3A2433B8BBEEA753_215290134696065_lid.jpeg,data/raw/imports/mcp_whatsapp_number_2/false_971527520120_1517397900_g_us_AC4A4E13538A082C3A2433B8BBEEA753_215290134696065_lid.jpeg,photo,image,true,image/jpeg,115848
mcp_whatsapp_number_2_false_971527520120_1517397900_g_us_ac91bfe44f7b938aeac19ec0eb13964c_112803037855909_lid::false_971527520120_1517397900_g_us_AC91BFE44F7B938AEAC19EC0EB13964C_112803037855909_lid.jpeg,TLC 40 Series Owners,whatsapp-number-2,971527520120-1517397900@g.us,TLC 40 Series Owners,mcp_whatsapp_number_2_false_971527520120_1517397900_g_us_ac91bfe44f7b938aeac19ec0eb13964c_112803037855909_lid,false_971527520120-1517397900@g.us_AC91BFE44F7B938AEAC19EC0EB13964C_112803037855909@lid,2026-06-06T10:17:12.000Z,112803037855909,false_971527520120_1517397900_g_us_AC91BFE44F7B938AEAC19EC0EB13964C_112803037855909_lid.jpeg,data/raw/imports/mcp_whatsapp_number_2/false_971527520120_1517397900_g_us_AC91BFE44F7B938AEAC19EC0EB13964C_112803037855909_lid.jpeg,photo,image,true,image/jpeg,60024
mcp_whatsapp_number_2_false_971527520120_1517397900_g_us_ac95eb3913a63384bd21da2185e6dd37_112803037855909_lid::false_971527520120_1517397900_g_us_AC95EB3913A63384BD21DA2185E6DD37_112803037855909_lid.jpeg,TLC 40 Series Owners,whatsapp-number-2,971527520120-1517397900@g.us,TLC 40 Series Owners,mcp_whatsapp_number_2_false_971527520120_1517397900_g_us_ac95eb3913a63384bd21da2185e6dd37_112803037855909_lid,false_971527520120-1517397900@g.us_AC95EB3913A63384BD21DA2185E6DD37_112803037855909@lid,2026-06-06T10:17:17.000Z,112803037855909,false_971527520120_1517397900_g_us_AC95EB3913A63384BD21DA2185E6DD37_112803037855909_lid.jpeg,data/raw/imports/mcp_whatsapp_number_2/false_971527520120_1517397900_g_us_AC95EB3913A63384BD21DA2185E6DD37_112803037855909_lid.jpeg,photo,image,true,image/jpeg,49630
mcp_whatsapp_number_2_false_971527520120_1517397900_g_us_acf1de103c5e81d59815af8952f3ea93_112803037855909_lid::false_971527520120_1517397900_g_us_ACF1DE103C5E81D59815AF8952F3EA93_112803037855909_lid.jpeg,TLC 40 Series Owners,whatsapp-number-2,971527520120-1517397900@g.us,TLC 40 Series Owners,mcp_whatsapp_number_2_false_971527520120_1517397900_g_us_acf1de103c5e81d59815af8952f3ea93_112803037855909_lid,false_971527520120-1517397900@g.us_ACF1DE103C5E81D59815AF8952F3EA93_112803037855909@lid,2026-06-06T10:17:21.000Z,112803037855909,false_971527520120_1517397900_g_us_ACF1DE103C5E81D59815AF8952F3EA93_112803037855909_lid.jpeg,data/raw/imports/mcp_whatsapp_number_2/false_971527520120_1517397900_g_us_ACF1DE103C5E81D59815AF8952F3EA93_112803037855909_lid.jpeg,photo,image,true,image/jpeg,38620
mcp_whatsapp_number_2_false_971527520120_1517397900_g_us_ac404b7cc031ef5eb422758b8992cd8a_112803037855909_lid::false_971527520120_1517397900_g_us_AC404B7CC031EF5EB422758B8992CD8A_112803037855909_lid.jpeg,TLC 40 Series Owners,whatsapp-number-2,971527520120-1517397900@g.us,TLC 40 Series Owners,mcp_whatsapp_number_2_false_971527520120_1517397900_g_us_ac404b7cc031ef5eb422758b8992cd8a_112803037855909_lid,false_971527520120-1517397900@g.us_AC404B7CC031EF5EB422758B8992CD8A_112803037855909@lid,2026-06-06T10:17:26.000Z,112803037855909,false_971527520120_1517397900_g_us_AC404B7CC031EF5EB422758B8992CD8A_112803037855909_lid.jpeg,data/raw/imports/mcp_whatsapp_number_2/false_971527520120_1517397900_g_us_AC404B7CC031EF5EB422758B8992CD8A_112803037855909_lid.jpeg,photo,image,true,image/jpeg,66674
mcp_whatsapp_number_2_false_971527520120_1517397900_g_us_acfcc42b19ebf6b9b2a62bb97732679c_112803037855909_lid::false_971527520120_1517397900_g_us_ACFCC42B19EBF6B9B2A62BB97732679C_112803037855909_lid.jpeg,TLC 40 Series Owners,whatsapp-number-2,971527520120-1517397900@g.us,TLC 40 Series Owners,mcp_whatsapp_number_2_false_971527520120_1517397900_g_us_acfcc42b19ebf6b9b2a62bb97732679c_112803037855909_lid,false_971527520120-1517397900@g.us_ACFCC42B19EBF6B9B2A62BB97732679C_112803037855909@lid,2026-06-06T10:17:34.000Z,112803037855909,false_971527520120_1517397900_g_us_ACFCC42B19EBF6B9B2A62BB97732679C_112803037855909_lid.jpeg,data/raw/imports/mcp_whatsapp_number_2/false_971527520120_1517397900_g_us_ACFCC42B19EBF6B9B2A62BB97732679C_112803037855909_lid.jpeg,photo,image,true,image/jpeg,317214
mcp_whatsapp_number_2_false_971527520120_1517397900_g_us_3aa0a402d217b88b57c4_262787741827282_lid::false_971527520120_1517397900_g_us_3AA0A402D217B88B57C4_262787741827282_lid.mp4,TLC 40 Series Owners,whatsapp-number-2,971527520120-1517397900@g.us,TLC 40 Series Owners,mcp_whatsapp_number_2_false_971527520120_1517397900_g_us_3aa0a402d217b88b57c4_262787741827282_lid,false_971527520120-1517397900@g.us_3AA0A402D217B88B57C4_262787741827282@lid,2026-06-06T17:56:07.000Z,262787741827282,false_971527520120_1517397900_g_us_3AA0A402D217B88B57C4_262787741827282_lid.mp4,data/raw/imports/mcp_whatsapp_number_2/false_971527520120_1517397900_g_us_3AA0A402D217B88B57C4_262787741827282_lid.mp4,video,video,true,video/mp4,2204821
mcp_whatsapp_number_2_false_971527520120_1517397900_g_us_3aeadb3cfbfffbcf660a_160082188873865_lid::false_971527520120_1517397900_g_us_3AEADB3CFBFFFBCF660A_160082188873865_lid.mp4,TLC 40 Series Owners,whatsapp-number-2,971527520120-1517397900@g.us,TLC 40 Series Owners,mcp_whatsapp_number_2_false_971527520120_1517397900_g_us_3aeadb3cfbfffbcf660a_160082188873865_lid,false_971527520120-1517397900@g.us_3AEADB3CFBFFFBCF660A_160082188873865@lid,2026-06-08T18:58:49.000Z,160082188873865,false_971527520120_1517397900_g_us_3AEADB3CFBFFFBCF660A_160082188873865_lid.mp4,data/raw/imports/mcp_whatsapp_number_2/false_971527520120_1517397900_g_us_3AEADB3CFBFFFBCF660A_160082188873865_lid.mp4,video,video,true,video/mp4,2190247
mcp_whatsapp_number_2_false_971527520120_1517397900_g_us_a5c6aaf70aa7f042c82d7f71b1a5e459_98548125290539_lid::false_971527520120_1517397900_g_us_A5C6AAF70AA7F042C82D7F71B1A5E459_98548125290539_lid.mp4,TLC 40 Series Owners,whatsapp-number-2,971527520120-1517397900@g.us,TLC 40 Series Owners,mcp_whatsapp_number_2_false_971527520120_1517397900_g_us_a5c6aaf70aa7f042c82d7f71b1a5e459_98548125290539_lid,false_971527520120-1517397900@g.us_A5C6AAF70AA7F042C82D7F71B1A5E459_98548125290539@lid,2026-06-09T20:16:31.000Z,98548125290539,false_971527520120_1517397900_g_us_A5C6AAF70AA7F042C82D7F71B1A5E459_98548125290539_lid.mp4,data/raw/imports/mcp_whatsapp_number_2/false_971527520120_1517397900_g_us_A5C6AAF70AA7F042C82D7F71B1A5E459_98548125290539_lid.mp4,video,video,true,video/mp4,1625644
mcp_whatsapp_number_2_false_971527520120_1517397900_g_us_3ab144f75bf88083249b_42507291328542_lid::false_971527520120_1517397900_g_us_3AB144F75BF88083249B_42507291328542_lid.webp,TLC 40 Series Owners,whatsapp-number-2,971527520120-1517397900@g.us,TLC 40 Series Owners,mcp_whatsapp_number_2_false_971527520120_1517397900_g_us_3ab144f75bf88083249b_42507291328542_lid,false_971527520120-1517397900@g.us_3AB144F75BF88083249B_42507291328542@lid,2026-06-10T04:05:36.000Z,42507291328542,false_971527520120_1517397900_g_us_3AB144F75BF88083249B_42507291328542_lid.webp,data/raw/imports/mcp_whatsapp_number_2/false_971527520120_1517397900_g_us_3AB144F75BF88083249B_42507291328542_lid.webp,sticker,sticker,true,image/webp,59104
mcp_whatsapp_number_2_false_971527520120_1517397900_g_us_3a7199f76ccecc3712a1_160082188873865_lid::false_971527520120_1517397900_g_us_3A7199F76CCECC3712A1_160082188873865_lid.mp4,TLC 40 Series Owners,whatsapp-number-2,971527520120-1517397900@g.us,TLC 40 Series Owners,mcp_whatsapp_number_2_false_971527520120_1517397900_g_us_3a7199f76ccecc3712a1_160082188873865_lid,false_971527520120-1517397900@g.us_3A7199F76CCECC3712A1_160082188873865@lid,2026-06-10T19:41:50.000Z,160082188873865,false_971527520120_1517397900_g_us_3A7199F76CCECC3712A1_160082188873865_lid.mp4,data/raw/imports/mcp_whatsapp_number_2/false_971527520120_1517397900_g_us_3A7199F76CCECC3712A1_160082188873865_lid.mp4,video,video,true,video/mp4,9333948
mcp_whatsapp_number_2_false_971527520120_1517397900_g_us_acd4c1d39d1a37df68bc5a938c2bd4aa_215290134696065_lid::false_971527520120_1517397900_g_us_ACD4C1D39D1A37DF68BC5A938C2BD4AA_215290134696065_lid.jpeg,TLC 40 Series Owners,whatsapp-number-2,971527520120-1517397900@g.us,TLC 40 Series Owners,mcp_whatsapp_number_2_false_971527520120_1517397900_g_us_acd4c1d39d1a37df68bc5a938c2bd4aa_215290134696065_lid,false_971527520120-1517397900@g.us_ACD4C1D39D1A37DF68BC5A938C2BD4AA_215290134696065@lid,2026-06-11T08:20:13.000Z,215290134696065,false_971527520120_1517397900_g_us_ACD4C1D39D1A37DF68BC5A938C2BD4AA_215290134696065_lid.jpeg,data/raw/imports/mcp_whatsapp_number_2/false_971527520120_1517397900_g_us_ACD4C1D39D1A37DF68BC5A938C2BD4AA_215290134696065_lid.jpeg,photo,image,true,image/jpeg,105040
mcp_whatsapp_number_2_false_971527520120_1517397900_g_us_ace490052f030dcf6c03112e90a92660_215290134696065_lid::false_971527520120_1517397900_g_us_ACE490052F030DCF6C03112E90A92660_215290134696065_lid.jpeg,TLC 40 Series Owners,whatsapp-number-2,971527520120-1517397900@g.us,TLC 40 Series Owners,mcp_whatsapp_number_2_false_971527520120_1517397900_g_us_ace490052f030dcf6c03112e90a92660_215290134696065_lid,false_971527520120-1517397900@g.us_ACE490052F030DCF6C03112E90A92660_215290134696065@lid,2026-06-11T08:21:54.000Z,215290134696065,false_971527520120_1517397900_g_us_ACE490052F030DCF6C03112E90A92660_215290134696065_lid.jpeg,data/raw/imports/mcp_whatsapp_number_2/false_971527520120_1517397900_g_us_ACE490052F030DCF6C03112E90A92660_215290134696065_lid.jpeg,photo,image,true,image/jpeg,122950
mcp_whatsapp_number_2_false_971527520120_1517397900_g_us_3ab173fb1883ea02b070_141695467426036_lid::false_971527520120_1517397900_g_us_3AB173FB1883EA02B070_141695467426036_lid.jpeg,TLC 40 Series Owners,whatsapp-number-2,971527520120-1517397900@g.us,TLC 40 Series Owners,mcp_whatsapp_number_2_false_971527520120_1517397900_g_us_3ab173fb1883ea02b070_141695467426036_lid,false_971527520120-1517397900@g.us_3AB173FB1883EA02B070_141695467426036@lid,2026-06-11T09:10:21.000Z,141695467426036,false_971527520120_1517397900_g_us_3AB173FB1883EA02B070_141695467426036_lid.jpeg,data/raw/imports/mcp_whatsapp_number_2/false_971527520120_1517397900_g_us_3AB173FB1883EA02B070_141695467426036_lid.jpeg,photo,image,true,image/jpeg,183693
mcp_whatsapp_number_2_false_971527520120_1517397900_g_us_3ad2c8e6bb79fd255719_141695467426036_lid::false_971527520120_1517397900_g_us_3AD2C8E6BB79FD255719_141695467426036_lid.mp4,TLC 40 Series Owners,whatsapp-number-2,971527520120-1517397900@g.us,TLC 40 Series Owners,mcp_whatsapp_number_2_false_971527520120_1517397900_g_us_3ad2c8e6bb79fd255719_141695467426036_lid,false_971527520120-1517397900@g.us_3AD2C8E6BB79FD255719_141695467426036@lid,2026-06-11T09:13:02.000Z,141695467426036,false_971527520120_1517397900_g_us_3AD2C8E6BB79FD255719_141695467426036_lid.mp4,data/raw/imports/mcp_whatsapp_number_2/false_971527520120_1517397900_g_us_3AD2C8E6BB79FD255719_141695467426036_lid.mp4,video,video,true,video/mp4,2005602
mcp_whatsapp_number_2_false_971527520120_1517397900_g_us_ac4266104b0c4a921591728ff37a585e_112803037855909_lid::false_971527520120_1517397900_g_us_AC4266104B0C4A921591728FF37A585E_112803037855909_lid.jpeg,TLC 40 Series Owners,whatsapp-number-2,971527520120-1517397900@g.us,TLC 40 Series Owners,mcp_whatsapp_number_2_false_971527520120_1517397900_g_us_ac4266104b0c4a921591728ff37a585e_112803037855909_lid,false_971527520120-1517397900@g.us_AC4266104B0C4A921591728FF37A585E_112803037855909@lid,2026-06-11T10:31:17.000Z,112803037855909,false_971527520120_1517397900_g_us_AC4266104B0C4A921591728FF37A585E_112803037855909_lid.jpeg,data/raw/imports/mcp_whatsapp_number_2/false_971527520120_1517397900_g_us_AC4266104B0C4A921591728FF37A585E_112803037855909_lid.jpeg,photo,image,true,image/jpeg,115236
mcp_whatsapp_number_2_false_971527520120_1517397900_g_us_ac876cac224210c4105f78e10763307d_215290134696065_lid::false_971527520120_1517397900_g_us_AC876CAC224210C4105F78E10763307D_215290134696065_lid.jpeg,TLC 40 Series Owners,whatsapp-number-2,971527520120-1517397900@g.us,TLC 40 Series Owners,mcp_whatsapp_number_2_false_971527520120_1517397900_g_us_ac876cac224210c4105f78e10763307d_215290134696065_lid,false_971527520120-1517397900@g.us_AC876CAC224210C4105F78E10763307D_215290134696065@lid,2026-06-13T09:24:51.000Z,215290134696065,false_971527520120_1517397900_g_us_AC876CAC224210C4105F78E10763307D_215290134696065_lid.jpeg,data/raw/imports/mcp_whatsapp_number_2/false_971527520120_1517397900_g_us_AC876CAC224210C4105F78E10763307D_215290134696065_lid.jpeg,photo,image,true,image/jpeg,218468
