message_id,raw_message_id,source_name,source_profile,chat_id,chat_name,timestamp,author,from_me,type,body,clean_text,keyword_hits,is_relevant
mcp_whatsapp_number_1_archive_akber_khan_00001,akber_khan-00001,Akbar Khan,whatsapp-number-1,archive::akbar_khan,Akbar Khan,2023-12-24T12:22:11,Akbar Khan,false,chat,What's the plan stan ?,What's the plan stan ?,,true
mcp_whatsapp_number_1_archive_akber_khan_00002,akber_khan-00002,Akbar Khan,whatsapp-number-1,archive::akbar_khan,Akbar Khan,2023-12-24T13:52:07,Akbar Khan,false,chat,Ur at the club right now ?,Ur at the club right now ?,,true
mcp_whatsapp_number_1_archive_akber_khan_00003,akber_khan-00003,Akbar Khan,whatsapp-number-1,archive::akbar_khan,Akbar Khan,2023-12-24T15:50:31,Akbar Khan,false,chat,What's ur home address ?,What's ur home address ?,,true
mcp_whatsapp_number_1_archive_akber_khan_00004,akber_khan-00004,Akbar Khan,whatsapp-number-1,archive::akbar_khan,Akbar Khan,2023-12-24T15:50:46,Akbar Khan,false,chat,What quantity do we need of brussel sprouts,What quantity do we need of brussel sprouts,,true
mcp_whatsapp_number_1_archive_akber_khan_00005,akber_khan-00005,Akbar Khan,whatsapp-number-1,archive::akbar_khan,Akbar Khan,2023-12-24T15:52:59,David,false,chat,Like a bowl full,Like a bowl full,,true
mcp_whatsapp_number_1_archive_akber_khan_00006,akber_khan-00006,Akbar Khan,whatsapp-number-1,archive::akbar_khan,Akbar Khan,2023-12-24T15:53:08,Akbar Khan,false,chat,So 2 kg ?,So 2 kg ?,,true
mcp_whatsapp_number_1_archive_akber_khan_00007,akber_khan-00007,Akbar Khan,whatsapp-number-1,archive::akbar_khan,Akbar Khan,2023-12-24T15:55:10,David,false,chat,"287, street 24/1, sector K, phase 5","287, street 24/1, sector K, phase 5",,true
mcp_whatsapp_number_1_archive_akber_khan_00008,akber_khan-00008,Akbar Khan,whatsapp-number-1,archive::akbar_khan,Akbar Khan,2023-12-24T16:33:32,Akbar Khan,false,chat,https://freshbasket.com.pk/,https://freshbasket.com.pk/,,true
mcp_whatsapp_number_1_archive_akber_khan_00009,akber_khan-00009,Akbar Khan,whatsapp-number-1,archive::akbar_khan,Akbar Khan,2023-12-24T16:33:33,Akbar Khan,false,chat,‎image omitted,image omitted,,true
mcp_whatsapp_number_1_archive_akber_khan_00010,akber_khan-00010,Akbar Khan,whatsapp-number-1,archive::akbar_khan,Akbar Khan,2023-12-24T16:33:46,Akbar Khan,false,chat,Only two bags left. 750 each. 300 gms total,Only two bags left. 750 each. 300 gms total,,true
mcp_whatsapp_number_1_archive_akber_khan_00011,akber_khan-00011,Akbar Khan,whatsapp-number-1,archive::akbar_khan,Akbar Khan,2023-12-24T16:33:48,Akbar Khan,false,chat,Yikes,Yikes,,true
mcp_whatsapp_number_1_archive_akber_khan_00012,akber_khan-00012,Akbar Khan,whatsapp-number-1,archive::akbar_khan,Akbar Khan,2023-12-24T16:35:00,David,false,chat,"Fine. I'll take it. Needs an online transfer of 1,500 then?","Fine. I'll take it. Needs an online transfer of 1,500 then?",,true
mcp_whatsapp_number_1_archive_akber_khan_00013,akber_khan-00013,Akbar Khan,whatsapp-number-1,archive::akbar_khan,Akbar Khan,2023-12-24T16:36:27,Akbar Khan,false,chat,Yeah one sec. Talking to the guy,Yeah one sec. Talking to the guy,,true
mcp_whatsapp_number_1_archive_akber_khan_00014,akber_khan-00014,Akbar Khan,whatsapp-number-1,archive::akbar_khan,Akbar Khan,2023-12-24T16:36:31,Akbar Khan,false,chat,Trying to find a bit more,Trying to find a bit more,,true
mcp_whatsapp_number_1_archive_akber_khan_00015,akber_khan-00015,Akbar Khan,whatsapp-number-1,archive::akbar_khan,Akbar Khan,2023-12-24T16:39:00,Akbar Khan,false,chat,Transfer 3010 here,Transfer 3010 here,,true
mcp_whatsapp_number_1_archive_akber_khan_00016,akber_khan-00016,Akbar Khan,whatsapp-number-1,archive::akbar_khan,Akbar Khan,2023-12-24T16:39:19,Akbar Khan,false,chat,I got 4 bags :P So that's slightly above half a kg,I got 4 bags :P So that's slightly above half a kg,,true
mcp_whatsapp_number_1_archive_akber_khan_00017,akber_khan-00017,Akbar Khan,whatsapp-number-1,archive::akbar_khan,Akbar Khan,2023-12-24T16:39:32,Akbar Khan,false,chat,‎,,,true
mcp_whatsapp_number_1_archive_akber_khan_00018,akber_khan-00018,Akbar Khan,whatsapp-number-1,archive::akbar_khan,Akbar Khan,2023-12-24T16:39:37,Akbar Khan,false,chat,Delivery in 60 min,Delivery in 60 min,,true
mcp_whatsapp_number_1_archive_akber_khan_00019,akber_khan-00019,Akbar Khan,whatsapp-number-1,archive::akbar_khan,Akbar Khan,2023-12-24T16:42:52,Akbar Khan,false,chat,This would be the Xmas miracle I suppose,This would be the Xmas miracle I suppose,,true
mcp_whatsapp_number_1_archive_akber_khan_00020,akber_khan-00020,Akbar Khan,whatsapp-number-1,archive::akbar_khan,Akbar Khan,2023-12-24T16:43:52,David,false,chat,its paid,its paid,,true
mcp_whatsapp_number_1_archive_akber_khan_00021,akber_khan-00021,Akbar Khan,whatsapp-number-1,archive::akbar_khan,Akbar Khan,2023-12-24T16:44:17,David,false,chat,having got the turkey home I think the christmas miracle might be that its cooked before the 26th,having got the turkey home I think the christmas miracle might be that its cooked before the 26th,,true
mcp_whatsapp_number_1_archive_akber_khan_00022,akber_khan-00022,Akbar Khan,whatsapp-number-1,archive::akbar_khan,Akbar Khan,2023-12-24T16:47:58,Akbar Khan,false,chat,Lol,Lol,,true
mcp_whatsapp_number_1_archive_akber_khan_00023,akber_khan-00023,Akbar Khan,whatsapp-number-1,archive::akbar_khan,Akbar Khan,2023-12-24T16:48:05,Akbar Khan,false,chat,Yeah. That's part 2 of the issue,Yeah. That's part 2 of the issue,,true
mcp_whatsapp_number_1_archive_akber_khan_00024,akber_khan-00024,Akbar Khan,whatsapp-number-1,archive::akbar_khan,Akbar Khan,2023-12-24T16:48:32,Akbar Khan,false,chat,I have a big ass knife / chopper if that's of any use,I have a big ass knife / chopper if that's of any use,,true
mcp_whatsapp_number_1_archive_akber_khan_00025,akber_khan-00025,Akbar Khan,whatsapp-number-1,archive::akbar_khan,Akbar Khan,2023-12-24T16:48:35,Akbar Khan,false,chat,Although I don't think so,Although I don't think so,,true
mcp_whatsapp_number_1_archive_akber_khan_00026,akber_khan-00026,Akbar Khan,whatsapp-number-1,archive::akbar_khan,Akbar Khan,2023-12-24T16:48:37,David,false,chat,Already on it ‎image omitted,Already on it image omitted,,true
mcp_whatsapp_number_1_archive_akber_khan_00027,akber_khan-00027,Akbar Khan,whatsapp-number-1,archive::akbar_khan,Akbar Khan,2023-12-24T16:48:43,Akbar Khan,false,chat,Electric saw would be good,Electric saw would be good,,true
mcp_whatsapp_number_1_archive_akber_khan_00028,akber_khan-00028,Akbar Khan,whatsapp-number-1,archive::akbar_khan,Akbar Khan,2023-12-24T16:48:45,Akbar Khan,false,chat,Ahhhh yes,Ahhhh yes,,true
mcp_whatsapp_number_1_archive_akber_khan_00029,akber_khan-00029,Akbar Khan,whatsapp-number-1,archive::akbar_khan,Akbar Khan,2023-12-24T16:48:50,Akbar Khan,false,chat,Nice,Nice,,true
mcp_whatsapp_number_1_archive_akber_khan_00030,akber_khan-00030,Akbar Khan,whatsapp-number-1,archive::akbar_khan,Akbar Khan,2023-12-24T16:49:00,Akbar Khan,false,chat,Ok. Let me get done with the home shit and let's touch base,Ok. Let me get done with the home shit and let's touch base,,true
mcp_whatsapp_number_1_archive_akber_khan_00031,akber_khan-00031,Akbar Khan,whatsapp-number-1,archive::akbar_khan,Akbar Khan,2023-12-24T16:49:02,David,false,chat,Starting from a defrosted one always helps,Starting from a defrosted one always helps,,true
mcp_whatsapp_number_1_archive_akber_khan_00032,akber_khan-00032,Akbar Khan,whatsapp-number-1,archive::akbar_khan,Akbar Khan,2023-12-24T16:49:05,Akbar Khan,false,chat,Meantime I'm looking for red wine,Meantime I'm looking for red wine,,true
mcp_whatsapp_number_1_archive_akber_khan_00033,akber_khan-00033,Akbar Khan,whatsapp-number-1,archive::akbar_khan,Akbar Khan,2023-12-24T16:51:54,David,false,chat,"I have the number of a Sadaf, who apparently has excellent supplies normally. If it looks like a no at Gymkhana I can try her","I have the number of a Sadaf, who apparently has excellent supplies normally. If it looks like a no at Gymkhana I can try her",,true
mcp_whatsapp_number_1_archive_akber_khan_00034,akber_khan-00034,Akbar Khan,whatsapp-number-1,archive::akbar_khan,Akbar Khan,2023-12-24T16:52:26,Akbar Khan,false,chat,Yeah gymkhana is dry.,Yeah gymkhana is dry.,,true
mcp_whatsapp_number_1_archive_akber_khan_00035,akber_khan-00035,Akbar Khan,whatsapp-number-1,archive::akbar_khan,Akbar Khan,2023-12-24T16:52:41,Akbar Khan,false,chat,A delivery is expected tomorrow. But u know how that goes,A delivery is expected tomorrow. But u know how that goes,,true
mcp_whatsapp_number_1_archive_akber_khan_00036,akber_khan-00036,Akbar Khan,whatsapp-number-1,archive::akbar_khan,Akbar Khan,2023-12-24T16:55:38,David,false,chat,Hmm is wakt Jessi nahurari hei,Hmm is wakt Jessi nahurari hei,,true
mcp_whatsapp_number_1_archive_akber_khan_00037,akber_khan-00037,Akbar Khan,whatsapp-number-1,archive::akbar_khan,Akbar Khan,2023-12-24T16:55:51,David,false,chat,Means it's temporarily off or permanently?,Means it's temporarily off or permanently?,,true
mcp_whatsapp_number_1_archive_akber_khan_00038,akber_khan-00038,Akbar Khan,whatsapp-number-1,archive::akbar_khan,Akbar Khan,2023-12-24T16:56:46,Akbar Khan,false,chat,Can u send ur location pin for the rider,Can u send ur location pin for the rider,,true
mcp_whatsapp_number_1_archive_akber_khan_00039,akber_khan-00039,Akbar Khan,whatsapp-number-1,archive::akbar_khan,Akbar Khan,2023-12-24T16:57:03,David,false,chat,"‎Location: https://maps.google.com/?q=31.464815,74.397888","Location: https://maps.google.com/?q=31.464815,74.397888",,true
mcp_whatsapp_number_1_archive_akber_khan_00040,akber_khan-00040,Akbar Khan,whatsapp-number-1,archive::akbar_khan,Akbar Khan,2023-12-24T16:57:17,Akbar Khan,false,chat,Can't say. I don't know whats being said lol. But sounds like a no obviously,Can't say. I don't know whats being said lol. But sounds like a no obviously,,true
mcp_whatsapp_number_1_archive_akber_khan_00041,akber_khan-00041,Akbar Khan,whatsapp-number-1,archive::akbar_khan,Akbar Khan,2023-12-24T16:58:08,David,false,chat,"its a standard telephone response message, yeah, it means not available of some sort for sure","its a standard telephone response message, yeah, it means not available of some sort for sure",,true
mcp_whatsapp_number_1_archive_akber_khan_00042,akber_khan-00042,Akbar Khan,whatsapp-number-1,archive::akbar_khan,Akbar Khan,2023-12-24T16:58:28,David,false,chat,my brussel sprout contact fell through by the way,my brussel sprout contact fell through by the way,,true
mcp_whatsapp_number_1_archive_akber_khan_00043,akber_khan-00043,Akbar Khan,whatsapp-number-1,archive::akbar_khan,Akbar Khan,2023-12-24T16:58:37,Akbar Khan,false,chat,O no way lol,O no way lol,,true
mcp_whatsapp_number_1_archive_akber_khan_00044,akber_khan-00044,Akbar Khan,whatsapp-number-1,archive::akbar_khan,Akbar Khan,2023-12-24T16:58:43,Akbar Khan,false,chat,This guys on his way,This guys on his way,,true
mcp_whatsapp_number_1_archive_akber_khan_00045,akber_khan-00045,Akbar Khan,whatsapp-number-1,archive::akbar_khan,Akbar Khan,2023-12-24T16:58:51,David,false,chat,"perfect, thanks","perfect, thanks",,true
mcp_whatsapp_number_1_archive_akber_khan_00046,akber_khan-00046,Akbar Khan,whatsapp-number-1,archive::akbar_khan,Akbar Khan,2023-12-24T16:58:52,Akbar Khan,false,chat,Maybe if u empty the market we can resell in black,Maybe if u empty the market we can resell in black,,true
mcp_whatsapp_number_1_archive_akber_khan_00047,akber_khan-00047,Akbar Khan,whatsapp-number-1,archive::akbar_khan,Akbar Khan,2023-12-24T16:59:09,David,false,chat,"yeah, one at a time. and cut it with cabbage","yeah, one at a time. and cut it with cabbage",,true
mcp_whatsapp_number_1_archive_akber_khan_00048,akber_khan-00048,Akbar Khan,whatsapp-number-1,archive::akbar_khan,Akbar Khan,2023-12-24T16:59:17,Akbar Khan,false,chat,One sec issue,One sec issue,,true
mcp_whatsapp_number_1_archive_akber_khan_00049,akber_khan-00049,Akbar Khan,whatsapp-number-1,archive::akbar_khan,Akbar Khan,2023-12-24T16:59:26,Akbar Khan,false,chat,‎audio omitted,audio omitted,,true
mcp_whatsapp_number_1_archive_akber_khan_00050,akber_khan-00050,Akbar Khan,whatsapp-number-1,archive::akbar_khan,Akbar Khan,2023-12-24T16:59:28,Akbar Khan,false,chat,Hahahahahahha,Hahahahahahha,,true
mcp_whatsapp_number_1_archive_akber_khan_00051,akber_khan-00051,Akbar Khan,whatsapp-number-1,archive::akbar_khan,Akbar Khan,2023-12-24T16:59:51,David,false,chat,he'll have a long drive then,he'll have a long drive then,,true
mcp_whatsapp_number_1_archive_akber_khan_00052,akber_khan-00052,Akbar Khan,whatsapp-number-1,archive::akbar_khan,Akbar Khan,2023-12-24T17:00:06,Akbar Khan,false,chat,Lol yeah. And then some,Lol yeah. And then some,,true
mcp_whatsapp_number_1_archive_akber_khan_00053,akber_khan-00053,Akbar Khan,whatsapp-number-1,archive::akbar_khan,Akbar Khan,2023-12-24T17:00:13,Akbar Khan,false,chat,How much does ur guy have ?,How much does ur guy have ?,,true
mcp_whatsapp_number_1_archive_akber_khan_00054,akber_khan-00054,Akbar Khan,whatsapp-number-1,archive::akbar_khan,Akbar Khan,2023-12-24T17:00:24,David,false,chat,zero,zero,,true
mcp_whatsapp_number_1_archive_akber_khan_00055,akber_khan-00055,Akbar Khan,whatsapp-number-1,archive::akbar_khan,Akbar Khan,2023-12-24T17:00:34,Akbar Khan,false,chat,Ok hold on,Ok hold on,,true
mcp_whatsapp_number_1_archive_akber_khan_00056,akber_khan-00056,Akbar Khan,whatsapp-number-1,archive::akbar_khan,Akbar Khan,2023-12-24T17:00:37,David,false,chat,"fell through, not came through","fell through, not came through",,true
mcp_whatsapp_number_1_archive_akber_khan_00057,akber_khan-00057,Akbar Khan,whatsapp-number-1,archive::akbar_khan,Akbar Khan,2023-12-24T17:00:50,Akbar Khan,false,chat,Oh yes. Ok. Hold on,Oh yes. Ok. Hold on,,true
mcp_whatsapp_number_1_archive_akber_khan_00058,akber_khan-00058,Akbar Khan,whatsapp-number-1,archive::akbar_khan,Akbar Khan,2023-12-24T17:10:47,Akbar Khan,false,chat,Ok refund will come,Ok refund will come,,true
mcp_whatsapp_number_1_archive_akber_khan_00059,akber_khan-00059,Akbar Khan,whatsapp-number-1,archive::akbar_khan,Akbar Khan,2023-12-24T17:11:21,Akbar Khan,false,chat,Now back to zero,Now back to zero,,true
mcp_whatsapp_number_1_archive_akber_khan_00060,akber_khan-00060,Akbar Khan,whatsapp-number-1,archive::akbar_khan,Akbar Khan,2023-12-24T17:13:15,Akbar Khan,false,chat,‎audio omitted,audio omitted,,true
mcp_whatsapp_number_1_archive_akber_khan_00061,akber_khan-00061,Akbar Khan,whatsapp-number-1,archive::akbar_khan,Akbar Khan,2023-12-24T17:29:14,David,false,chat,"ah well, considering the oven complexities, i think its prudent to aim for dinner rather than lunch, so you never know, maybe Gymkhana will pull through before then","ah well, considering the oven complexities, i think its prudent to aim for dinner rather than lunch, so you never know, maybe Gymkhana will pull through before then",,true
mcp_whatsapp_number_1_archive_akber_khan_00062,akber_khan-00062,Akbar Khan,whatsapp-number-1,archive::akbar_khan,Akbar Khan,2023-12-24T17:30:29,David,false,chat,hold up though. whatsApp response incoming from Sadaf,hold up though. whatsApp response incoming from Sadaf,,true
mcp_whatsapp_number_1_archive_akber_khan_00063,akber_khan-00063,Akbar Khan,whatsapp-number-1,archive::akbar_khan,Akbar Khan,2023-12-24T17:31:02,Akbar Khan,false,chat,I'm trying my best,I'm trying my best,,true
mcp_whatsapp_number_1_archive_akber_khan_00064,akber_khan-00064,Akbar Khan,whatsapp-number-1,archive::akbar_khan,Akbar Khan,2023-12-24T17:31:06,Akbar Khan,false,chat,Yes dinner makes more sense,Yes dinner makes more sense,,true
mcp_whatsapp_number_1_archive_akber_khan_00065,akber_khan-00065,Akbar Khan,whatsapp-number-1,archive::akbar_khan,Akbar Khan,2023-12-24T17:36:55,David,false,chat,"by the way, do you have any of these at your house, in case we don't? ‎image omitted","by the way, do you have any of these at your house, in case we don't? image omitted",,true
mcp_whatsapp_number_1_archive_akber_khan_00066,akber_khan-00066,Akbar Khan,whatsapp-number-1,archive::akbar_khan,Akbar Khan,2023-12-24T17:37:09,Akbar Khan,false,chat,lemme check,lemme check,,true
mcp_whatsapp_number_1_archive_akber_khan_00067,akber_khan-00067,Akbar Khan,whatsapp-number-1,archive::akbar_khan,Akbar Khan,2023-12-24T17:38:42,David,false,chat,for https://www.jamieoliver.com/recipes/eggs-recipes/amazing-yorkies/,for https://www.jamieoliver.com/recipes/eggs-recipes/amazing-yorkies/,,true
mcp_whatsapp_number_1_archive_akber_khan_00068,akber_khan-00068,Akbar Khan,whatsapp-number-1,archive::akbar_khan,Akbar Khan,2023-12-24T17:39:05,Akbar Khan,false,chat,o man i love these !!,o man i love these !!,,true
mcp_whatsapp_number_1_archive_akber_khan_00069,akber_khan-00069,Akbar Khan,whatsapp-number-1,archive::akbar_khan,Akbar Khan,2023-12-24T17:39:27,David,false,chat,"easy to make... if you have 1) a hot oven, 2) these trays","easy to make... if you have 1) a hot oven, 2) these trays",,true
mcp_whatsapp_number_1_archive_akber_khan_00070,akber_khan-00070,Akbar Khan,whatsapp-number-1,archive::akbar_khan,Akbar Khan,2023-12-24T17:39:49,David,false,chat,Sadaf responded...... no,Sadaf responded...... no,,true
mcp_whatsapp_number_1_archive_akber_khan_00071,akber_khan-00071,Akbar Khan,whatsapp-number-1,archive::akbar_khan,Akbar Khan,2023-12-24T17:39:57,Akbar Khan,false,chat,lol,lol,,true
mcp_whatsapp_number_1_archive_akber_khan_00072,akber_khan-00072,Akbar Khan,whatsapp-number-1,archive::akbar_khan,Akbar Khan,2023-12-24T17:40:19,David,false,chat,G & Ts though perhaps,G & Ts though perhaps,,true
mcp_whatsapp_number_1_archive_akber_khan_00073,akber_khan-00073,Akbar Khan,whatsapp-number-1,archive::akbar_khan,Akbar Khan,2023-12-24T17:40:29,David,false,chat,I guess Khurram has gin anyway,I guess Khurram has gin anyway,,true
mcp_whatsapp_number_1_archive_akber_khan_00074,akber_khan-00074,Akbar Khan,whatsapp-number-1,archive::akbar_khan,Akbar Khan,2023-12-24T17:40:30,Akbar Khan,false,chat,worst case…. i dunno. mohito bloody marry’s and the likes,worst case…. i dunno. mohito bloody marry’s and the likes,,true
mcp_whatsapp_number_1_archive_akber_khan_00075,akber_khan-00075,Akbar Khan,whatsapp-number-1,archive::akbar_khan,Akbar Khan,2023-12-24T17:40:54,Akbar Khan,false,chat,yeah or that.,yeah or that.,,true
mcp_whatsapp_number_1_archive_akber_khan_00076,akber_khan-00076,Akbar Khan,whatsapp-number-1,archive::akbar_khan,Akbar Khan,2023-12-24T17:41:40,David,false,chat,"had some spiced rum at the club earlier, also a good one","had some spiced rum at the club earlier, also a good one",,true
mcp_whatsapp_number_1_archive_akber_khan_00077,akber_khan-00077,Akbar Khan,whatsapp-number-1,archive::akbar_khan,Akbar Khan,2023-12-24T17:41:54,Akbar Khan,false,chat,o yeah ! except i dunno how to make those,o yeah ! except i dunno how to make those,,true
mcp_whatsapp_number_1_archive_akber_khan_00078,akber_khan-00078,Akbar Khan,whatsapp-number-1,archive::akbar_khan,Akbar Khan,2023-12-24T17:42:05,David,false,chat,"don't worry, I took the recipe","don't worry, I took the recipe",,true
mcp_whatsapp_number_1_archive_akber_khan_00079,akber_khan-00079,Akbar Khan,whatsapp-number-1,archive::akbar_khan,Akbar Khan,2023-12-24T17:42:57,David,false,chat,"Apple Juice + Rum. Throw in Oranges with cloves stuck in them, lemon, cinnamon and heat","Apple Juice + Rum. Throw in Oranges with cloves stuck in them, lemon, cinnamon and heat",,true
mcp_whatsapp_number_1_archive_akber_khan_00080,akber_khan-00080,Akbar Khan,whatsapp-number-1,archive::akbar_khan,Akbar Khan,2023-12-24T17:43:05,David,false,chat,add some brown sugar if not sweet enough,add some brown sugar if not sweet enough,,true
mcp_whatsapp_number_1_archive_akber_khan_00081,akber_khan-00081,Akbar Khan,whatsapp-number-1,archive::akbar_khan,Akbar Khan,2023-12-24T17:49:05,David,false,chat,"well, perhaps I can request an addition to your garden for next year: https://awangarden.com.pk/product/brussel-sprouts/","well, perhaps I can request an addition to your garden for next year: https://awangarden.com.pk/product/brussel-sprouts/",,true
mcp_whatsapp_number_1_archive_akber_khan_00082,akber_khan-00082,Akbar Khan,whatsapp-number-1,archive::akbar_khan,Akbar Khan,2023-12-24T17:50:45,David,false,chat,this could be you ‎image omitted,this could be you image omitted,,true
mcp_whatsapp_number_1_archive_akber_khan_00083,akber_khan-00083,Akbar Khan,whatsapp-number-1,archive::akbar_khan,Akbar Khan,2023-12-24T17:51:38,Akbar Khan,false,chat,lol it is me,lol it is me,,true
mcp_whatsapp_number_1_archive_akber_khan_00084,akber_khan-00084,Akbar Khan,whatsapp-number-1,archive::akbar_khan,Akbar Khan,2023-12-24T17:51:48,Akbar Khan,false,chat,btw. keep 7:30-8pm in mind to pick u up for the club. works ?,btw. keep 7:30-8pm in mind to pick u up for the club. works ?,,true
mcp_whatsapp_number_1_archive_akber_khan_00085,akber_khan-00085,Akbar Khan,whatsapp-number-1,archive::akbar_khan,Akbar Khan,2023-12-24T17:52:02,David,false,chat,and look at the profit!,and look at the profit!,,true
mcp_whatsapp_number_1_archive_akber_khan_00086,akber_khan-00086,Akbar Khan,whatsapp-number-1,archive::akbar_khan,Akbar Khan,2023-12-24T17:52:12,Akbar Khan,false,chat,im looking at something else entirely !,im looking at something else entirely !,,true
mcp_whatsapp_number_1_archive_akber_khan_00087,akber_khan-00087,Akbar Khan,whatsapp-number-1,archive::akbar_khan,Akbar Khan,2023-12-24T17:52:44,David,false,chat,we have a wedding in model town we are aiming at 8.30 to get there,we have a wedding in model town we are aiming at 8.30 to get there,,true
mcp_whatsapp_number_1_archive_akber_khan_00088,akber_khan-00088,Akbar Khan,whatsapp-number-1,archive::akbar_khan,Akbar Khan,2023-12-24T17:52:59,Akbar Khan,false,chat,ohhhh okay,ohhhh okay,,true
mcp_whatsapp_number_1_archive_akber_khan_00089,akber_khan-00089,Akbar Khan,whatsapp-number-1,archive::akbar_khan,Akbar Khan,2023-12-24T17:53:05,Akbar Khan,false,chat,sorry things got this late,sorry things got this late,,true
mcp_whatsapp_number_1_archive_akber_khan_00090,akber_khan-00090,Akbar Khan,whatsapp-number-1,archive::akbar_khan,Akbar Khan,2023-12-24T17:53:27,David,false,chat,"no worries, I didn't realise I would be dragged back early either","no worries, I didn't realise I would be dragged back early either",,true
mcp_whatsapp_number_1_archive_akber_khan_00091,akber_khan-00091,Akbar Khan,whatsapp-number-1,archive::akbar_khan,Akbar Khan,2023-12-24T17:53:36,Akbar Khan,false,chat,not a worry !,not a worry !,,true
mcp_whatsapp_number_1_archive_akber_khan_00092,akber_khan-00092,Akbar Khan,whatsapp-number-1,archive::akbar_khan,Akbar Khan,2023-12-24T17:56:55,Akbar Khan,false,chat,"u think it’s cool by max if me, uzi and moody went there for a beer around then ?","u think it’s cool by max if me, uzi and moody went there for a beer around then ?",,true
mcp_whatsapp_number_1_archive_akber_khan_00093,akber_khan-00093,Akbar Khan,whatsapp-number-1,archive::akbar_khan,Akbar Khan,2023-12-24T17:57:00,Akbar Khan,false,chat,or should i just show up ?,or should i just show up ?,,true
mcp_whatsapp_number_1_archive_akber_khan_00094,akber_khan-00094,Akbar Khan,whatsapp-number-1,archive::akbar_khan,Akbar Khan,2023-12-24T17:58:22,Akbar Khan,false,chat,"okay we dont have this.. but we do have the bigger one, no circles / rectangular. but i reckon that defeats the purpose","okay we dont have this.. but we do have the bigger one, no circles / rectangular. but i reckon that defeats the purpose",,true
mcp_whatsapp_number_1_archive_akber_khan_00095,akber_khan-00095,Akbar Khan,whatsapp-number-1,archive::akbar_khan,Akbar Khan,2023-12-24T18:00:36,David,false,chat,international club closed at 5,international club closed at 5,,true
mcp_whatsapp_number_1_archive_akber_khan_00096,akber_khan-00096,Akbar Khan,whatsapp-number-1,archive::akbar_khan,Akbar Khan,2023-12-24T18:00:45,Akbar Khan,false,chat,no way. okay. yeah makes sense.,no way. okay. yeah makes sense.,,true
mcp_whatsapp_number_1_archive_akber_khan_00097,akber_khan-00097,Akbar Khan,whatsapp-number-1,archive::akbar_khan,Akbar Khan,2023-12-24T18:01:26,David,false,chat,"yeah, they have open house, spiced rum/mulled wine 2pm-5.30 then all fuck off early for holidays, closed tomorrow also","yeah, they have open house, spiced rum/mulled wine 2pm-5.30 then all fuck off early for holidays, closed tomorrow also",,true
mcp_whatsapp_number_1_archive_akber_khan_00098,akber_khan-00098,Akbar Khan,whatsapp-number-1,archive::akbar_khan,Akbar Khan,2023-12-24T18:02:10,Akbar Khan,false,chat,damn. misse dit,damn. misse dit,,true
mcp_whatsapp_number_1_archive_akber_khan_00099,akber_khan-00099,Akbar Khan,whatsapp-number-1,archive::akbar_khan,Akbar Khan,2023-12-24T18:02:18,Akbar Khan,false,chat,that would’ve been sweet,that would’ve been sweet,,true
mcp_whatsapp_number_1_archive_akber_khan_00100,akber_khan-00100,Akbar Khan,whatsapp-number-1,archive::akbar_khan,Akbar Khan,2023-12-24T18:02:20,David,false,chat,"how much larger? Larger ones also work, then you put the entire dinner inside it","how much larger? Larger ones also work, then you put the entire dinner inside it",,true
mcp_whatsapp_number_1_archive_akber_khan_00101,akber_khan-00101,Akbar Khan,whatsapp-number-1,archive::akbar_khan,Akbar Khan,2023-12-24T18:02:21,Akbar Khan,false,chat,o well.,o well.,,true
mcp_whatsapp_number_1_archive_akber_khan_00102,akber_khan-00102,Akbar Khan,whatsapp-number-1,archive::akbar_khan,Akbar Khan,2023-12-24T18:02:32,Akbar Khan,false,chat,lemme send u a pic,lemme send u a pic,,true
mcp_whatsapp_number_1_archive_akber_khan_00103,akber_khan-00103,Akbar Khan,whatsapp-number-1,archive::akbar_khan,Akbar Khan,2023-12-24T18:03:58,Akbar Khan,false,chat,‎image omitted,image omitted,,true
mcp_whatsapp_number_1_archive_akber_khan_00104,akber_khan-00104,Akbar Khan,whatsapp-number-1,archive::akbar_khan,Akbar Khan,2023-12-24T18:04:02,Akbar Khan,false,chat,Barring a good cleaning,Barring a good cleaning,,true
mcp_whatsapp_number_1_archive_akber_khan_00105,akber_khan-00105,Akbar Khan,whatsapp-number-1,archive::akbar_khan,Akbar Khan,2023-12-24T18:04:29,David,false,chat,"ok, full size. well we have some of those, so dont worry about cleaning it","ok, full size. well we have some of those, so dont worry about cleaning it",,true
mcp_whatsapp_number_1_archive_akber_khan_00106,akber_khan-00106,Akbar Khan,whatsapp-number-1,archive::akbar_khan,Akbar Khan,2023-12-24T18:04:40,David,false,chat,seems you can make one big one though,seems you can make one big one though,,true
mcp_whatsapp_number_1_archive_akber_khan_00107,akber_khan-00107,Akbar Khan,whatsapp-number-1,archive::akbar_khan,Akbar Khan,2023-12-24T18:04:50,Akbar Khan,false,chat,"i suppose. ur a chef, chef !","i suppose. ur a chef, chef !",,true
mcp_whatsapp_number_1_archive_akber_khan_00108,akber_khan-00108,Akbar Khan,whatsapp-number-1,archive::akbar_khan,Akbar Khan,2023-12-24T18:04:54,David,false,chat,https://www.bbc.co.uk/food/recipes/traditionalyorkshire_67345,https://www.bbc.co.uk/food/recipes/traditionalyorkshire_67345,,true
mcp_whatsapp_number_1_archive_akber_khan_00109,akber_khan-00109,Akbar Khan,whatsapp-number-1,archive::akbar_khan,Akbar Khan,2023-12-24T18:05:05,Akbar Khan,false,chat,yeahhhhh,yeahhhhh,,true
mcp_whatsapp_number_1_archive_akber_khan_00110,akber_khan-00110,Akbar Khan,whatsapp-number-1,archive::akbar_khan,Akbar Khan,2023-12-24T18:05:48,David,false,chat,gas technician would probably be the most successful at this thouhg,gas technician would probably be the most successful at this thouhg,,true
mcp_whatsapp_number_1_archive_akber_khan_00111,akber_khan-00111,Akbar Khan,whatsapp-number-1,archive::akbar_khan,Akbar Khan,2023-12-24T18:06:28,Akbar Khan,false,chat,lol,lol,,true
mcp_whatsapp_number_1_archive_akber_khan_00112,akber_khan-00112,Akbar Khan,whatsapp-number-1,archive::akbar_khan,Akbar Khan,2023-12-24T18:06:36,Akbar Khan,false,chat,how are u guys on gas ? .. no loadshedding ?,how are u guys on gas ? .. no loadshedding ?,,true
mcp_whatsapp_number_1_archive_akber_khan_00113,akber_khan-00113,Akbar Khan,whatsapp-number-1,archive::akbar_khan,Akbar Khan,2023-12-24T18:06:45,David,false,chat,"i'm proceeding on the basis of full gas, 2 working ovens","i'm proceeding on the basis of full gas, 2 working ovens",,true
mcp_whatsapp_number_1_archive_akber_khan_00114,akber_khan-00114,Akbar Khan,whatsapp-number-1,archive::akbar_khan,Akbar Khan,2023-12-24T18:07:17,David,false,chat,with a bit of luck it will be fine. in fact i'm going to just test the oven now,with a bit of luck it will be fine. in fact i'm going to just test the oven now,,true
mcp_whatsapp_number_1_archive_akber_khan_00115,akber_khan-00115,Akbar Khan,whatsapp-number-1,archive::akbar_khan,Akbar Khan,2023-12-24T18:07:42,Akbar Khan,false,chat,okay cool. lemme know.. other options being electric but they aren’t that big.,okay cool. lemme know.. other options being electric but they aren’t that big.,,true
mcp_whatsapp_number_1_archive_akber_khan_00116,akber_khan-00116,Akbar Khan,whatsapp-number-1,archive::akbar_khan,Akbar Khan,2023-12-24T18:12:07,David,false,chat,‎image omitted,image omitted,,true
mcp_whatsapp_number_1_archive_akber_khan_00117,akber_khan-00117,Akbar Khan,whatsapp-number-1,archive::akbar_khan,Akbar Khan,2023-12-24T18:13:29,David,false,chat,Might have to save off it's legs and neck just to get it in the electric one,Might have to save off it's legs and neck just to get it in the electric one,,true
mcp_whatsapp_number_1_archive_akber_khan_00118,akber_khan-00118,Akbar Khan,whatsapp-number-1,archive::akbar_khan,Akbar Khan,2023-12-24T18:14:05,David,false,chat,Just it's a total mystery how to light the gas one,Just it's a total mystery how to light the gas one,,true
mcp_whatsapp_number_1_archive_akber_khan_00119,akber_khan-00119,Akbar Khan,whatsapp-number-1,archive::akbar_khan,Akbar Khan,2023-12-24T18:14:33,David,false,chat,We managed it once by flicking matches done a hole,We managed it once by flicking matches done a hole,,true
mcp_whatsapp_number_1_archive_akber_khan_00120,akber_khan-00120,Akbar Khan,whatsapp-number-1,archive::akbar_khan,Akbar Khan,2023-12-24T18:15:46,David,false,chat,Managed it. From underneath,Managed it. From underneath,,true
mcp_whatsapp_number_1_archive_akber_khan_00121,akber_khan-00121,Akbar Khan,whatsapp-number-1,archive::akbar_khan,Akbar Khan,2023-12-24T18:16:28,Akbar Khan,false,chat,Electric is probably a better bet,Electric is probably a better bet,,true
mcp_whatsapp_number_1_archive_akber_khan_00122,akber_khan-00122,Akbar Khan,whatsapp-number-1,archive::akbar_khan,Akbar Khan,2023-12-24T18:17:03,David,false,chat,Nah. Remember all the veg and Yorkshire's etc also need oven,Nah. Remember all the veg and Yorkshire's etc also need oven,,true
mcp_whatsapp_number_1_archive_akber_khan_00123,akber_khan-00123,Akbar Khan,whatsapp-number-1,archive::akbar_khan,Akbar Khan,2023-12-24T18:17:16,Akbar Khan,false,chat,True,True,,true
mcp_whatsapp_number_1_archive_akber_khan_00124,akber_khan-00124,Akbar Khan,whatsapp-number-1,archive::akbar_khan,Akbar Khan,2023-12-24T18:17:21,David,false,chat,"It's on, roaring away. It's going to be fkne","It's on, roaring away. It's going to be fkne",,true
mcp_whatsapp_number_1_archive_akber_khan_00125,akber_khan-00125,Akbar Khan,whatsapp-number-1,archive::akbar_khan,Akbar Khan,2023-12-24T18:18:47,David,false,chat,Just need to maybe double the 2.5 hours cooking time,Just need to maybe double the 2.5 hours cooking time,,true
mcp_whatsapp_number_1_archive_akber_khan_00126,akber_khan-00126,Akbar Khan,whatsapp-number-1,archive::akbar_khan,Akbar Khan,2023-12-24T18:19:17,Akbar Khan,false,chat,Yeah. Wow man. Great effort on ur part as always,Yeah. Wow man. Great effort on ur part as always,,true
mcp_whatsapp_number_1_archive_akber_khan_00127,akber_khan-00127,Akbar Khan,whatsapp-number-1,archive::akbar_khan,Akbar Khan,2023-12-24T18:19:24,Akbar Khan,false,chat,I'm feeling pretty shit about the sprouts,I'm feeling pretty shit about the sprouts,,true
mcp_whatsapp_number_1_archive_akber_khan_00128,akber_khan-00128,Akbar Khan,whatsapp-number-1,archive::akbar_khan,Akbar Khan,2023-12-24T18:20:15,David,false,chat,Oh don't worry about that. I try to get them (late) every year and always fail,Oh don't worry about that. I try to get them (late) every year and always fail,,true
mcp_whatsapp_number_1_archive_akber_khan_00129,akber_khan-00129,Akbar Khan,whatsapp-number-1,archive::akbar_khan,Akbar Khan,2023-12-24T18:21:01,David,false,chat,Just need to be more incentive. some kind of turnip/cabbage substitute perhaos,Just need to be more incentive. some kind of turnip/cabbage substitute perhaos,,true
mcp_whatsapp_number_1_archive_akber_khan_00130,akber_khan-00130,Akbar Khan,whatsapp-number-1,archive::akbar_khan,Akbar Khan,2023-12-24T18:23:00,Akbar Khan,false,chat,Yeah. But having learnt it also. One needs a week 10 days prior,Yeah. But having learnt it also. One needs a week 10 days prior,,true
mcp_whatsapp_number_1_archive_akber_khan_00131,akber_khan-00131,Akbar Khan,whatsapp-number-1,archive::akbar_khan,Akbar Khan,2023-12-24T18:23:24,David,false,chat,Honey roasted turnips,Honey roasted turnips,,true
mcp_whatsapp_number_1_archive_akber_khan_00132,akber_khan-00132,Akbar Khan,whatsapp-number-1,archive::akbar_khan,Akbar Khan,2023-12-24T18:23:39,David,false,chat,I'm the only one that likes sprouts anyway 😉,I'm the only one that likes sprouts anyway 😉,,true
mcp_whatsapp_number_1_archive_akber_khan_00133,akber_khan-00133,Akbar Khan,whatsapp-number-1,archive::akbar_khan,Akbar Khan,2023-12-24T18:34:14,Akbar Khan,false,chat,I love them,I love them,,true
mcp_whatsapp_number_1_archive_akber_khan_00134,akber_khan-00134,Akbar Khan,whatsapp-number-1,archive::akbar_khan,Akbar Khan,2023-12-24T18:36:30,David,false,chat,"When they come back on the market we can do a special sprout evening, just the 2 of us :)","When they come back on the market we can do a special sprout evening, just the 2 of us :)",,true
mcp_whatsapp_number_1_archive_akber_khan_00135,akber_khan-00135,Akbar Khan,whatsapp-number-1,archive::akbar_khan,Akbar Khan,2023-12-24T18:52:07,Akbar Khan,false,chat,Man I'm game. I'll bring them . I love them,Man I'm game. I'll bring them . I love them,,true
mcp_whatsapp_number_1_archive_akber_khan_00136,akber_khan-00136,Akbar Khan,whatsapp-number-1,archive::akbar_khan,Akbar Khan,2023-12-25T14:07:56,David,false,chat,"Hi. Unless Gymkhana by some miracle came through with red wine, would it be possible for you to pick up some beer and whiskey to bring to ours? I have cash if you need it beforehand","Hi. Unless Gymkhana by some miracle came through with red wine, would it be possible for you to pick up some beer and whiskey to bring to ours? I have cash if you need it beforehand",,true
mcp_whatsapp_number_1_archive_akber_khan_00137,akber_khan-00137,Akbar Khan,whatsapp-number-1,archive::akbar_khan,Akbar Khan,2023-12-25T14:12:04,Akbar Khan,false,chat,No worries ! Let me attend to it,No worries ! Let me attend to it,,true
mcp_whatsapp_number_1_archive_akber_khan_00138,akber_khan-00138,Akbar Khan,whatsapp-number-1,archive::akbar_khan,Akbar Khan,2023-12-25T14:12:13,Akbar Khan,false,chat,How much of what do u require ?,How much of what do u require ?,,true
mcp_whatsapp_number_1_archive_akber_khan_00139,akber_khan-00139,Akbar Khan,whatsapp-number-1,archive::akbar_khan,Akbar Khan,2023-12-25T14:13:33,David,false,chat,A case of beer and a bottle of scotch should be sufficient I think. Jonny walker black or single malt preferred,A case of beer and a bottle of scotch should be sufficient I think. Jonny walker black or single malt preferred,,true
mcp_whatsapp_number_1_archive_akber_khan_00140,akber_khan-00140,Akbar Khan,whatsapp-number-1,archive::akbar_khan,Akbar Khan,2023-12-25T14:13:39,David,false,chat,Thanks,Thanks,,true
mcp_whatsapp_number_1_archive_akber_khan_00141,akber_khan-00141,Akbar Khan,whatsapp-number-1,archive::akbar_khan,Akbar Khan,2023-12-25T14:14:59,Akbar Khan,false,chat,Ur welcome !!!,Ur welcome !!!,,true
mcp_whatsapp_number_1_archive_akber_khan_00142,akber_khan-00142,Akbar Khan,whatsapp-number-1,archive::akbar_khan,Akbar Khan,2023-12-25T14:42:39,David,false,chat,Looks like dinner will be ready around 5 by the way,Looks like dinner will be ready around 5 by the way,,true
mcp_whatsapp_number_1_archive_akber_khan_00143,akber_khan-00143,Akbar Khan,whatsapp-number-1,archive::akbar_khan,Akbar Khan,2023-12-25T14:43:04,Akbar Khan,false,chat,Cool ! I'm going to head out in 30 min then,Cool ! I'm going to head out in 30 min then,,true
mcp_whatsapp_number_1_archive_akber_khan_00144,akber_khan-00144,Akbar Khan,whatsapp-number-1,archive::akbar_khan,Akbar Khan,2023-12-25T16:25:17,Akbar Khan,false,chat,Bank: Faysal Bank Account Title : AKBAR IQBAL KHAN Account Branch: Gulberg Industrial Area Branch Code: 457 IBAN: PK10FAYS0457006455293002,Bank: Faysal Bank Account Title : AKBAR IQBAL KHAN Account Branch: Gulberg Industrial Area Branch Code: 457 IBAN: PK10FAYS0457006455293002,akbar,true
mcp_whatsapp_number_1_archive_akber_khan_00145,akber_khan-00145,Akbar Khan,whatsapp-number-1,archive::akbar_khan,Akbar Khan,2023-12-25T16:25:30,Akbar Khan,false,chat,27k kind sir ! All gotten,27k kind sir ! All gotten,,true
mcp_whatsapp_number_1_archive_akber_khan_00146,akber_khan-00146,Akbar Khan,whatsapp-number-1,archive::akbar_khan,Akbar Khan,2023-12-25T16:25:32,Akbar Khan,false,chat,On the way,On the way,,true
mcp_whatsapp_number_1_archive_akber_khan_00147,akber_khan-00147,Akbar Khan,whatsapp-number-1,archive::akbar_khan,Akbar Khan,2023-12-25T16:25:50,David,false,chat,Nice one thanks. Do you also accept cash?,Nice one thanks. Do you also accept cash?,,true
mcp_whatsapp_number_1_archive_akber_khan_00148,akber_khan-00148,Akbar Khan,whatsapp-number-1,archive::akbar_khan,Akbar Khan,2023-12-25T16:52:01,Akbar Khan,false,chat,I accept blow jobs :P,I accept blow jobs :P,,true
mcp_whatsapp_number_1_archive_akber_khan_00149,akber_khan-00149,Akbar Khan,whatsapp-number-1,archive::akbar_khan,Akbar Khan,2024-01-03T18:12:53,Akbar Khan,false,chat,Trouble in paradise ? Want to meet / talk about it tomorrow say lunch ? I had a few ideas. Was wondering if you want to explore them for the better.,Trouble in paradise ? Want to meet / talk about it tomorrow say lunch ? I had a few ideas. Was wondering if you want to explore them for the better.,,true
mcp_whatsapp_number_1_archive_akber_khan_00150,akber_khan-00150,Akbar Khan,whatsapp-number-1,archive::akbar_khan,Akbar Khan,2024-01-03T18:30:01,David,false,chat,"Happy to meet up, although its unclear if Samar will disappear without a word in the morning and not be seen until late evening again, so in that case i'll have to ask your mum to look after him","Happy to meet up, although its unclear if Samar will disappear without a word in the morning and not be seen until late evening again, so in that case i'll have to ask your mum to look after him",,true
mcp_whatsapp_number_1_archive_akber_khan_00151,akber_khan-00151,Akbar Khan,whatsapp-number-1,archive::akbar_khan,Akbar Khan,2024-01-03T18:38:26,Akbar Khan,false,chat,Let ur brother handle that. Not a problem,Let ur brother handle that. Not a problem,,true
mcp_whatsapp_number_1_archive_akber_khan_00152,akber_khan-00152,Akbar Khan,whatsapp-number-1,archive::akbar_khan,Akbar Khan,2024-01-03T18:38:47,Akbar Khan,false,chat,So what time tomorrow ?,So what time tomorrow ?,,true
mcp_whatsapp_number_1_archive_akber_khan_00153,akber_khan-00153,Akbar Khan,whatsapp-number-1,archive::akbar_khan,Akbar Khan,2024-01-03T18:39:16,David,false,chat,2?,2?,,true
mcp_whatsapp_number_1_archive_akber_khan_00154,akber_khan-00154,Akbar Khan,whatsapp-number-1,archive::akbar_khan,Akbar Khan,2024-01-03T18:39:49,Akbar Khan,false,chat,Done ! . Where ?,Done ! . Where ?,,true
mcp_whatsapp_number_1_archive_akber_khan_00155,akber_khan-00155,Akbar Khan,whatsapp-number-1,archive::akbar_khan,Akbar Khan,2024-01-03T18:39:59,Akbar Khan,false,chat,International / gym ?,International / gym ?,,true
mcp_whatsapp_number_1_archive_akber_khan_00156,akber_khan-00156,Akbar Khan,whatsapp-number-1,archive::akbar_khan,Akbar Khan,2024-01-03T18:40:38,David,false,chat,international club is fine,international club is fine,,true
mcp_whatsapp_number_1_archive_akber_khan_00157,akber_khan-00157,Akbar Khan,whatsapp-number-1,archive::akbar_khan,Akbar Khan,2024-01-03T18:40:49,Akbar Khan,false,chat,Done ! See u champ,Done ! See u champ,,true
mcp_whatsapp_number_1_archive_akber_khan_00158,akber_khan-00158,Akbar Khan,whatsapp-number-1,archive::akbar_khan,Akbar Khan,2024-01-03T20:26:37,Akbar Khan,false,chat,Okay so I've doctored everything Mr nayel is catered to. My mum will do so. I'm going to pick u up at 1:30 and let's head out.,Okay so I've doctored everything Mr nayel is catered to. My mum will do so. I'm going to pick u up at 1:30 and let's head out.,,true
mcp_whatsapp_number_1_archive_akber_khan_00159,akber_khan-00159,Akbar Khan,whatsapp-number-1,archive::akbar_khan,Akbar Khan,2024-01-03T20:26:40,Akbar Khan,false,chat,Works ?,Works ?,,true
mcp_whatsapp_number_1_archive_akber_khan_00160,akber_khan-00160,Akbar Khan,whatsapp-number-1,archive::akbar_khan,Akbar Khan,2024-01-03T20:26:59,Akbar Khan,false,chat,And keep the car I have. I have to pick another one. I'll explain. We will figure it out,And keep the car I have. I have to pick another one. I'll explain. We will figure it out,,true
mcp_whatsapp_number_1_archive_akber_khan_00161,akber_khan-00161,Akbar Khan,whatsapp-number-1,archive::akbar_khan,Akbar Khan,2024-01-03T20:27:19,David,false,chat,"sure, fine by me","sure, fine by me",,true
mcp_whatsapp_number_1_archive_akber_khan_00162,akber_khan-00162,Akbar Khan,whatsapp-number-1,archive::akbar_khan,Akbar Khan,2024-01-03T20:27:30,Akbar Khan,false,chat,Love u bro. I got this.,Love u bro. I got this.,,true
mcp_whatsapp_number_1_archive_akber_khan_00163,akber_khan-00163,Akbar Khan,whatsapp-number-1,archive::akbar_khan,Akbar Khan,2024-01-04T12:54:14,Akbar Khan,false,chat,Picking u at 2:30 then. Just running a wee bit late,Picking u at 2:30 then. Just running a wee bit late,,true
mcp_whatsapp_number_1_archive_akber_khan_00164,akber_khan-00164,Akbar Khan,whatsapp-number-1,archive::akbar_khan,Akbar Khan,2024-01-04T13:12:39,David,false,chat,Ok no problem,Ok no problem,,true
mcp_whatsapp_number_1_archive_akber_khan_00165,akber_khan-00165,Akbar Khan,whatsapp-number-1,archive::akbar_khan,Akbar Khan,2024-01-04T14:15:27,Akbar Khan,false,chat,‎audio omitted,audio omitted,,true
mcp_whatsapp_number_1_archive_akber_khan_00166,akber_khan-00166,Akbar Khan,whatsapp-number-1,archive::akbar_khan,Akbar Khan,2024-01-04T20:58:34,Akbar Khan,false,chat,Made the calls. All set up. Made a group with u in it. Take the lead. Finalize a day and time. She takes 12k per session. She's one of the best.,Made the calls. All set up. Made a group with u in it. Take the lead. Finalize a day and time. She takes 12k per session. She's one of the best.,,true
mcp_whatsapp_number_1_archive_akber_khan_00167,akber_khan-00167,Akbar Khan,whatsapp-number-1,archive::akbar_khan,Akbar Khan,2024-01-04T20:58:42,Akbar Khan,false,chat,Doesn't usually give time. But managed.,Doesn't usually give time. But managed.,,true
mcp_whatsapp_number_1_archive_akber_khan_00168,akber_khan-00168,Akbar Khan,whatsapp-number-1,archive::akbar_khan,Akbar Khan,2024-01-04T21:00:50,Akbar Khan,false,chat,Make the best of it. You won't be disappointed.,Make the best of it. You won't be disappointed.,,true
mcp_whatsapp_number_1_archive_akber_khan_00169,akber_khan-00169,Akbar Khan,whatsapp-number-1,archive::akbar_khan,Akbar Khan,2024-01-07T12:54:41,David,false,chat,We have left,We have left,,true
mcp_whatsapp_number_1_archive_akber_khan_00170,akber_khan-00170,Akbar Khan,whatsapp-number-1,archive::akbar_khan,Akbar Khan,2024-01-07T12:55:10,Akbar Khan,false,chat,Cool just exiting in 10 / 15 min,Cool just exiting in 10 / 15 min,,true
mcp_whatsapp_number_1_archive_akber_khan_00171,akber_khan-00171,Akbar Khan,whatsapp-number-1,archive::akbar_khan,Akbar Khan,2024-01-07T12:55:12,Akbar Khan,false,chat,Aiming for 1:30,Aiming for 1:30,,true
mcp_whatsapp_number_1_archive_akber_khan_00172,akber_khan-00172,Akbar Khan,whatsapp-number-1,archive::akbar_khan,Akbar Khan,2024-01-11T17:54:16,Akbar Khan,false,chat,‎,,,true
mcp_whatsapp_number_1_archive_akber_khan_00173,akber_khan-00173,Akbar Khan,whatsapp-number-1,archive::akbar_khan,Akbar Khan,2024-01-12T18:18:43,David,false,chat,Are you at Gymkhana today? I thought I might come and play a frame or 2 later this evening,Are you at Gymkhana today? I thought I might come and play a frame or 2 later this evening,,true
mcp_whatsapp_number_1_archive_akber_khan_00174,akber_khan-00174,Akbar Khan,whatsapp-number-1,archive::akbar_khan,Akbar Khan,2024-01-12T20:07:51,Akbar Khan,false,chat,Hey hey ;,Hey hey ;,,true
mcp_whatsapp_number_1_archive_akber_khan_00175,akber_khan-00175,Akbar Khan,whatsapp-number-1,archive::akbar_khan,Akbar Khan,2024-01-12T20:08:01,Akbar Khan,false,chat,No no I skipped . But Monday I'll be there,No no I skipped . But Monday I'll be there,,true
mcp_whatsapp_number_1_archive_akber_khan_00176,akber_khan-00176,Akbar Khan,whatsapp-number-1,archive::akbar_khan,Akbar Khan,2024-01-12T20:08:06,Akbar Khan,false,chat,Yes plz . Let's !,Yes plz . Let's !,,true
mcp_whatsapp_number_1_archive_akber_khan_00177,akber_khan-00177,Akbar Khan,whatsapp-number-1,archive::akbar_khan,Akbar Khan,2024-01-12T20:08:13,Akbar Khan,false,chat,Sorry for the late reply . Fast day,Sorry for the late reply . Fast day,,true
mcp_whatsapp_number_1_archive_akber_khan_00178,akber_khan-00178,Akbar Khan,whatsapp-number-1,archive::akbar_khan,Akbar Khan,2024-01-12T20:09:38,David,false,chat,No issues. Ok cool. Monday is ok but I can't get over until after 8.30,No issues. Ok cool. Monday is ok but I can't get over until after 8.30,,true
mcp_whatsapp_number_1_archive_akber_khan_00179,akber_khan-00179,Akbar Khan,whatsapp-number-1,archive::akbar_khan,Akbar Khan,2024-01-12T20:10:16,Akbar Khan,false,chat,Okay let's figure that part out . That's usually me running home time,Okay let's figure that part out . That's usually me running home time,,true
mcp_whatsapp_number_1_archive_akber_khan_00180,akber_khan-00180,Akbar Khan,whatsapp-number-1,archive::akbar_khan,Akbar Khan,2024-01-12T20:10:21,Akbar Khan,false,chat,Perhaps we can try tomorrow,Perhaps we can try tomorrow,,true
mcp_whatsapp_number_1_archive_akber_khan_00181,akber_khan-00181,Akbar Khan,whatsapp-number-1,archive::akbar_khan,Akbar Khan,2024-01-12T20:10:59,David,false,chat,Yeah basically I have a call at 7 on Monday and that's my only fixed plan all week,Yeah basically I have a call at 7 on Monday and that's my only fixed plan all week,,true
mcp_whatsapp_number_1_archive_akber_khan_00182,akber_khan-00182,Akbar Khan,whatsapp-number-1,archive::akbar_khan,Akbar Khan,2024-01-12T20:41:43,Akbar Khan,false,chat,Okay cool,Okay cool,,true
mcp_whatsapp_number_1_archive_akber_khan_00183,akber_khan-00183,Akbar Khan,whatsapp-number-1,archive::akbar_khan,Akbar Khan,2024-02-08T10:32:39,Akbar Khan,false,chat,‎audio omitted,audio omitted,,true
mcp_whatsapp_number_1_archive_akber_khan_00184,akber_khan-00184,Akbar Khan,whatsapp-number-1,archive::akbar_khan,Akbar Khan,2024-02-16T13:11:44,Akbar Khan,false,chat,‎,,,true
mcp_whatsapp_number_1_archive_akber_khan_00185,akber_khan-00185,Akbar Khan,whatsapp-number-1,archive::akbar_khan,Akbar Khan,2024-02-16T13:12:43,Akbar Khan,false,chat,Fazal for the vodka and the scotch,Fazal for the vodka and the scotch,,true
mcp_whatsapp_number_1_archive_akber_khan_00186,akber_khan-00186,Akbar Khan,whatsapp-number-1,archive::akbar_khan,Akbar Khan,2024-02-16T13:12:54,Akbar Khan,false,chat,‎,,,true
mcp_whatsapp_number_1_archive_akber_khan_00187,akber_khan-00187,Akbar Khan,whatsapp-number-1,archive::akbar_khan,Akbar Khan,2024-02-16T13:12:58,David,false,chat,"cool, thanks","cool, thanks",,true
mcp_whatsapp_number_1_archive_akber_khan_00188,akber_khan-00188,Akbar Khan,whatsapp-number-1,archive::akbar_khan,Akbar Khan,2024-02-16T13:12:59,Akbar Khan,false,chat,For the beer,For the beer,,true
mcp_whatsapp_number_1_archive_akber_khan_00189,akber_khan-00189,Akbar Khan,whatsapp-number-1,archive::akbar_khan,Akbar Khan,2024-02-16T13:13:03,Akbar Khan,false,chat,No worries!,No worries!,,true
mcp_whatsapp_number_1_archive_akber_khan_00190,akber_khan-00190,Akbar Khan,whatsapp-number-1,archive::akbar_khan,Akbar Khan,2024-02-16T13:13:16,Akbar Khan,false,chat,Best to call and confirm after jumma break,Best to call and confirm after jumma break,,true
mcp_whatsapp_number_1_archive_akber_khan_00191,akber_khan-00191,Akbar Khan,whatsapp-number-1,archive::akbar_khan,Akbar Khan,2024-02-26T20:07:42,David,false,chat,Is that Dr Kim guy still around these days?,Is that Dr Kim guy still around these days?,,true
mcp_whatsapp_number_1_archive_akber_khan_00192,akber_khan-00192,Akbar Khan,whatsapp-number-1,archive::akbar_khan,Akbar Khan,2024-02-26T21:34:42,Akbar Khan,false,chat,Hey hey,Hey hey,,true
mcp_whatsapp_number_1_archive_akber_khan_00193,akber_khan-00193,Akbar Khan,whatsapp-number-1,archive::akbar_khan,Akbar Khan,2024-02-26T21:34:51,Akbar Khan,false,chat,No clue Let me check tomorrow and revert,No clue Let me check tomorrow and revert,,true
mcp_whatsapp_number_1_archive_akber_khan_00194,akber_khan-00194,Akbar Khan,whatsapp-number-1,archive::akbar_khan,Akbar Khan,2024-02-26T22:40:36,David,false,chat,Cool. Heard rumours he might have gone. Actually I was recommending him to someone else but also could do with some of his magic myself,Cool. Heard rumours he might have gone. Actually I was recommending him to someone else but also could do with some of his magic myself,,true
mcp_whatsapp_number_1_archive_akber_khan_00195,akber_khan-00195,Akbar Khan,whatsapp-number-1,archive::akbar_khan,Akbar Khan,2024-02-27T00:22:07,David,false,chat,"before engaging another chat on the devops channel, can we just implement this as agreed and get the current config?","before engaging another chat on the devops channel, can we just implement this as agreed and get the current config?",,true
mcp_whatsapp_number_1_archive_akber_khan_00196,akber_khan-00196,Akbar Khan,whatsapp-number-1,archive::akbar_khan,Akbar Khan,2024-02-27T00:22:37,David,false,chat,I already provided all the config I think for the docker build,I already provided all the config I think for the docker build,,true
mcp_whatsapp_number_1_archive_akber_khan_00197,akber_khan-00197,Akbar Khan,whatsapp-number-1,archive::akbar_khan,Akbar Khan,2024-02-27T00:22:56,David,false,chat,"and the actions to build it, if you put your PAT from git into the environment","and the actions to build it, if you put your PAT from git into the environment",,true
mcp_whatsapp_number_1_archive_akber_khan_00198,akber_khan-00198,Akbar Khan,whatsapp-number-1,archive::akbar_khan,Akbar Khan,2024-02-27T00:23:23,David,false,chat,"sorry, not for you","sorry, not for you",,true
mcp_whatsapp_number_1_archive_akber_khan_00199,akber_khan-00199,Akbar Khan,whatsapp-number-1,archive::akbar_khan,Akbar Khan,2024-02-27T10:34:01,Akbar Khan,false,chat,‎image omitted,image omitted,,true
mcp_whatsapp_number_1_archive_akber_khan_00200,akber_khan-00200,Akbar Khan,whatsapp-number-1,archive::akbar_khan,Akbar Khan,2024-02-27T10:34:12,Akbar Khan,false,chat,👍,👍,,true
mcp_whatsapp_number_1_archive_akber_khan_00201,akber_khan-00201,Akbar Khan,whatsapp-number-1,archive::akbar_khan,Akbar Khan,2024-02-27T14:00:42,David,false,chat,whos that handsome chap with the nice shoes?,whos that handsome chap with the nice shoes?,,true
mcp_whatsapp_number_1_archive_akber_khan_00202,akber_khan-00202,Akbar Khan,whatsapp-number-1,archive::akbar_khan,Akbar Khan,2024-02-27T14:07:32,Akbar Khan,false,chat,That's a cat :P,That's a cat :P,,true
mcp_whatsapp_number_1_archive_akber_khan_00203,akber_khan-00203,Akbar Khan,whatsapp-number-1,archive::akbar_khan,Akbar Khan,2024-02-27T14:07:42,Akbar Khan,false,chat,Just asking about shin btw and reverting,Just asking about shin btw and reverting,,true
mcp_whatsapp_number_1_archive_akber_khan_00204,akber_khan-00204,Akbar Khan,whatsapp-number-1,archive::akbar_khan,Akbar Khan,2024-02-27T14:09:03,Akbar Khan,false,chat,Ok he is there. Not today Expected tomorrow,Ok he is there. Not today Expected tomorrow,,true
mcp_whatsapp_number_1_archive_akber_khan_00205,akber_khan-00205,Akbar Khan,whatsapp-number-1,archive::akbar_khan,Akbar Khan,2024-02-27T14:09:09,Akbar Khan,false,chat,Asked someone to go from office and check,Asked someone to go from office and check,,true
mcp_whatsapp_number_1_archive_akber_khan_00206,akber_khan-00206,Akbar Khan,whatsapp-number-1,archive::akbar_khan,Akbar Khan,2024-02-27T14:29:28,David,false,chat,"ok, nice one, thanks for checking. I have to go to islamabd tomorrow, but i'll book in with him after I get back if he's still around","ok, nice one, thanks for checking. I have to go to islamabd tomorrow, but i'll book in with him after I get back if he's still around",,true
mcp_whatsapp_number_1_archive_akber_khan_00207,akber_khan-00207,Akbar Khan,whatsapp-number-1,archive::akbar_khan,Akbar Khan,2024-02-27T14:32:51,Akbar Khan,false,chat,roger that ! not a worry at all,roger that ! not a worry at all,,true
mcp_whatsapp_number_1_archive_akber_khan_00208,akber_khan-00208,Akbar Khan,whatsapp-number-1,archive::akbar_khan,Akbar Khan,2024-03-02T20:28:30,David,false,chat,Not for me but do you know any rental company that will supply a car and driver for a few days. Ideally a company that can issue a receipt to a company and take payment on a company card,Not for me but do you know any rental company that will supply a car and driver for a few days. Ideally a company that can issue a receipt to a company and take payment on a company card,,true
mcp_whatsapp_number_1_archive_akber_khan_00209,akber_khan-00209,Akbar Khan,whatsapp-number-1,archive::akbar_khan,Akbar Khan,2024-03-02T20:31:19,Akbar Khan,false,chat,Non issue bro,Non issue bro,,true
mcp_whatsapp_number_1_archive_akber_khan_00210,akber_khan-00210,Akbar Khan,whatsapp-number-1,archive::akbar_khan,Akbar Khan,2024-03-02T20:31:27,Akbar Khan,false,chat,When ?,When ?,,true
mcp_whatsapp_number_1_archive_akber_khan_00211,akber_khan-00211,Akbar Khan,whatsapp-number-1,archive::akbar_khan,Akbar Khan,2024-03-02T20:31:42,Akbar Khan,false,chat,‎,,,true
mcp_whatsapp_number_1_archive_akber_khan_00212,akber_khan-00212,Akbar Khan,whatsapp-number-1,archive::akbar_khan,Akbar Khan,2024-03-02T20:32:20,Akbar Khan,false,chat,Let me call him first. No issue at all. However u like. Whichever car . Driver no driver doesn't matter. Vendor I've known since way too long,Let me call him first. No issue at all. However u like. Whichever car . Driver no driver doesn't matter. Vendor I've known since way too long,,true
mcp_whatsapp_number_1_archive_akber_khan_00213,akber_khan-00213,Akbar Khan,whatsapp-number-1,archive::akbar_khan,Akbar Khan,2024-03-04T10:24:06,David,false,chat,cool. thanks for this. I somehow missed it at the time,cool. thanks for this. I somehow missed it at the time,,true
mcp_whatsapp_number_1_archive_akber_khan_00214,akber_khan-00214,Akbar Khan,whatsapp-number-1,archive::akbar_khan,Akbar Khan,2024-03-04T10:35:58,Akbar Khan,false,chat,No worries,No worries,,true
mcp_whatsapp_number_1_archive_akber_khan_00215,akber_khan-00215,Akbar Khan,whatsapp-number-1,archive::akbar_khan,Akbar Khan,2024-03-06T22:12:57,Akbar Khan,false,chat,brother david!. have u any intent of being at the int. club on friday ? some dj night b.s. (besides the point) uzi myself and another old school dildo of mine meaning to do gymkhana leading into the int. club on friday,brother david!. have u any intent of being at the int. club on friday ? some dj night b.s. (besides the point) uzi myself and another old school dildo of mine meaning to do gymkhana leading into the int. club on friday,,true
mcp_whatsapp_number_1_archive_akber_khan_00216,akber_khan-00216,Akbar Khan,whatsapp-number-1,archive::akbar_khan,Akbar Khan,2024-03-06T22:13:00,Akbar Khan,false,chat,thought i’d ask u,thought i’d ask u,,true
mcp_whatsapp_number_1_archive_akber_khan_00217,akber_khan-00217,Akbar Khan,whatsapp-number-1,archive::akbar_khan,Akbar Khan,2024-03-06T22:14:10,Akbar Khan,false,chat,just a general evening of boy’ish deb-ochery,just a general evening of boy’ish deb-ochery,,true
mcp_whatsapp_number_1_archive_akber_khan_00218,akber_khan-00218,Akbar Khan,whatsapp-number-1,archive::akbar_khan,Akbar Khan,2024-03-06T22:14:32,David,false,chat,hi. well now you just gave me a ticket out - yes!,hi. well now you just gave me a ticket out - yes!,,true
mcp_whatsapp_number_1_archive_akber_khan_00219,akber_khan-00219,Akbar Khan,whatsapp-number-1,archive::akbar_khan,Akbar Khan,2024-03-06T22:15:08,Akbar Khan,false,chat,lol okay. now it seems like a train is going to hit me (a well meaning train),lol okay. now it seems like a train is going to hit me (a well meaning train),,true
mcp_whatsapp_number_1_archive_akber_khan_00220,akber_khan-00220,Akbar Khan,whatsapp-number-1,archive::akbar_khan,Akbar Khan,2024-03-06T22:15:26,David,false,chat,let me just check with Samar,let me just check with Samar,,true
mcp_whatsapp_number_1_archive_akber_khan_00221,akber_khan-00221,Akbar Khan,whatsapp-number-1,archive::akbar_khan,Akbar Khan,2024-03-06T22:15:32,Akbar Khan,false,chat,please do.,please do.,,true
mcp_whatsapp_number_1_archive_akber_khan_00222,akber_khan-00222,Akbar Khan,whatsapp-number-1,archive::akbar_khan,Akbar Khan,2024-03-06T22:15:37,Akbar Khan,false,chat,let her know who all it is.,let her know who all it is.,,true
mcp_whatsapp_number_1_archive_akber_khan_00223,akber_khan-00223,Akbar Khan,whatsapp-number-1,archive::akbar_khan,Akbar Khan,2024-03-06T22:17:20,David,false,chat,"indeed. yes its you, so I got the nod :)","indeed. yes its you, so I got the nod :)",,true
mcp_whatsapp_number_1_archive_akber_khan_00224,akber_khan-00224,Akbar Khan,whatsapp-number-1,archive::akbar_khan,Akbar Khan,2024-03-06T22:17:37,Akbar Khan,false,chat,sextual !,sextual !,,true
mcp_whatsapp_number_1_archive_akber_khan_00225,akber_khan-00225,Akbar Khan,whatsapp-number-1,archive::akbar_khan,Akbar Khan,2024-03-06T22:18:51,David,false,chat,cool. what,cool. what,,true
mcp_whatsapp_number_1_archive_akber_khan_00226,akber_khan-00226,Akbar Khan,whatsapp-number-1,archive::akbar_khan,Akbar Khan,2024-03-06T22:19:16,Akbar Khan,false,chat,will discuss on friday. wear two underwears,will discuss on friday. wear two underwears,,true
mcp_whatsapp_number_1_archive_akber_khan_00227,akber_khan-00227,Akbar Khan,whatsapp-number-1,archive::akbar_khan,Akbar Khan,2024-03-06T22:19:18,Akbar Khan,false,chat,kidding,kidding,,true
mcp_whatsapp_number_1_archive_akber_khan_00228,akber_khan-00228,Akbar Khan,whatsapp-number-1,archive::akbar_khan,Akbar Khan,2024-03-06T22:20:30,David,false,chat,haha. one less than usual then? will it be tame?,haha. one less than usual then? will it be tame?,,true
mcp_whatsapp_number_1_archive_akber_khan_00229,akber_khan-00229,Akbar Khan,whatsapp-number-1,archive::akbar_khan,Akbar Khan,2024-03-06T22:21:15,Akbar Khan,false,chat,lol. only time will tell,lol. only time will tell,,true
mcp_whatsapp_number_1_archive_akber_khan_00230,akber_khan-00230,Akbar Khan,whatsapp-number-1,archive::akbar_khan,Akbar Khan,2024-03-08T16:48:22,David,false,chat,What time do we kick off?,What time do we kick off?,,true
mcp_whatsapp_number_1_archive_akber_khan_00231,akber_khan-00231,Akbar Khan,whatsapp-number-1,archive::akbar_khan,Akbar Khan,2024-03-08T16:48:30,Akbar Khan,false,chat,hey hey ! 6pm,hey hey ! 6pm,,true
mcp_whatsapp_number_1_archive_akber_khan_00232,akber_khan-00232,Akbar Khan,whatsapp-number-1,archive::akbar_khan,Akbar Khan,2024-03-08T16:48:32,Akbar Khan,false,chat,snooker,snooker,,true
mcp_whatsapp_number_1_archive_akber_khan_00233,akber_khan-00233,Akbar Khan,whatsapp-number-1,archive::akbar_khan,Akbar Khan,2024-03-08T17:29:44,David,false,chat,Remember my friend Mohammed? Can I invite him along to Gymkhana? He is asking what time we will be at the international club also if you have any idea?,Remember my friend Mohammed? Can I invite him along to Gymkhana? He is asking what time we will be at the international club also if you have any idea?,,true
mcp_whatsapp_number_1_archive_akber_khan_00234,akber_khan-00234,Akbar Khan,whatsapp-number-1,archive::akbar_khan,Akbar Khan,2024-03-08T18:15:31,Akbar Khan,false,chat,Of course,Of course,,true
mcp_whatsapp_number_1_archive_akber_khan_00235,akber_khan-00235,Akbar Khan,whatsapp-number-1,archive::akbar_khan,Akbar Khan,2024-03-08T18:15:54,Akbar Khan,false,chat,‎audio omitted,audio omitted,,true
mcp_whatsapp_number_1_archive_akber_khan_00236,akber_khan-00236,Akbar Khan,whatsapp-number-1,archive::akbar_khan,Akbar Khan,2024-03-08T19:06:34,Akbar Khan,false,chat,Bank: Faysal Bank Account Title : AKBAR IQBAL KHAN Account Branch: Gulberg Industrial Area Branch Code: 457 IBAN: PK10FAYS0457006455293002 6k to u brother David Splitting the scotch with u. Saving up for a divorce,Bank: Faysal Bank Account Title : AKBAR IQBAL KHAN Account Branch: Gulberg Industrial Area Branch Code: 457 IBAN: PK10FAYS0457006455293002 6k to u brother David Splitting the scotch with u. Saving up for a divorce,akbar,true
mcp_whatsapp_number_1_archive_akber_khan_00237,akber_khan-00237,Akbar Khan,whatsapp-number-1,archive::akbar_khan,Akbar Khan,2024-03-09T01:09:50,David,false,chat,‎This message can't be displayed here. Please open ‎WhatsApp on your phone to view the message.,This message can't be displayed here. Please open WhatsApp on your phone to view the message.,,true
mcp_whatsapp_number_1_archive_akber_khan_00238,akber_khan-00238,Akbar Khan,whatsapp-number-1,archive::akbar_khan,Akbar Khan,2024-03-09T01:56:13,David,false,chat,"‎Location: https://maps.google.com/?q=31.528389,74.339523","Location: https://maps.google.com/?q=31.528389,74.339523",,true
mcp_whatsapp_number_1_archive_akber_khan_00239,akber_khan-00239,Akbar Khan,whatsapp-number-1,archive::akbar_khan,Akbar Khan,2024-03-09T05:00:08,David,false,chat,Thanks for tonight. Let me know when you are safely tucked up in bed,Thanks for tonight. Let me know when you are safely tucked up in bed,,true
mcp_whatsapp_number_1_archive_akber_khan_00240,akber_khan-00240,Akbar Khan,whatsapp-number-1,archive::akbar_khan,Akbar Khan,2024-03-09T06:01:03,Akbar Khan,false,chat,Homeeeee,Homeeeee,,true
mcp_whatsapp_number_1_archive_akber_khan_00241,akber_khan-00241,Akbar Khan,whatsapp-number-1,archive::akbar_khan,Akbar Khan,2024-03-09T06:01:10,Akbar Khan,false,chat,In bedddd,In bedddd,,true
mcp_whatsapp_number_1_archive_akber_khan_00242,akber_khan-00242,Akbar Khan,whatsapp-number-1,archive::akbar_khan,Akbar Khan,2024-03-09T06:01:24,Akbar Khan,false,chat,Going to sleeeppoo,Going to sleeeppoo,,true
mcp_whatsapp_number_1_archive_akber_khan_00243,akber_khan-00243,Akbar Khan,whatsapp-number-1,archive::akbar_khan,Akbar Khan,2024-03-09T06:02:06,David,false,chat,Love you both xxx,Love you both xxx,,true
mcp_whatsapp_number_1_archive_akber_khan_00244,akber_khan-00244,Akbar Khan,whatsapp-number-1,archive::akbar_khan,Akbar Khan,2024-03-09T13:57:02,Akbar Khan,false,chat,❤️,❤️,,true
mcp_whatsapp_number_1_archive_akber_khan_00245,akber_khan-00245,Akbar Khan,whatsapp-number-1,archive::akbar_khan,Akbar Khan,2024-03-11T14:03:37,Akbar Khan,false,chat,brother david!. thanks for last night! I hope nadia isn’t bothering u at this point; i would actually request you not to entertain her calls at this point. Its a bit too late in the game. any additional communication just complicates things,brother david!. thanks for last night! I hope nadia isn’t bothering u at this point; i would actually request you not to entertain her calls at this point. Its a bit too late in the game. any additional communication just complicates things,,true
mcp_whatsapp_number_1_archive_akber_khan_00246,akber_khan-00246,Akbar Khan,whatsapp-number-1,archive::akbar_khan,Akbar Khan,2024-03-11T14:03:45,Akbar Khan,false,chat,i think we’re on the same page as we spoke about. time to move on.,i think we’re on the same page as we spoke about. time to move on.,,true
mcp_whatsapp_number_1_archive_akber_khan_00247,akber_khan-00247,Akbar Khan,whatsapp-number-1,archive::akbar_khan,Akbar Khan,2024-03-11T14:15:08,David,false,chat,Hi. No nothing from her today. And dont worry I have no interest in getting involved. As I said it was framed as an emergency,Hi. No nothing from her today. And dont worry I have no interest in getting involved. As I said it was framed as an emergency,,true
mcp_whatsapp_number_1_archive_akber_khan_00248,akber_khan-00248,Akbar Khan,whatsapp-number-1,archive::akbar_khan,Akbar Khan,2024-03-11T14:17:17,Akbar Khan,false,chat,yeah you’re going to get a lot of frames from her. unfortunately,yeah you’re going to get a lot of frames from her. unfortunately,,true
mcp_whatsapp_number_1_archive_akber_khan_00249,akber_khan-00249,Akbar Khan,whatsapp-number-1,archive::akbar_khan,Akbar Khan,2024-03-11T14:17:27,Akbar Khan,false,chat,i’m feeling pretty shitty about all of this but what can i do.,i’m feeling pretty shitty about all of this but what can i do.,,true
mcp_whatsapp_number_1_archive_akber_khan_00250,akber_khan-00250,Akbar Khan,whatsapp-number-1,archive::akbar_khan,Akbar Khan,2024-03-11T14:28:05,David,false,chat,"You can't keep going round in circles on this, time to move on","You can't keep going round in circles on this, time to move on",,true
mcp_whatsapp_number_1_archive_akber_khan_00251,akber_khan-00251,Akbar Khan,whatsapp-number-1,archive::akbar_khan,Akbar Khan,2024-03-11T14:29:26,Akbar Khan,false,chat,"yeah. Haven’t slept a wink. she bought another fucking dog … put him outside and crying then banging doors all night, trying to get me to open, then fiaz’s door.. then went and sat in her car and started pressing the horn turned off the electrics then the internet","yeah. Haven’t slept a wink. she bought another fucking dog … put him outside and crying then banging doors all night, trying to get me to open, then fiaz’s door.. then went and sat in her car and started pressing the horn turned off the electrics then the internet",door,true
mcp_whatsapp_number_1_archive_akber_khan_00252,akber_khan-00252,Akbar Khan,whatsapp-number-1,archive::akbar_khan,Akbar Khan,2024-03-11T14:29:34,Akbar Khan,false,chat,i mean … wtf is wrong with her u know ?,i mean … wtf is wrong with her u know ?,,true
mcp_whatsapp_number_1_archive_akber_khan_00253,akber_khan-00253,Akbar Khan,whatsapp-number-1,archive::akbar_khan,Akbar Khan,2024-03-11T14:31:10,David,false,chat,"Like I said, the sooner you are not around to harass, the better I think","Like I said, the sooner you are not around to harass, the better I think",,true
mcp_whatsapp_number_1_archive_akber_khan_00254,akber_khan-00254,Akbar Khan,whatsapp-number-1,archive::akbar_khan,Akbar Khan,2024-03-11T14:31:30,Akbar Khan,false,chat,that woman who came to drop the dog when i was leaving .. says she’s asking nadia to babysit her dog while she’s in london. Found her house. turned out she bought the fucker behind my back,that woman who came to drop the dog when i was leaving .. says she’s asking nadia to babysit her dog while she’s in london. Found her house. turned out she bought the fucker behind my back,,true
mcp_whatsapp_number_1_archive_akber_khan_00255,akber_khan-00255,Akbar Khan,whatsapp-number-1,archive::akbar_khan,Akbar Khan,2024-03-11T14:31:31,Akbar Khan,false,chat,shit like that,shit like that,,true
mcp_whatsapp_number_1_archive_akber_khan_00256,akber_khan-00256,Akbar Khan,whatsapp-number-1,archive::akbar_khan,Akbar Khan,2024-03-11T14:31:49,Akbar Khan,false,chat,yeah. easier said then done. mamoth task moving me and my things and locations and all that,yeah. easier said then done. mamoth task moving me and my things and locations and all that,,true
mcp_whatsapp_number_1_archive_akber_khan_00257,akber_khan-00257,Akbar Khan,whatsapp-number-1,archive::akbar_khan,Akbar Khan,2024-03-11T14:32:10,Akbar Khan,false,chat,anyways. fuck it,anyways. fuck it,,true
mcp_whatsapp_number_1_archive_akber_khan_00258,akber_khan-00258,Akbar Khan,whatsapp-number-1,archive::akbar_khan,Akbar Khan,2024-03-11T14:32:42,David,false,chat,Yep. A bit of removals is not the hardest part. Plenty of space in our basement,Yep. A bit of removals is not the hardest part. Plenty of space in our basement,,true
mcp_whatsapp_number_1_archive_akber_khan_00259,akber_khan-00259,Akbar Khan,whatsapp-number-1,archive::akbar_khan,Akbar Khan,2024-03-11T14:32:54,Akbar Khan,false,chat,lol yeah.,lol yeah.,,true
mcp_whatsapp_number_1_archive_akber_khan_00260,akber_khan-00260,Akbar Khan,whatsapp-number-1,archive::akbar_khan,Akbar Khan,2024-03-26T12:08:45,Akbar Khan,false,chat,Yooooooo Yooooooooooo Heard u flipped over. Not good ! Are you okay ?,Yooooooo Yooooooooooo Heard u flipped over. Not good ! Are you okay ?,,true
mcp_whatsapp_number_1_archive_akber_khan_00261,akber_khan-00261,Akbar Khan,whatsapp-number-1,archive::akbar_khan,Akbar Khan,2024-04-05T17:10:52,Akbar Khan,false,chat,‎audio omitted,audio omitted,,true
mcp_whatsapp_number_1_archive_akber_khan_00262,akber_khan-00262,Akbar Khan,whatsapp-number-1,archive::akbar_khan,Akbar Khan,2024-04-05T17:12:44,David,false,chat,"ok, i'll have a chat with Brendan/Max","ok, i'll have a chat with Brendan/Max",,true
mcp_whatsapp_number_1_archive_akber_khan_00263,akber_khan-00263,Akbar Khan,whatsapp-number-1,archive::akbar_khan,Akbar Khan,2024-04-05T17:13:15,Akbar Khan,false,chat,Cheers,Cheers,,true
mcp_whatsapp_number_1_archive_akber_khan_00264,akber_khan-00264,Akbar Khan,whatsapp-number-1,archive::akbar_khan,Akbar Khan,2024-04-05T17:14:14,Akbar Khan,false,chat,Dr hamza Asif 03340416077,Dr hamza Asif 03340416077,,true
mcp_whatsapp_number_1_archive_akber_khan_00265,akber_khan-00265,Akbar Khan,whatsapp-number-1,archive::akbar_khan,Akbar Khan,2024-04-05T17:14:33,Akbar Khan,false,chat,Abdul Moeed Khawaja +923249456484,Abdul Moeed Khawaja +923249456484,,true
mcp_whatsapp_number_1_archive_akber_khan_00266,akber_khan-00266,Akbar Khan,whatsapp-number-1,archive::akbar_khan,Akbar Khan,2024-04-05T17:14:51,Akbar Khan,false,chat,‎audio omitted,audio omitted,,true
mcp_whatsapp_number_1_archive_akber_khan_00267,akber_khan-00267,Akbar Khan,whatsapp-number-1,archive::akbar_khan,Akbar Khan,2024-04-10T16:29:12,Akbar Khan,false,chat,‎,,,true
mcp_whatsapp_number_1_archive_akber_khan_00268,akber_khan-00268,Akbar Khan,whatsapp-number-1,archive::akbar_khan,Akbar Khan,2024-04-26T16:16:37,Akbar Khan,false,chat,HAPPY birthday brother david !!!,HAPPY birthday brother david !!!,,true
mcp_whatsapp_number_1_archive_akber_khan_00269,akber_khan-00269,Akbar Khan,whatsapp-number-1,archive::akbar_khan,Akbar Khan,2024-04-26T16:16:46,Akbar Khan,false,chat,How does it feel turning 18 ?,How does it feel turning 18 ?,,true
mcp_whatsapp_number_1_archive_akber_khan_00270,akber_khan-00270,Akbar Khan,whatsapp-number-1,archive::akbar_khan,Akbar Khan,2024-04-26T16:35:52,David,false,chat,thanks. yeah very much like the last few times,thanks. yeah very much like the last few times,,true
mcp_whatsapp_number_1_archive_akber_khan_00271,akber_khan-00271,Akbar Khan,whatsapp-number-1,archive::akbar_khan,Akbar Khan,2024-05-16T22:22:48,David,false,chat,How's it going? Let's go and get fucked up this week,How's it going? Let's go and get fucked up this week,,true
mcp_whatsapp_number_1_archive_akber_khan_00272,akber_khan-00272,Akbar Khan,whatsapp-number-1,archive::akbar_khan,Akbar Khan,2024-05-16T22:23:46,David,false,chat,"On another subject, what would you say is the best way to verify ownership and legitimacy of a plot on barki road we want to buy?","On another subject, what would you say is the best way to verify ownership and legitimacy of a plot on barki road we want to buy?",,true
mcp_whatsapp_number_1_archive_akber_khan_00273,akber_khan-00273,Akbar Khan,whatsapp-number-1,archive::akbar_khan,Akbar Khan,2024-05-16T23:19:09,Akbar Khan,false,chat,Haha yeah all in good time perhaps. I'll hook u up on the barki query no worries.,Haha yeah all in good time perhaps. I'll hook u up on the barki query no worries.,,true
mcp_whatsapp_number_1_archive_akber_khan_00274,akber_khan-00274,Akbar Khan,whatsapp-number-1,archive::akbar_khan,Akbar Khan,2024-05-16T23:19:17,Akbar Khan,false,chat,Sorry I missed ur call,Sorry I missed ur call,,true
mcp_whatsapp_number_1_archive_akber_khan_00275,akber_khan-00275,Akbar Khan,whatsapp-number-1,archive::akbar_khan,Akbar Khan,2024-07-09T10:03:56,Akbar Khan,false,chat,Yo brother David. How goes it ? Was wondering. You have ur electric and gas credentials to pay online ? Point being I reckon the bills have arrived. Dad asked me to check with u,Yo brother David. How goes it ? Was wondering. You have ur electric and gas credentials to pay online ? Point being I reckon the bills have arrived. Dad asked me to check with u,,true
mcp_whatsapp_number_1_archive_akber_khan_00276,akber_khan-00276,Akbar Khan,whatsapp-number-1,archive::akbar_khan,Akbar Khan,2024-07-09T14:06:24,David,false,chat,"Hi. All good thanks. I've paid all of the bills online. Apart from the gymkhana bill, which I will do if you can let me know the amount","Hi. All good thanks. I've paid all of the bills online. Apart from the gymkhana bill, which I will do if you can let me know the amount",,true
mcp_whatsapp_number_1_archive_akber_khan_00277,akber_khan-00277,Akbar Khan,whatsapp-number-1,archive::akbar_khan,Akbar Khan,2024-07-09T14:06:50,Akbar Khan,false,chat,Sure thing.!,Sure thing.!,,true
mcp_whatsapp_number_1_archive_akber_khan_00278,akber_khan-00278,Akbar Khan,whatsapp-number-1,archive::akbar_khan,Akbar Khan,2024-07-09T14:06:56,Akbar Khan,false,chat,Can u share ur membership number ?,Can u share ur membership number ?,,true
mcp_whatsapp_number_1_archive_akber_khan_00279,akber_khan-00279,Akbar Khan,whatsapp-number-1,archive::akbar_khan,Akbar Khan,2024-07-09T14:07:20,Akbar Khan,false,chat,http://110.39.6.180/LGK_Payments,http://110.39.6.180/LGK_Payments,,true
mcp_whatsapp_number_1_archive_akber_khan_00280,akber_khan-00280,Akbar Khan,whatsapp-number-1,archive::akbar_khan,Akbar Khan,2024-07-09T14:07:28,Akbar Khan,false,chat,Here is where I usually pay from,Here is where I usually pay from,,true
mcp_whatsapp_number_1_archive_akber_khan_00281,akber_khan-00281,Akbar Khan,whatsapp-number-1,archive::akbar_khan,Akbar Khan,2024-07-09T14:46:02,David,false,chat,"I can't ever get that one to work: The system is experiencing some critical error, please call the System Administrator to fix the problem.......................(Get_Voucher)","I can't ever get that one to work: The system is experiencing some critical error, please call the System Administrator to fix the problem.......................(Get_Voucher)",,true
mcp_whatsapp_number_1_archive_akber_khan_00282,akber_khan-00282,Akbar Khan,whatsapp-number-1,archive::akbar_khan,Akbar Khan,2024-07-09T14:46:26,David,false,chat,i'll pay online to the cashier if you can find out what the amount is,i'll pay online to the cashier if you can find out what the amount is,,true
mcp_whatsapp_number_1_archive_akber_khan_00283,akber_khan-00283,Akbar Khan,whatsapp-number-1,archive::akbar_khan,Akbar Khan,2024-07-09T14:47:03,Akbar Khan,false,chat,Sure sure. Just share ur membership number,Sure sure. Just share ur membership number,,true
mcp_whatsapp_number_1_archive_akber_khan_00284,akber_khan-00284,Akbar Khan,whatsapp-number-1,archive::akbar_khan,Akbar Khan,2024-07-09T14:47:27,David,false,chat,R-14332,R-14332,,true
mcp_whatsapp_number_1_archive_akber_khan_00285,akber_khan-00285,Akbar Khan,whatsapp-number-1,archive::akbar_khan,Akbar Khan,2024-07-09T14:47:38,Akbar Khan,false,chat,Okie dokie . I'll get back to u,Okie dokie . I'll get back to u,,true
mcp_whatsapp_number_1_archive_akber_khan_00286,akber_khan-00286,Akbar Khan,whatsapp-number-1,archive::akbar_khan,Akbar Khan,2024-07-09T14:47:47,David,false,chat,thanks!,thanks!,,true
mcp_whatsapp_number_1_archive_akber_khan_00287,akber_khan-00287,Akbar Khan,whatsapp-number-1,archive::akbar_khan,Akbar Khan,2024-07-12T14:03:50,Akbar Khan,false,chat,PKR 39519 is ur dues at the club.,PKR 39519 is ur dues at the club.,,true
mcp_whatsapp_number_1_archive_akber_khan_00288,akber_khan-00288,Akbar Khan,whatsapp-number-1,archive::akbar_khan,Akbar Khan,2024-07-12T14:04:19,Akbar Khan,false,chat,‎image omitted,image omitted,,true
mcp_whatsapp_number_1_archive_akber_khan_00289,akber_khan-00289,Akbar Khan,whatsapp-number-1,archive::akbar_khan,Akbar Khan,2024-07-12T14:04:47,Akbar Khan,false,chat,U can just transfer here and send me the receipt. I'll get it sorted. Best to do it soon. It's on the block list,U can just transfer here and send me the receipt. I'll get it sorted. Best to do it soon. It's on the block list,,true
mcp_whatsapp_number_1_archive_akber_khan_00290,akber_khan-00290,Akbar Khan,whatsapp-number-1,archive::akbar_khan,Akbar Khan,2024-07-12T14:08:34,David,false,chat,Ok thanks. I've paid and notified the cashier on the WhatsApp number,Ok thanks. I've paid and notified the cashier on the WhatsApp number,,true
mcp_whatsapp_number_1_archive_akber_khan_00291,akber_khan-00291,Akbar Khan,whatsapp-number-1,archive::akbar_khan,Akbar Khan,2024-07-12T14:09:04,Akbar Khan,false,chat,Superb. Okay.,Superb. Okay.,,true
mcp_whatsapp_number_1_archive_akber_khan_00292,akber_khan-00292,Akbar Khan,whatsapp-number-1,archive::akbar_khan,Akbar Khan,2024-08-13T17:44:35,David,false,chat,Come over for tea if you are free,Come over for tea if you are free,,true
mcp_whatsapp_number_1_archive_akber_khan_00293,akber_khan-00293,Akbar Khan,whatsapp-number-1,archive::akbar_khan,Akbar Khan,2024-08-13T17:45:16,Akbar Khan,false,chat,Hey hey. Thanks for the offer bro. I'm just stuck with some work stuff. Need to get it out of the way. Maybe next time for sure.,Hey hey. Thanks for the offer bro. I'm just stuck with some work stuff. Need to get it out of the way. Maybe next time for sure.,,true
mcp_whatsapp_number_1_archive_akber_khan_00294,akber_khan-00294,Akbar Khan,whatsapp-number-1,archive::akbar_khan,Akbar Khan,2024-08-16T14:22:50,Akbar Khan,false,chat,‎image omitted,image omitted,,true
mcp_whatsapp_number_1_archive_akber_khan_00295,akber_khan-00295,Akbar Khan,whatsapp-number-1,archive::akbar_khan,Akbar Khan,2024-08-16T14:22:53,Akbar Khan,false,chat,Brother David,Brother David,,true
mcp_whatsapp_number_1_archive_akber_khan_00296,akber_khan-00296,Akbar Khan,whatsapp-number-1,archive::akbar_khan,Akbar Khan,2024-08-16T14:22:58,Akbar Khan,false,chat,Paid from dad's end.,Paid from dad's end.,,true
mcp_whatsapp_number_1_archive_akber_khan_00297,akber_khan-00297,Akbar Khan,whatsapp-number-1,archive::akbar_khan,Akbar Khan,2024-08-16T14:23:45,Akbar Khan,false,chat,This samba account. ‎image omitted,This samba account. image omitted,,true
mcp_whatsapp_number_1_archive_akber_khan_00298,akber_khan-00298,Akbar Khan,whatsapp-number-1,archive::akbar_khan,Akbar Khan,2024-08-16T14:24:04,Akbar Khan,false,chat,Basically shehzads salary. Dha / water and gas.,Basically shehzads salary. Dha / water and gas.,,true
mcp_whatsapp_number_1_archive_akber_khan_00299,akber_khan-00299,Akbar Khan,whatsapp-number-1,archive::akbar_khan,Akbar Khan,2024-08-16T14:24:08,Akbar Khan,false,chat,Electric u sorted.,Electric u sorted.,,true
mcp_whatsapp_number_1_archive_akber_khan_00300,akber_khan-00300,Akbar Khan,whatsapp-number-1,archive::akbar_khan,Akbar Khan,2024-08-23T19:03:45,Akbar Khan,false,chat,Yo brother David. Sorry just wondering if u transfered to dad. If yes let me know so I let him know.,Yo brother David. Sorry just wondering if u transfered to dad. If yes let me know so I let him know.,,true
mcp_whatsapp_number_1_archive_akber_khan_00301,akber_khan-00301,Akbar Khan,whatsapp-number-1,archive::akbar_khan,Akbar Khan,2024-08-23T19:31:06,David,false,chat,"hi. ok, well now I have done it","hi. ok, well now I have done it",,true
mcp_whatsapp_number_1_archive_akber_khan_00302,akber_khan-00302,Akbar Khan,whatsapp-number-1,archive::akbar_khan,Akbar Khan,2024-08-23T20:00:32,Akbar Khan,false,chat,Okie dokie cheers,Okie dokie cheers,,true
mcp_whatsapp_number_1_archive_akber_khan_00303,akber_khan-00303,Akbar Khan,whatsapp-number-1,archive::akbar_khan,Akbar Khan,2024-10-04T23:57:57,Akbar Khan,false,chat,"Guys. im putting funds together for our recently passed office boy, raju. If you guys can spare anything please just transfer to Nayapay 03334552030 Akbar Khan He has two daughters he has left behind and whatever we can do to help will be appreciated. Funds sent will be handed to the elder daughter accordingly. THank you","Guys. im putting funds together for our recently passed office boy, raju. If you guys can spare anything please just transfer to Nayapay 03334552030 Akbar Khan He has two daughters he has left behind and whatever we can do to help will be appreciated. Funds sent will be handed to the elder daughter accordingly. THank you",akbar,true
mcp_whatsapp_number_1_archive_akber_khan_00304,akber_khan-00304,Akbar Khan,whatsapp-number-1,archive::akbar_khan,Akbar Khan,2024-10-05T01:21:56,David,false,chat,can’t get microbanking working today. sent 30k to your faisalbank,can’t get microbanking working today. sent 30k to your faisalbank,,true
mcp_whatsapp_number_1_archive_akber_khan_00305,akber_khan-00305,Akbar Khan,whatsapp-number-1,archive::akbar_khan,Akbar Khan,2024-10-05T01:31:03,Akbar Khan,false,chat,That is amazingly generous brother David. Will send u a video of the daughter's receiving it.,That is amazingly generous brother David. Will send u a video of the daughter's receiving it.,,true
mcp_whatsapp_number_1_archive_akber_khan_00306,akber_khan-00306,Akbar Khan,whatsapp-number-1,archive::akbar_khan,Akbar Khan,2025-04-01T04:26:34,David,false,chat,"its yousafs brother still in the field of issuing driving licenses? I would like to quite quickly get a local license, ideally just off the back of my uk license","its yousafs brother still in the field of issuing driving licenses? I would like to quite quickly get a local license, ideally just off the back of my uk license",,true
mcp_whatsapp_number_1_archive_akber_khan_00307,akber_khan-00307,Akbar Khan,whatsapp-number-1,archive::akbar_khan,Akbar Khan,2025-04-01T14:38:30,Akbar Khan,false,chat,Hey hey !,Hey hey !,,true
mcp_whatsapp_number_1_archive_akber_khan_00308,akber_khan-00308,Akbar Khan,whatsapp-number-1,archive::akbar_khan,Akbar Khan,2025-04-01T14:38:44,Akbar Khan,false,chat,Let me check. Sorry. Been asleep all day . Still in and out,Let me check. Sorry. Been asleep all day . Still in and out,,true
mcp_whatsapp_number_1_archive_akber_khan_00309,akber_khan-00309,Akbar Khan,whatsapp-number-1,archive::akbar_khan,Akbar Khan,2025-08-19T23:12:58,Akbar Khan,false,chat,03062966016,03062966016,,true
mcp_whatsapp_number_1_archive_akber_khan_00310,akber_khan-00310,Akbar Khan,whatsapp-number-1,archive::akbar_khan,Akbar Khan,2025-12-09T23:16:39,Akbar Khan,false,chat,"‎Missed group call, ‎3 invited [03/01/2026, 06:17:18] Akbar Khan:","Missed group call, 3 invited [03/01/2026, 06:17:18] Akbar Khan:",akbar,true
mcp_whatsapp_number_1_archive_akber_khan_00311,akber_khan-00311,Akbar Khan,whatsapp-number-1,archive::akbar_khan,Akbar Khan,2026-01-03T06:17:19,Akbar Khan,false,chat,‎image omitted,image omitted,,true
mcp_whatsapp_number_1_archive_akber_khan_00312,akber_khan-00312,Akbar Khan,whatsapp-number-1,archive::akbar_khan,Akbar Khan,2026-01-03T06:17:19,Akbar Khan,false,chat,‎image omitted,image omitted,,true
mcp_whatsapp_number_1_archive_akber_khan_00313,akber_khan-00313,Akbar Khan,whatsapp-number-1,archive::akbar_khan,Akbar Khan,2026-01-03T06:17:19,Akbar Khan,false,chat,‎image omitted,image omitted,,true
mcp_whatsapp_number_1_archive_akber_khan_00314,akber_khan-00314,Akbar Khan,whatsapp-number-1,archive::akbar_khan,Akbar Khan,2026-03-11T20:41:06,David,false,chat,everythings pretty good with the car - well in the dark anyway. finally ound out how to turn the ligts on,everythings pretty good with the car - well in the dark anyway. finally ound out how to turn the ligts on,,true
mcp_whatsapp_number_1_archive_akber_khan_00315,akber_khan-00315,Akbar Khan,whatsapp-number-1,archive::akbar_khan,Akbar Khan,2026-03-11T20:41:24,David,false,chat,just steers a bit like a cruise ship,just steers a bit like a cruise ship,,true
mcp_whatsapp_number_1_archive_akber_khan_00316,akber_khan-00316,Akbar Khan,whatsapp-number-1,archive::akbar_khan,Akbar Khan,2026-03-11T20:41:30,David,false,chat,so I assume something like https://www.cityracerllc.com/products/electric-power-steering-for-toyota-land-cruiser-fj40,so I assume something like https://www.cityracerllc.com/products/electric-power-steering-for-toyota-land-cruiser-fj40,fj40|steering,true
mcp_whatsapp_number_1_archive_akber_khan_00317,akber_khan-00317,Akbar Khan,whatsapp-number-1,archive::akbar_khan,Akbar Khan,2026-03-11T20:43:42,David,false,chat,"ok, great. tomorrow is —— flexble. just give me a bit not notice so i will be there","ok, great. tomorrow is —— flexble. just give me a bit not notice so i will be there",,true
mcp_whatsapp_number_1_archive_akber_khan_00318,akber_khan-00318,Akbar Khan,whatsapp-number-1,archive::akbar_khan,Akbar Khan,2026-03-11T20:44:18,David,false,chat,probably an upgraded android screen thing thats a bit less anooyting,probably an upgraded android screen thing thats a bit less anooyting,android,true
mcp_whatsapp_number_1_archive_akber_khan_00319,akber_khan-00319,Akbar Khan,whatsapp-number-1,archive::akbar_khan,Akbar Khan,2026-03-11T20:44:25,David,false,chat,and need to fix the AC,and need to fix the AC,ac,true
mcp_whatsapp_number_1_archive_akber_khan_00320,akber_khan-00320,Akbar Khan,whatsapp-number-1,archive::akbar_khan,Akbar Khan,2026-03-11T20:44:46,David,false,chat,everything else (until it falls apart) seems ok to me,everything else (until it falls apart) seems ok to me,,true
mcp_whatsapp_number_1_archive_akber_khan_00321,akber_khan-00321,Akbar Khan,whatsapp-number-1,archive::akbar_khan,Akbar Khan,2026-03-11T20:45:34,David,false,chat,still have to work out how to load 3 people in the back seeing as one of the seats covers teht door,still have to work out how to load 3 people in the back seeing as one of the seats covers teht door,door,true
mcp_whatsapp_number_1_archive_akber_khan_00322,akber_khan-00322,Akbar Khan,whatsapp-number-1,archive::akbar_khan,Akbar Khan,2026-03-11T20:46:27,David,false,chat,can’t see shit out ht the wing mirror - its hits the door partition,can’t see shit out ht the wing mirror - its hits the door partition,door,true
mcp_whatsapp_number_1_archive_akber_khan_00323,akber_khan-00323,Akbar Khan,whatsapp-number-1,archive::akbar_khan,Akbar Khan,2026-03-11T20:47:07,David,false,chat,"as I say i’m happy, but if you have any ideas about the above let me know","as I say i’m happy, but if you have any ideas about the above let me know",,true
mcp_whatsapp_number_1_archive_akber_khan_00324,akber_khan-00324,Akbar Khan,whatsapp-number-1,archive::akbar_khan,Akbar Khan,2026-03-11T20:50:49,David,false,chat,that window that needed re-doing,that window that needed re-doing,window,true
mcp_whatsapp_number_1_archive_akber_khan_00325,akber_khan-00325,Akbar Khan,whatsapp-number-1,archive::akbar_khan,Akbar Khan,2026-03-11T20:51:27,David,false,chat,"a less complicated system if knobs would be nice, but I I think I worked them out now","a less complicated system if knobs would be nice, but I I think I worked them out now",,true
mcp_whatsapp_number_1_archive_akber_khan_00326,akber_khan-00326,Akbar Khan,whatsapp-number-1,archive::akbar_khan,Akbar Khan,2026-03-11T20:52:50,David,false,chat,do you have a proper full set of car tools?,do you have a proper full set of car tools?,,true
mcp_whatsapp_number_1_archive_akber_khan_00327,akber_khan-00327,Akbar Khan,whatsapp-number-1,archive::akbar_khan,Akbar Khan,2026-03-11T21:04:59,David,false,chat,jumps out of gear accationally. probably me not jamming it in enough yet,jumps out of gear accationally. probably me not jamming it in enough yet,,true
mcp_whatsapp_number_1_archive_akber_khan_00328,akber_khan-00328,Akbar Khan,whatsapp-number-1,archive::akbar_khan,Akbar Khan,2026-03-11T21:05:54,David,false,chat,great car for people getting the fuck out of your way though,great car for people getting the fuck out of your way though,,true
mcp_whatsapp_number_1_archive_akber_khan_00329,akber_khan-00329,Akbar Khan,whatsapp-number-1,archive::akbar_khan,Akbar Khan,2026-03-11T21:07:43,David,false,chat,doesn’t seem like anyone is keen to test their crumple-zones against it,doesn’t seem like anyone is keen to test their crumple-zones against it,,true
mcp_whatsapp_number_1_archive_akber_khan_00330,akber_khan-00330,Akbar Khan,whatsapp-number-1,archive::akbar_khan,Akbar Khan,2026-03-11T21:08:02,David,false,chat,it would basically shurg,it would basically shurg,,true
mcp_whatsapp_number_1_archive_akber_khan_00331,akber_khan-00331,Akbar Khan,whatsapp-number-1,archive::akbar_khan,Akbar Khan,2026-03-11T21:08:03,Akbar Khan,false,chat,Ur going to meet the best guy for this via Hassan. Exceptional rebuilder,Ur going to meet the best guy for this via Hassan. Exceptional rebuilder,,true
mcp_whatsapp_number_1_archive_akber_khan_00332,akber_khan-00332,Akbar Khan,whatsapp-number-1,archive::akbar_khan,Akbar Khan,2026-03-11T21:08:14,Akbar Khan,false,chat,But the fun is also doing a lot of work yourself. That's what I enjoyed the most.,But the fun is also doing a lot of work yourself. That's what I enjoyed the most.,,true
mcp_whatsapp_number_1_archive_akber_khan_00333,akber_khan-00333,Akbar Khan,whatsapp-number-1,archive::akbar_khan,Akbar Khan,2026-03-11T21:08:24,David,false,chat,"well, yes I would like to","well, yes I would like to",,true
mcp_whatsapp_number_1_archive_akber_khan_00334,akber_khan-00334,Akbar Khan,whatsapp-number-1,archive::akbar_khan,Akbar Khan,2026-03-11T21:08:30,David,false,chat,hence the question abtout tools,hence the question abtout tools,,true
mcp_whatsapp_number_1_archive_akber_khan_00335,akber_khan-00335,Akbar Khan,whatsapp-number-1,archive::akbar_khan,Akbar Khan,2026-03-11T21:08:38,David,false,chat,thats some speicialist tooling,thats some speicialist tooling,,true
mcp_whatsapp_number_1_archive_akber_khan_00336,akber_khan-00336,Akbar Khan,whatsapp-number-1,archive::akbar_khan,Akbar Khan,2026-03-11T21:08:46,David,false,chat,for the eletrci steering,for the eletrci steering,steering,true
mcp_whatsapp_number_1_archive_akber_khan_00337,akber_khan-00337,Akbar Khan,whatsapp-number-1,archive::akbar_khan,Akbar Khan,2026-03-11T21:08:48,Akbar Khan,false,chat,Let's ! And this car is extremely modular and fun. Never done jeeps but basics are basics,Let's ! And this car is extremely modular and fun. Never done jeeps but basics are basics,,true
mcp_whatsapp_number_1_archive_akber_khan_00338,akber_khan-00338,Akbar Khan,whatsapp-number-1,archive::akbar_khan,Akbar Khan,2026-03-11T21:08:58,Akbar Khan,false,chat,All available. All fun,All available. All fun,,true
mcp_whatsapp_number_1_archive_akber_khan_00339,akber_khan-00339,Akbar Khan,whatsapp-number-1,archive::akbar_khan,Akbar Khan,2026-03-11T21:09:09,David,false,chat,picked it specially for that reason,picked it specially for that reason,,true
mcp_whatsapp_number_1_archive_akber_khan_00340,akber_khan-00340,Akbar Khan,whatsapp-number-1,archive::akbar_khan,Akbar Khan,2026-03-11T21:09:18,David,false,chat,well. source the parts first,well. source the parts first,,true
mcp_whatsapp_number_1_archive_akber_khan_00341,akber_khan-00341,Akbar Khan,whatsapp-number-1,archive::akbar_khan,Akbar Khan,2026-03-11T21:09:19,Akbar Khan,false,chat,And ur mobile. Just one request as a brother. Sober plz :). It's a tough car. You'll run over someone and wouldn't even know it.,And ur mobile. Just one request as a brother. Sober plz :). It's a tough car. You'll run over someone and wouldn't even know it.,,true
mcp_whatsapp_number_1_archive_akber_khan_00342,akber_khan-00342,Akbar Khan,whatsapp-number-1,archive::akbar_khan,Akbar Khan,2026-03-11T21:09:38,Akbar Khan,false,chat,Meet the guy we were talking about. Will be an epic eye opener and everyone else is available.,Meet the guy we were talking about. Will be an epic eye opener and everyone else is available.,,true
mcp_whatsapp_number_1_archive_akber_khan_00343,akber_khan-00343,Akbar Khan,whatsapp-number-1,archive::akbar_khan,Akbar Khan,2026-03-11T21:09:43,Akbar Khan,false,chat,Tool sets at home. U name it.,Tool sets at home. U name it.,,true
mcp_whatsapp_number_1_archive_akber_khan_00344,akber_khan-00344,Akbar Khan,whatsapp-number-1,archive::akbar_khan,Akbar Khan,2026-03-11T21:11:41,Akbar Khan,false,chat,When is my first drive ????,When is my first drive ????,,true
mcp_whatsapp_number_1_archive_fj40_00001,fj40-00001,Fj40,whatsapp-number-1,archive::fj40,Fj40,2026-03-11T21:12:48,Fj40,false,chat,"‎Messages and calls are end-to-end encrypted. Only people in this chat can read, listen to, or share them.","Messages and calls are end-to-end encrypted. Only people in this chat can read, listen to, or share them.",,true
mcp_whatsapp_number_1_archive_fj40_00002,fj40-00002,Fj40,whatsapp-number-1,archive::fj40,Fj40,2026-03-11T21:12:48,Akbar Khan,false,chat,‎Akbar Khan created group “Fj40”,Akbar Khan created group “Fj40”,akbar|fj40,true
mcp_whatsapp_number_1_archive_fj40_00003,fj40-00003,Fj40,whatsapp-number-1,archive::fj40,Fj40,2026-03-11T21:12:48,Fj40,false,chat,‎Akbar Khan added you,Akbar Khan added you,akbar,true
mcp_whatsapp_number_1_archive_fj40_00004,fj40-00004,Fj40,whatsapp-number-1,archive::fj40,Fj40,2026-03-11T21:13:13,Akbar Khan,false,chat,‎,,,true
mcp_whatsapp_number_1_archive_fj40_00005,fj40-00005,Fj40,whatsapp-number-1,archive::fj40,Fj40,2026-03-11T21:13:26,Akbar Khan,false,chat,‎,,,true
mcp_whatsapp_number_1_archive_akber_khan_00345,akber_khan-00345,Akbar Khan,whatsapp-number-1,archive::akbar_khan,Akbar Khan,2026-03-11T21:14:25,David,false,chat,any time you like. come over during sunliight tomorrow and we can both have a goof look over it,any time you like. come over during sunliight tomorrow and we can both have a goof look over it,,true
mcp_whatsapp_number_1_archive_akber_khan_00346,akber_khan-00346,Akbar Khan,whatsapp-number-1,archive::akbar_khan,Akbar Khan,2026-03-11T21:14:26,David,false,chat,"Converting a J40 to hydraulic power steering is not something you can realistically do from home with no tools. It’s a mechanical fabrication job involving cutting, drilling, and installing major steering components. The safest approach is either buying a full bolt-on kit or having a workshop do the fabrication. I’ll explain what the minimum realistic setup looks like. What a hydraulic conversion actually requires A J40 was designed with a manual steering box and bell-crank system, so power steering requires installing a completely different steering box and linkage. Core parts required: Steering components Power steering steering box (often from Land Cruiser 60/70 or Toyota Hilux) Pitman arm Drag link Modified steering shaft with U-joints Hydraulic system Power steering pump Pump mounting bracket Reservoir High-pressure hose Return hose Engine drive Double crank pulley Drive belt Frame mounting Steering box mounting plate Reinforcement plate Tools normally required At minimum: Basic tools socket set spanners jack + axle stands breaker bar Fabrication tools drill angle grinder welder (almost always required) Without these, the conversion is essentially impossible. Realistic options if you have no tools Option 1 — Buy a full conversion kit Some kits are designed to minimize fabrication. Example suppliers: Cruiser Corps Man-A-Fre BTB Products Cool Cruisers These typically include: steering box mounting plate pump hoses steering shaft Even with a kit you still need: drilling some cutting A garage can install it in 5–8 hours. Option 2 — Have a 4x4 workshop do it Best option if starting from nothing. Typical cost depending on parts: Parts: $600–1500 Labour: $300–600 In Pakistan the labour is usually much cheaper. Option 3 — Electric power steering column If you truly want minimal tools, EPS is the only realistic DIY approach. Steps are basically: Remove steering column Install EPS column motor unit Wire to battery Connect to steering box But even this usually requires: cutting the steering shaft welding or adapters If you want the easiest possible path The simplest solution for a J40 owner without tools is: Take it to a Land Cruiser specialist and install a Toyota 60-series power steering box conversion. This is the most common J40 upgrade worldwide. 💡 If you want, I can also show you: The easiest J40 power steering conversion ever designed (almost bolt-in) The cheapest conversion using Toyota Hilux parts The mistake that cracks the J40 frame during conversion Those three things save most people a lot of money and frustration.","Converting a J40 to hydraulic power steering is not something you can realistically do from home with no tools. It’s a mechanical fabrication job involving cutting, drilling, and installing major steering components. The safest approach is either buying a full bolt-on kit or having a workshop do the fabrication. I’ll explain what the minimum realistic setup looks like. What a hydraulic conversion actually requires A J40 was designed with a manual steering box and bell-crank system, so power steering requires installing a completely different steering box and linkage. Core parts required: Steering components Power steering steering box (often from Land Cruiser 60/70 or Toyota Hilux) Pitman arm Drag link Modified steering shaft with U-joints Hydraulic system Power steering pump Pump mounting bracket Reservoir High-pressure hose Return hose Engine drive Double crank pulley Drive belt Frame mounting Steering box mounting plate Reinforcement plate Tools normally required At minimum: Basic tools socket set spanners jack + axle stands breaker bar Fabrication tools drill angle grinder welder (almost always required) Without these, the conversion is essentially impossible. Realistic options if you have no tools Option 1 — Buy a full conversion kit Some kits are designed to minimize fabrication. Example suppliers: Cruiser Corps Man-A-Fre BTB Products Cool Cruisers These typically include: steering box mounting plate pump hoses steering shaft Even with a kit you still need: drilling some cutting A garage can install it in 5–8 hours. Option 2 — Have a 4x4 workshop do it Best option if starting from nothing. Typical cost depending on parts: Parts: $600–1500 Labour: $300–600 In Pakistan the labour is usually much cheaper. Option 3 — Electric power steering column If you truly want minimal tools, EPS is the only realistic DIY approach. Steps are basically: Remove steering column Install EPS column motor unit Wire to battery Connect to steering box But even this usually requires: cutting the steering shaft welding or adapters If you want the easiest possible path The simplest solution for a J40 owner without tools is: Take it to a Land Cruiser specialist and install a Toyota 60-series power steering box conversion. This is the most common J40 upgrade worldwide. 💡 If you want, I can also show you: The easiest J40 power steering conversion ever designed (almost bolt-in) The cheapest conversion using Toyota Hilux parts The mistake that cracks the J40 frame during conversion Those three things save most people a lot of money and frustration.",battery|breaker bar|engine|j40|land cruiser|power steering|steering|welder|welding|wire,true
mcp_whatsapp_number_1_archive_akber_khan_00347,akber_khan-00347,Akbar Khan,whatsapp-number-1,archive::akbar_khan,Akbar Khan,2026-03-11T21:15:39,Akbar Khan,false,chat,‎,,,true
mcp_whatsapp_number_1_archive_akber_khan_00348,akber_khan-00348,Akbar Khan,whatsapp-number-1,archive::akbar_khan,Akbar Khan,2026-03-11T21:15:53,David,false,chat,"nd do bolt on kits exist to conver to haudralic? Yes — bolt-on kits do exist for converting a Land Cruiser J40 to hydraulic power steering, but there’s an important catch: 👉 Almost none are truly 100% bolt-on. They are usually “conversion kits” that reduce fabrication, but most still require some welding or drilling. Example hydraulic conversion kits for the J40 Complete Saginaw power steering kit A typical example is a Saginaw conversion kit like the one from Cruiser Solutions. It normally includes: power steering gearbox steering shaft pump pump bracket mounting plate pitman arm drag link high and low pressure hoses pulley and belt system These kits run roughly $1,100–$1,600 depending on completeness. Installation reality Even with a kit: Typical work required: Weld steering box mounting plate to frame Drill or cut hole in front crossmember Modify steering column Install pump bracket and pulley The steering box mount must be welded because it carries very high steering forces, and installers recommend a certified welder. So the kits are “semi-bolt-on”, not truly plug-and-play. Types of kits you’ll see There are basically three J40 conversion styles. 1️⃣ Saginaw steering conversion Most common worldwide. Uses: GM steering box GM pump Pros: very strong easy parts availability Cons: most fabrication 2️⃣ Toyota mini-truck box conversion Uses steering box from: 1979–1985 Toyota pickup / Hilux Pros: more compact more “Toyota” Cons: still some welding 3️⃣ FJ60 steering box conversion Uses steering from the 60-series Land Cruiser. Pros: extremely robust good steering feel popular with big tyres Cons: slightly more complex install The closest thing to “bolt-on” There are kits that provide all mounting plates and shafts, so you just install the steering box and pump. But even those still require: welding one mount drilling a crossmember There’s no true IKEA-style bolt-on hydraulic kit because the original J40 chassis was never designed for power steering. The real easiest path (most owners do this) Instead of buying a full kit: Most Land Cruiser builders simply install: **Toyota Hilux steering box Saginaw pump custom mount plate** This is cheaper and extremely reliable. ✅ Summary Option Difficulty True bolt-on hydraulic kit ❌ doesn’t really exist Conversion kit ⚠️ some welding required Custom Hilux/FJ60 swap ⚠️ moderate fabrication Electric power steering ✅ easiest install 💡 If you want, I can also show you: The easiest J40 power steering conversion ever done (very clever design) The Hilux parts list that makes the conversion extremely cheap The steering upgrade that makes a J40 drive like a modern 4×4 Those three things are what most serious Land Cruiser builders end up doing.","nd do bolt on kits exist to conver to haudralic? Yes — bolt-on kits do exist for converting a Land Cruiser J40 to hydraulic power steering, but there’s an important catch: 👉 Almost none are truly 100% bolt-on. They are usually “conversion kits” that reduce fabrication, but most still require some welding or drilling. Example hydraulic conversion kits for the J40 Complete Saginaw power steering kit A typical example is a Saginaw conversion kit like the one from Cruiser Solutions. It normally includes: power steering gearbox steering shaft pump pump bracket mounting plate pitman arm drag link high and low pressure hoses pulley and belt system These kits run roughly $1,100–$1,600 depending on completeness. Installation reality Even with a kit: Typical work required: Weld steering box mounting plate to frame Drill or cut hole in front crossmember Modify steering column Install pump bracket and pulley The steering box mount must be welded because it carries very high steering forces, and installers recommend a certified welder. So the kits are “semi-bolt-on”, not truly plug-and-play. Types of kits you’ll see There are basically three J40 conversion styles. 1️⃣ Saginaw steering conversion Most common worldwide. Uses: GM steering box GM pump Pros: very strong easy parts availability Cons: most fabrication 2️⃣ Toyota mini-truck box conversion Uses steering box from: 1979–1985 Toyota pickup / Hilux Pros: more compact more “Toyota” Cons: still some welding 3️⃣ FJ60 steering box conversion Uses steering from the 60-series Land Cruiser. Pros: extremely robust good steering feel popular with big tyres Cons: slightly more complex install The closest thing to “bolt-on” There are kits that provide all mounting plates and shafts, so you just install the steering box and pump. But even those still require: welding one mount drilling a crossmember There’s no true IKEA-style bolt-on hydraulic kit because the original J40 chassis was never designed for power steering. The real easiest path (most owners do this) Instead of buying a full kit: Most Land Cruiser builders simply install: **Toyota Hilux steering box Saginaw pump custom mount plate** This is cheaper and extremely reliable. ✅ Summary Option Difficulty True bolt-on hydraulic kit ❌ doesn’t really exist Conversion kit ⚠️ some welding required Custom Hilux/FJ60 swap ⚠️ moderate fabrication Electric power steering ✅ easiest install 💡 If you want, I can also show you: The easiest J40 power steering conversion ever done (very clever design) The Hilux parts list that makes the conversion extremely cheap The steering upgrade that makes a J40 drive like a modern 4×4 Those three things are what most serious Land Cruiser builders end up doing.",chassis|j40|land cruiser|plates|power steering|steering|weld|welder|welding,true
mcp_whatsapp_number_1_archive_akber_khan_00349,akber_khan-00349,Akbar Khan,whatsapp-number-1,archive::akbar_khan,Akbar Khan,2026-03-11T21:16:17,David,false,chat,just investigating for myself reallly,just investigating for myself reallly,,true
mcp_whatsapp_number_1_archive_akber_khan_00350,akber_khan-00350,Akbar Khan,whatsapp-number-1,archive::akbar_khan,Akbar Khan,2026-03-11T21:16:17,Akbar Khan,false,chat,U need to meet this chap.,U need to meet this chap.,,true
mcp_whatsapp_number_1_archive_akber_khan_00351,akber_khan-00351,Akbar Khan,whatsapp-number-1,archive::akbar_khan,Akbar Khan,2026-03-11T21:16:28,David,false,chat,I have my own ideas about criteria,I have my own ideas about criteria,,true
mcp_whatsapp_number_1_archive_akber_khan_00352,akber_khan-00352,Akbar Khan,whatsapp-number-1,archive::akbar_khan,Akbar Khan,2026-03-11T21:16:34,Akbar Khan,false,chat,It's absolutely great u are. Exiting,It's absolutely great u are. Exiting,,true
mcp_whatsapp_number_1_archive_akber_khan_00353,akber_khan-00353,Akbar Khan,whatsapp-number-1,archive::akbar_khan,Akbar Khan,2026-03-11T21:16:35,David,false,chat,most of which I have not yet considered,most of which I have not yet considered,,true
mcp_whatsapp_number_1_archive_akber_khan_00354,akber_khan-00354,Akbar Khan,whatsapp-number-1,archive::akbar_khan,Akbar Khan,2026-03-11T21:16:37,Akbar Khan,false,chat,Exciting !,Exciting !,,true
mcp_whatsapp_number_1_archive_akber_khan_00355,akber_khan-00355,Akbar Khan,whatsapp-number-1,archive::akbar_khan,Akbar Khan,2026-03-11T21:19:06,David,false,chat,‎You deleted this message.,You deleted this message.,,true
mcp_whatsapp_number_1_archive_akber_khan_00356,akber_khan-00356,Akbar Khan,whatsapp-number-1,archive::akbar_khan,Akbar Khan,2026-03-11T21:19:32,David,false,chat,‎You deleted this message.,You deleted this message.,,true
mcp_whatsapp_number_1_archive_akber_khan_00357,akber_khan-00357,Akbar Khan,whatsapp-number-1,archive::akbar_khan,Akbar Khan,2026-03-11T21:19:54,David,false,chat,‎You deleted this message.,You deleted this message.,,true
mcp_whatsapp_number_1_archive_akber_khan_00358,akber_khan-00358,Akbar Khan,whatsapp-number-1,archive::akbar_khan,Akbar Khan,2026-03-11T21:20:01,David,false,chat,‎You deleted this message.,You deleted this message.,,true
mcp_whatsapp_number_1_archive_akber_khan_00359,akber_khan-00359,Akbar Khan,whatsapp-number-1,archive::akbar_khan,Akbar Khan,2026-03-11T21:20:39,David,false,chat,‎You deleted this message.,You deleted this message.,,true
mcp_whatsapp_number_1_archive_fj40_00006,fj40-00006,Fj40,whatsapp-number-1,archive::fj40,Fj40,2026-03-11T21:26:51,David,false,chat,"lets hope its still running by tomorrow then. do come over and have a go. As I was saying to Akbar, its all pretty fine apart from the fact it steers a bit like a cruise ship. So I am interested in a power steering upgrade. Also interested in getting under the bonnet myself. ‎<This message was edited>","lets hope its still running by tomorrow then. do come over and have a go. As I was saying to Akbar, its all pretty fine apart from the fact it steers a bit like a cruise ship. So I am interested in a power steering upgrade. Also interested in getting under the bonnet myself. <This message was edited>",akbar|power steering|steering,true
mcp_whatsapp_number_1_archive_fj40_00007,fj40-00007,Fj40,whatsapp-number-1,archive::fj40,Fj40,2026-03-11T21:28:25,David,false,chat,"I think there are definately components of a converstion like this, that maybe first time I would just have to be spectator!","I think there are definately components of a converstion like this, that maybe first time I would just have to be spectator!",,true
mcp_whatsapp_number_1_archive_fj40_00008,fj40-00008,Fj40,whatsapp-number-1,archive::fj40,Fj40,2026-03-12T00:17:16,~ HM,false,chat,Yes sir. Got it.,Yes sir. Got it.,,true
mcp_whatsapp_number_1_archive_fj40_00009,fj40-00009,Fj40,whatsapp-number-1,archive::fj40,Fj40,2026-03-12T00:19:30,~ HM,false,chat,Let's touch base in the morning and coordinate it all. Will keep you guys posted. Just note. I have to go to my factory tomorrow which is about 80km away from Lahore. So maybe there is a bit of lag in my response time.,Let's touch base in the morning and coordinate it all. Will keep you guys posted. Just note. I have to go to my factory tomorrow which is about 80km away from Lahore. So maybe there is a bit of lag in my response time.,,true
mcp_whatsapp_number_1_archive_fj40_00010,fj40-00010,Fj40,whatsapp-number-1,archive::fj40,Fj40,2026-03-12T00:21:46,~ HM,false,chat,Sounds good. There may be issue with the current steering column. And once I introduce you to Nadir. You can have a good go with him under the hood. Infact I will add him in this group after msging him.,Sounds good. There may be issue with the current steering column. And once I introduce you to Nadir. You can have a good go with him under the hood. Infact I will add him in this group after msging him.,hood|steering,true
mcp_whatsapp_number_1_archive_fj40_00011,fj40-00011,Fj40,whatsapp-number-1,archive::fj40,Fj40,2026-03-12T01:35:55,Akbar Khan,false,chat,All available. Atleast for sedans. I'm sure for this platform as well. Like Hassan said. Nadir.,All available. Atleast for sedans. I'm sure for this platform as well. Like Hassan said. Nadir.,,true
mcp_whatsapp_number_1_archive_fj40_00012,fj40-00012,Fj40,whatsapp-number-1,archive::fj40,Fj40,2026-03-12T01:36:10,Akbar Khan,false,chat,Working on cars ? That's my jaaaam. Love it. Let's goooo,Working on cars ? That's my jaaaam. Love it. Let's goooo,,true
mcp_whatsapp_number_1_archive_fj40_00013,fj40-00013,Fj40,whatsapp-number-1,archive::fj40,Fj40,2026-03-12T01:37:08,~ nuic,false,chat,‎~ HM added ~ nuic,~ HM added ~ nuic,,true
mcp_whatsapp_number_1_archive_fj40_00014,fj40-00014,Fj40,whatsapp-number-1,archive::fj40,Fj40,2026-03-12T01:41:20,~ HM,false,chat,Guys meet each other please. @⁨David⁩ has bought the jeep and @⁨~nuic⁩ bro we will be using your expertise and services to fix it all up. Inspection can be done tomorrow (please share what time works for you) So that these guys can come for Inspection. Will then make a plan and then @⁨David⁩ can make a plan with us as to how to go about fixing the jeep in phases. Or otherwise.,Guys meet each other please. @⁨David⁩ has bought the jeep and @⁨~nuic⁩ bro we will be using your expertise and services to fix it all up. Inspection can be done tomorrow (please share what time works for you) So that these guys can come for Inspection. Will then make a plan and then @⁨David⁩ can make a plan with us as to how to go about fixing the jeep in phases. Or otherwise.,inspection|jeep,true
mcp_whatsapp_number_1_archive_fj40_00015,fj40-00015,Fj40,whatsapp-number-1,archive::fj40,Fj40,2026-03-12T11:11:35,~ nuic,false,chat,Hello guys. Hope you all are well,Hello guys. Hope you all are well,,true
mcp_whatsapp_number_1_archive_fj40_00016,fj40-00016,Fj40,whatsapp-number-1,archive::fj40,Fj40,2026-03-12T11:12:27,~ nuic,false,chat,I am in Model town . Does 1 pm work?,I am in Model town . Does 1 pm work?,,true
mcp_whatsapp_number_1_archive_fj40_00017,fj40-00017,Fj40,whatsapp-number-1,archive::fj40,Fj40,2026-03-12T11:12:37,~ nuic,false,chat,"68 D, Block D Model Town, Lahore, 54000, Pakistan (68 D, Block D Model Town, Lahore, 54000, Pakistan): https://maps.google.com/?q=31.490644,74.316963","68 D, Block D Model Town, Lahore, 54000, Pakistan (68 D, Block D Model Town, Lahore, 54000, Pakistan): https://maps.google.com/?q=31.490644,74.316963",,true
mcp_whatsapp_number_1_archive_fj40_00018,fj40-00018,Fj40,whatsapp-number-1,archive::fj40,Fj40,2026-03-12T12:09:43,~ HM,false,chat,Need your CNIC @⁨David⁩,Need your CNIC @⁨David⁩,,true
mcp_whatsapp_number_1_archive_fj40_00019,fj40-00019,Fj40,whatsapp-number-1,archive::fj40,Fj40,2026-03-12T12:09:52,~ HM,false,chat,For transfer of docs.,For transfer of docs.,,true
mcp_whatsapp_number_1_archive_fj40_00020,fj40-00020,Fj40,whatsapp-number-1,archive::fj40,Fj40,2026-03-12T12:18:36,Uk David,false,chat,Hi. I can make about 1.30,Hi. I can make about 1.30,,true
mcp_whatsapp_number_1_archive_fj40_00021,fj40-00021,Fj40,whatsapp-number-1,archive::fj40,Fj40,2026-03-12T12:19:51,~ nuic,false,chat,Hi David yeah sounds good,Hi David yeah sounds good,,true
mcp_whatsapp_number_1_archive_fj40_00022,fj40-00022,Fj40,whatsapp-number-1,archive::fj40,Fj40,2026-03-12T12:21:52,Uk David,false,chat,‎,,,true
mcp_whatsapp_number_1_archive_fj40_00023,fj40-00023,Fj40,whatsapp-number-1,archive::fj40,Fj40,2026-03-12T12:22:23,~ HM,false,chat,Are you a tax filer or a non filer?,Are you a tax filer or a non filer?,,true
mcp_whatsapp_number_1_archive_fj40_00024,fj40-00024,Fj40,whatsapp-number-1,archive::fj40,Fj40,2026-03-12T12:33:28,Uk David,false,chat,Filer,Filer,,true
mcp_whatsapp_number_1_archive_fj40_00025,fj40-00025,Fj40,whatsapp-number-1,archive::fj40,Fj40,2026-03-12T13:14:19,~ HM,false,chat,11365 PKR for excise chalan 5000 for vehicle inspection @⁨David⁩ sharing account number in which to transfer 16365 PKR.,11365 PKR for excise chalan 5000 for vehicle inspection @⁨David⁩ sharing account number in which to transfer 16365 PKR.,excise|inspection,true
mcp_whatsapp_number_1_archive_fj40_00026,fj40-00026,Fj40,whatsapp-number-1,archive::fj40,Fj40,2026-03-12T13:16:17,~ HM,false,chat,03214790502 Jazz chas Riaz shahid,03214790502 Jazz chas Riaz shahid,,true
mcp_whatsapp_number_1_archive_fj40_00027,fj40-00027,Fj40,whatsapp-number-1,archive::fj40,Fj40,2026-03-12T13:29:53,Uk David,false,chat,On route. Bit late,On route. Bit late,,true
mcp_whatsapp_number_1_archive_fj40_00028,fj40-00028,Fj40,whatsapp-number-1,archive::fj40,Fj40,2026-03-12T13:33:41,~ nuic,false,chat,Orite. Approx ETA,Orite. Approx ETA,,true
mcp_whatsapp_number_1_archive_fj40_00029,fj40-00029,Fj40,whatsapp-number-1,archive::fj40,Fj40,2026-03-12T13:35:10,Uk David,false,chat,15,15,,true
mcp_whatsapp_number_1_archive_fj40_00030,fj40-00030,Fj40,whatsapp-number-1,archive::fj40,Fj40,2026-03-12T18:18:38,~ HM,false,chat,Boys!,Boys!,,true
mcp_whatsapp_number_1_archive_fj40_00031,fj40-00031,Fj40,whatsapp-number-1,archive::fj40,Fj40,2026-03-12T18:18:41,~ HM,false,chat,How was the day?,How was the day?,,true
mcp_whatsapp_number_1_archive_akber_khan_00360,akber_khan-00360,Akbar Khan,whatsapp-number-1,archive::akbar_khan,Akbar Khan,2026-03-12T20:13:21,Akbar Khan,false,chat,How's it going ???,How's it going ???,,true
mcp_whatsapp_number_1_archive_akber_khan_00361,akber_khan-00361,Akbar Khan,whatsapp-number-1,archive::akbar_khan,Akbar Khan,2026-03-12T21:18:25,David,false,chat,Yeah good. Very helpful chat with your chap earlier and some clear ideas on priorities. Just drove down to old city for the conpany dinner,Yeah good. Very helpful chat with your chap earlier and some clear ideas on priorities. Just drove down to old city for the conpany dinner,,true
mcp_whatsapp_number_1_archive_akber_khan_00362,akber_khan-00362,Akbar Khan,whatsapp-number-1,archive::akbar_khan,Akbar Khan,2026-03-12T21:18:47,Akbar Khan,false,chat,Fantastic !,Fantastic !,,true
mcp_whatsapp_number_1_archive_akber_khan_00363,akber_khan-00363,Akbar Khan,whatsapp-number-1,archive::akbar_khan,Akbar Khan,2026-03-12T21:18:50,Akbar Khan,false,chat,Enjoy,Enjoy,,true
mcp_whatsapp_number_1_archive_akber_khan_00364,akber_khan-00364,Akbar Khan,whatsapp-number-1,archive::akbar_khan,Akbar Khan,2026-03-12T21:19:38,David,false,chat,"Rewire, fix the AC, fix up the steering rack a bit to make steering a bit sharper","Rewire, fix the AC, fix up the steering rack a bit to make steering a bit sharper",ac|steering,true
mcp_whatsapp_number_1_archive_akber_khan_00365,akber_khan-00365,Akbar Khan,whatsapp-number-1,archive::akbar_khan,Akbar Khan,2026-03-12T21:20:15,Akbar Khan,false,chat,You'll love this. So glad,You'll love this. So glad,,true
mcp_whatsapp_number_1_archive_fj40_00032,fj40-00032,Fj40,whatsapp-number-1,archive::fj40,Fj40,2026-03-12T21:22:25,Uk David,false,chat,"Good. Driven it all round the city today, no issue. @⁨~nuic⁩ gave me some great guidance on next steps","Good. Driven it all round the city today, no issue. @⁨~nuic⁩ gave me some great guidance on next steps",,true
mcp_whatsapp_number_1_archive_akber_khan_00366,akber_khan-00366,Akbar Khan,whatsapp-number-1,archive::akbar_khan,Akbar Khan,2026-03-12T21:43:44,David,false,chat,No commitmemt at all required from your side. Just asking is this is potentially within your sphere of influence. Friend of mine needs his property court date to actually happen. On that date. No fuckery from the other side,No commitmemt at all required from your side. Just asking is this is potentially within your sphere of influence. Friend of mine needs his property court date to actually happen. On that date. No fuckery from the other side,,true
mcp_whatsapp_number_1_archive_akber_khan_00367,akber_khan-00367,Akbar Khan,whatsapp-number-1,archive::akbar_khan,Akbar Khan,2026-03-12T21:43:47,David,false,chat,"The judge is Naveed Iqbal Tarar @ Model Town Courts, Case No: 48560/2022, Title: Nabeel Saeed etc. versus Public at large etc.","The judge is Naveed Iqbal Tarar @ Model Town Courts, Case No: 48560/2022, Title: Nabeel Saeed etc. versus Public at large etc.",,true
mcp_whatsapp_number_1_archive_akber_khan_00368,akber_khan-00368,Akbar Khan,whatsapp-number-1,archive::akbar_khan,Akbar Khan,2026-03-12T21:44:18,David,false,chat,Any good contact? Specific to this court or person,Any good contact? Specific to this court or person,,true
mcp_whatsapp_number_1_archive_akber_khan_00369,akber_khan-00369,Akbar Khan,whatsapp-number-1,archive::akbar_khan,Akbar Khan,2026-03-12T21:45:45,David,false,chat,"Dont have to even bribe for a decision as i understand. He just needs it to happen without the usual extensions, fucking around etc","Dont have to even bribe for a decision as i understand. He just needs it to happen without the usual extensions, fucking around etc",,true
mcp_whatsapp_number_2_true_120363408465558195_g_us_ac8c5fec8cf864049e6b2184b6a6d1b9_226083001659473_lid,true_120363408465558195@g.us_AC8C5FEC8CF864049E6B2184B6A6D1B9_226083001659473@lid,Fj40,whatsapp-number-2,120363408465558195@g.us,Fj40,2026-03-12T21:52:40.000Z,+923099351940,true,chat,Probably because i was totally ragging it :),Probably because i was totally ragging it :),,true
mcp_whatsapp_number_2_false_120363408465558195_g_us_acb6e12cf1b8d9da0f1f0aad86158848_232877656666113_lid,false_120363408465558195@g.us_ACB6E12CF1B8D9DA0F1F0AAD86158848_232877656666113@lid,Fj40,whatsapp-number-2,120363408465558195@g.us,Fj40,2026-03-12T21:53:02.000Z,232877656666113,false,chat,Lol keep an eye on the temp gauge.,Lol keep an eye on the temp gauge.,,true
mcp_whatsapp_number_2_true_120363408465558195_g_us_acc349593ad4e3572ae43a266b6e69ff_226083001659473_lid,true_120363408465558195@g.us_ACC349593AD4E3572AE43A266B6E69FF_226083001659473@lid,Fj40,whatsapp-number-2,120363408465558195@g.us,Fj40,2026-03-12T21:53:35.000Z,+923099351940,true,chat,"I looked a couple of times. If i can trust it, no issues","I looked a couple of times. If i can trust it, no issues",,true
mcp_whatsapp_number_1_archive_akber_khan_00370,akber_khan-00370,Akbar Khan,whatsapp-number-1,archive::akbar_khan,Akbar Khan,2026-03-12T21:55:05,Akbar Khan,false,chat,I'll need to know more before I approach the potential right people,I'll need to know more before I approach the potential right people,,true
mcp_whatsapp_number_1_archive_akber_khan_00371,akber_khan-00371,Akbar Khan,whatsapp-number-1,archive::akbar_khan,Akbar Khan,2026-03-12T21:57:04,Akbar Khan,false,chat,I'll need to meet u and put u on call with the contacts,I'll need to meet u and put u on call with the contacts,,true
mcp_whatsapp_number_2_false_120363408465558195_g_us_ac0f0eea1232db7a8b015eff80e6afae_232877656666113_lid,false_120363408465558195@g.us_AC0F0EEA1232DB7A8B015EFF80E6AFAE_232877656666113@lid,Fj40,whatsapp-number-2,120363408465558195@g.us,Fj40,2026-03-12T21:57:10.000Z,232877656666113,false,chat,Please do this when you can. So that tranfer process starts. As the seller also msgd today requesting the same.,Please do this when you can. So that tranfer process starts. As the seller also msgd today requesting the same.,,true
mcp_whatsapp_number_2_false_120363408465558195_g_us_ac7e5c09237948f881e672eefa401902_232877656666113_lid,false_120363408465558195@g.us_AC7E5C09237948F881E672EEFA401902_232877656666113@lid,Fj40,whatsapp-number-2,120363408465558195@g.us,Fj40,2026-03-12T21:57:24.000Z,232877656666113,false,chat,Amount details.,Amount details.,,true
mcp_whatsapp_number_2_false_120363408465558195_g_us_3bbd8c54eed933e6741f_190950068514824_lid,false_120363408465558195@g.us_3BBD8C54EED933E6741F_190950068514824@lid,Fj40,whatsapp-number-2,120363408465558195@g.us,Fj40,2026-03-12T22:24:02.000Z,190950068514824,false,chat,oh right.  sorry I missed that.  so I have to jazzcash him 16365 on 03214790502 ?,oh right. sorry I missed that. so I have to jazzcash him 16365 on 03214790502 ?,,true
mcp_whatsapp_number_2_false_120363408465558195_g_us_3b7aee999be9ba6e8a49_190950068514824_lid,false_120363408465558195@g.us_3B7AEE999BE9BA6E8A49_190950068514824@lid,Fj40,whatsapp-number-2,120363408465558195@g.us,Fj40,2026-03-12T22:24:57.000Z,190950068514824,false,chat,Riaz Shahid,Riaz Shahid,,true
mcp_whatsapp_number_2_true_120363408465558195_g_us_ac5256d316fa7dc2613ee9d1e044b138_226083001659473_lid,true_120363408465558195@g.us_AC5256D316FA7DC2613EE9D1E044B138_226083001659473@lid,Fj40,whatsapp-number-2,120363408465558195@g.us,Fj40,2026-03-12T22:25:52.000Z,+923099351940,true,image,,,,true
mcp_whatsapp_number_1_archive_akber_khan_00372,akber_khan-00372,Akbar Khan,whatsapp-number-1,archive::akbar_khan,Akbar Khan,2026-03-13T00:17:30,David,false,chat,Yeah thought as much. Put it on hold for the moment,Yeah thought as much. Put it on hold for the moment,,true
mcp_whatsapp_number_1_archive_akber_khan_00373,akber_khan-00373,Akbar Khan,whatsapp-number-1,archive::akbar_khan,Akbar Khan,2026-03-13T00:21:12,Akbar Khan,false,chat,Sure.. That being said. Should be doable. Contacts are available,Sure.. That being said. Should be doable. Contacts are available,,true
mcp_whatsapp_number_1_archive_fj40_00033,fj40-00033,Fj40,whatsapp-number-1,archive::fj40,Fj40,2026-03-13T01:04:10,David,false,chat,almost worked out what all the knobs do 🙂,almost worked out what all the knobs do 🙂,,true
mcp_whatsapp_number_1_archive_fj40_00034,fj40-00034,Fj40,whatsapp-number-1,archive::fj40,Fj40,2026-03-13T01:04:40,David,false,chat,although I have the feeling i’ve been driving round with the high beams on,although I have the feeling i’ve been driving round with the high beams on,,true
mcp_whatsapp_number_1_archive_fj40_00035,fj40-00035,Fj40,whatsapp-number-1,archive::fj40,Fj40,2026-03-13T01:04:45,Akbar Khan,false,chat,Are we still talking about the jeep :P,Are we still talking about the jeep :P,jeep,true
mcp_whatsapp_number_1_archive_fj40_00036,fj40-00036,Fj40,whatsapp-number-1,archive::fj40,Fj40,2026-03-13T01:04:54,David,false,chat,"haha, yes that too","haha, yes that too",,true
mcp_whatsapp_number_1_archive_fj40_00037,fj40-00037,Fj40,whatsapp-number-1,archive::fj40,Fj40,2026-03-13T01:05:06,Akbar Khan,false,chat,Good times,Good times,,true
mcp_whatsapp_number_1_archive_fj40_00038,fj40-00038,Fj40,whatsapp-number-1,archive::fj40,Fj40,2026-03-13T01:06:28,David,false,chat,"on a separate subject, I just heard there is a drifting track about an hour away from Lahore","on a separate subject, I just heard there is a drifting track about an hour away from Lahore",,true
mcp_whatsapp_number_2_true_120363408465558195_g_us_acf5a138d8e17246b2d7abcd918cd177_226083001659473_lid,true_120363408465558195@g.us_ACF5A138D8E17246B2D7ABCD918CD177_226083001659473@lid,Fj40,whatsapp-number-2,120363408465558195@g.us,Fj40,2026-03-13T01:09:01.000Z,+923099351940,true,chat,"Please correct where i get this wrong:
Redo all electrics
Replace attachments on front steering to reduce steering latency
Strip down to identify holes and make interior uncompromised from outside noise",Please correct where i get this wrong: Redo all electrics Replace attachments on front steering to reduce steering latency Strip down to identify holes and make interior uncompromised from outside noise,steering|strip,true
mcp_whatsapp_number_2_true_120363408465558195_g_us_ac05e64909cabc1ec4ddc95e1e915e15_226083001659473_lid,true_120363408465558195@g.us_AC05E64909CABC1EC4DDC95E1E915E15_226083001659473@lid,Fj40,whatsapp-number-2,120363408465558195@g.us,Fj40,2026-03-13T01:11:44.000Z,+923099351940,true,chat,And it wasnt quite on your list but conversion back to side seats that can pin up to the sides,And it wasnt quite on your list but conversion back to side seats that can pin up to the sides,,true
mcp_whatsapp_number_2_true_120363408465558195_g_us_ac3dad27bee1aa7653cc339b2487e235_226083001659473_lid,true_120363408465558195@g.us_AC3DAD27BEE1AA7653CC339B2487E235_226083001659473@lid,Fj40,whatsapp-number-2,120363408465558195@g.us,Fj40,2026-03-13T01:12:41.000Z,+923099351940,true,chat,Oh. And put the full width front bumper back,Oh. And put the full width front bumper back,,true
mcp_whatsapp_number_2_true_120363408465558195_g_us_acb0a01ee866705cf3b7431db296291c_226083001659473_lid,true_120363408465558195@g.us_ACB0A01EE866705CF3B7431DB296291C_226083001659473@lid,Fj40,whatsapp-number-2,120363408465558195@g.us,Fj40,2026-03-13T01:14:12.000Z,+923099351940,true,chat,1 poor rear small window,1 poor rear small window,window,true
mcp_whatsapp_number_1_archive_fj40_00039,fj40-00039,Fj40,whatsapp-number-1,archive::fj40,Fj40,2026-03-13T02:00:27,Uk David,false,chat,Probably not for the jeep obviously!,Probably not for the jeep obviously!,jeep,true
mcp_whatsapp_number_1_archive_fj40_00040,fj40-00040,Fj40,whatsapp-number-1,archive::fj40,Fj40,2026-03-13T02:01:11,Uk David,false,chat,Anyway. Also there is quite a diesel smell. I think this is when the engine is not burning it all properly?,Anyway. Also there is quite a diesel smell. I think this is when the engine is not burning it all properly?,engine,true
mcp_whatsapp_number_2_true_120363408465558195_g_us_acd466945bf46a4fbafab955129d031e_226083001659473_lid,true_120363408465558195@g.us_ACD466945BF46A4FBAFAB955129D031E_226083001659473@lid,Fj40,whatsapp-number-2,120363408465558195@g.us,Fj40,2026-03-13T02:04:55.000Z,+923099351940,true,chat,Oil and lubricant replacement,Oil and lubricant replacement,oil,true
mcp_whatsapp_number_2_false_120363408465558195_g_us_3b3611328f2e5f596601_190950068514824_lid,false_120363408465558195@g.us_3B3611328F2E5F596601_190950068514824@lid,Fj40,whatsapp-number-2,120363408465558195@g.us,Fj40,2026-03-13T02:08:06.000Z,190950068514824,false,chat,wipers are shit,wipers are shit,,true
mcp_whatsapp_number_2_false_120363408465558195_g_us_3b643530a86bea4bb1f5_190950068514824_lid,false_120363408465558195@g.us_3B643530A86BEA4BB1F5_190950068514824@lid,Fj40,whatsapp-number-2,120363408465558195@g.us,Fj40,2026-03-13T02:08:06.000Z,190950068514824,false,chat,horn missing from one part of the steering wheel,horn missing from one part of the steering wheel,steering,true
mcp_whatsapp_number_2_false_120363408465558195_g_us_3bab794b89fbc794632c_190950068514824_lid,false_120363408465558195@g.us_3BAB794B89FBC794632C_190950068514824@lid,Fj40,whatsapp-number-2,120363408465558195@g.us,Fj40,2026-03-13T02:08:07.000Z,190950068514824,false,chat,entry/exit pulls not working well,entry/exit pulls not working well,,true
mcp_whatsapp_number_2_false_120363408465558195_g_us_3bdbe104087fb160b79d_190950068514824_lid,false_120363408465558195@g.us_3BDBE104087FB160B79D_190950068514824@lid,Fj40,whatsapp-number-2,120363408465558195@g.us,Fj40,2026-03-13T02:08:07.000Z,190950068514824,false,chat,I men the exit ones from inside,I men the exit ones from inside,,true
mcp_whatsapp_number_1_archive_fj40_00041,fj40-00041,Fj40,whatsapp-number-1,archive::fj40,Fj40,2026-03-13T02:50:51,~ HM,false,chat,Maybe a leakage or something.,Maybe a leakage or something.,,true
mcp_whatsapp_number_1_archive_fj40_00042,fj40-00042,Fj40,whatsapp-number-1,archive::fj40,Fj40,2026-03-13T02:52:40,Uk David,false,chat,Probably because i was totally ragging it :),Probably because i was totally ragging it :),,true
mcp_whatsapp_number_1_archive_fj40_00043,fj40-00043,Fj40,whatsapp-number-1,archive::fj40,Fj40,2026-03-13T02:53:02,~ HM,false,chat,Lol keep an eye on the temp gauge.,Lol keep an eye on the temp gauge.,,true
mcp_whatsapp_number_1_archive_fj40_00044,fj40-00044,Fj40,whatsapp-number-1,archive::fj40,Fj40,2026-03-13T02:53:35,Uk David,false,chat,"I looked a couple of times. If i can trust it, no issues","I looked a couple of times. If i can trust it, no issues",,true
mcp_whatsapp_number_1_archive_fj40_00045,fj40-00045,Fj40,whatsapp-number-1,archive::fj40,Fj40,2026-03-13T02:57:10,~ HM,false,chat,Please do this when you can. So that tranfer process starts. As the seller also msgd today requesting the same.,Please do this when you can. So that tranfer process starts. As the seller also msgd today requesting the same.,,true
mcp_whatsapp_number_1_archive_fj40_00046,fj40-00046,Fj40,whatsapp-number-1,archive::fj40,Fj40,2026-03-13T02:57:24,~ HM,false,chat,Amount details.,Amount details.,,true
mcp_whatsapp_number_1_archive_fj40_00047,fj40-00047,Fj40,whatsapp-number-1,archive::fj40,Fj40,2026-03-13T03:24:01,David,false,chat,oh right. sorry I missed that. so I have to jazzcash him 16365 on 03214790502 ?,oh right. sorry I missed that. so I have to jazzcash him 16365 on 03214790502 ?,,true
mcp_whatsapp_number_1_archive_fj40_00048,fj40-00048,Fj40,whatsapp-number-1,archive::fj40,Fj40,2026-03-13T03:24:56,David,false,chat,Riaz Shahid,Riaz Shahid,,true
mcp_whatsapp_number_1_archive_fj40_00049,fj40-00049,Fj40,whatsapp-number-1,archive::fj40,Fj40,2026-03-13T03:25:54,Uk David,false,chat,‎,,,true
mcp_whatsapp_number_1_archive_fj40_00050,fj40-00050,Fj40,whatsapp-number-1,archive::fj40,Fj40,2026-03-13T06:09:01,Uk David,false,chat,Please correct where i get this wrong: Redo all electrics Replace attachments on front steering to reduce steering latency Strip down to identify holes and make interior uncompromised from outside noise,Please correct where i get this wrong: Redo all electrics Replace attachments on front steering to reduce steering latency Strip down to identify holes and make interior uncompromised from outside noise,steering|strip,true
mcp_whatsapp_number_1_archive_fj40_00051,fj40-00051,Fj40,whatsapp-number-1,archive::fj40,Fj40,2026-03-13T06:11:44,Uk David,false,chat,And it wasnt quite on your list but conversion back to side seats that can pin up to the sides,And it wasnt quite on your list but conversion back to side seats that can pin up to the sides,,true
mcp_whatsapp_number_1_archive_fj40_00052,fj40-00052,Fj40,whatsapp-number-1,archive::fj40,Fj40,2026-03-13T06:12:41,Uk David,false,chat,Oh. And put the full width front bumper back,Oh. And put the full width front bumper back,,true
mcp_whatsapp_number_1_archive_fj40_00053,fj40-00053,Fj40,whatsapp-number-1,archive::fj40,Fj40,2026-03-13T06:14:12,Uk David,false,chat,1 poor rear small window,1 poor rear small window,window,true
mcp_whatsapp_number_1_archive_fj40_00054,fj40-00054,Fj40,whatsapp-number-1,archive::fj40,Fj40,2026-03-13T06:26:07,David,false,chat,wipers are shit,wipers are shit,,true
mcp_whatsapp_number_1_archive_fj40_00055,fj40-00055,Fj40,whatsapp-number-1,archive::fj40,Fj40,2026-03-13T06:29:02,David,false,chat,horn missing from one part of the steering wheel,horn missing from one part of the steering wheel,steering,true
mcp_whatsapp_number_1_archive_fj40_00056,fj40-00056,Fj40,whatsapp-number-1,archive::fj40,Fj40,2026-03-13T06:30:29,David,false,chat,entry/exit pulls not working well,entry/exit pulls not working well,,true
mcp_whatsapp_number_1_archive_fj40_00057,fj40-00057,Fj40,whatsapp-number-1,archive::fj40,Fj40,2026-03-13T06:31:42,David,false,chat,I men the exit ones from inside,I men the exit ones from inside,,true
mcp_whatsapp_number_2_false_120363408465558195_g_us_ac05f1c6d0a4009ae3d665c58bffbffb_232877656666113_lid,false_120363408465558195@g.us_AC05F1C6D0A4009AE3D665C58BFFBFFB_232877656666113@lid,Fj40,whatsapp-number-2,120363408465558195@g.us,Fj40,2026-03-13T06:43:39.000Z,232877656666113,false,chat,"Need the following:
1. Front picture of the vehicle
2. Back picture of the vehicle
3. Chassis image of the vehicle.
4. Back picture of your CNIC card",Need the following: 1. Front picture of the vehicle 2. Back picture of the vehicle 3. Chassis image of the vehicle. 4. Back picture of your CNIC card,chassis,true
mcp_whatsapp_number_2_false_120363408465558195_g_us_ac49a7347a47fbc29378e0080187db57_232877656666113_lid,false_120363408465558195@g.us_AC49A7347A47FBC29378E0080187DB57_232877656666113@lid,Fj40,whatsapp-number-2,120363408465558195@g.us,Fj40,2026-03-13T06:43:51.000Z,232877656666113,false,chat,@226083001659473 @190950068514824,@226083001659473 @190950068514824,,true
mcp_whatsapp_number_1_archive_fj40_00058,fj40-00058,Fj40,whatsapp-number-1,archive::fj40,Fj40,2026-03-13T07:04:55,Uk David,false,chat,Oil and lubricant replacement,Oil and lubricant replacement,oil,true
mcp_whatsapp_number_1_archive_fj40_00059,fj40-00059,Fj40,whatsapp-number-1,archive::fj40,Fj40,2026-03-13T11:43:39,~ HM,false,chat,Need the following: 1. Front picture of the vehicle 2. Back picture of the vehicle 3. Chassis image of the vehicle. 4. Back picture of your CNIC card,Need the following: 1. Front picture of the vehicle 2. Back picture of the vehicle 3. Chassis image of the vehicle. 4. Back picture of your CNIC card,chassis,true
mcp_whatsapp_number_1_archive_fj40_00060,fj40-00060,Fj40,whatsapp-number-1,archive::fj40,Fj40,2026-03-13T11:43:51,~ HM,false,chat,@⁨Uk David⁩ @⁨David⁩,@⁨Uk David⁩ @⁨David⁩,,true
mcp_whatsapp_number_1_archive_akber_khan_00374,akber_khan-00374,Akbar Khan,whatsapp-number-1,archive::akbar_khan,Akbar Khan,2026-03-14T00:02:58,Akbar Khan,false,chat,Hey hey. What are u up to tomorrow ? Was meaning to do some maintenance on the cars. Pull some tools and shit out. Around 12 - 1. Let me know if u and nayel want to drop in. Let's crack ur car open a bit. Should be fun,Hey hey. What are u up to tomorrow ? Was meaning to do some maintenance on the cars. Pull some tools and shit out. Around 12 - 1. Let me know if u and nayel want to drop in. Let's crack ur car open a bit. Should be fun,,true
mcp_whatsapp_number_1_archive_akber_khan_00375,akber_khan-00375,Akbar Khan,whatsapp-number-1,archive::akbar_khan,Akbar Khan,2026-03-14T05:40:41,David,false,chat,hi. sure that sounds like a lot more fun that whatever the existing plan was - something to do with buying shoes,hi. sure that sounds like a lot more fun that whatever the existing plan was - something to do with buying shoes,,true
mcp_whatsapp_number_1_archive_akber_khan_00376,akber_khan-00376,Akbar Khan,whatsapp-number-1,archive::akbar_khan,Akbar Khan,2026-03-14T10:21:40,Akbar Khan,false,chat,Lol. When is the show buying bonanza ?,Lol. When is the show buying bonanza ?,,true
mcp_whatsapp_number_2_true_120363408465558195_g_us_ac4b5f1572904174155a3d85f94a0574_226083001659473_lid,true_120363408465558195@g.us_AC4B5F1572904174155A3D85F94A0574_226083001659473@lid,Fj40,whatsapp-number-2,120363408465558195@g.us,Fj40,2026-03-14T12:22:33.000Z,+923099351940,true,image,,,,true
mcp_whatsapp_number_2_true_120363408465558195_g_us_acc6680ae3c9f93c835bd1764b8b0093_226083001659473_lid,true_120363408465558195@g.us_ACC6680AE3C9F93C835BD1764B8B0093_226083001659473@lid,Fj40,whatsapp-number-2,120363408465558195@g.us,Fj40,2026-03-14T12:22:57.000Z,+923099351940,true,image,,,,true
mcp_whatsapp_number_2_false_120363408465558195_g_us_a58d25336bb25684cda591f769ce3263_22192146358278_lid,false_120363408465558195@g.us_A58D25336BB25684CDA591F769CE3263_22192146358278@lid,Fj40,whatsapp-number-2,120363408465558195@g.us,Fj40,2026-03-14T12:28:41.000Z,22192146358278,false,chat,Lovely weather to be out on the classics,Lovely weather to be out on the classics,,true
mcp_whatsapp_number_2_false_120363408465558195_g_us_a5e0ffda8c5ee2a44ded9aae2b00c9cd_22192146358278_lid,false_120363408465558195@g.us_A5E0FFDA8C5EE2A44DED9AAE2B00C9CD_22192146358278@lid,Fj40,whatsapp-number-2,120363408465558195@g.us,Fj40,2026-03-14T12:29:57.000Z,22192146358278,false,chat,@232877656666113 does the vin say fj of Bj,@232877656666113 does the vin say fj of Bj,bj|vin,true
mcp_whatsapp_number_2_true_120363408465558195_g_us_ac21699b9646cf1163c2d12391a85073_226083001659473_lid,true_120363408465558195@g.us_AC21699B9646CF1163C2D12391A85073_226083001659473@lid,Fj40,whatsapp-number-2,120363408465558195@g.us,Fj40,2026-03-14T12:31:09.000Z,+923099351940,true,chat,Was actually trying to work out where to find that. Under the bonnet i assume,Was actually trying to work out where to find that. Under the bonnet i assume,,true
mcp_whatsapp_number_2_false_120363408465558195_g_us_a5a11ecc78e667f26c2ab33b8565a62a_22192146358278_lid,false_120363408465558195@g.us_A5A11ECC78E667F26C2AB33B8565A62A_22192146358278@lid,Fj40,whatsapp-number-2,120363408465558195@g.us,Fj40,2026-03-14T12:32:02.000Z,22192146358278,false,image,,,,true
mcp_whatsapp_number_2_false_120363408465558195_g_us_a51f5e2334cdcdb61522c5d545192e38_22192146358278_lid,false_120363408465558195@g.us_A51F5E2334CDCDB61522C5D545192E38_22192146358278@lid,Fj40,whatsapp-number-2,120363408465558195@g.us,Fj40,2026-03-14T12:32:58.000Z,22192146358278,false,ptt,,,,true
mcp_whatsapp_number_2_true_120363408465558195_g_us_ac09b3bf16ab5824d042f8b437fcbed9_226083001659473_lid,true_120363408465558195@g.us_AC09B3BF16AB5824D042F8B437FCBED9_226083001659473@lid,Fj40,whatsapp-number-2,120363408465558195@g.us,Fj40,2026-03-14T12:33:06.000Z,+923099351940,true,image,The licemse plate?,The licemse plate?,,true
mcp_whatsapp_number_2_false_120363408465558195_g_us_a508dc39bf97aa6908b3fb9a730fe6e9_22192146358278_lid,false_120363408465558195@g.us_A508DC39BF97AA6908B3FB9A730FE6E9_22192146358278@lid,Fj40,whatsapp-number-2,120363408465558195@g.us,Fj40,2026-03-14T12:34:39.000Z,22192146358278,false,chat,The main frame where the winch is attached . But outter side,The main frame where the winch is attached . But outter side,,true
mcp_whatsapp_number_2_true_120363408465558195_g_us_ac18800dc94adce38f6caf8d9f384a0d_226083001659473_lid,true_120363408465558195@g.us_AC18800DC94ADCE38F6CAF8D9F384A0D_226083001659473@lid,Fj40,whatsapp-number-2,120363408465558195@g.us,Fj40,2026-03-14T12:34:40.000Z,+923099351940,true,image,These barely visible ones?,These barely visible ones?,,true
mcp_whatsapp_number_2_false_120363408465558195_g_us_a5dac7fd07eaee2c90da89097dd55c6e_22192146358278_lid,false_120363408465558195@g.us_A5DAC7FD07EAEE2C90DA89097DD55C6E_22192146358278@lid,Fj40,whatsapp-number-2,120363408465558195@g.us,Fj40,2026-03-14T12:34:58.000Z,22192146358278,false,chat,Yup,Yup,,true
mcp_whatsapp_number_2_true_120363408465558195_g_us_acca2cc2256d121bd3b9ecc1bf78711e_226083001659473_lid,true_120363408465558195@g.us_ACCA2CC2256D121BD3B9ECC1BF78711E_226083001659473@lid,Fj40,whatsapp-number-2,120363408465558195@g.us,Fj40,2026-03-14T12:38:37.000Z,+923099351940,true,image,Chassis number?  Easier to read from here,Chassis number? Easier to read from here,chassis|chassis number,true
mcp_whatsapp_number_2_true_120363408465558195_g_us_ac26b193411d87ded64b265f5bf818a9_226083001659473_lid,true_120363408465558195@g.us_AC26B193411D87DED64B265F5BF818A9_226083001659473@lid,Fj40,whatsapp-number-2,120363408465558195@g.us,Fj40,2026-03-14T12:39:00.000Z,+923099351940,true,chat,Fj,Fj,,true
mcp_whatsapp_number_2_false_120363408465558195_g_us_ac37fb66c6ab0deea77d32cedcd0c31d_232877656666113_lid,false_120363408465558195@g.us_AC37FB66C6AB0DEEA77D32CEDCD0C31D_232877656666113@lid,Fj40,whatsapp-number-2,120363408465558195@g.us,Fj40,2026-03-14T12:41:52.000Z,232877656666113,false,chat,"Thanks @226083001659473
Need the back side of CNIC.",Thanks @226083001659473 Need the back side of CNIC.,,true
mcp_whatsapp_number_2_false_120363408465558195_g_us_acf5c779fd43a870000bef3577c9888c_232877656666113_lid,false_120363408465558195@g.us_ACF5C779FD43A870000BEF3577C9888C_232877656666113@lid,Fj40,whatsapp-number-2,120363408465558195@g.us,Fj40,2026-03-14T12:42:04.000Z,232877656666113,false,chat,Lol,Lol,,true
mcp_whatsapp_number_2_true_120363408465558195_g_us_ac2281f98dfc563b11d5311c144b8118_226083001659473_lid,true_120363408465558195@g.us_AC2281F98DFC563B11D5311C144B8118_226083001659473@lid,Fj40,whatsapp-number-2,120363408465558195@g.us,Fj40,2026-03-14T12:42:53.000Z,+923099351940,true,image,,,,true
mcp_whatsapp_number_2_true_120363408465558195_g_us_ac9267a5fe8f0282feda5da80d3caa10_226083001659473_lid,true_120363408465558195@g.us_AC9267A5FE8F0282FEDA5DA80D3CAA10_226083001659473@lid,Fj40,whatsapp-number-2,120363408465558195@g.us,Fj40,2026-03-14T12:45:31.000Z,+923099351940,true,chat,Didnt get a BJ. Guess i should have tipped the guy,Didnt get a BJ. Guess i should have tipped the guy,bj,true
mcp_whatsapp_number_2_false_120363408465558195_g_us_a57c4094fbb064d7609fef80d3fd9fc9_22192146358278_lid,false_120363408465558195@g.us_A57C4094FBB064D7609FEF80D3FD9FC9_22192146358278@lid,Fj40,whatsapp-number-2,120363408465558195@g.us,Fj40,2026-03-14T12:50:02.000Z,22192146358278,false,chat,Ok so Fj are petrol chassis and BJ are diesel chassis,Ok so Fj are petrol chassis and BJ are diesel chassis,bj|chassis,true
mcp_whatsapp_number_2_true_120363408465558195_g_us_ace55f523c0da6a4c07640b2abaa8bbd_226083001659473_lid,true_120363408465558195@g.us_ACE55F523C0DA6A4C07640B2ABAA8BBD_226083001659473@lid,Fj40,whatsapp-number-2,120363408465558195@g.us,Fj40,2026-03-14T13:03:32.000Z,+923099351940,true,image,So i guess they stuck this on after the conversion,So i guess they stuck this on after the conversion,,true
mcp_whatsapp_number_1_archive_akber_khan_00377,akber_khan-00377,Akbar Khan,whatsapp-number-1,archive::akbar_khan,Akbar Khan,2026-03-14T13:41:35,Akbar Khan,false,chat,Let's keep it for tomorrow then I reckon. I got golf at 4:30,Let's keep it for tomorrow then I reckon. I got golf at 4:30,,true
mcp_whatsapp_number_1_archive_fj40_00061,fj40-00061,Fj40,whatsapp-number-1,archive::fj40,Fj40,2026-03-14T17:22:34,Uk David,false,chat,‎,,,true
mcp_whatsapp_number_1_archive_fj40_00062,fj40-00062,Fj40,whatsapp-number-1,archive::fj40,Fj40,2026-03-14T17:23:04,Uk David,false,chat,‎,,,true
mcp_whatsapp_number_2_false_120363408465558195_g_us_acec23197f01d15d7e73ce8a34bcc857_232877656666113_lid,false_120363408465558195@g.us_ACEC23197F01D15D7E73CE8A34BCC857_232877656666113@lid,Fj40,whatsapp-number-2,120363408465558195@g.us,Fj40,2026-03-14T17:27:56.000Z,232877656666113,false,document,LEB-11-4773.pdf,LEB-11-4773.pdf,,true
mcp_whatsapp_number_1_archive_fj40_00063,fj40-00063,Fj40,whatsapp-number-1,archive::fj40,Fj40,2026-03-14T17:28:41,~ nuic,false,chat,Lovely weather to be out on the classics,Lovely weather to be out on the classics,,true
mcp_whatsapp_number_2_false_120363408465558195_g_us_accf4806624fc0eb2431862c8254e60a_190950068514824_lid,false_120363408465558195@g.us_ACCF4806624FC0EB2431862C8254E60A_190950068514824@lid,Fj40,whatsapp-number-2,120363408465558195@g.us,Fj40,2026-03-14T17:29:53.000Z,190950068514824,false,chat,Cool,Cool,,true
mcp_whatsapp_number_1_archive_fj40_00064,fj40-00064,Fj40,whatsapp-number-1,archive::fj40,Fj40,2026-03-14T17:29:57,~ nuic,false,chat,@⁨~HM⁩ does the vin say fj of Bj,@⁨~HM⁩ does the vin say fj of Bj,bj|vin,true
mcp_whatsapp_number_1_archive_fj40_00065,fj40-00065,Fj40,whatsapp-number-1,archive::fj40,Fj40,2026-03-14T17:31:10,Uk David,false,chat,Was actually trying to work out where to find that. Under the bonnet i assume,Was actually trying to work out where to find that. Under the bonnet i assume,,true
mcp_whatsapp_number_1_archive_fj40_00066,fj40-00066,Fj40,whatsapp-number-1,archive::fj40,Fj40,2026-03-14T17:32:02,~ nuic,false,chat,‎,,,true
mcp_whatsapp_number_1_archive_fj40_00067,fj40-00067,Fj40,whatsapp-number-1,archive::fj40,Fj40,2026-03-14T17:32:58,~ nuic,false,chat,‎,,,true
mcp_whatsapp_number_1_archive_fj40_00068,fj40-00068,Fj40,whatsapp-number-1,archive::fj40,Fj40,2026-03-14T17:33:07,Uk David,false,chat,The licemse plate? ‎,The licemse plate?,,true
mcp_whatsapp_number_1_archive_fj40_00069,fj40-00069,Fj40,whatsapp-number-1,archive::fj40,Fj40,2026-03-14T17:34:39,~ nuic,false,chat,The main frame where the winch is attached . But outter side,The main frame where the winch is attached . But outter side,,true
mcp_whatsapp_number_1_archive_fj40_00070,fj40-00070,Fj40,whatsapp-number-1,archive::fj40,Fj40,2026-03-14T17:34:40,Uk David,false,chat,These barely visible ones? ‎,These barely visible ones?,,true
mcp_whatsapp_number_1_archive_fj40_00071,fj40-00071,Fj40,whatsapp-number-1,archive::fj40,Fj40,2026-03-14T17:34:58,~ nuic,false,chat,Yup,Yup,,true
mcp_whatsapp_number_1_archive_fj40_00072,fj40-00072,Fj40,whatsapp-number-1,archive::fj40,Fj40,2026-03-14T17:38:42,Uk David,false,chat,Chassis number? Easier to read from here ‎,Chassis number? Easier to read from here,chassis|chassis number,true
mcp_whatsapp_number_1_archive_fj40_00073,fj40-00073,Fj40,whatsapp-number-1,archive::fj40,Fj40,2026-03-14T17:39:01,Uk David,false,chat,Fj,Fj,,true
mcp_whatsapp_number_1_archive_fj40_00074,fj40-00074,Fj40,whatsapp-number-1,archive::fj40,Fj40,2026-03-14T17:41:52,~ HM,false,chat,Thanks @⁨Uk David⁩ Need the back side of CNIC.,Thanks @⁨Uk David⁩ Need the back side of CNIC.,,true
mcp_whatsapp_number_1_archive_fj40_00075,fj40-00075,Fj40,whatsapp-number-1,archive::fj40,Fj40,2026-03-14T17:42:04,~ HM,false,chat,Lol,Lol,,true
mcp_whatsapp_number_1_archive_fj40_00076,fj40-00076,Fj40,whatsapp-number-1,archive::fj40,Fj40,2026-03-14T17:43:57,Uk David,false,chat,‎,,,true
mcp_whatsapp_number_1_archive_fj40_00077,fj40-00077,Fj40,whatsapp-number-1,archive::fj40,Fj40,2026-03-14T17:45:31,Uk David,false,chat,Didnt get a BJ. Guess i should have tipped the guy,Didnt get a BJ. Guess i should have tipped the guy,bj,true
mcp_whatsapp_number_1_archive_fj40_00078,fj40-00078,Fj40,whatsapp-number-1,archive::fj40,Fj40,2026-03-14T17:50:02,~ nuic,false,chat,Ok so Fj are petrol chassis and BJ are diesel chassis,Ok so Fj are petrol chassis and BJ are diesel chassis,bj|chassis,true
mcp_whatsapp_number_1_archive_fj40_00079,fj40-00079,Fj40,whatsapp-number-1,archive::fj40,Fj40,2026-03-14T18:03:38,Uk David,false,chat,So i guess they stuck this on after the conversion ‎,So i guess they stuck this on after the conversion,,true
mcp_whatsapp_number_1_archive_fj40_00080,fj40-00080,Fj40,whatsapp-number-1,archive::fj40,Fj40,2026-03-14T18:05:17,Uk David,false,chat,So i guess they stuck this on after the conversion ‎,So i guess they stuck this on after the conversion,,true
mcp_whatsapp_number_2_false_120363408465558195_g_us_ac814594cc460139e3a16ff9916bc5ae_232877656666113_lid,false_120363408465558195@g.us_AC814594CC460139E3A16FF9916BC5AE_232877656666113@lid,Fj40,whatsapp-number-2,120363408465558195@g.us,Fj40,2026-03-14T19:05:55.000Z,232877656666113,false,image,,,,true
mcp_whatsapp_number_2_false_120363408465558195_g_us_acebcec896db4173c24d94f18e125f94_232877656666113_lid,false_120363408465558195@g.us_ACEBCEC896DB4173C24D94F18E125F94_232877656666113@lid,Fj40,whatsapp-number-2,120363408465558195@g.us,Fj40,2026-03-14T19:10:37.000Z,232877656666113,false,chat,Your new number @190950068514824,Your new number @190950068514824,,true
mcp_whatsapp_number_2_true_120363408465558195_g_us_acc68233c408b37e5dbaa8e67f9419b3_226083001659473_lid,true_120363408465558195@g.us_ACC68233C408B37E5DBAA8E67F9419B3_226083001659473@lid,Fj40,whatsapp-number-2,120363408465558195@g.us,Fj40,2026-03-14T19:20:52.000Z,+923099351940,true,chat,"Ok thanks. So i assume i now have to go to the excise office, biometric, get the new plates?","Ok thanks. So i assume i now have to go to the excise office, biometric, get the new plates?",excise|plates,true
mcp_whatsapp_number_1_archive_fj40_00081,fj40-00081,Fj40,whatsapp-number-1,archive::fj40,Fj40,2026-03-14T22:27:56,~ HM,false,chat,LEB-11-4773.pdf • ‎1 page ‎,LEB-11-4773.pdf • 1 page,,true
mcp_whatsapp_number_1_archive_fj40_00082,fj40-00082,Fj40,whatsapp-number-1,archive::fj40,Fj40,2026-03-14T22:29:53,David,false,chat,Cool,Cool,,true
mcp_whatsapp_number_1_archive_fj40_00083,fj40-00083,Fj40,whatsapp-number-1,archive::fj40,Fj40,2026-03-15T00:05:55,~ HM,false,chat,‎,,,true
mcp_whatsapp_number_1_archive_fj40_00084,fj40-00084,Fj40,whatsapp-number-1,archive::fj40,Fj40,2026-03-15T00:10:37,~ HM,false,chat,Your new number @⁨David⁩,Your new number @⁨David⁩,,true
mcp_whatsapp_number_1_archive_fj40_00085,fj40-00085,Fj40,whatsapp-number-1,archive::fj40,Fj40,2026-03-15T00:20:52,Uk David,false,chat,"Ok thanks. So i assume i now have to go to the excise office, biometric, get the new plates?","Ok thanks. So i assume i now have to go to the excise office, biometric, get the new plates?",excise|plates,true
mcp_whatsapp_number_2_true_120363408465558195_g_us_acfd6569ad36235043147573db6958da_226083001659473_lid,true_120363408465558195@g.us_ACFD6569AD36235043147573DB6958DA_226083001659473@lid,Fj40,whatsapp-number-2,120363408465558195@g.us,Fj40,2026-03-15T08:27:14.000Z,+923099351940,true,chat,Taking for an oil change.  Which one should i use?,Taking for an oil change. Which one should i use?,oil,true
mcp_whatsapp_number_2_true_120363408465558195_g_us_ac7822ca97d0a87996c5359159048490_226083001659473_lid,true_120363408465558195@g.us_AC7822CA97D0A87996C5359159048490_226083001659473@lid,Fj40,whatsapp-number-2,120363408465558195@g.us,Fj40,2026-03-15T08:36:04.000Z,+923099351940,true,image,,,,true
mcp_whatsapp_number_2_true_120363408465558195_g_us_ac2474c0d1106116670f1f4a8e190a7e_226083001659473_lid,true_120363408465558195@g.us_AC2474C0D1106116670F1F4A8E190A7E_226083001659473@lid,Fj40,whatsapp-number-2,120363408465558195@g.us,Fj40,2026-03-15T08:36:17.000Z,+923099351940,true,image,,,,true
mcp_whatsapp_number_2_true_120363408465558195_g_us_ac107ebf7218a6d7fa110cd50dc25a78_226083001659473_lid,true_120363408465558195@g.us_AC107EBF7218A6D7FA110CD50DC25A78_226083001659473@lid,Fj40,whatsapp-number-2,120363408465558195@g.us,Fj40,2026-03-15T08:36:47.000Z,+923099351940,true,chat,We're not sure if the filter should be full of oil,We're not sure if the filter should be full of oil,filter|oil,true
mcp_whatsapp_number_2_false_120363408465558195_g_us_ac76e8edb2469fb410de2e4a089625ae_232877656666113_lid,false_120363408465558195@g.us_AC76E8EDB2469FB410DE2E4A089625AE_232877656666113@lid,Fj40,whatsapp-number-2,120363408465558195@g.us,Fj40,2026-03-15T10:30:00.000Z,232877656666113,false,chat,"First the seller has to get his biometric from the express excise center that there are.
And plates they do not issue anymore. That you will have to get made. From any number plates vendor.",First the seller has to get his biometric from the express excise center that there are. And plates they do not issue anymore. That you will have to get made. From any number plates vendor.,excise|plates,true
mcp_whatsapp_number_2_false_120363408465558195_g_us_ac80aa0562a4fd60b35bcd00b73cf457_232877656666113_lid,false_120363408465558195@g.us_AC80AA0562A4FD60B35BCD00B73CF457_232877656666113@lid,Fj40,whatsapp-number-2,120363408465558195@g.us,Fj40,2026-03-15T10:30:27.000Z,232877656666113,false,chat,I'm guessing this is sorted by now.,I'm guessing this is sorted by now.,,true
mcp_whatsapp_number_2_false_120363408465558195_g_us_ac22ecb56d9f17293eb96166cc3cc1da_62917110190266_lid,false_120363408465558195@g.us_AC22ECB56D9F17293EB96166CC3CC1DA_62917110190266@lid,Fj40,whatsapp-number-2,120363408465558195@g.us,Fj40,2026-03-15T10:30:52.000Z,62917110190266,false,chat,Couldn't find the fuel filter . Tomorrow,Couldn't find the fuel filter . Tomorrow,filter,true
mcp_whatsapp_number_2_false_120363408465558195_g_us_ac348df66c3f3bc1b0a8c56dc80e4787_62917110190266_lid,false_120363408465558195@g.us_AC348DF66C3F3BC1B0A8C56DC80E4787_62917110190266@lid,Fj40,whatsapp-number-2,120363408465558195@g.us,Fj40,2026-03-15T10:30:58.000Z,62917110190266,false,chat,Horrible engine oil situation,Horrible engine oil situation,engine|oil,true
mcp_whatsapp_number_2_false_120363408465558195_g_us_ac6e7d91024ad45cd61f26f78dd49f4e_62917110190266_lid,false_120363408465558195@g.us_AC6E7D91024AD45CD61F26F78DD49F4E_62917110190266@lid,Fj40,whatsapp-number-2,120363408465558195@g.us,Fj40,2026-03-15T10:31:09.000Z,62917110190266,false,chat,Getting the usual replica plates,Getting the usual replica plates,plates,true
mcp_whatsapp_number_2_false_120363408465558195_g_us_acee4640bbc0eebfd2d5a4302fb08af8_62917110190266_lid,false_120363408465558195@g.us_ACEE4640BBC0EEBFD2D5A4302FB08AF8_62917110190266@lid,Fj40,whatsapp-number-2,120363408465558195@g.us,Fj40,2026-03-15T10:31:13.000Z,62917110190266,false,chat,Till then,Till then,,true
mcp_whatsapp_number_2_false_120363408465558195_g_us_acc8af0658532c3fcae3a35a90e6f42a_62917110190266_lid,false_120363408465558195@g.us_ACC8AF0658532C3FCAE3A35A90E6F42A_62917110190266@lid,Fj40,whatsapp-number-2,120363408465558195@g.us,Fj40,2026-03-15T10:31:34.000Z,62917110190266,false,chat,Now confirmed . Should be,Now confirmed . Should be,,true
mcp_whatsapp_number_2_false_120363408465558195_g_us_ace4e64f70a04a59edbbd485e7daad54_232877656666113_lid,false_120363408465558195@g.us_ACE4E64F70A04A59EDBBD485E7DAAD54_232877656666113@lid,Fj40,whatsapp-number-2,120363408465558195@g.us,Fj40,2026-03-15T10:35:40.000Z,232877656666113,false,chat,Indeed.,Indeed.,,true
mcp_whatsapp_number_2_false_120363408465558195_g_us_ac9b0d2c0e940d061242e2d9ec0fca4b_232877656666113_lid,false_120363408465558195@g.us_AC9B0D2C0E940D061242E2D9EC0FCA4B_232877656666113@lid,Fj40,whatsapp-number-2,120363408465558195@g.us,Fj40,2026-03-15T10:35:50.000Z,232877656666113,false,chat,What is confirmed?,What is confirmed?,,true
mcp_whatsapp_number_2_false_120363408465558195_g_us_acb5de954fa9cc041d0cbd2ea9587bd5_232877656666113_lid,false_120363408465558195@g.us_ACB5DE954FA9CC041D0CBD2EA9587BD5_232877656666113@lid,Fj40,whatsapp-number-2,120363408465558195@g.us,Fj40,2026-03-15T10:35:58.000Z,232877656666113,false,chat,And horrible bhi honi thi situation.,And horrible bhi honi thi situation.,,true
mcp_whatsapp_number_2_false_120363408465558195_g_us_ace4c45bca1abe2da3573eb06f8c3da1_62917110190266_lid,false_120363408465558195@g.us_ACE4C45BCA1ABE2DA3573EB06F8C3DA1_62917110190266@lid,Fj40,whatsapp-number-2,120363408465558195@g.us,Fj40,2026-03-15T10:36:55.000Z,62917110190266,false,chat,The air filter sits in an oil pool,The air filter sits in an oil pool,filter|oil,true
mcp_whatsapp_number_2_false_120363408465558195_g_us_ac4bb3491c0e60de90cce7bf6ab39bfb_62917110190266_lid,false_120363408465558195@g.us_AC4BB3491C0E60DE90CCE7BF6AB39BFB_62917110190266@lid,Fj40,whatsapp-number-2,120363408465558195@g.us,Fj40,2026-03-15T10:37:24.000Z,62917110190266,false,chat,Hahaha.. yeah I've never seen oil like this. Goopy,Hahaha.. yeah I've never seen oil like this. Goopy,oil,true
mcp_whatsapp_number_2_false_120363408465558195_g_us_ac20373b0b72c80d611bd77c6ab35fc0_232877656666113_lid,false_120363408465558195@g.us_AC20373B0B72C80D611BD77C6AB35FC0_232877656666113@lid,Fj40,whatsapp-number-2,120363408465558195@g.us,Fj40,2026-03-15T10:37:55.000Z,232877656666113,false,chat,@22192146358278 what's the scene? You guys have to come to some conclusion?,@22192146358278 what's the scene? You guys have to come to some conclusion?,,true
mcp_whatsapp_number_1_archive_akber_khan_00378,akber_khan-00378,Akbar Khan,whatsapp-number-1,archive::akbar_khan,Akbar Khan,2026-03-15T10:38:26,David,false,chat,On for this today? I still need to work out what all the switches and levers do,On for this today? I still need to work out what all the switches and levers do,,true
mcp_whatsapp_number_2_true_120363408465558195_g_us_acf35b1eb7a3314be623d3b677f054cd_226083001659473_lid,true_120363408465558195@g.us_ACF35B1EB7A3314BE623D3B677F054CD_226083001659473@lid,Fj40,whatsapp-number-2,120363408465558195@g.us,Fj40,2026-03-15T10:40:24.000Z,+923099351940,true,chat,I'm thinking strip out and fully replace the wiring and evaluate the body condition as the first big step,I'm thinking strip out and fully replace the wiring and evaluate the body condition as the first big step,body|strip|wiring,true
mcp_whatsapp_number_2_false_120363408465558195_g_us_ac222f7937095e7cd46ad01caa16a73f_232877656666113_lid,false_120363408465558195@g.us_AC222F7937095E7CD46AD01CAA16A73F_232877656666113@lid,Fj40,whatsapp-number-2,120363408465558195@g.us,Fj40,2026-03-15T10:41:36.000Z,232877656666113,false,chat,"Not the engine? I mean yeah let's blow the engine. If it is running. And then replace it with a better engine which @22192146358278 can recommend.
Till the engine is running might aswell start with other things. But I'd strongly advise to have a conversation again with Nadir.",Not the engine? I mean yeah let's blow the engine. If it is running. And then replace it with a better engine which @22192146358278 can recommend. Till the engine is running might aswell start with other things. But I'd strongly advise to have a conversation again with Nadir.,engine,true
mcp_whatsapp_number_2_false_120363408465558195_g_us_ac10bbe37b340a90c97cbabe63ae5283_232877656666113_lid,false_120363408465558195@g.us_AC10BBE37B340A90C97CBABE63AE5283_232877656666113@lid,Fj40,whatsapp-number-2,120363408465558195@g.us,Fj40,2026-03-15T10:41:45.000Z,232877656666113,false,chat,Make a plan and then take it from there.,Make a plan and then take it from there.,,true
mcp_whatsapp_number_2_true_120363408465558195_g_us_ac8d375f4aba1cf0498c0e8c7d4f3b84_226083001659473_lid,true_120363408465558195@g.us_AC8D375F4ABA1CF0498C0E8C7D4F3B84_226083001659473@lid,Fj40,whatsapp-number-2,120363408465558195@g.us,Fj40,2026-03-15T10:44:13.000Z,+923099351940,true,chat,Maybe its not the right call but the engine seems ok to me. Only 24k on the clock,Maybe its not the right call but the engine seems ok to me. Only 24k on the clock,engine,true
mcp_whatsapp_number_2_false_120363408465558195_g_us_ac0cc8ea70e8e4bfd52d31ac6828499b_62917110190266_lid,false_120363408465558195@g.us_AC0CC8EA70E8E4BFD52D31AC6828499B_62917110190266@lid,Fj40,whatsapp-number-2,120363408465558195@g.us,Fj40,2026-03-15T10:44:38.000Z,62917110190266,false,chat,After heavy deliberation and meetings ... David has decided to replace the wipers. Only.,After heavy deliberation and meetings ... David has decided to replace the wipers. Only.,,true
mcp_whatsapp_number_2_false_120363408465558195_g_us_acea0b3fae9e68ce25f523c1a8b20e13_62917110190266_lid,false_120363408465558195@g.us_ACEA0B3FAE9E68CE25F523C1A8B20E13_62917110190266@lid,Fj40,whatsapp-number-2,120363408465558195@g.us,Fj40,2026-03-15T10:44:40.000Z,62917110190266,false,chat,Joking,Joking,,true
mcp_whatsapp_number_2_true_120363408465558195_g_us_ac972772f693504ad46182e4f0dd1854_226083001659473_lid,true_120363408465558195@g.us_AC972772F693504AD46182E4F0DD1854_226083001659473@lid,Fj40,whatsapp-number-2,120363408465558195@g.us,Fj40,2026-03-15T10:45:06.000Z,+923099351940,true,chat,"Yeah, the wipers are fine.  They do move occasionally","Yeah, the wipers are fine. They do move occasionally",,true
mcp_whatsapp_number_2_false_120363408465558195_g_us_acfa796f873fa8668a32a3950321869d_232877656666113_lid,false_120363408465558195@g.us_ACFA796F873FA8668A32A3950321869D_232877656666113@lid,Fj40,whatsapp-number-2,120363408465558195@g.us,Fj40,2026-03-15T10:46:23.000Z,232877656666113,false,chat,That 24k on the clock is a big fat lie! Lol,That 24k on the clock is a big fat lie! Lol,,true
mcp_whatsapp_number_2_false_120363408465558195_g_us_acdc831c3d17525b936743486877b026_62917110190266_lid,false_120363408465558195@g.us_ACDC831C3D17525B936743486877B026_62917110190266@lid,Fj40,whatsapp-number-2,120363408465558195@g.us,Fj40,2026-03-15T10:47:09.000Z,62917110190266,false,chat,It is. But engine runs fine. No issues. I say keep it as it is. When it blows if it does. Get to it after,It is. But engine runs fine. No issues. I say keep it as it is. When it blows if it does. Get to it after,engine,true
mcp_whatsapp_number_2_false_120363408465558195_g_us_ac770a45741b1e6e226a905e3fd56e9f_232877656666113_lid,false_120363408465558195@g.us_AC770A45741B1E6E226A905E3FD56E9F_232877656666113@lid,Fj40,whatsapp-number-2,120363408465558195@g.us,Fj40,2026-03-15T10:47:29.000Z,232877656666113,false,chat,Agreed 100% till then get all other things sorted.,Agreed 100% till then get all other things sorted.,,true
mcp_whatsapp_number_2_false_120363408465558195_g_us_ac9808a606f0b6573c514953d8a43a08_62917110190266_lid,false_120363408465558195@g.us_AC9808A606F0B6573C514953D8A43A08_62917110190266@lid,Fj40,whatsapp-number-2,120363408465558195@g.us,Fj40,2026-03-15T10:48:10.000Z,62917110190266,false,chat,Yup. Lots to do. Space it out.,Yup. Lots to do. Space it out.,,true
mcp_whatsapp_number_2_false_120363408465558195_g_us_ac4e986e0c3cecc7e78a77d642f59a30_232877656666113_lid,false_120363408465558195@g.us_AC4E986E0C3CECC7E78A77D642F59A30_232877656666113@lid,Fj40,whatsapp-number-2,120363408465558195@g.us,Fj40,2026-03-15T10:48:53.000Z,232877656666113,false,chat,"Wiring, body work (as it has rust) cosmetic things here and there in the inteior and exterior. Other electrical thungs like lights etc. AC needs to be sorted (should go to coolsun for a quick diagnosis)
Tyres seem fine. Suspension in depth @190950068514824 and @22192146358278 can tell the exact situation diffs etc.","Wiring, body work (as it has rust) cosmetic things here and there in the inteior and exterior. Other electrical thungs like lights etc. AC needs to be sorted (should go to coolsun for a quick diagnosis) Tyres seem fine. Suspension in depth @190950068514824 and @22192146358278 can tell the exact situation diffs etc.",ac|body|coolsun|electrical|rust|suspension|wiring,true
mcp_whatsapp_number_2_true_120363408465558195_g_us_ac2f63771117966f596d6265c47cf200_226083001659473_lid,true_120363408465558195@g.us_AC2F63771117966F596D6265C47CF200_226083001659473@lid,Fj40,whatsapp-number-2,120363408465558195@g.us,Fj40,2026-03-15T11:21:08.000Z,+923099351940,true,chat,Hmm. Yes. Probably 24k + an entire round trip of the clock before that,Hmm. Yes. Probably 24k + an entire round trip of the clock before that,,true
mcp_whatsapp_number_1_archive_akber_khan_00379,akber_khan-00379,Akbar Khan,whatsapp-number-1,archive::akbar_khan,Akbar Khan,2026-03-15T11:27:25,Akbar Khan,false,chat,Well the rain just fucked that all up lol,Well the rain just fucked that all up lol,,true
mcp_whatsapp_number_1_archive_akber_khan_00380,akber_khan-00380,Akbar Khan,whatsapp-number-1,archive::akbar_khan,Akbar Khan,2026-03-15T11:39:59,David,false,chat,Yeah,Yeah,,true
mcp_whatsapp_number_1_archive_akber_khan_00381,akber_khan-00381,Akbar Khan,whatsapp-number-1,archive::akbar_khan,Akbar Khan,2026-03-15T11:40:44,David,false,chat,"Hows your toolkit? Mine is now 30 years old, a mixture. Was thinking of getting a nice new set","Hows your toolkit? Mine is now 30 years old, a mixture. Was thinking of getting a nice new set",,true
mcp_whatsapp_number_1_archive_akber_khan_00382,akber_khan-00382,Akbar Khan,whatsapp-number-1,archive::akbar_khan,Akbar Khan,2026-03-15T11:43:03,David,false,chat,Dont see many well known brands for sale here,Dont see many well known brands for sale here,,true
mcp_whatsapp_number_1_archive_akber_khan_00383,akber_khan-00383,Akbar Khan,whatsapp-number-1,archive::akbar_khan,Akbar Khan,2026-03-15T11:43:59,Akbar Khan,false,chat,"Yeah I'm decent in that regard. I was meaning to clean it up today. In car terms one doesn't really need much. Rachet sets / socket sets , t rods , stuff like that. Dremels attachments spanner sets cutters all that.","Yeah I'm decent in that regard. I was meaning to clean it up today. In car terms one doesn't really need much. Rachet sets / socket sets , t rods , stuff like that. Dremels attachments spanner sets cutters all that.",,true
mcp_whatsapp_number_1_archive_akber_khan_00384,akber_khan-00384,Akbar Khan,whatsapp-number-1,archive::akbar_khan,Akbar Khan,2026-03-15T11:44:29,Akbar Khan,false,chat,Yeah. Well u can get your milwakees and other items. But crazy expensive,Yeah. Well u can get your milwakees and other items. But crazy expensive,,true
mcp_whatsapp_number_1_archive_akber_khan_00385,akber_khan-00385,Akbar Khan,whatsapp-number-1,archive::akbar_khan,Akbar Khan,2026-03-15T11:45:15,David,false,chat,‎,,,true
mcp_whatsapp_number_1_archive_akber_khan_00386,akber_khan-00386,Akbar Khan,whatsapp-number-1,archive::akbar_khan,Akbar Khan,2026-03-15T11:45:20,Akbar Khan,false,chat,Most of my stuff is collected over time. It's more to do with stuff like fasteners head shrinks stuff like that.,Most of my stuff is collected over time. It's more to do with stuff like fasteners head shrinks stuff like that.,,true
mcp_whatsapp_number_1_archive_akber_khan_00387,akber_khan-00387,Akbar Khan,whatsapp-number-1,archive::akbar_khan,Akbar Khan,2026-03-15T11:45:24,David,false,chat,Well thats about all i could fine,Well thats about all i could fine,,true
mcp_whatsapp_number_1_archive_akber_khan_00388,akber_khan-00388,Akbar Khan,whatsapp-number-1,archive::akbar_khan,Akbar Khan,2026-03-15T11:45:58,Akbar Khan,false,chat,Yup. That's a start. I dunno about Toyota exactly but mostly sets 10 then 11 and 12 and u can dismantle most of everything,Yup. That's a start. I dunno about Toyota exactly but mostly sets 10 then 11 and 12 and u can dismantle most of everything,,true
mcp_whatsapp_number_1_archive_akber_khan_00389,akber_khan-00389,Akbar Khan,whatsapp-number-1,archive::akbar_khan,Akbar Khan,2026-03-15T11:45:59,David,false,chat,Had a decent socket set somewhere but would probably be 50 years old,Had a decent socket set somewhere but would probably be 50 years old,,true
mcp_whatsapp_number_1_archive_akber_khan_00390,akber_khan-00390,Akbar Khan,whatsapp-number-1,archive::akbar_khan,Akbar Khan,2026-03-15T11:46:41,David,false,chat,Was thinking a nice set where in can see they all get replaced every time,Was thinking a nice set where in can see they all get replaced every time,,true
mcp_whatsapp_number_1_archive_akber_khan_00391,akber_khan-00391,Akbar Khan,whatsapp-number-1,archive::akbar_khan,Akbar Khan,2026-03-15T11:46:45,Akbar Khan,false,chat,Quality issues here. I got most of my stuff online there is this store called total. Very decent let me share the link,Quality issues here. I got most of my stuff online there is this store called total. Very decent let me share the link,,true
mcp_whatsapp_number_1_archive_akber_khan_00392,akber_khan-00392,Akbar Khan,whatsapp-number-1,archive::akbar_khan,Akbar Khan,2026-03-15T11:47:02,David,false,chat,Thanks,Thanks,,true
mcp_whatsapp_number_1_archive_akber_khan_00393,akber_khan-00393,Akbar Khan,whatsapp-number-1,archive::akbar_khan,Akbar Khan,2026-03-15T11:47:16,Akbar Khan,false,chat,https://www.toolsmart.pk/collections/total-tools,https://www.toolsmart.pk/collections/total-tools,toolsmart,true
mcp_whatsapp_number_1_archive_akber_khan_00394,akber_khan-00394,Akbar Khan,whatsapp-number-1,archive::akbar_khan,Akbar Khan,2026-03-15T11:47:25,Akbar Khan,false,chat,These guys have been by go to,These guys have been by go to,,true
mcp_whatsapp_number_1_archive_akber_khan_00395,akber_khan-00395,Akbar Khan,whatsapp-number-1,archive::akbar_khan,Akbar Khan,2026-03-15T11:47:35,David,false,chat,Grease gun? Torque wrench?,Grease gun? Torque wrench?,grease gun|torque wrench,true
mcp_whatsapp_number_1_archive_akber_khan_00396,akber_khan-00396,Akbar Khan,whatsapp-number-1,archive::akbar_khan,Akbar Khan,2026-03-15T11:48:04,David,false,chat,Breaker bar?,Breaker bar?,breaker bar,true
mcp_whatsapp_number_1_archive_akber_khan_00397,akber_khan-00397,Akbar Khan,whatsapp-number-1,archive::akbar_khan,Akbar Khan,2026-03-15T11:49:19,Akbar Khan,false,chat,Sure. In ur case u might need grease gun.. For example I've been pretty heavily trying to find stuff like rust reformers and good products,Sure. In ur case u might need grease gun.. For example I've been pretty heavily trying to find stuff like rust reformers and good products,grease gun|rust,true
mcp_whatsapp_number_1_archive_akber_khan_00398,akber_khan-00398,Akbar Khan,whatsapp-number-1,archive::akbar_khan,Akbar Khan,2026-03-15T11:49:35,Akbar Khan,false,chat,For which this guy was / is my go to. Mostly Rust-Oleum products,For which this guy was / is my go to. Mostly Rust-Oleum products,rust,true
mcp_whatsapp_number_1_archive_akber_khan_00399,akber_khan-00399,Akbar Khan,whatsapp-number-1,archive::akbar_khan,Akbar Khan,2026-03-15T11:49:45,Akbar Khan,false,chat,Stuff people don't use here because it's expensive,Stuff people don't use here because it's expensive,,true
mcp_whatsapp_number_1_archive_akber_khan_00400,akber_khan-00400,Akbar Khan,whatsapp-number-1,archive::akbar_khan,Akbar Khan,2026-03-15T11:49:49,Akbar Khan,false,chat,Under costings etc,Under costings etc,,true
mcp_whatsapp_number_1_archive_akber_khan_00401,akber_khan-00401,Akbar Khan,whatsapp-number-1,archive::akbar_khan,Akbar Khan,2026-03-15T11:50:53,David,false,chat,Hmm. By the time we get to that its likely to be welding time and in the shop,Hmm. By the time we get to that its likely to be welding time and in the shop,welding,true
mcp_whatsapp_number_1_archive_akber_khan_00402,akber_khan-00402,Akbar Khan,whatsapp-number-1,archive::akbar_khan,Akbar Khan,2026-03-15T11:51:26,David,false,chat,Never could weld very well.,Never could weld very well.,weld,true
mcp_whatsapp_number_1_archive_akber_khan_00403,akber_khan-00403,Akbar Khan,whatsapp-number-1,archive::akbar_khan,Akbar Khan,2026-03-15T11:51:33,Akbar Khan,false,chat,‎,,,true
mcp_whatsapp_number_1_archive_akber_khan_00404,akber_khan-00404,Akbar Khan,whatsapp-number-1,archive::akbar_khan,Akbar Khan,2026-03-15T11:51:33,Akbar Khan,false,chat,‎,,,true
mcp_whatsapp_number_1_archive_akber_khan_00405,akber_khan-00405,Akbar Khan,whatsapp-number-1,archive::akbar_khan,Akbar Khan,2026-03-15T11:51:33,Akbar Khan,false,chat,‎,,,true
mcp_whatsapp_number_1_archive_akber_khan_00406,akber_khan-00406,Akbar Khan,whatsapp-number-1,archive::akbar_khan,Akbar Khan,2026-03-15T11:51:34,Akbar Khan,false,chat,‎image omitted,image omitted,,true
mcp_whatsapp_number_1_archive_akber_khan_00407,akber_khan-00407,Akbar Khan,whatsapp-number-1,archive::akbar_khan,Akbar Khan,2026-03-15T11:51:34,Akbar Khan,false,chat,‎image omitted,image omitted,,true
mcp_whatsapp_number_1_archive_akber_khan_00408,akber_khan-00408,Akbar Khan,whatsapp-number-1,archive::akbar_khan,Akbar Khan,2026-03-15T11:51:34,Akbar Khan,false,chat,‎image omitted,image omitted,,true
mcp_whatsapp_number_1_archive_akber_khan_00409,akber_khan-00409,Akbar Khan,whatsapp-number-1,archive::akbar_khan,Akbar Khan,2026-03-15T11:51:35,Akbar Khan,false,chat,‎,,,true
mcp_whatsapp_number_1_archive_akber_khan_00410,akber_khan-00410,Akbar Khan,whatsapp-number-1,archive::akbar_khan,Akbar Khan,2026-03-15T11:51:35,Akbar Khan,false,chat,‎,,,true
mcp_whatsapp_number_1_archive_akber_khan_00411,akber_khan-00411,Akbar Khan,whatsapp-number-1,archive::akbar_khan,Akbar Khan,2026-03-15T11:51:36,Akbar Khan,false,chat,He's in Karachi but delivers in Lahore,He's in Karachi but delivers in Lahore,,true
mcp_whatsapp_number_1_archive_akber_khan_00412,akber_khan-00412,Akbar Khan,whatsapp-number-1,archive::akbar_khan,Akbar Khan,2026-03-15T11:52:23,Akbar Khan,false,chat,Welding is a bit tricky here. Seen some very shit peeps. And usually doing that wrong type of welding etc. There are good guys. Proper but I haven't really needed them. But. Can find them of course,Welding is a bit tricky here. Seen some very shit peeps. And usually doing that wrong type of welding etc. There are good guys. Proper but I haven't really needed them. But. Can find them of course,welding,true
mcp_whatsapp_number_1_archive_akber_khan_00413,akber_khan-00413,Akbar Khan,whatsapp-number-1,archive::akbar_khan,Akbar Khan,2026-03-15T11:52:49,Akbar Khan,false,chat,Arc welding. Mostly guys doing SS manifolds and stuff like that,Arc welding. Mostly guys doing SS manifolds and stuff like that,welding,true
mcp_whatsapp_number_1_archive_akber_khan_00414,akber_khan-00414,Akbar Khan,whatsapp-number-1,archive::akbar_khan,Akbar Khan,2026-03-15T11:53:15,Akbar Khan,false,chat,VHT & Duplicolor New.pdf • ‎10 pages ‎,VHT & Duplicolor New.pdf • 10 pages,,true
mcp_whatsapp_number_1_archive_akber_khan_00415,akber_khan-00415,Akbar Khan,whatsapp-number-1,archive::akbar_khan,Akbar Khan,2026-03-15T11:53:15,Akbar Khan,false,chat,SprayOn USA.pdf • ‎26 pages ‎,SprayOn USA.pdf • 26 pages,,true
mcp_whatsapp_number_1_archive_akber_khan_00416,akber_khan-00416,Akbar Khan,whatsapp-number-1,archive::akbar_khan,Akbar Khan,2026-03-15T11:53:58,David,false,chat,Well your mate recommended to strip it all out and find the holes and rough patches early on. Something a bit more significant than these,Well your mate recommended to strip it all out and find the holes and rough patches early on. Something a bit more significant than these,strip,true
mcp_whatsapp_number_1_archive_akber_khan_00417,akber_khan-00417,Akbar Khan,whatsapp-number-1,archive::akbar_khan,Akbar Khan,2026-03-15T11:54:44,Akbar Khan,false,chat,Nadir ?,Nadir ?,,true
mcp_whatsapp_number_1_archive_akber_khan_00418,akber_khan-00418,Akbar Khan,whatsapp-number-1,archive::akbar_khan,Akbar Khan,2026-03-15T11:54:50,David,false,chat,Yes,Yes,,true
mcp_whatsapp_number_1_archive_akber_khan_00419,akber_khan-00419,Akbar Khan,whatsapp-number-1,archive::akbar_khan,Akbar Khan,2026-03-15T11:54:59,Akbar Khan,false,chat,He's done these cars to perfection from what I know. So I reckon he knows best,He's done these cars to perfection from what I know. So I reckon he knows best,,true
mcp_whatsapp_number_1_archive_akber_khan_00420,akber_khan-00420,Akbar Khan,whatsapp-number-1,archive::akbar_khan,Akbar Khan,2026-03-15T11:55:06,David,false,chat,Plus a full rewire,Plus a full rewire,,true
mcp_whatsapp_number_1_archive_akber_khan_00421,akber_khan-00421,Akbar Khan,whatsapp-number-1,archive::akbar_khan,Akbar Khan,2026-03-15T11:55:20,David,false,chat,So same timing i guess,So same timing i guess,,true
mcp_whatsapp_number_1_archive_akber_khan_00422,akber_khan-00422,Akbar Khan,whatsapp-number-1,archive::akbar_khan,Akbar Khan,2026-03-15T11:55:22,Akbar Khan,false,chat,I would have to agree with him then,I would have to agree with him then,,true
mcp_whatsapp_number_1_archive_akber_khan_00423,akber_khan-00423,Akbar Khan,whatsapp-number-1,archive::akbar_khan,Akbar Khan,2026-03-15T11:55:53,Akbar Khan,false,chat,Yup. Once everything is out. Depending on the game plan. That's the difference between a great respiration and an average one,Yup. Once everything is out. Depending on the game plan. That's the difference between a great respiration and an average one,,true
mcp_whatsapp_number_1_archive_akber_khan_00424,akber_khan-00424,Akbar Khan,whatsapp-number-1,archive::akbar_khan,Akbar Khan,2026-03-15T11:56:23,Akbar Khan,false,chat,I used to spend hours in the workshop just polishing. Cleaning. Oiling. Crimping stuff like that for months,I used to spend hours in the workshop just polishing. Cleaning. Oiling. Crimping stuff like that for months,,true
mcp_whatsapp_number_1_archive_akber_khan_00425,akber_khan-00425,Akbar Khan,whatsapp-number-1,archive::akbar_khan,Akbar Khan,2026-03-15T11:56:49,Akbar Khan,false,chat,Wire wheeling every single thing,Wire wheeling every single thing,wire,true
mcp_whatsapp_number_1_archive_akber_khan_00426,akber_khan-00426,Akbar Khan,whatsapp-number-1,archive::akbar_khan,Akbar Khan,2026-03-15T11:57:00,Akbar Khan,false,chat,Zinc coating bolts and stuff,Zinc coating bolts and stuff,,true
mcp_whatsapp_number_1_archive_akber_khan_00427,akber_khan-00427,Akbar Khan,whatsapp-number-1,archive::akbar_khan,Akbar Khan,2026-03-15T11:57:14,David,false,chat,More likely to be patching and drilling out stuck bolts at this early point i feel,More likely to be patching and drilling out stuck bolts at this early point i feel,,true
mcp_whatsapp_number_1_archive_akber_khan_00428,akber_khan-00428,Akbar Khan,whatsapp-number-1,archive::akbar_khan,Akbar Khan,2026-03-15T11:57:56,Akbar Khan,false,chat,Perhaps. It's got it's points of rust etc. the correct way of course would be to open it up. Clean it up. Weld through primer. Weld. Paint,Perhaps. It's got it's points of rust etc. the correct way of course would be to open it up. Clean it up. Weld through primer. Weld. Paint,paint|primer|rust|weld,true
mcp_whatsapp_number_1_archive_akber_khan_00429,akber_khan-00429,Akbar Khan,whatsapp-number-1,archive::akbar_khan,Akbar Khan,2026-03-15T11:58:01,David,false,chat,No better time to make the body sound,No better time to make the body sound,body,true
mcp_whatsapp_number_1_archive_akber_khan_00430,akber_khan-00430,Akbar Khan,whatsapp-number-1,archive::akbar_khan,Akbar Khan,2026-03-15T11:58:27,Akbar Khan,false,chat,Oh yes. On that note. Sound dampening sheets. Makes a world of a difference. Specially in ur application,Oh yes. On that note. Sound dampening sheets. Makes a world of a difference. Specially in ur application,sound dampening,true
mcp_whatsapp_number_1_archive_akber_khan_00431,akber_khan-00431,Akbar Khan,whatsapp-number-1,archive::akbar_khan,Akbar Khan,2026-03-15T11:59:01,Akbar Khan,false,chat,‎,,,true
mcp_whatsapp_number_2_false_120363408465558195_g_us_ac72564c22d1d303e2013a9b6ba27f9a_190950068514824_lid,false_120363408465558195@g.us_AC72564C22D1D303E2013A9B6BA27F9A_190950068514824@lid,Fj40,whatsapp-number-2,120363408465558195@g.us,Fj40,2026-03-15T11:59:17.000Z,190950068514824,false,chat,New plates attached. Thanks @62917110190266   i assume some time this century the punjab gov will make me some authentic ones also,New plates attached. Thanks @62917110190266 i assume some time this century the punjab gov will make me some authentic ones also,plates,true
mcp_whatsapp_number_1_archive_akber_khan_00432,akber_khan-00432,Akbar Khan,whatsapp-number-1,archive::akbar_khan,Akbar Khan,2026-03-15T11:59:48,Akbar Khan,false,chat,This guy is one of the best for interiors. Total. Carpets. Roofs u name it. Customize .. did the black car with him very neat work. Expensive but nearest to OE I've seen,This guy is one of the best for interiors. Total. Carpets. Roofs u name it. Customize .. did the black car with him very neat work. Expensive but nearest to OE I've seen,,true
mcp_whatsapp_number_2_false_120363408465558195_g_us_acf8a7fdd9f7fc1421ac8e03f8f664ab_232877656666113_lid,false_120363408465558195@g.us_ACF8A7FDD9F7FC1421AC8E03F8F664AB_232877656666113@lid,Fj40,whatsapp-number-2,120363408465558195@g.us,Fj40,2026-03-15T12:00:34.000Z,232877656666113,false,chat,No. They won't. 🤣,No. They won't. 🤣,,true
mcp_whatsapp_number_2_false_120363408465558195_g_us_ace69be2c7ebce484287a8649399f4e1_190950068514824_lid,false_120363408465558195@g.us_ACE69BE2C7EBCE484287A8649399F4E1_190950068514824@lid,Fj40,whatsapp-number-2,120363408465558195@g.us,Fj40,2026-03-15T12:00:43.000Z,190950068514824,false,chat,"So, then apart from tomorrows oil change it seems to make sense to get straight in to get stripped down for re-wiring","So, then apart from tomorrows oil change it seems to make sense to get straight in to get stripped down for re-wiring",oil|wiring,true
mcp_whatsapp_number_1_archive_akber_khan_00433,akber_khan-00433,Akbar Khan,whatsapp-number-1,archive::akbar_khan,Akbar Khan,2026-03-15T12:00:44,Akbar Khan,false,chat,Nadir can probably help source u the side seats you wanted. Upholstery etc. This was my guy. Nadir might have his own. His seemed pretty neat too from the pics,Nadir can probably help source u the side seats you wanted. Upholstery etc. This was my guy. Nadir might have his own. His seemed pretty neat too from the pics,,true
mcp_whatsapp_number_2_false_120363408465558195_g_us_aca1b44c8b2b352bddbad19127b9faf3_190950068514824_lid,false_120363408465558195@g.us_ACA1B44C8B2B352BDDBAD19127B9FAF3_190950068514824@lid,Fj40,whatsapp-number-2,120363408465558195@g.us,Fj40,2026-03-15T12:00:47.000Z,190950068514824,false,chat,Been there,Been there,,true
mcp_whatsapp_number_2_false_120363408465558195_g_us_ac97b218b6ddfca2058bc75d357e2d06_232877656666113_lid,false_120363408465558195@g.us_AC97B218B6DDFCA2058BC75D357E2D06_232877656666113@lid,Fj40,whatsapp-number-2,120363408465558195@g.us,Fj40,2026-03-15T12:01:00.000Z,232877656666113,false,chat,Show me the plates please. As i don't trust Akbar's aesthetics. 🤣,Show me the plates please. As i don't trust Akbar's aesthetics. 🤣,akbar|plates,true
mcp_whatsapp_number_2_false_120363408465558195_g_us_acaf9beebfd080511addd21c92a04f65_190950068514824_lid,false_120363408465558195@g.us_ACAF9BEEBFD080511ADDD21C92A04F65_190950068514824@lid,Fj40,whatsapp-number-2,120363408465558195@g.us,Fj40,2026-03-15T12:01:30.000Z,190950068514824,false,chat,"Haha. I didnt look. I was in the car, it was raining. Probably says AK1","Haha. I didnt look. I was in the car, it was raining. Probably says AK1",,true
mcp_whatsapp_number_2_false_120363408465558195_g_us_ac86677fa1781216b9aa8cc9e386fcc0_232877656666113_lid,false_120363408465558195@g.us_AC86677FA1781216B9AA8CC9E386FCC0_232877656666113@lid,Fj40,whatsapp-number-2,120363408465558195@g.us,Fj40,2026-03-15T12:02:34.000Z,232877656666113,false,chat,Or AK-47.,Or AK-47.,,true
mcp_whatsapp_number_1_archive_akber_khan_00434,akber_khan-00434,Akbar Khan,whatsapp-number-1,archive::akbar_khan,Akbar Khan,2026-03-15T12:04:20,David,false,chat,"Sure. That seems some way away right now. Ideally someone that can do the electrics (3 days apparently), but also while its all stripped out for that, identify any serious body work needing doing, and fix it whilst its already quite taken apart","Sure. That seems some way away right now. Ideally someone that can do the electrics (3 days apparently), but also while its all stripped out for that, identify any serious body work needing doing, and fix it whilst its already quite taken apart",body,true
mcp_whatsapp_number_1_archive_akber_khan_00435,akber_khan-00435,Akbar Khan,whatsapp-number-1,archive::akbar_khan,Akbar Khan,2026-03-15T12:04:21,Akbar Khan,false,chat,Also keep an eye out with these import houses. Real stuff. Great prices. Haven't bought tools from them yet but other stuff. ‎,Also keep an eye out with these import houses. Real stuff. Great prices. Haven't bought tools from them yet but other stuff.,,true
mcp_whatsapp_number_1_archive_akber_khan_00436,akber_khan-00436,Akbar Khan,whatsapp-number-1,archive::akbar_khan,Akbar Khan,2026-03-15T12:04:22,Akbar Khan,false,chat,Also keep an eye out with these import houses. Real stuff. Great prices. Haven't bought tools from them yet but other stuff. ‎,Also keep an eye out with these import houses. Real stuff. Great prices. Haven't bought tools from them yet but other stuff.,,true
mcp_whatsapp_number_1_archive_akber_khan_00437,akber_khan-00437,Akbar Khan,whatsapp-number-1,archive::akbar_khan,Akbar Khan,2026-03-15T12:05:45,Akbar Khan,false,chat,Makes sense. Wiring is always the number one fuck up for all old cars here. I stripped and replaced most looms of mine also because people had cut sliced and bastardized most of them down to voltage drops ... And or just pure age. Crackling. Grounding issues,Makes sense. Wiring is always the number one fuck up for all old cars here. I stripped and replaced most looms of mine also because people had cut sliced and bastardized most of them down to voltage drops ... And or just pure age. Crackling. Grounding issues,wiring,true
mcp_whatsapp_number_1_archive_akber_khan_00438,akber_khan-00438,Akbar Khan,whatsapp-number-1,archive::akbar_khan,Akbar Khan,2026-03-15T12:06:06,David,false,chat,Yeah. Full reset on that seems wise,Yeah. Full reset on that seems wise,,true
mcp_whatsapp_number_1_archive_akber_khan_00439,akber_khan-00439,Akbar Khan,whatsapp-number-1,archive::akbar_khan,Akbar Khan,2026-03-15T12:06:11,Akbar Khan,false,chat,The white car for example had idle issues. For a year before I found a bad fucking ground,The white car for example had idle issues. For a year before I found a bad fucking ground,,true
mcp_whatsapp_number_1_archive_akber_khan_00440,akber_khan-00440,Akbar Khan,whatsapp-number-1,archive::akbar_khan,Akbar Khan,2026-03-15T12:06:35,David,false,chat,And its the best opportunity probably to check the body,And its the best opportunity probably to check the body,body,true
mcp_whatsapp_number_1_archive_akber_khan_00441,akber_khan-00441,Akbar Khan,whatsapp-number-1,archive::akbar_khan,Akbar Khan,2026-03-15T12:06:38,Akbar Khan,false,chat,I would. And it seems much easier on ur car. Why not. Broken connectors all that,I would. And it seems much easier on ur car. Why not. Broken connectors all that,,true
mcp_whatsapp_number_1_archive_akber_khan_00442,akber_khan-00442,Akbar Khan,whatsapp-number-1,archive::akbar_khan,Akbar Khan,2026-03-15T12:07:05,David,false,chat,"Exactly, its not exactly formula e","Exactly, its not exactly formula e",,true
mcp_whatsapp_number_1_archive_akber_khan_00443,akber_khan-00443,Akbar Khan,whatsapp-number-1,archive::akbar_khan,Akbar Khan,2026-03-15T12:07:08,Akbar Khan,false,chat,Agreed. I mean. Just two sets really. Engine harness and accessories across the jeep,Agreed. I mean. Just two sets really. Engine harness and accessories across the jeep,engine|harness|jeep,true
mcp_whatsapp_number_2_false_120363408465558195_g_us_3bc46539407208f36838_190950068514824_lid,false_120363408465558195@g.us_3BC46539407208F36838_190950068514824@lid,Fj40,whatsapp-number-2,120363408465558195@g.us,Fj40,2026-03-15T12:07:17.000Z,190950068514824,false,chat,but seriously this caused me some issues up in the north one time around 2014.  They wouldn’t accept they were not proper gov issued plates,but seriously this caused me some issues up in the north one time around 2014. They wouldn’t accept they were not proper gov issued plates,plates,true
mcp_whatsapp_number_1_archive_akber_khan_00444,akber_khan-00444,Akbar Khan,whatsapp-number-1,archive::akbar_khan,Akbar Khan,2026-03-15T12:07:26,Akbar Khan,false,chat,3 days also makes sense,3 days also makes sense,,true
mcp_whatsapp_number_1_archive_akber_khan_00445,akber_khan-00445,Akbar Khan,whatsapp-number-1,archive::akbar_khan,Akbar Khan,2026-03-15T12:09:12,David,false,chat,Assuming it makes sense in this order though all fluids need replacement,Assuming it makes sense in this order though all fluids need replacement,order,true
mcp_whatsapp_number_2_false_120363408465558195_g_us_3b09054e7f84f3e5690f_190950068514824_lid,false_120363408465558195@g.us_3B09054E7F84F3E5690F_190950068514824@lid,Fj40,whatsapp-number-2,120363408465558195@g.us,Fj40,2026-03-15T12:09:12.000Z,190950068514824,false,chat,"well, they asked enough questions that my Pathan act was seen through","well, they asked enough questions that my Pathan act was seen through",,true
mcp_whatsapp_number_1_archive_akber_khan_00446,akber_khan-00446,Akbar Khan,whatsapp-number-1,archive::akbar_khan,Akbar Khan,2026-03-15T12:09:40,Akbar Khan,false,chat,I never worked around a detailed plan. I just saw something fucked I didn't like and I'd go for it.. brackets. Coatings . Stuff like that. Broken stuff.,I never worked around a detailed plan. I just saw something fucked I didn't like and I'd go for it.. brackets. Coatings . Stuff like that. Broken stuff.,,true
mcp_whatsapp_number_2_false_120363408465558195_g_us_3b9b9c684d67ebe549a0_190950068514824_lid,false_120363408465558195@g.us_3B9B9C684D67EBE549A0_190950068514824@lid,Fj40,whatsapp-number-2,120363408465558195@g.us,Fj40,2026-03-15T12:09:43.000Z,190950068514824,false,chat,"well, they asked me a question, and my hat didn’t carry it off","well, they asked me a question, and my hat didn’t carry it off",,true
mcp_whatsapp_number_2_false_120363408465558195_g_us_ac6d13d299e4981b9de9b009cc70fd8b_232877656666113_lid,false_120363408465558195@g.us_AC6D13D299E4981B9DE9B009CC70FD8B_232877656666113@lid,Fj40,whatsapp-number-2,120363408465558195@g.us,Fj40,2026-03-15T12:09:58.000Z,232877656666113,false,chat,In 2014. Government was issuing plates. So yeah that was a different time.,In 2014. Government was issuing plates. So yeah that was a different time.,plates,true
mcp_whatsapp_number_2_false_120363408465558195_g_us_ac3e83ab33486d8b1d28e1352598e897_232877656666113_lid,false_120363408465558195@g.us_AC3E83AB33486D8B1D28E1352598E897_232877656666113@lid,Fj40,whatsapp-number-2,120363408465558195@g.us,Fj40,2026-03-15T12:10:05.000Z,232877656666113,false,chat,Lol,Lol,,true
mcp_whatsapp_number_2_false_120363408465558195_g_us_3b463b39929a7befffbd_190950068514824_lid,false_120363408465558195@g.us_3B463B39929A7BEFFFBD_190950068514824@lid,Fj40,whatsapp-number-2,120363408465558195@g.us,Fj40,2026-03-15T12:10:14.000Z,190950068514824,false,chat,ah.  at this time they ran out of metal,ah. at this time they ran out of metal,,true
mcp_whatsapp_number_1_archive_akber_khan_00447,akber_khan-00447,Akbar Khan,whatsapp-number-1,archive::akbar_khan,Akbar Khan,2026-03-15T12:10:18,David,false,chat,I could probably manage to not fuck up an oil change too much,I could probably manage to not fuck up an oil change too much,oil,true
mcp_whatsapp_number_2_false_120363408465558195_g_us_3b5b9ee2bd985863f556_190950068514824_lid,false_120363408465558195@g.us_3B5B9EE2BD985863F556_190950068514824@lid,Fj40,whatsapp-number-2,120363408465558195@g.us,Fj40,2026-03-15T12:10:18.000Z,190950068514824,false,chat,maybe 2012,maybe 2012,,true
mcp_whatsapp_number_2_false_120363408465558195_g_us_3b7dc5c4d075c17dbd60_190950068514824_lid,false_120363408465558195@g.us_3B7DC5C4D075C17DBD60_190950068514824@lid,Fj40,whatsapp-number-2,120363408465558195@g.us,Fj40,2026-03-15T12:10:30.000Z,190950068514824,false,chat,so they were not actually issuing,so they were not actually issuing,,true
mcp_whatsapp_number_1_archive_akber_khan_00448,akber_khan-00448,Akbar Khan,whatsapp-number-1,archive::akbar_khan,Akbar Khan,2026-03-15T12:10:49,Akbar Khan,false,chat,Yeah. The usual sequence... See if they are currently okay. If so.. check for leaks in all relevant places. If u find any. Resolve. Test again. Gaskets whatever. Once okay... Clean up the bay. Watch again. Keep cardboards under the car to triple check. Then flush. Replace. Service. Enjoy !,Yeah. The usual sequence... See if they are currently okay. If so.. check for leaks in all relevant places. If u find any. Resolve. Test again. Gaskets whatever. Once okay... Clean up the bay. Watch again. Keep cardboards under the car to triple check. Then flush. Replace. Service. Enjoy !,flush,true
mcp_whatsapp_number_1_archive_akber_khan_00449,akber_khan-00449,Akbar Khan,whatsapp-number-1,archive::akbar_khan,Akbar Khan,2026-03-15T12:11:37,Akbar Khan,false,chat,You won't. Super easy... Just don't imagine u or anyone else wanting to do it in our summers . That's another thing. Pure torture in summers. So move fast I reckon.,You won't. Super easy... Just don't imagine u or anyone else wanting to do it in our summers . That's another thing. Pure torture in summers. So move fast I reckon.,,true
mcp_whatsapp_number_2_false_120363408465558195_g_us_3b8d0c0591815270236c_190950068514824_lid,false_120363408465558195@g.us_3B8D0C0591815270236C_190950068514824@lid,Fj40,whatsapp-number-2,120363408465558195@g.us,Fj40,2026-03-15T12:11:56.000Z,190950068514824,false,chat,so its just DIY these days?,so its just DIY these days?,,true
mcp_whatsapp_number_1_archive_akber_khan_00450,akber_khan-00450,Akbar Khan,whatsapp-number-1,archive::akbar_khan,Akbar Khan,2026-03-15T12:12:47,David,false,chat,"Hmm, speaking of summer. The AC","Hmm, speaking of summer. The AC",ac,true
mcp_whatsapp_number_1_archive_akber_khan_00451,akber_khan-00451,Akbar Khan,whatsapp-number-1,archive::akbar_khan,Akbar Khan,2026-03-15T12:12:52,Akbar Khan,false,chat,When they do wiring here. They typically don't use imported stuff like the electrical tape they use... It's just electricians tape. Buy the real stuff and ask them to use that.... Broken connections are usually just sliced rather than soder or spade connectors and heat shrink.. buy that stuff and tell them to use it. No exceptions,When they do wiring here. They typically don't use imported stuff like the electrical tape they use... It's just electricians tape. Buy the real stuff and ask them to use that.... Broken connections are usually just sliced rather than soder or spade connectors and heat shrink.. buy that stuff and tell them to use it. No exceptions,electrical|heat shrink|wiring,true
mcp_whatsapp_number_1_archive_akber_khan_00452,akber_khan-00452,Akbar Khan,whatsapp-number-1,archive::akbar_khan,Akbar Khan,2026-03-15T12:13:04,Akbar Khan,false,chat,I got the best guy. Childhood friend,I got the best guy. Childhood friend,,true
mcp_whatsapp_number_1_archive_akber_khan_00453,akber_khan-00453,Akbar Khan,whatsapp-number-1,archive::akbar_khan,Akbar Khan,2026-03-15T12:13:18,Akbar Khan,false,chat,‎,,,true
mcp_whatsapp_number_1_archive_akber_khan_00454,akber_khan-00454,Akbar Khan,whatsapp-number-1,archive::akbar_khan,Akbar Khan,2026-03-15T12:14:09,Akbar Khan,false,chat,Oh and don't underestimate daraz.. I found a lot of stuff there for in from china.,Oh and don't underestimate daraz.. I found a lot of stuff there for in from china.,daraz,true
mcp_whatsapp_number_1_archive_akber_khan_00455,akber_khan-00455,Akbar Khan,whatsapp-number-1,archive::akbar_khan,Akbar Khan,2026-03-15T12:14:32,Akbar Khan,false,chat,Not that china is some bench mark. Let me give some examples. Order now. Best to have them at home,Not that china is some bench mark. Let me give some examples. Order now. Best to have them at home,order,true
mcp_whatsapp_number_2_false_120363408465558195_g_us_ace7cca88b81b79fc2ae1a01747f1680_232877656666113_lid,false_120363408465558195@g.us_ACE7CCA88B81B79FC2AE1A01747F1680_232877656666113@lid,Fj40,whatsapp-number-2,120363408465558195@g.us,Fj40,2026-03-15T12:14:39.000Z,232877656666113,false,chat,Yes. That was in 2014 15 and 16 aswell.,Yes. That was in 2014 15 and 16 aswell.,,true
mcp_whatsapp_number_1_archive_akber_khan_00456,akber_khan-00456,Akbar Khan,whatsapp-number-1,archive::akbar_khan,Akbar Khan,2026-03-15T12:15:16,Akbar Khan,false,chat,15 Meter 9/15/19/25MM Heat-resistant Adhesive Cloth Fabric Tape For Automotive Cable Tape Harness Wiring Loom Electrical Heat Tape | https://s.daraz.pk/s.1JGrj,15 Meter 9/15/19/25MM Heat-resistant Adhesive Cloth Fabric Tape For Automotive Cable Tape Harness Wiring Loom Electrical Heat Tape | https://s.daraz.pk/s.1JGrj,daraz|electrical|harness|loom|wiring,true
mcp_whatsapp_number_1_archive_akber_khan_00457,akber_khan-00457,Akbar Khan,whatsapp-number-1,archive::akbar_khan,Akbar Khan,2026-03-15T12:15:48,David,false,chat,"Yeah, its not fun to work with bad tools","Yeah, its not fun to work with bad tools",,true
mcp_whatsapp_number_1_archive_akber_khan_00458,akber_khan-00458,Akbar Khan,whatsapp-number-1,archive::akbar_khan,Akbar Khan,2026-03-15T12:17:32,Akbar Khan,false,chat,"Check the same ""Afridi imports"" and ""total hardware"" they are my go to's else it's just me buying random stuff from Bilal ganj walking around (which is a lot of fun) lots of shops there. As required purchasing","Check the same ""Afridi imports"" and ""total hardware"" they are my go to's else it's just me buying random stuff from Bilal ganj walking around (which is a lot of fun) lots of shops there. As required purchasing",,true
mcp_whatsapp_number_1_archive_akber_khan_00459,akber_khan-00459,Akbar Khan,whatsapp-number-1,archive::akbar_khan,Akbar Khan,2026-03-15T12:17:54,Akbar Khan,false,chat,2.8mm 2/3/4/6/9 pin Automotive 2.8 Electrical wire Connector Male Female cable terminal plug Kits Motorcycle ebike car | https://s.daraz.pk/s.1JGtu,2.8mm 2/3/4/6/9 pin Automotive 2.8 Electrical wire Connector Male Female cable terminal plug Kits Motorcycle ebike car | https://s.daraz.pk/s.1JGtu,connector|daraz|electrical|wire,true
mcp_whatsapp_number_1_archive_akber_khan_00460,akber_khan-00460,Akbar Khan,whatsapp-number-1,archive::akbar_khan,Akbar Khan,2026-03-15T12:18:20,David,false,chat,Maybe i'll just go and rip out the interior so i can get an idea of the damage,Maybe i'll just go and rip out the interior so i can get an idea of the damage,,true
mcp_whatsapp_number_1_archive_akber_khan_00461,akber_khan-00461,Akbar Khan,whatsapp-number-1,archive::akbar_khan,Akbar Khan,2026-03-15T12:18:44,Akbar Khan,false,chat,Well the rain has stopped. Why don't u bring it over,Well the rain has stopped. Why don't u bring it over,,true
mcp_whatsapp_number_1_archive_akber_khan_00462,akber_khan-00462,Akbar Khan,whatsapp-number-1,archive::akbar_khan,Akbar Khan,2026-03-15T12:19:03,David,false,chat,Sure. Lets have a look,Sure. Lets have a look,,true
mcp_whatsapp_number_1_archive_akber_khan_00463,akber_khan-00463,Akbar Khan,whatsapp-number-1,archive::akbar_khan,Akbar Khan,2026-03-15T12:19:38,Akbar Khan,false,chat,Just random stuff like this. Makes such a difference. They don't use stuff like this here... Cut... Twist ... Tape. Fuck that ‎,Just random stuff like this. Makes such a difference. They don't use stuff like this here... Cut... Twist ... Tape. Fuck that,,true
mcp_whatsapp_number_1_archive_akber_khan_00464,akber_khan-00464,Akbar Khan,whatsapp-number-1,archive::akbar_khan,Akbar Khan,2026-03-15T12:19:39,Akbar Khan,false,chat,Just random stuff like this. Makes such a difference. They don't use stuff like this here... Cut... Twist ... Tape. Fuck that ‎,Just random stuff like this. Makes such a difference. They don't use stuff like this here... Cut... Twist ... Tape. Fuck that,,true
mcp_whatsapp_number_1_archive_akber_khan_00465,akber_khan-00465,Akbar Khan,whatsapp-number-1,archive::akbar_khan,Akbar Khan,2026-03-15T12:21:55,Akbar Khan,false,chat,‎,,,true
mcp_whatsapp_number_1_archive_akber_khan_00466,akber_khan-00466,Akbar Khan,whatsapp-number-1,archive::akbar_khan,Akbar Khan,2026-03-15T12:21:56,Akbar Khan,false,chat,‎,,,true
mcp_whatsapp_number_1_archive_akber_khan_00467,akber_khan-00467,Akbar Khan,whatsapp-number-1,archive::akbar_khan,Akbar Khan,2026-03-15T12:22:24,Akbar Khan,false,chat,I think u get the idea. Daraz has been my best friend. There are better qualities there. Just need to explore.,I think u get the idea. Daraz has been my best friend. There are better qualities there. Just need to explore.,daraz,true
mcp_whatsapp_number_1_archive_akber_khan_00468,akber_khan-00468,Akbar Khan,whatsapp-number-1,archive::akbar_khan,Akbar Khan,2026-03-15T12:23:58,Akbar Khan,false,chat,Not bad. Saw the same thing being sold for 46k a while back. But not on this site / import ‎,Not bad. Saw the same thing being sold for 46k a while back. But not on this site / import,,true
mcp_whatsapp_number_1_archive_akber_khan_00469,akber_khan-00469,Akbar Khan,whatsapp-number-1,archive::akbar_khan,Akbar Khan,2026-03-15T12:23:59,Akbar Khan,false,chat,Not bad. Saw the same thing being sold for 46k a while back. But not on this site / import ‎,Not bad. Saw the same thing being sold for 46k a while back. But not on this site / import,,true
mcp_whatsapp_number_1_archive_akber_khan_00470,akber_khan-00470,Akbar Khan,whatsapp-number-1,archive::akbar_khan,Akbar Khan,2026-03-15T12:24:06,Akbar Khan,false,chat,Not much in to power tools myself though,Not much in to power tools myself though,,true
mcp_whatsapp_number_2_false_120363408465558195_g_us_3bc4748458fec8262b31_190950068514824_lid,false_120363408465558195@g.us_3BC4748458FEC8262B31_190950068514824@lid,Fj40,whatsapp-number-2,120363408465558195@g.us,Fj40,2026-03-15T12:51:34.000Z,190950068514824,false,chat,"@22192146358278  - did you say you can recommend someone for this?  @62917110190266  also suggested at the same time remove the roof, get that straight off for body work - water is currently accumulating in the channels it should run out from for example","@22192146358278 - did you say you can recommend someone for this? @62917110190266 also suggested at the same time remove the roof, get that straight off for body work - water is currently accumulating in the channels it should run out from for example",body|roof,true
mcp_whatsapp_number_2_false_120363408465558195_g_us_3bc33804a58751b21ca4_190950068514824_lid,false_120363408465558195@g.us_3BC33804A58751B21CA4_190950068514824@lid,Fj40,whatsapp-number-2,120363408465558195@g.us,Fj40,2026-03-15T12:52:09.000Z,190950068514824,false,chat,so we can get 2 things running in parallel,so we can get 2 things running in parallel,,true
mcp_whatsapp_number_2_false_120363408465558195_g_us_a5cff4a7e782f3c4765a601ae2efc83c_22192146358278_lid,false_120363408465558195@g.us_A5CFF4A7E782F3C4765A601AE2EFC83C_22192146358278@lid,Fj40,whatsapp-number-2,120363408465558195@g.us,Fj40,2026-03-15T13:03:04.000Z,22192146358278,false,chat,Damn so many msgs. Was on my way to isv,Damn so many msgs. Was on my way to isv,,true
mcp_whatsapp_number_2_false_120363408465558195_g_us_a58a1b82c454a106e6f6072ca7e5b2a6_22192146358278_lid,false_120363408465558195@g.us_A58A1B82C454A106E6F6072CA7E5B2A6_22192146358278@lid,Fj40,whatsapp-number-2,120363408465558195@g.us,Fj40,2026-03-15T13:03:07.000Z,22192146358278,false,chat,Isb,Isb,,true
mcp_whatsapp_number_1_archive_fj40_00086,fj40-00086,Fj40,whatsapp-number-1,archive::fj40,Fj40,2026-03-15T13:27:14,Uk David,false,chat,Taking for an oil change. Which one should i use?,Taking for an oil change. Which one should i use?,oil,true
mcp_whatsapp_number_1_archive_fj40_00087,fj40-00087,Fj40,whatsapp-number-1,archive::fj40,Fj40,2026-03-15T13:36:37,Uk David,false,chat,‎,,,true
mcp_whatsapp_number_1_archive_fj40_00088,fj40-00088,Fj40,whatsapp-number-1,archive::fj40,Fj40,2026-03-15T13:36:37,Uk David,false,chat,‎,,,true
mcp_whatsapp_number_1_archive_fj40_00089,fj40-00089,Fj40,whatsapp-number-1,archive::fj40,Fj40,2026-03-15T13:36:48,Uk David,false,chat,We're not sure if the filter should be full of oil,We're not sure if the filter should be full of oil,filter|oil,true
mcp_whatsapp_number_2_false_120363408465558195_g_us_3be81c68ee142d99b7c3_190950068514824_lid,false_120363408465558195@g.us_3BE81C68EE142D99B7C3_190950068514824@lid,Fj40,whatsapp-number-2,120363408465558195@g.us,Fj40,2026-03-15T14:19:55.000Z,190950068514824,false,chat,"no worries, we didn’t make that much progress yet!","no worries, we didn’t make that much progress yet!",,true
mcp_whatsapp_number_2_false_120363408465558195_g_us_3ba4dc6ab790cbad67f3_190950068514824_lid,false_120363408465558195@g.us_3BA4DC6AB790CBAD67F3_190950068514824@lid,Fj40,whatsapp-number-2,120363408465558195@g.us,Fj40,2026-03-15T14:20:14.000Z,190950068514824,false,chat,Akbar is recommending basically to get the wiring myself from AliExpress,Akbar is recommending basically to get the wiring myself from AliExpress,akbar|aliexpress|wiring,true
mcp_whatsapp_number_2_false_120363408465558195_g_us_3b235d1a8a5093d88737_190950068514824_lid,false_120363408465558195@g.us_3B235D1A8A5093D88737_190950068514824@lid,Fj40,whatsapp-number-2,120363408465558195@g.us,Fj40,2026-03-15T14:20:39.000Z,190950068514824,false,chat,I’m almost tempted to do it myself (I do have some electrical engineering background),I’m almost tempted to do it myself (I do have some electrical engineering background),electrical,true
mcp_whatsapp_number_2_false_120363408465558195_g_us_3bf9de2909c7f5bcbb6c_190950068514824_lid,false_120363408465558195@g.us_3BF9DE2909C7F5BCBB6C_190950068514824@lid,Fj40,whatsapp-number-2,120363408465558195@g.us,Fj40,2026-03-15T14:20:51.000Z,190950068514824,false,chat,"[15/03/2026, 19:16:49] David: I’d be quite tempted to do the wiring myself (I did mention my year of electrical engineering at university), but at the same time the car sort of needs to be fully taken apart.  The Corolla might have to get chucked into street parking for a bit
[15/03/2026, 19:17:46] David: which would mean brining welders/fixers to the house - not having all their garage amenities","[15/03/2026, 19:16:49] David: I’d be quite tempted to do the wiring myself (I did mention my year of electrical engineering at university), but at the same time the car sort of needs to be fully taken apart. The Corolla might have to get chucked into street parking for a bit [15/03/2026, 19:17:46] David: which would mean brining welders/fixers to the house - not having all their garage amenities",electrical|wiring,true
mcp_whatsapp_number_2_false_120363408465558195_g_us_3b14982492eaaa71ce6c_190950068514824_lid,false_120363408465558195@g.us_3B14982492EAAA71CE6C_190950068514824@lid,Fj40,whatsapp-number-2,120363408465558195@g.us,Fj40,2026-03-15T14:21:50.000Z,190950068514824,false,chat,is this a silly idea?,is this a silly idea?,,true
mcp_whatsapp_number_2_false_120363408465558195_g_us_a517972b0f44a9117e0485e10d068236_22192146358278_lid,false_120363408465558195@g.us_A517972B0F44A9117E0485E10D068236_22192146358278@lid,Fj40,whatsapp-number-2,120363408465558195@g.us,Fj40,2026-03-15T14:22:47.000Z,22192146358278,false,chat,Not silly at all. go for it. It's pretty basic wiring,Not silly at all. go for it. It's pretty basic wiring,wiring,true
mcp_whatsapp_number_2_false_120363408465558195_g_us_3bf06f18e2c4b5b1d246_190950068514824_lid,false_120363408465558195@g.us_3BF06F18E2C4B5B1D246_190950068514824@lid,Fj40,whatsapp-number-2,120363408465558195@g.us,Fj40,2026-03-15T14:23:18.000Z,190950068514824,false,chat,I know it will be done properly,I know it will be done properly,,true
mcp_whatsapp_number_2_false_120363408465558195_g_us_3bc0e215a18975d231b3_190950068514824_lid,false_120363408465558195@g.us_3BC0E215A18975D231B3_190950068514824@lid,Fj40,whatsapp-number-2,120363408465558195@g.us,Fj40,2026-03-15T14:23:20.000Z,190950068514824,false,chat,but its not that,but its not that,,true
mcp_whatsapp_number_2_false_120363408465558195_g_us_3b59213d8d2f0dd1b33f_190950068514824_lid,false_120363408465558195@g.us_3B59213D8D2F0DD1B33F_190950068514824@lid,Fj40,whatsapp-number-2,120363408465558195@g.us,Fj40,2026-03-15T14:23:26.000Z,190950068514824,false,chat,its the body work,its the body work,body,true
mcp_whatsapp_number_2_false_120363408465558195_g_us_3bfff9d08caf2c345adf_190950068514824_lid,false_120363408465558195@g.us_3BFFF9D08CAF2C345ADF_190950068514824@lid,Fj40,whatsapp-number-2,120363408465558195@g.us,Fj40,2026-03-15T14:23:38.000Z,190950068514824,false,chat,to be done at the same time - I can’t drive it down to the the garage,to be done at the same time - I can’t drive it down to the the garage,,true
mcp_whatsapp_number_2_false_120363408465558195_g_us_a51cc39e095abb3394bb8ddac394b272_22192146358278_lid,false_120363408465558195@g.us_A51CC39E095ABB3394BB8DDAC394B272_22192146358278@lid,Fj40,whatsapp-number-2,120363408465558195@g.us,Fj40,2026-03-15T14:23:55.000Z,22192146358278,false,chat,Wiring from Ali express won't do it. Since its a 2h engine Nd you want the add ons,Wiring from Ali express won't do it. Since its a 2h engine Nd you want the add ons,engine|wiring,true
mcp_whatsapp_number_2_false_120363408465558195_g_us_3b3cee5893afbdedffc5_190950068514824_lid,false_120363408465558195@g.us_3B3CEE5893AFBDEDFFC5_190950068514824@lid,Fj40,whatsapp-number-2,120363408465558195@g.us,Fj40,2026-03-15T14:24:46.000Z,190950068514824,false,chat,easily available here?  Akbar's main point was about quality of finish.  but then that on me now,easily available here? Akbar's main point was about quality of finish. but then that on me now,akbar,true
mcp_whatsapp_number_2_false_120363408465558195_g_us_a5e12ca4ca7c292804ed2dee0b87cfeb_22192146358278_lid,false_120363408465558195@g.us_A5E12CA4CA7C292804ED2DEE0B87CFEB_22192146358278@lid,Fj40,whatsapp-number-2,120363408465558195@g.us,Fj40,2026-03-15T14:25:54.000Z,22192146358278,false,chat,Wiring will be custom made . New,Wiring will be custom made . New,wiring,true
mcp_whatsapp_number_2_false_120363408465558195_g_us_ac79ba0b7836526057ac073893cc4c13_62917110190266_lid,false_120363408465558195@g.us_AC79BA0B7836526057AC073893CC4C13_62917110190266@lid,Fj40,whatsapp-number-2,120363408465558195@g.us,Fj40,2026-03-15T14:26:42.000Z,62917110190266,false,chat,As long as it's all pin to pin or new. No complaints here. Not much wiring going on in it anyways.,As long as it's all pin to pin or new. No complaints here. Not much wiring going on in it anyways.,wiring,true
mcp_whatsapp_number_2_false_120363408465558195_g_us_3bdee398143c85f34149_190950068514824_lid,false_120363408465558195@g.us_3BDEE398143C85F34149_190950068514824@lid,Fj40,whatsapp-number-2,120363408465558195@g.us,Fj40,2026-03-15T14:27:07.000Z,190950068514824,false,chat,"well, yes when I saw there was a kit with a wiring diagram","well, yes when I saw there was a kit with a wiring diagram",wiring,true
mcp_whatsapp_number_2_false_120363408465558195_g_us_3bfe1de4177557bbaa24_190950068514824_lid,false_120363408465558195@g.us_3BFE1DE4177557BBAA24_190950068514824@lid,Fj40,whatsapp-number-2,120363408465558195@g.us,Fj40,2026-03-15T14:27:24.000Z,190950068514824,false,chat,"no issue, but where does it come from?  is the wire quality ok?","no issue, but where does it come from? is the wire quality ok?",wire,true
mcp_whatsapp_number_2_false_120363408465558195_g_us_3b0663476388a91e4f2d_190950068514824_lid,false_120363408465558195@g.us_3B0663476388A91E4F2D_190950068514824@lid,Fj40,whatsapp-number-2,120363408465558195@g.us,Fj40,2026-03-15T14:28:33.000Z,190950068514824,false,chat,"and again.  when its on my drive, stripped, un-usable.  how do I get welding done.  Akbar just reminded me upgraded power steering","and again. when its on my drive, stripped, un-usable. how do I get welding done. Akbar just reminded me upgraded power steering",akbar|power steering|steering|welding,true
mcp_whatsapp_number_2_false_120363408465558195_g_us_a53ed1a9f35680e68923fb81a979c6ae_22192146358278_lid,false_120363408465558195@g.us_A53ED1A9F35680E68923FB81A979C6AE_22192146358278@lid,Fj40,whatsapp-number-2,120363408465558195@g.us,Fj40,2026-03-15T14:30:54.000Z,22192146358278,false,chat,Yeah grip grip,Yeah grip grip,,true
mcp_whatsapp_number_2_false_120363408465558195_g_us_a51f37b462ce4542b458e31408c4d25f_22192146358278_lid,false_120363408465558195@g.us_A51F37B462CE4542B458E31408C4D25F_22192146358278@lid,Fj40,whatsapp-number-2,120363408465558195@g.us,Fj40,2026-03-15T14:31:10.000Z,22192146358278,false,chat,"Soldered ,heat shrinked","Soldered ,heat shrinked",,true
mcp_whatsapp_number_2_false_120363408465558195_g_us_3bd3cc6f385240975f17_190950068514824_lid,false_120363408465558195@g.us_3BD3CC6F385240975F17_190950068514824@lid,Fj40,whatsapp-number-2,120363408465558195@g.us,Fj40,2026-03-15T14:31:58.000Z,190950068514824,false,chat,"I meant potentially serious work on the body/chassis, depending on whats found","I meant potentially serious work on the body/chassis, depending on whats found",body|chassis,true
mcp_whatsapp_number_2_false_120363408465558195_g_us_3be7471f5f772b151a5e_190950068514824_lid,false_120363408465558195@g.us_3BE7471F5F772B151A5E_190950068514824@lid,Fj40,whatsapp-number-2,120363408465558195@g.us,Fj40,2026-03-15T14:33:25.000Z,190950068514824,false,chat,I certainly don’t have an engine crane at my house,I certainly don’t have an engine crane at my house,engine,true
mcp_whatsapp_number_2_false_120363408465558195_g_us_a5e66100cbb97eff8c2f0ce6a2a6efd3_22192146358278_lid,false_120363408465558195@g.us_A5E66100CBB97EFF8C2F0CE6A2A6EFD3_22192146358278@lid,Fj40,whatsapp-number-2,120363408465558195@g.us,Fj40,2026-03-15T14:33:28.000Z,22192146358278,false,album,,,,true
mcp_whatsapp_number_2_false_120363408465558195_g_us_a513b422a22d211bf36abc4631aeab56_22192146358278_lid,false_120363408465558195@g.us_A513B422A22D211BF36ABC4631AEAB56_22192146358278@lid,Fj40,whatsapp-number-2,120363408465558195@g.us,Fj40,2026-03-15T14:34:05.000Z,22192146358278,false,video,,,,true
mcp_whatsapp_number_2_false_120363408465558195_g_us_a5d119443c27639df65e741ee7b97694_22192146358278_lid,false_120363408465558195@g.us_A5D119443C27639DF65E741EE7B97694_22192146358278@lid,Fj40,whatsapp-number-2,120363408465558195@g.us,Fj40,2026-03-15T14:34:05.000Z,22192146358278,false,video,,,,true
mcp_whatsapp_number_2_false_120363408465558195_g_us_a559f937ce823b0185ffb6981e706524_22192146358278_lid,false_120363408465558195@g.us_A559F937CE823B0185FFB6981E706524_22192146358278@lid,Fj40,whatsapp-number-2,120363408465558195@g.us,Fj40,2026-03-15T14:34:06.000Z,22192146358278,false,image,,,,true
mcp_whatsapp_number_2_false_120363408465558195_g_us_a56c5bdad7d93893f52990d9cc2e2d07_22192146358278_lid,false_120363408465558195@g.us_A56C5BDAD7D93893F52990D9CC2E2D07_22192146358278@lid,Fj40,whatsapp-number-2,120363408465558195@g.us,Fj40,2026-03-15T14:34:06.000Z,22192146358278,false,video,,,,true
mcp_whatsapp_number_2_false_120363408465558195_g_us_a57ebc15e76d165e43a4edd39b49aa93_22192146358278_lid,false_120363408465558195@g.us_A57EBC15E76D165E43A4EDD39B49AA93_22192146358278@lid,Fj40,whatsapp-number-2,120363408465558195@g.us,Fj40,2026-03-15T14:34:06.000Z,22192146358278,false,video,,,,true
mcp_whatsapp_number_2_false_120363408465558195_g_us_a5ca0fc56e32141ae96a3ac2aa5ce7d5_22192146358278_lid,false_120363408465558195@g.us_A5CA0FC56E32141AE96A3AC2AA5CE7D5_22192146358278@lid,Fj40,whatsapp-number-2,120363408465558195@g.us,Fj40,2026-03-15T14:34:28.000Z,22192146358278,false,chat,Currently restoring two fjs . 1965 and 73. To original specs. These are being done in Islamabad. With my old body guy,Currently restoring two fjs . 1965 and 73. To original specs. These are being done in Islamabad. With my old body guy,body,true
mcp_whatsapp_number_2_false_120363408465558195_g_us_acdccd9a5cab87e3b4c202faa7a7c9c8_62917110190266_lid,false_120363408465558195@g.us_ACDCCD9A5CAB87E3B4C202FAA7A7C9C8_62917110190266@lid,Fj40,whatsapp-number-2,120363408465558195@g.us,Fj40,2026-03-15T14:34:39.000Z,62917110190266,false,chat,Looks good David.... Why didn't we buy this ?,Looks good David.... Why didn't we buy this ?,,true
mcp_whatsapp_number_2_false_120363408465558195_g_us_3be9f3bd3057a9006a92_190950068514824_lid,false_120363408465558195@g.us_3BE9F3BD3057A9006A92_190950068514824@lid,Fj40,whatsapp-number-2,120363408465558195@g.us,Fj40,2026-03-15T14:34:49.000Z,190950068514824,false,chat,"haha, yeah and i’m supposed to be re-wiring that","haha, yeah and i’m supposed to be re-wiring that",wiring,true
mcp_whatsapp_number_2_false_120363408465558195_g_us_3bf5f5835a507d74d7b4_190950068514824_lid,false_120363408465558195@g.us_3BF5F5835A507D74D7B4_190950068514824@lid,Fj40,whatsapp-number-2,120363408465558195@g.us,Fj40,2026-03-15T14:35:10.000Z,190950068514824,false,chat,"ah, read more of the messages","ah, read more of the messages",,true
mcp_whatsapp_number_2_false_120363408465558195_g_us_3b9c2fe949fbeead0aa6_190950068514824_lid,false_120363408465558195@g.us_3B9C2FE949FBEEAD0AA6_190950068514824@lid,Fj40,whatsapp-number-2,120363408465558195@g.us,Fj40,2026-03-15T14:35:22.000Z,190950068514824,false,chat,yep.  thats going deeper than I anticipate,yep. thats going deeper than I anticipate,,true
mcp_whatsapp_number_2_false_120363408465558195_g_us_3b401fd1d506f6a99066_190950068514824_lid,false_120363408465558195@g.us_3B401FD1D506F6A99066_190950068514824@lid,Fj40,whatsapp-number-2,120363408465558195@g.us,Fj40,2026-03-15T14:36:01.000Z,190950068514824,false,chat,but maybe we can see as much of the floor as that once we start to look!,but maybe we can see as much of the floor as that once we start to look!,floor,true
mcp_whatsapp_number_2_false_120363408465558195_g_us_3b3a823e7321261c61cc_190950068514824_lid,false_120363408465558195@g.us_3B3A823E7321261C61CC_190950068514824@lid,Fj40,whatsapp-number-2,120363408465558195@g.us,Fj40,2026-03-15T14:37:05.000Z,190950068514824,false,chat,"no, I mean I expect it to be some patching, etc.  probably something a guy can come with a welder no a bike and do","no, I mean I expect it to be some patching, etc. probably something a guy can come with a welder no a bike and do",welder,true
mcp_whatsapp_number_2_false_120363408465558195_g_us_3b4b7f22085decc88223_190950068514824_lid,false_120363408465558195@g.us_3B4B7F22085DECC88223_190950068514824@lid,Fj40,whatsapp-number-2,120363408465558195@g.us,Fj40,2026-03-15T14:37:12.000Z,190950068514824,false,chat,under my direct supervision,under my direct supervision,,true
mcp_whatsapp_number_2_false_120363408465558195_g_us_3b83dd2fa730688cbcda_190950068514824_lid,false_120363408465558195@g.us_3B83DD2FA730688CBCDA_190950068514824@lid,Fj40,whatsapp-number-2,120363408465558195@g.us,Fj40,2026-03-15T14:38:10.000Z,190950068514824,false,chat,"Akbar is suggesting I strip, re-wire at home until its working again - then take to the garage for fixing","Akbar is suggesting I strip, re-wire at home until its working again - then take to the garage for fixing",akbar|strip|wire,true
mcp_whatsapp_number_2_false_120363408465558195_g_us_3ba5d57459d9078a7bbf_190950068514824_lid,false_120363408465558195@g.us_3BA5D57459D9078A7BBF_190950068514824@lid,Fj40,whatsapp-number-2,120363408465558195@g.us,Fj40,2026-03-15T14:38:24.000Z,190950068514824,false,chat,bodywork,bodywork,,true
mcp_whatsapp_number_2_false_120363408465558195_g_us_3b826d6f16b8754dda2c_190950068514824_lid,false_120363408465558195@g.us_3B826D6F16B8754DDA2C_190950068514824@lid,Fj40,whatsapp-number-2,120363408465558195@g.us,Fj40,2026-03-15T14:38:34.000Z,190950068514824,false,chat,and finalise wire-fixing after that,and finalise wire-fixing after that,wire,true
mcp_whatsapp_number_2_false_120363408465558195_g_us_3bc4ed2910ac13a2e936_190950068514824_lid,false_120363408465558195@g.us_3BC4ED2910AC13A2E936_190950068514824@lid,Fj40,whatsapp-number-2,120363408465558195@g.us,Fj40,2026-03-15T14:39:47.000Z,190950068514824,false,chat,are they going to just fuck up the wiring again if I do that?,are they going to just fuck up the wiring again if I do that?,wiring,true
mcp_whatsapp_number_2_false_120363408465558195_g_us_3bbd2cf41a5dc9ebf4e5_190950068514824_lid,false_120363408465558195@g.us_3BBD2CF41A5DC9EBF4E5_190950068514824@lid,Fj40,whatsapp-number-2,120363408465558195@g.us,Fj40,2026-03-15T14:40:02.000Z,190950068514824,false,chat,"like chop through it, burn it etc","like chop through it, burn it etc",,true
mcp_whatsapp_number_2_false_120363408465558195_g_us_3be20551617e004e1271_190950068514824_lid,false_120363408465558195@g.us_3BE20551617E004E1271_190950068514824@lid,Fj40,whatsapp-number-2,120363408465558195@g.us,Fj40,2026-03-15T14:42:17.000Z,190950068514824,false,chat,"i mean, its not quite as bad as the above is it?  please!!!","i mean, its not quite as bad as the above is it? please!!!",,true
mcp_whatsapp_number_2_false_120363408465558195_g_us_3b9472b607109d4c8197_190950068514824_lid,false_120363408465558195@g.us_3B9472B607109D4C8197_190950068514824@lid,Fj40,whatsapp-number-2,120363408465558195@g.us,Fj40,2026-03-15T15:28:26.000Z,190950068514824,false,image,my teams last cabling,my teams last cabling,,true
mcp_whatsapp_number_2_false_120363408465558195_g_us_3b93bf50c04f877c8e87_190950068514824_lid,false_120363408465558195@g.us_3B93BF50C04F877C8E87_190950068514824@lid,Fj40,whatsapp-number-2,120363408465558195@g.us,Fj40,2026-03-15T15:29:39.000Z,190950068514824,false,chat,"slightly different genre, similar expectations","slightly different genre, similar expectations",,true
mcp_whatsapp_number_1_archive_fj40_00090,fj40-00090,Fj40,whatsapp-number-1,archive::fj40,Fj40,2026-03-15T15:30:00,~ HM,false,chat,First the seller has to get his biometric from the express excise center that there are. And plates they do not issue anymore. That you will have to get made. From any number plates vendor.,First the seller has to get his biometric from the express excise center that there are. And plates they do not issue anymore. That you will have to get made. From any number plates vendor.,excise|plates,true
mcp_whatsapp_number_1_archive_fj40_00091,fj40-00091,Fj40,whatsapp-number-1,archive::fj40,Fj40,2026-03-15T15:30:27,~ HM,false,chat,I'm guessing this is sorted by now.,I'm guessing this is sorted by now.,,true
mcp_whatsapp_number_1_archive_fj40_00092,fj40-00092,Fj40,whatsapp-number-1,archive::fj40,Fj40,2026-03-15T15:30:52,Akbar Khan,false,chat,Couldn't find the fuel filter . Tomorrow,Couldn't find the fuel filter . Tomorrow,filter,true
mcp_whatsapp_number_1_archive_fj40_00093,fj40-00093,Fj40,whatsapp-number-1,archive::fj40,Fj40,2026-03-15T15:30:58,Akbar Khan,false,chat,Horrible engine oil situation,Horrible engine oil situation,engine|oil,true
mcp_whatsapp_number_1_archive_fj40_00094,fj40-00094,Fj40,whatsapp-number-1,archive::fj40,Fj40,2026-03-15T15:31:09,Akbar Khan,false,chat,Getting the usual replica plates,Getting the usual replica plates,plates,true
mcp_whatsapp_number_1_archive_fj40_00095,fj40-00095,Fj40,whatsapp-number-1,archive::fj40,Fj40,2026-03-15T15:31:13,Akbar Khan,false,chat,Till then,Till then,,true
mcp_whatsapp_number_1_archive_fj40_00096,fj40-00096,Fj40,whatsapp-number-1,archive::fj40,Fj40,2026-03-15T15:31:34,Akbar Khan,false,chat,Now confirmed . Should be,Now confirmed . Should be,,true
mcp_whatsapp_number_2_false_120363408465558195_g_us_3b9b6bec4f0eee954905_190950068514824_lid,false_120363408465558195@g.us_3B9B6BEC4F0EEE954905_190950068514824@lid,Fj40,whatsapp-number-2,120363408465558195@g.us,Fj40,2026-03-15T15:32:54.000Z,190950068514824,false,image,Engine cleanliness??,Engine cleanliness??,engine,true
mcp_whatsapp_number_2_false_120363408465558195_g_us_ac31d0b253561cde41f9e56873c6f2cb_62917110190266_lid,false_120363408465558195@g.us_AC31D0B253561CDE41F9E56873C6F2CB_62917110190266@lid,Fj40,whatsapp-number-2,120363408465558195@g.us,Fj40,2026-03-15T15:35:26.000Z,62917110190266,false,chat,10/10. Bus take a go at it,10/10. Bus take a go at it,,true
mcp_whatsapp_number_1_archive_fj40_00097,fj40-00097,Fj40,whatsapp-number-1,archive::fj40,Fj40,2026-03-15T15:35:40,~ HM,false,chat,Indeed.,Indeed.,,true
mcp_whatsapp_number_1_archive_fj40_00098,fj40-00098,Fj40,whatsapp-number-1,archive::fj40,Fj40,2026-03-15T15:35:50,~ HM,false,chat,What is confirmed?,What is confirmed?,,true
mcp_whatsapp_number_1_archive_fj40_00099,fj40-00099,Fj40,whatsapp-number-1,archive::fj40,Fj40,2026-03-15T15:35:58,~ HM,false,chat,And horrible bhi honi thi situation.,And horrible bhi honi thi situation.,,true
mcp_whatsapp_number_2_false_120363408465558195_g_us_3b71bc1a2c3770e98fec_190950068514824_lid,false_120363408465558195@g.us_3B71BC1A2C3770E98FEC_190950068514824@lid,Fj40,whatsapp-number-2,120363408465558195@g.us,Fj40,2026-03-15T15:36:16.000Z,190950068514824,false,chat,"from chatGPT it says I can buy a kit + some power cables, and I have what I need.  is that kit something available and in good quality here?","from chatGPT it says I can buy a kit + some power cables, and I have what I need. is that kit something available and in good quality here?",,true
mcp_whatsapp_number_2_false_120363408465558195_g_us_a5734284fcb752e0f839869d9e4860db_22192146358278_lid,false_120363408465558195@g.us_A5734284FCB752E0F839869D9E4860DB_22192146358278@lid,Fj40,whatsapp-number-2,120363408465558195@g.us,Fj40,2026-03-15T15:36:28.000Z,22192146358278,false,album,,,,true
mcp_whatsapp_number_2_false_120363408465558195_g_us_a5064326a5e8e46925408dba05be5e41_22192146358278_lid,false_120363408465558195@g.us_A5064326A5E8E46925408DBA05BE5E41_22192146358278@lid,Fj40,whatsapp-number-2,120363408465558195@g.us,Fj40,2026-03-15T15:36:30.000Z,22192146358278,false,album,,,,true
mcp_whatsapp_number_2_false_120363408465558195_g_us_a596ac4d52e77bc42aaf45f253cdee81_22192146358278_lid,false_120363408465558195@g.us_A596AC4D52E77BC42AAF45F253CDEE81_22192146358278@lid,Fj40,whatsapp-number-2,120363408465558195@g.us,Fj40,2026-03-15T15:36:33.000Z,22192146358278,false,album,,,,true
mcp_whatsapp_number_2_false_120363408465558195_g_us_a520b16e40ac737a80fafc1b53bb0cf5_22192146358278_lid,false_120363408465558195@g.us_A520B16E40AC737A80FAFC1B53BB0CF5_22192146358278@lid,Fj40,whatsapp-number-2,120363408465558195@g.us,Fj40,2026-03-15T15:36:39.000Z,22192146358278,false,album,,,,true
mcp_whatsapp_number_2_false_120363408465558195_g_us_a51d8d96a655ab77f4c0332406548184_22192146358278_lid,false_120363408465558195@g.us_A51D8D96A655AB77F4C0332406548184_22192146358278@lid,Fj40,whatsapp-number-2,120363408465558195@g.us,Fj40,2026-03-15T15:36:51.000Z,22192146358278,false,album,,,,true
mcp_whatsapp_number_1_archive_fj40_00100,fj40-00100,Fj40,whatsapp-number-1,archive::fj40,Fj40,2026-03-15T15:36:55,Akbar Khan,false,chat,The air filter sits in an oil pool,The air filter sits in an oil pool,filter|oil,true
mcp_whatsapp_number_1_archive_fj40_00101,fj40-00101,Fj40,whatsapp-number-1,archive::fj40,Fj40,2026-03-15T15:37:24,Akbar Khan,false,chat,Hahaha.. yeah I've never seen oil like this. Goopy,Hahaha.. yeah I've never seen oil like this. Goopy,oil,true
mcp_whatsapp_number_2_false_120363408465558195_g_us_3b1d639b0d79fa6ec5e2_190950068514824_lid,false_120363408465558195@g.us_3B1D639B0D79FA6EC5E2_190950068514824@lid,Fj40,whatsapp-number-2,120363408465558195@g.us,Fj40,2026-03-15T15:37:28.000Z,190950068514824,false,chat,I know i’m falling into a trap somewhere here also!,I know i’m falling into a trap somewhere here also!,,true
mcp_whatsapp_number_1_archive_fj40_00102,fj40-00102,Fj40,whatsapp-number-1,archive::fj40,Fj40,2026-03-15T15:37:55,~ HM,false,chat,@⁨~nuic⁩ what's the scene? You guys have to come to some conclusion?,@⁨~nuic⁩ what's the scene? You guys have to come to some conclusion?,,true
mcp_whatsapp_number_2_false_120363408465558195_g_us_a564a0ff69f977ea87828942ba714d76_22192146358278_lid,false_120363408465558195@g.us_A564A0FF69F977EA87828942BA714D76_22192146358278@lid,Fj40,whatsapp-number-2,120363408465558195@g.us,Fj40,2026-03-15T15:38:00.000Z,22192146358278,false,image,,,,true
mcp_whatsapp_number_2_false_120363408465558195_g_us_a59a6959d67d1d8429d240cd5efabf6c_22192146358278_lid,false_120363408465558195@g.us_A59A6959D67D1D8429D240CD5EFABF6C_22192146358278@lid,Fj40,whatsapp-number-2,120363408465558195@g.us,Fj40,2026-03-15T15:38:00.000Z,22192146358278,false,image,,,,true
mcp_whatsapp_number_2_false_120363408465558195_g_us_a534e46d692023e6c04ccf54fc16746c_22192146358278_lid,false_120363408465558195@g.us_A534E46D692023E6C04CCF54FC16746C_22192146358278@lid,Fj40,whatsapp-number-2,120363408465558195@g.us,Fj40,2026-03-15T15:38:01.000Z,22192146358278,false,image,,,,true
mcp_whatsapp_number_2_false_120363408465558195_g_us_a59263323d017d7bd4a996457862d05c_22192146358278_lid,false_120363408465558195@g.us_A59263323D017D7BD4A996457862D05C_22192146358278@lid,Fj40,whatsapp-number-2,120363408465558195@g.us,Fj40,2026-03-15T15:38:01.000Z,22192146358278,false,image,,,,true
mcp_whatsapp_number_2_false_120363408465558195_g_us_a5ad4073842a3bb6fa73945208e20b58_22192146358278_lid,false_120363408465558195@g.us_A5AD4073842A3BB6FA73945208E20B58_22192146358278@lid,Fj40,whatsapp-number-2,120363408465558195@g.us,Fj40,2026-03-15T15:38:01.000Z,22192146358278,false,image,,,,true
mcp_whatsapp_number_2_false_120363408465558195_g_us_a5f20bf7312bc84a4a810a377ebc6c28_22192146358278_lid,false_120363408465558195@g.us_A5F20BF7312BC84A4A810A377EBC6C28_22192146358278@lid,Fj40,whatsapp-number-2,120363408465558195@g.us,Fj40,2026-03-15T15:38:03.000Z,22192146358278,false,image,,,,true
mcp_whatsapp_number_2_false_120363408465558195_g_us_a5b1bf6f785fd79546dd3bac458b2cfd_22192146358278_lid,false_120363408465558195@g.us_A5B1BF6F785FD79546DD3BAC458B2CFD_22192146358278@lid,Fj40,whatsapp-number-2,120363408465558195@g.us,Fj40,2026-03-15T15:38:04.000Z,22192146358278,false,image,,,,true
mcp_whatsapp_number_2_false_120363408465558195_g_us_a5bf40c7a885b48ef1d5489364bed2f6_22192146358278_lid,false_120363408465558195@g.us_A5BF40C7A885B48EF1D5489364BED2F6_22192146358278@lid,Fj40,whatsapp-number-2,120363408465558195@g.us,Fj40,2026-03-15T15:38:04.000Z,22192146358278,false,image,,,,true
mcp_whatsapp_number_2_false_120363408465558195_g_us_a5832afd90858e313b5a51be33711803_22192146358278_lid,false_120363408465558195@g.us_A5832AFD90858E313B5A51BE33711803_22192146358278@lid,Fj40,whatsapp-number-2,120363408465558195@g.us,Fj40,2026-03-15T15:38:06.000Z,22192146358278,false,chat,Refinished the original chrome . The indicator tubs weren't available so we have them rechromed,Refinished the original chrome . The indicator tubs weren't available so we have them rechromed,,true
mcp_whatsapp_number_2_false_120363408465558195_g_us_a513e57e92ae92d328c04585af8ce303_22192146358278_lid,false_120363408465558195@g.us_A513E57E92AE92D328C04585AF8CE303_22192146358278@lid,Fj40,whatsapp-number-2,120363408465558195@g.us,Fj40,2026-03-15T15:38:07.000Z,22192146358278,false,video,,,,true
mcp_whatsapp_number_2_false_120363408465558195_g_us_a51d81a9006fdf3e25b809a9827fc85a_22192146358278_lid,false_120363408465558195@g.us_A51D81A9006FDF3E25B809A9827FC85A_22192146358278@lid,Fj40,whatsapp-number-2,120363408465558195@g.us,Fj40,2026-03-15T15:38:07.000Z,22192146358278,false,image,,,,true
mcp_whatsapp_number_2_false_120363408465558195_g_us_a51d1736913272df109359cec9cae887_22192146358278_lid,false_120363408465558195@g.us_A51D1736913272DF109359CEC9CAE887_22192146358278@lid,Fj40,whatsapp-number-2,120363408465558195@g.us,Fj40,2026-03-15T15:38:08.000Z,22192146358278,false,image,,,,true
mcp_whatsapp_number_2_false_120363408465558195_g_us_a547da2ed6c4887760d907958dc730f9_22192146358278_lid,false_120363408465558195@g.us_A547DA2ED6C4887760D907958DC730F9_22192146358278@lid,Fj40,whatsapp-number-2,120363408465558195@g.us,Fj40,2026-03-15T15:38:08.000Z,22192146358278,false,image,,,,true
mcp_whatsapp_number_2_false_120363408465558195_g_us_a54cc6a017be4e3336a6a35075014c5c_22192146358278_lid,false_120363408465558195@g.us_A54CC6A017BE4E3336A6A35075014C5C_22192146358278@lid,Fj40,whatsapp-number-2,120363408465558195@g.us,Fj40,2026-03-15T15:38:08.000Z,22192146358278,false,image,,,,true
mcp_whatsapp_number_2_false_120363408465558195_g_us_a54f2700f252e625924a303bdf866fc8_22192146358278_lid,false_120363408465558195@g.us_A54F2700F252E625924A303BDF866FC8_22192146358278@lid,Fj40,whatsapp-number-2,120363408465558195@g.us,Fj40,2026-03-15T15:38:09.000Z,22192146358278,false,image,,,,true
mcp_whatsapp_number_2_false_120363408465558195_g_us_a5bbb537eca57967a00c0c307d0669f7_22192146358278_lid,false_120363408465558195@g.us_A5BBB537ECA57967A00C0C307D0669F7_22192146358278@lid,Fj40,whatsapp-number-2,120363408465558195@g.us,Fj40,2026-03-15T15:38:09.000Z,22192146358278,false,image,,,,true
mcp_whatsapp_number_2_false_120363408465558195_g_us_a570c75d628cf15f8541fd638e1e4365_22192146358278_lid,false_120363408465558195@g.us_A570C75D628CF15F8541FD638E1E4365_22192146358278@lid,Fj40,whatsapp-number-2,120363408465558195@g.us,Fj40,2026-03-15T15:38:10.000Z,22192146358278,false,image,,,,true
mcp_whatsapp_number_2_false_120363408465558195_g_us_a5f94fbdb06fc5521f054265ce3631bc_22192146358278_lid,false_120363408465558195@g.us_A5F94FBDB06FC5521F054265CE3631BC_22192146358278@lid,Fj40,whatsapp-number-2,120363408465558195@g.us,Fj40,2026-03-15T15:38:10.000Z,22192146358278,false,image,,,,true
mcp_whatsapp_number_2_false_120363408465558195_g_us_a5043f7c78b01558ee2109dec3bd413f_22192146358278_lid,false_120363408465558195@g.us_A5043F7C78B01558EE2109DEC3BD413F_22192146358278@lid,Fj40,whatsapp-number-2,120363408465558195@g.us,Fj40,2026-03-15T15:38:11.000Z,22192146358278,false,image,,,,true
mcp_whatsapp_number_2_false_120363408465558195_g_us_a599a76a2c1bce078e0a8810a9d5eb56_22192146358278_lid,false_120363408465558195@g.us_A599A76A2C1BCE078E0A8810A9D5EB56_22192146358278@lid,Fj40,whatsapp-number-2,120363408465558195@g.us,Fj40,2026-03-15T15:38:12.000Z,22192146358278,false,image,,,,true
mcp_whatsapp_number_2_false_120363408465558195_g_us_a5f5f78299b937614b4b48371a08aba6_22192146358278_lid,false_120363408465558195@g.us_A5F5F78299B937614B4B48371A08ABA6_22192146358278@lid,Fj40,whatsapp-number-2,120363408465558195@g.us,Fj40,2026-03-15T15:38:12.000Z,22192146358278,false,image,,,,true
mcp_whatsapp_number_2_false_120363408465558195_g_us_a575207bea5ce2a21a36c0a3dbd2741c_22192146358278_lid,false_120363408465558195@g.us_A575207BEA5CE2A21A36C0A3DBD2741C_22192146358278@lid,Fj40,whatsapp-number-2,120363408465558195@g.us,Fj40,2026-03-15T15:38:13.000Z,22192146358278,false,image,,,,true
mcp_whatsapp_number_2_false_120363408465558195_g_us_a57fe23f78e78f5a629685a7801c7174_22192146358278_lid,false_120363408465558195@g.us_A57FE23F78E78F5A629685A7801C7174_22192146358278@lid,Fj40,whatsapp-number-2,120363408465558195@g.us,Fj40,2026-03-15T15:38:13.000Z,22192146358278,false,image,,,,true
mcp_whatsapp_number_2_false_120363408465558195_g_us_a5f3ecf5ab1e4a94744dc9ddeb570f57_22192146358278_lid,false_120363408465558195@g.us_A5F3ECF5AB1E4A94744DC9DDEB570F57_22192146358278@lid,Fj40,whatsapp-number-2,120363408465558195@g.us,Fj40,2026-03-15T15:38:16.000Z,22192146358278,false,chat,All the latches and nuts bolts machines went for acid dip and the cadmium,All the latches and nuts bolts machines went for acid dip and the cadmium,,true
mcp_whatsapp_number_2_false_120363408465558195_g_us_3b38824d3576fc17a359_190950068514824_lid,false_120363408465558195@g.us_3B38824D3576FC17A359_190950068514824@lid,Fj40,whatsapp-number-2,120363408465558195@g.us,Fj40,2026-03-15T15:38:50.000Z,190950068514824,false,chat,looks great,looks great,,true
mcp_whatsapp_number_2_false_120363408465558195_g_us_3ba6173e4c44ddf9fa0a_190950068514824_lid,false_120363408465558195@g.us_3BA6173E4C44DDF9FA0A_190950068514824@lid,Fj40,whatsapp-number-2,120363408465558195@g.us,Fj40,2026-03-15T15:39:11.000Z,190950068514824,false,chat,Akbar says people don’t sand-blast here,Akbar says people don’t sand-blast here,akbar,true
mcp_whatsapp_number_2_false_120363408465558195_g_us_aceccb4053c2f7d337354ee102da8f2f_62917110190266_lid,false_120363408465558195@g.us_ACECCB4053C2F7D337354EE102DA8F2F_62917110190266@lid,Fj40,whatsapp-number-2,120363408465558195@g.us,Fj40,2026-03-15T15:39:18.000Z,62917110190266,false,chat,They do,They do,,true
mcp_whatsapp_number_2_false_120363408465558195_g_us_ac25bfb9972bede010f8e5be5f9b1488_62917110190266_lid,false_120363408465558195@g.us_AC25BFB9972BEDE010F8E5BE5F9B1488_62917110190266@lid,Fj40,whatsapp-number-2,120363408465558195@g.us,Fj40,2026-03-15T15:39:35.000Z,62917110190266,false,chat,I said one has to take it to themmm,I said one has to take it to themmm,,true
mcp_whatsapp_number_2_false_120363408465558195_g_us_3b8f4d2580478f93f708_190950068514824_lid,false_120363408465558195@g.us_3B8F4D2580478F93F708_190950068514824@lid,Fj40,whatsapp-number-2,120363408465558195@g.us,Fj40,2026-03-15T15:40:06.000Z,190950068514824,false,chat,ah.  I guess I just (still) had no idea what that meant,ah. I guess I just (still) had no idea what that meant,,true
mcp_whatsapp_number_2_false_120363408465558195_g_us_3bb5d7151806e69bf676_190950068514824_lid,false_120363408465558195@g.us_3BB5D7151806E69BF676_190950068514824@lid,Fj40,whatsapp-number-2,120363408465558195@g.us,Fj40,2026-03-15T15:40:10.000Z,190950068514824,false,chat,its a place?,its a place?,,true
mcp_whatsapp_number_1_archive_fj40_00103,fj40-00103,Fj40,whatsapp-number-1,archive::fj40,Fj40,2026-03-15T15:40:24,Uk David,false,chat,I'm thinking strip out and fully replace the wiring and evaluate the body condition as the first big step,I'm thinking strip out and fully replace the wiring and evaluate the body condition as the first big step,body|strip|wiring,true
mcp_whatsapp_number_2_false_120363408465558195_g_us_ac7fea767f36a35700b691cc2b4adde3_62917110190266_lid,false_120363408465558195@g.us_AC7FEA767F36A35700B691CC2B4ADDE3_62917110190266@lid,Fj40,whatsapp-number-2,120363408465558195@g.us,Fj40,2026-03-15T15:40:40.000Z,62917110190266,false,chat,Blasting cabnits,Blasting cabnits,,true
mcp_whatsapp_number_2_false_120363408465558195_g_us_3b08c9515950b6703692_190950068514824_lid,false_120363408465558195@g.us_3B08C9515950B6703692_190950068514824@lid,Fj40,whatsapp-number-2,120363408465558195@g.us,Fj40,2026-03-15T15:41:19.000Z,190950068514824,false,chat,"well, we’ve been scraping paint off here and there on my one all day to get ideas 🙂","well, we’ve been scraping paint off here and there on my one all day to get ideas 🙂",paint,true
mcp_whatsapp_number_1_archive_fj40_00104,fj40-00104,Fj40,whatsapp-number-1,archive::fj40,Fj40,2026-03-15T15:41:36,~ HM,false,chat,Not the engine? I mean yeah let's blow the engine. If it is running. And then replace it with a better engine which @⁨~nuic⁩ can recommend. Till the engine is running might aswell start with other things. But I'd strongly advise to have a conversation again with Nadir.,Not the engine? I mean yeah let's blow the engine. If it is running. And then replace it with a better engine which @⁨~nuic⁩ can recommend. Till the engine is running might aswell start with other things. But I'd strongly advise to have a conversation again with Nadir.,engine,true
mcp_whatsapp_number_1_archive_fj40_00105,fj40-00105,Fj40,whatsapp-number-1,archive::fj40,Fj40,2026-03-15T15:41:45,~ HM,false,chat,Make a plan and then take it from there.,Make a plan and then take it from there.,,true
mcp_whatsapp_number_1_archive_fj40_00106,fj40-00106,Fj40,whatsapp-number-1,archive::fj40,Fj40,2026-03-15T15:44:13,Uk David,false,chat,Maybe its not the right call but the engine seems ok to me. Only 24k on the clock,Maybe its not the right call but the engine seems ok to me. Only 24k on the clock,engine,true
mcp_whatsapp_number_2_false_120363408465558195_g_us_a52175c047ef917ec169448b178450b7_22192146358278_lid,false_120363408465558195@g.us_A52175C047EF917EC169448B178450B7_22192146358278@lid,Fj40,whatsapp-number-2,120363408465558195@g.us,Fj40,2026-03-15T15:44:31.000Z,22192146358278,false,chat,Yes exactly,Yes exactly,,true
mcp_whatsapp_number_1_archive_fj40_00107,fj40-00107,Fj40,whatsapp-number-1,archive::fj40,Fj40,2026-03-15T15:44:38,Akbar Khan,false,chat,After heavy deliberation and meetings ... David has decided to replace the wipers. Only.,After heavy deliberation and meetings ... David has decided to replace the wipers. Only.,,true
mcp_whatsapp_number_1_archive_fj40_00108,fj40-00108,Fj40,whatsapp-number-1,archive::fj40,Fj40,2026-03-15T15:44:40,Akbar Khan,false,chat,Joking,Joking,,true
mcp_whatsapp_number_2_false_120363408465558195_g_us_a5fe82f798a5115211f90d98478aa9ea_22192146358278_lid,false_120363408465558195@g.us_A5FE82F798A5115211F90D98478AA9EA_22192146358278@lid,Fj40,whatsapp-number-2,120363408465558195@g.us,Fj40,2026-03-15T15:45:04.000Z,22192146358278,false,chat,It's just easier to let the body guys remove it,It's just easier to let the body guys remove it,body,true
mcp_whatsapp_number_1_archive_fj40_00109,fj40-00109,Fj40,whatsapp-number-1,archive::fj40,Fj40,2026-03-15T15:45:06,Uk David,false,chat,"Yeah, the wipers are fine. They do move occasionally","Yeah, the wipers are fine. They do move occasionally",,true
mcp_whatsapp_number_1_archive_fj40_00110,fj40-00110,Fj40,whatsapp-number-1,archive::fj40,Fj40,2026-03-15T15:46:23,~ HM,false,chat,That 24k on the clock is a big fat lie! Lol,That 24k on the clock is a big fat lie! Lol,,true
mcp_whatsapp_number_1_archive_fj40_00111,fj40-00111,Fj40,whatsapp-number-1,archive::fj40,Fj40,2026-03-15T15:47:09,Akbar Khan,false,chat,It is. But engine runs fine. No issues. I say keep it as it is. When it blows if it does. Get to it after,It is. But engine runs fine. No issues. I say keep it as it is. When it blows if it does. Get to it after,engine,true
mcp_whatsapp_number_1_archive_fj40_00112,fj40-00112,Fj40,whatsapp-number-1,archive::fj40,Fj40,2026-03-15T15:47:29,~ HM,false,chat,Agreed 100% till then get all other things sorted.,Agreed 100% till then get all other things sorted.,,true
mcp_whatsapp_number_1_archive_fj40_00113,fj40-00113,Fj40,whatsapp-number-1,archive::fj40,Fj40,2026-03-15T15:48:10,Akbar Khan,false,chat,Yup. Lots to do. Space it out.,Yup. Lots to do. Space it out.,,true
mcp_whatsapp_number_1_archive_fj40_00114,fj40-00114,Fj40,whatsapp-number-1,archive::fj40,Fj40,2026-03-15T15:48:53,~ HM,false,chat,"Wiring, body work (as it has rust) cosmetic things here and there in the inteior and exterior. Other electrical thungs like lights etc. AC needs to be sorted (should go to coolsun for a quick diagnosis) Tyres seem fine. Suspension in depth @⁨David⁩ and @⁨~nuic⁩ can tell the exact situation diffs etc.","Wiring, body work (as it has rust) cosmetic things here and there in the inteior and exterior. Other electrical thungs like lights etc. AC needs to be sorted (should go to coolsun for a quick diagnosis) Tyres seem fine. Suspension in depth @⁨David⁩ and @⁨~nuic⁩ can tell the exact situation diffs etc.",ac|body|coolsun|electrical|rust|suspension|wiring,true
mcp_whatsapp_number_2_false_120363408465558195_g_us_3b01b08ad2def4fd6fc4_190950068514824_lid,false_120363408465558195@g.us_3B01B08AD2DEF4FD6FC4_190950068514824@lid,Fj40,whatsapp-number-2,120363408465558195@g.us,Fj40,2026-03-15T15:55:19.000Z,190950068514824,false,chat,ok.  so thats pre-electric - and you are suggesting fully stripping it all back?,ok. so thats pre-electric - and you are suggesting fully stripping it all back?,,true
mcp_whatsapp_number_2_false_120363408465558195_g_us_3bdf85ab591b64bd59b6_190950068514824_lid,false_120363408465558195@g.us_3BDF85AB591B64BD59B6_190950068514824@lid,Fj40,whatsapp-number-2,120363408465558195@g.us,Fj40,2026-03-15T15:55:55.000Z,190950068514824,false,chat,and TCL deliver the parts back one by one?,and TCL deliver the parts back one by one?,,true
mcp_whatsapp_number_2_false_120363408465558195_g_us_a5fa4205528c87bf93296457203c4c47_22192146358278_lid,false_120363408465558195@g.us_A5FA4205528C87BF93296457203C4C47_22192146358278@lid,Fj40,whatsapp-number-2,120363408465558195@g.us,Fj40,2026-03-15T15:56:56.000Z,22192146358278,false,chat,TCl?,TCl?,,true
mcp_whatsapp_number_2_false_120363408465558195_g_us_3b46c20998e9f8399e48_190950068514824_lid,false_120363408465558195@g.us_3B46C20998E9F8399E48_190950068514824@lid,Fj40,whatsapp-number-2,120363408465558195@g.us,Fj40,2026-03-15T15:56:57.000Z,190950068514824,false,chat,its clearly the best opportunity to address anything like this.  don’t want to fuck it up,its clearly the best opportunity to address anything like this. don’t want to fuck it up,,true
mcp_whatsapp_number_2_false_120363408465558195_g_us_3b1df7252212ef70656b_190950068514824_lid,false_120363408465558195@g.us_3B1DF7252212EF70656B_190950068514824@lid,Fj40,whatsapp-number-2,120363408465558195@g.us,Fj40,2026-03-15T15:57:06.000Z,190950068514824,false,chat,"by post, bit by bit","by post, bit by bit",,true
mcp_whatsapp_number_2_false_120363408465558195_g_us_3ba3f23fb4605f8af125_190950068514824_lid,false_120363408465558195@g.us_3BA3F23FB4605F8AF125_190950068514824@lid,Fj40,whatsapp-number-2,120363408465558195@g.us,Fj40,2026-03-15T15:57:08.000Z,190950068514824,false,chat,a joke,a joke,,true
mcp_whatsapp_number_2_false_120363408465558195_g_us_3b45b1821335f2b274b0_190950068514824_lid,false_120363408465558195@g.us_3B45B1821335F2B274B0_190950068514824@lid,Fj40,whatsapp-number-2,120363408465558195@g.us,Fj40,2026-03-15T16:00:12.000Z,190950068514824,false,chat,to be clear - whats the best way to address all structural and rust issues as early as possible?,to be clear - whats the best way to address all structural and rust issues as early as possible?,rust,true
mcp_whatsapp_number_2_false_120363408465558195_g_us_3b45af43fd029c0d8d22_190950068514824_lid,false_120363408465558195@g.us_3B45AF43FD029C0D8D22_190950068514824@lid,Fj40,whatsapp-number-2,120363408465558195@g.us,Fj40,2026-03-15T16:08:01.000Z,190950068514824,false,chat,please dont say its this!,please dont say its this!,,true
mcp_whatsapp_number_2_false_120363408465558195_g_us_3bfb7a10c71af099d354_190950068514824_lid,false_120363408465558195@g.us_3BFB7A10C71AF099D354_190950068514824@lid,Fj40,whatsapp-number-2,120363408465558195@g.us,Fj40,2026-03-15T16:09:57.000Z,190950068514824,false,chat,"Don’t mention this to Akbar's sister, but my plan was to commandeer the car port and start de-constructing the car at the house, to its bare drivable bones","Don’t mention this to Akbar's sister, but my plan was to commandeer the car port and start de-constructing the car at the house, to its bare drivable bones",akbar,true
mcp_whatsapp_number_2_false_120363408465558195_g_us_3ba862252a68c8c1f82a_190950068514824_lid,false_120363408465558195@g.us_3BA862252A68C8C1F82A_190950068514824@lid,Fj40,whatsapp-number-2,120363408465558195@g.us,Fj40,2026-03-15T16:11:37.000Z,190950068514824,false,chat,just as something that clearly seems to need to be done,just as something that clearly seems to need to be done,,true
mcp_whatsapp_number_2_false_120363408465558195_g_us_3b493af63da708d0c0af_190950068514824_lid,false_120363408465558195@g.us_3B493AF63DA708D0C0AF_190950068514824@lid,Fj40,whatsapp-number-2,120363408465558195@g.us,Fj40,2026-03-15T16:13:49.000Z,190950068514824,false,chat,but here you are saying don’t do that right?,but here you are saying don’t do that right?,,true
mcp_whatsapp_number_2_false_120363408465558195_g_us_3bc0e8369270ea4ecca2_190950068514824_lid,false_120363408465558195@g.us_3BC0E8369270EA4ECCA2_190950068514824@lid,Fj40,whatsapp-number-2,120363408465558195@g.us,Fj40,2026-03-15T16:15:20.000Z,190950068514824,false,chat,"if they came and took the roof, back doors, other removable parts","if they came and took the roof, back doors, other removable parts",roof,true
mcp_whatsapp_number_2_false_120363408465558195_g_us_3b9e83167f2a05b3a54b_190950068514824_lid,false_120363408465558195@g.us_3B9E83167F2A05B3A54B_190950068514824@lid,Fj40,whatsapp-number-2,120363408465558195@g.us,Fj40,2026-03-15T16:17:00.000Z,190950068514824,false,chat,"right, then its in blasting cabinet components, can be sent off for repair, re-painting etc","right, then its in blasting cabinet components, can be sent off for repair, re-painting etc",,true
mcp_whatsapp_number_2_false_120363408465558195_g_us_3b1817ddc6bf14ec156d_190950068514824_lid,false_120363408465558195@g.us_3B1817DDC6BF14EC156D_190950068514824@lid,Fj40,whatsapp-number-2,120363408465558195@g.us,Fj40,2026-03-15T16:17:11.000Z,190950068514824,false,chat,is that a thing?  is it expensive?,is that a thing? is it expensive?,,true
mcp_whatsapp_number_2_false_120363408465558195_g_us_3b61a08b166ce16e8567_190950068514824_lid,false_120363408465558195@g.us_3B61A08B166CE16E8567_190950068514824@lid,Fj40,whatsapp-number-2,120363408465558195@g.us,Fj40,2026-03-15T16:18:27.000Z,190950068514824,false,chat,"well, in fact I could drive there and they take it","well, in fact I could drive there and they take it",,true
mcp_whatsapp_number_2_false_120363408465558195_g_us_3b781df8ec0d8642337c_190950068514824_lid,false_120363408465558195@g.us_3B781DF8EC0D8642337C_190950068514824@lid,Fj40,whatsapp-number-2,120363408465558195@g.us,Fj40,2026-03-15T16:18:59.000Z,190950068514824,false,chat,wherever that is - the sand blaster I guess,wherever that is - the sand blaster I guess,,true
mcp_whatsapp_number_1_archive_fj40_00115,fj40-00115,Fj40,whatsapp-number-1,archive::fj40,Fj40,2026-03-15T16:21:08,Uk David,false,chat,Hmm. Yes. Probably 24k + an entire round trip of the clock before that,Hmm. Yes. Probably 24k + an entire round trip of the clock before that,,true
mcp_whatsapp_number_1_archive_akber_khan_00471,akber_khan-00471,Akbar Khan,whatsapp-number-1,archive::akbar_khan,Akbar Khan,2026-03-15T16:22:24,Akbar Khan,false,chat,https://youtu.be/9EM_sBBFZ1c?si=Hvy_CNzuVVu_Lpoc,https://youtu.be/9EM_sBBFZ1c?si=Hvy_CNzuVVu_Lpoc,,true
mcp_whatsapp_number_1_archive_akber_khan_00472,akber_khan-00472,Akbar Khan,whatsapp-number-1,archive::akbar_khan,Akbar Khan,2026-03-15T16:22:40,Akbar Khan,false,chat,"Tons of restorations online. And wiring diagrams and mechanical [15/03/2026, 16:27:14] Akbar Khan:","Tons of restorations online. And wiring diagrams and mechanical [15/03/2026, 16:27:14] Akbar Khan:",akbar|wiring,true
mcp_whatsapp_number_1_archive_akber_khan_00473,akber_khan-00473,Akbar Khan,whatsapp-number-1,archive::akbar_khan,Akbar Khan,2026-03-15T16:27:15,Akbar Khan,false,chat,Those doors on the side are foot vents... What do u know ‎,Those doors on the side are foot vents... What do u know,,true
mcp_whatsapp_number_1_archive_akber_khan_00474,akber_khan-00474,Akbar Khan,whatsapp-number-1,archive::akbar_khan,Akbar Khan,2026-03-15T16:27:16,Akbar Khan,false,chat,‎,,,true
mcp_whatsapp_number_1_archive_akber_khan_00475,akber_khan-00475,Akbar Khan,whatsapp-number-1,archive::akbar_khan,Akbar Khan,2026-03-15T16:27:17,Akbar Khan,false,chat,‎,,,true
mcp_whatsapp_number_1_archive_akber_khan_00476,akber_khan-00476,Akbar Khan,whatsapp-number-1,archive::akbar_khan,Akbar Khan,2026-03-15T16:27:18,Akbar Khan,false,chat,Those doors on the side are foot vents... What do u know ‎,Those doors on the side are foot vents... What do u know,,true
mcp_whatsapp_number_1_archive_akber_khan_00477,akber_khan-00477,Akbar Khan,whatsapp-number-1,archive::akbar_khan,Akbar Khan,2026-03-15T16:28:17,Akbar Khan,false,chat,Yup. Speaker was given preference over the fuse box mounting hahaha ‎,Yup. Speaker was given preference over the fuse box mounting hahaha,speaker,true
mcp_whatsapp_number_1_archive_akber_khan_00478,akber_khan-00478,Akbar Khan,whatsapp-number-1,archive::akbar_khan,Akbar Khan,2026-03-15T16:28:19,Akbar Khan,false,chat,Yup. Speaker was given preference over the fuse box mounting hahaha ‎,Yup. Speaker was given preference over the fuse box mounting hahaha,speaker,true
mcp_whatsapp_number_1_archive_akber_khan_00479,akber_khan-00479,Akbar Khan,whatsapp-number-1,archive::akbar_khan,Akbar Khan,2026-03-15T16:29:56,Akbar Khan,false,chat,Apparently they put rubber lining between all metal parts / body parts for noise and squeek and rust prevention,Apparently they put rubber lining between all metal parts / body parts for noise and squeek and rust prevention,body|rust,true
mcp_whatsapp_number_2_false_120363408465558195_g_us_3bf2d8e7389b34173d51_190950068514824_lid,false_120363408465558195@g.us_3BF2D8E7389B34173D51_190950068514824@lid,Fj40,whatsapp-number-2,120363408465558195@g.us,Fj40,2026-03-15T16:30:31.000Z,190950068514824,false,chat,"but is there a readily-available kit of almost all wiring needed for this - of good quality, in the local market?","but is there a readily-available kit of almost all wiring needed for this - of good quality, in the local market?",wiring,true
mcp_whatsapp_number_1_archive_fj40_00116,fj40-00116,Fj40,whatsapp-number-1,archive::fj40,Fj40,2026-03-15T16:59:17,David,false,chat,New plates attached. Thanks @⁨Akbar Khan⁩ i assume some time this century the punjab gov will make me some authentic ones also,New plates attached. Thanks @⁨Akbar Khan⁩ i assume some time this century the punjab gov will make me some authentic ones also,akbar|plates,true
mcp_whatsapp_number_1_archive_fj40_00117,fj40-00117,Fj40,whatsapp-number-1,archive::fj40,Fj40,2026-03-15T17:00:34,~ HM,false,chat,No. They won't. 🤣,No. They won't. 🤣,,true
mcp_whatsapp_number_1_archive_fj40_00118,fj40-00118,Fj40,whatsapp-number-1,archive::fj40,Fj40,2026-03-15T17:00:43,David,false,chat,"So, then apart from tomorrows oil change it seems to make sense to get straight in to get stripped down for re-wiring","So, then apart from tomorrows oil change it seems to make sense to get straight in to get stripped down for re-wiring",oil|wiring,true
mcp_whatsapp_number_1_archive_fj40_00119,fj40-00119,Fj40,whatsapp-number-1,archive::fj40,Fj40,2026-03-15T17:00:47,David,false,chat,Been there,Been there,,true
mcp_whatsapp_number_1_archive_fj40_00120,fj40-00120,Fj40,whatsapp-number-1,archive::fj40,Fj40,2026-03-15T17:01:00,~ HM,false,chat,Show me the plates please. As i don't trust Akbar's aesthetics. 🤣,Show me the plates please. As i don't trust Akbar's aesthetics. 🤣,akbar|plates,true
mcp_whatsapp_number_1_archive_fj40_00121,fj40-00121,Fj40,whatsapp-number-1,archive::fj40,Fj40,2026-03-15T17:01:30,David,false,chat,"Haha. I didnt look. I was in the car, it was raining. Probably says AK1","Haha. I didnt look. I was in the car, it was raining. Probably says AK1",,true
mcp_whatsapp_number_1_archive_fj40_00122,fj40-00122,Fj40,whatsapp-number-1,archive::fj40,Fj40,2026-03-15T17:02:34,~ HM,false,chat,Or AK-47.,Or AK-47.,,true
mcp_whatsapp_number_1_archive_akber_khan_00480,akber_khan-00480,Akbar Khan,whatsapp-number-1,archive::akbar_khan,Akbar Khan,2026-03-15T17:03:06,David,false,chat,what? I stick my feet out of them?,what? I stick my feet out of them?,,true
mcp_whatsapp_number_1_archive_akber_khan_00481,akber_khan-00481,Akbar Khan,whatsapp-number-1,archive::akbar_khan,Akbar Khan,2026-03-15T17:03:57,David,false,chat,yeah. I have a few hours to spend watching those I think,yeah. I have a few hours to spend watching those I think,,true
mcp_whatsapp_number_1_archive_akber_khan_00482,akber_khan-00482,Akbar Khan,whatsapp-number-1,archive::akbar_khan,Akbar Khan,2026-03-15T17:04:38,David,false,chat,"yeah. best first step - rip out all wiring, all crappy half-arsed sound-proofing","yeah. best first step - rip out all wiring, all crappy half-arsed sound-proofing",wiring,true
mcp_whatsapp_number_1_archive_akber_khan_00483,akber_khan-00483,Akbar Khan,whatsapp-number-1,archive::akbar_khan,Akbar Khan,2026-03-15T17:05:27,David,false,chat,yep. and lots of rubber when it gets put back together. just need to find all the right shaped bits,yep. and lots of rubber when it gets put back together. just need to find all the right shaped bits,,true
mcp_whatsapp_number_1_archive_fj40_00123,fj40-00123,Fj40,whatsapp-number-1,archive::fj40,Fj40,2026-03-15T17:07:16,David,false,chat,but seriously this caused me some issues up in the north one time around 2014. They wouldn’t accept they were not proper gov issued plates,but seriously this caused me some issues up in the north one time around 2014. They wouldn’t accept they were not proper gov issued plates,plates,true
mcp_whatsapp_number_1_archive_fj40_00124,fj40-00124,Fj40,whatsapp-number-1,archive::fj40,Fj40,2026-03-15T17:09:11,David,false,chat,"well, they asked enough questions that my Pathan act was seen through","well, they asked enough questions that my Pathan act was seen through",,true
mcp_whatsapp_number_1_archive_fj40_00125,fj40-00125,Fj40,whatsapp-number-1,archive::fj40,Fj40,2026-03-15T17:09:42,David,false,chat,"well, they asked me a question, and my hat didn’t carry it off","well, they asked me a question, and my hat didn’t carry it off",,true
mcp_whatsapp_number_1_archive_fj40_00126,fj40-00126,Fj40,whatsapp-number-1,archive::fj40,Fj40,2026-03-15T17:09:58,~ HM,false,chat,In 2014. Government was issuing plates. So yeah that was a different time.,In 2014. Government was issuing plates. So yeah that was a different time.,plates,true
mcp_whatsapp_number_1_archive_fj40_00127,fj40-00127,Fj40,whatsapp-number-1,archive::fj40,Fj40,2026-03-15T17:10:05,~ HM,false,chat,Lol,Lol,,true
mcp_whatsapp_number_1_archive_fj40_00128,fj40-00128,Fj40,whatsapp-number-1,archive::fj40,Fj40,2026-03-15T17:10:13,David,false,chat,ah. at this time they ran out of metal,ah. at this time they ran out of metal,,true
mcp_whatsapp_number_1_archive_fj40_00129,fj40-00129,Fj40,whatsapp-number-1,archive::fj40,Fj40,2026-03-15T17:10:17,David,false,chat,maybe 2012,maybe 2012,,true
mcp_whatsapp_number_1_archive_fj40_00130,fj40-00130,Fj40,whatsapp-number-1,archive::fj40,Fj40,2026-03-15T17:10:30,David,false,chat,so they were not actually issuing,so they were not actually issuing,,true
mcp_whatsapp_number_1_archive_fj40_00131,fj40-00131,Fj40,whatsapp-number-1,archive::fj40,Fj40,2026-03-15T17:11:55,David,false,chat,so its just DIY these days?,so its just DIY these days?,,true
mcp_whatsapp_number_1_archive_fj40_00132,fj40-00132,Fj40,whatsapp-number-1,archive::fj40,Fj40,2026-03-15T17:14:39,~ HM,false,chat,Yes. That was in 2014 15 and 16 aswell.,Yes. That was in 2014 15 and 16 aswell.,,true
mcp_whatsapp_number_1_archive_fj40_00133,fj40-00133,Fj40,whatsapp-number-1,archive::fj40,Fj40,2026-03-15T17:51:33,David,false,chat,"@⁨~nuic⁩ - did you say you can recommend someone for this? @⁨Akbar Khan⁩ also suggested at the same time remove the roof, get that straight off for body work - water is currently accumulating in the channels it should run out from for example","@⁨~nuic⁩ - did you say you can recommend someone for this? @⁨Akbar Khan⁩ also suggested at the same time remove the roof, get that straight off for body work - water is currently accumulating in the channels it should run out from for example",akbar|body|roof,true
mcp_whatsapp_number_1_archive_fj40_00134,fj40-00134,Fj40,whatsapp-number-1,archive::fj40,Fj40,2026-03-15T17:52:09,David,false,chat,so we can get 2 things running in parallel,so we can get 2 things running in parallel,,true
mcp_whatsapp_number_1_archive_fj40_00135,fj40-00135,Fj40,whatsapp-number-1,archive::fj40,Fj40,2026-03-15T18:03:04,~ nuic,false,chat,Damn so many msgs. Was on my way to isv,Damn so many msgs. Was on my way to isv,,true
mcp_whatsapp_number_1_archive_fj40_00136,fj40-00136,Fj40,whatsapp-number-1,archive::fj40,Fj40,2026-03-15T18:03:07,~ nuic,false,chat,Isb,Isb,,true
mcp_whatsapp_number_1_archive_akber_khan_00484,akber_khan-00484,Akbar Khan,whatsapp-number-1,archive::akbar_khan,Akbar Khan,2026-03-15T18:19:40,David,false,chat,Not the same mark but ‎,Not the same mark but,,true
mcp_whatsapp_number_1_archive_akber_khan_00485,akber_khan-00485,Akbar Khan,whatsapp-number-1,archive::akbar_khan,Akbar Khan,2026-03-15T18:21:44,David,false,chat,"damn, If I have to order all of this its on the critical path","damn, If I have to order all of this its on the critical path",order,true
mcp_whatsapp_number_1_archive_akber_khan_00486,akber_khan-00486,Akbar Khan,whatsapp-number-1,archive::akbar_khan,Akbar Khan,2026-03-15T18:22:02,David,false,chat,doesn’t it take ages to come from china?,doesn’t it take ages to come from china?,,true
mcp_whatsapp_number_1_archive_akber_khan_00487,akber_khan-00487,Akbar Khan,whatsapp-number-1,archive::akbar_khan,Akbar Khan,2026-03-15T18:22:58,David,false,chat,"oh, its quite quick","oh, its quite quick",,true
mcp_whatsapp_number_1_archive_akber_khan_00488,akber_khan-00488,Akbar Khan,whatsapp-number-1,archive::akbar_khan,Akbar Khan,2026-03-15T18:25:46,David,false,chat,god. but what is a full set. maybe chatGPT can generate it for me,god. but what is a full set. maybe chatGPT can generate it for me,,true
mcp_whatsapp_number_1_archive_akber_khan_00489,akber_khan-00489,Akbar Khan,whatsapp-number-1,archive::akbar_khan,Akbar Khan,2026-03-15T18:28:03,David,false,chat,"Good — if you want to completely re-wire a 1978 Toyota Land Cruiser J40, I’ll give you three things: The exact Daraz shopping list (everything needed) The ideal modern wiring architecture for a J40 The fuse box layout + wiring plan This is essentially the same method professional restorers use for old Land Cruisers. 1️⃣ The Core Re-Wiring Kit (Buy First) Universal 21‑Circuit Automotive Wiring Harness Kit Price not available • Go to merchant Universal Extra‑Long 21‑Circuit Car Wiring Harness Price not available • Go to merchant 21‑Circuit Hot Rod Wiring Harness Kit Price not available • Go to merchant Universal 21‑Circuit Vehicle Electrical Wiring Kit Price not available • Go to merchant A 21-circuit harness kit is ideal for a classic 4x4. Typical circuits included: headlights brake lights ignition coil horn turn signals gauges wipers radio dome light backup lights fuel pump accessories These harnesses are colour-coded and labelled to simplify installation. 2️⃣ Everything Else You Must Buy (Daraz List) Search these exact items on Daraz. Automotive Wire Kit Buy stranded copper automotive wire. Recommended gauges: Gauge Use 4 AWG battery cables 10 AWG alternator / main power 12 AWG headlights 14 AWG ignition 16 AWG accessories 18 AWG gauges Automotive wiring uses the AWG system where lower numbers mean thicker wire capable of carrying more current. Search: automotive primary wire kit 12v car wire roll stranded copper automotive wire Connectors Kit Search: automotive electrical connector kit crimp terminal kit ring terminal assortment bullet connector kit You will need: ring terminals spade connectors bullet connectors heat shrink solder sleeves Wire Protection Search: split wire loom tubing braided cable sleeve rubber firewall grommets Sizes: 6mm 10mm 16mm 25mm Fuse and Relay System Search: 12 way blade fuse box 12v relay with socket relay block automotive Minimum relays: headlights horn auxiliary lights radiator fan accessories Battery and Starter Cables Search: 4 gauge battery cable kit heavy duty battery terminals starter cable automotive Ground Straps Classic Land Cruisers rely heavily on chassis ground. Search: braided ground strap engine ground cable Minimum grounds: battery → chassis engine → frame body → frame Lighting Connectors Search: H4 headlight connector indicator bulb socket tail light socket Tools (if doing it yourself) Search: ratcheting crimp tool wire stripper heat gun multimeter soldering iron 3️⃣ Ideal Modern Wiring Architecture for a J40 A good wiring system splits the truck into four harness sections. 1️⃣ Engine Harness Runs to: starter alternator ignition coil temperature sender oil pressure sender electric fan 2️⃣ Front Lighting Harness Runs to: headlights indicators parking lights horn 3️⃣ Dash Harness Runs to: ignition switch gauges heater fan wipers radio switches 4️⃣ Rear Harness Runs to: tail lights brake lights reverse lights fuel sender number plate light A wiring harness bundles these cables together so they are protected from vibration, abrasion, and moisture. 4️⃣ Ideal Fuse Box Layout Mount the fuse box under the dashboard. Suggested layout: Fuse Circuit 1 ignition 2 headlights 3 tail lights 4 indicators 5 horn 6 wipers 7 heater 8 gauges 9 radio 10 reverse lights 11 accessories 12 spare 5️⃣ Headlight Relay Upgrade (Important) Old Land Cruisers ran headlights directly through the switch. Upgrade: battery ↓ relay ↓ headlights Benefits: brighter lights longer switch life less voltage drop 6️⃣ Where to Route Wires in a J40 Typical routing: Engine bay → firewall grommet → fuse box under dash Rear harness: Dash → along driver side floor → rear lights 7️⃣ Estimated Cost in Pakistan Item PKR Harness kit 20k – 40k Wire 6k Connectors 4k Fuse / relay 5k Loom 3k Tools 8k Total: 45k – 70k PKR 8️⃣ Pro Tips for a J40 Rewire Do these while you're at it: upgrade headlights to H4 add USB charger add aux fuse block add winch wiring add LED light bar relay This makes the truck far more usable. ✅ If you want, I can also show you: 1️⃣ The full wiring diagram for a J40 (clean modern version) 2️⃣ The easiest way to wire a Toyota 2F engine 3️⃣ The exact Daraz order links for everything 4️⃣ The most common wiring mistakes people make on Land Cruisers These will save you days of work and a lot of headaches.","Good — if you want to completely re-wire a 1978 Toyota Land Cruiser J40, I’ll give you three things: The exact Daraz shopping list (everything needed) The ideal modern wiring architecture for a J40 The fuse box layout + wiring plan This is essentially the same method professional restorers use for old Land Cruisers. 1️⃣ The Core Re-Wiring Kit (Buy First) Universal 21‑Circuit Automotive Wiring Harness Kit Price not available • Go to merchant Universal Extra‑Long 21‑Circuit Car Wiring Harness Price not available • Go to merchant 21‑Circuit Hot Rod Wiring Harness Kit Price not available • Go to merchant Universal 21‑Circuit Vehicle Electrical Wiring Kit Price not available • Go to merchant A 21-circuit harness kit is ideal for a classic 4x4. Typical circuits included: headlights brake lights ignition coil horn turn signals gauges wipers radio dome light backup lights fuel pump accessories These harnesses are colour-coded and labelled to simplify installation. 2️⃣ Everything Else You Must Buy (Daraz List) Search these exact items on Daraz. Automotive Wire Kit Buy stranded copper automotive wire. Recommended gauges: Gauge Use 4 AWG battery cables 10 AWG alternator / main power 12 AWG headlights 14 AWG ignition 16 AWG accessories 18 AWG gauges Automotive wiring uses the AWG system where lower numbers mean thicker wire capable of carrying more current. Search: automotive primary wire kit 12v car wire roll stranded copper automotive wire Connectors Kit Search: automotive electrical connector kit crimp terminal kit ring terminal assortment bullet connector kit You will need: ring terminals spade connectors bullet connectors heat shrink solder sleeves Wire Protection Search: split wire loom tubing braided cable sleeve rubber firewall grommets Sizes: 6mm 10mm 16mm 25mm Fuse and Relay System Search: 12 way blade fuse box 12v relay with socket relay block automotive Minimum relays: headlights horn auxiliary lights radiator fan accessories Battery and Starter Cables Search: 4 gauge battery cable kit heavy duty battery terminals starter cable automotive Ground Straps Classic Land Cruisers rely heavily on chassis ground. Search: braided ground strap engine ground cable Minimum grounds: battery → chassis engine → frame body → frame Lighting Connectors Search: H4 headlight connector indicator bulb socket tail light socket Tools (if doing it yourself) Search: ratcheting crimp tool wire stripper heat gun multimeter soldering iron 3️⃣ Ideal Modern Wiring Architecture for a J40 A good wiring system splits the truck into four harness sections. 1️⃣ Engine Harness Runs to: starter alternator ignition coil temperature sender oil pressure sender electric fan 2️⃣ Front Lighting Harness Runs to: headlights indicators parking lights horn 3️⃣ Dash Harness Runs to: ignition switch gauges heater fan wipers radio switches 4️⃣ Rear Harness Runs to: tail lights brake lights reverse lights fuel sender number plate light A wiring harness bundles these cables together so they are protected from vibration, abrasion, and moisture. 4️⃣ Ideal Fuse Box Layout Mount the fuse box under the dashboard. Suggested layout: Fuse Circuit 1 ignition 2 headlights 3 tail lights 4 indicators 5 horn 6 wipers 7 heater 8 gauges 9 radio 10 reverse lights 11 accessories 12 spare 5️⃣ Headlight Relay Upgrade (Important) Old Land Cruisers ran headlights directly through the switch. Upgrade: battery ↓ relay ↓ headlights Benefits: brighter lights longer switch life less voltage drop 6️⃣ Where to Route Wires in a J40 Typical routing: Engine bay → firewall grommet → fuse box under dash Rear harness: Dash → along driver side floor → rear lights 7️⃣ Estimated Cost in Pakistan Item PKR Harness kit 20k – 40k Wire 6k Connectors 4k Fuse / relay 5k Loom 3k Tools 8k Total: 45k – 70k PKR 8️⃣ Pro Tips for a J40 Rewire Do these while you're at it: upgrade headlights to H4 add USB charger add aux fuse block add winch wiring add LED light bar relay This makes the truck far more usable. ✅ If you want, I can also show you: 1️⃣ The full wiring diagram for a J40 (clean modern version) 2️⃣ The easiest way to wire a Toyota 2F engine 3️⃣ The exact Daraz order links for everything 4️⃣ The most common wiring mistakes people make on Land Cruisers These will save you days of work and a lot of headaches.",battery|body|brake|cable sleeve|chassis|connector|crimp|daraz|dash|electrical|engine|floor|grommet|harness|headlight|heat shrink|j40|land cruiser|led|loom|number plate|oil|order|wire|wiring,true
mcp_whatsapp_number_1_archive_akber_khan_00490,akber_khan-00490,Akbar Khan,whatsapp-number-1,archive::akbar_khan,Akbar Khan,2026-03-15T18:29:51,David,false,chat,https://www.aliexpress.com/w/wholesale-21-Circuit-Wiring-Harness.html?spm=a2g0o.detail.search.0,https://www.aliexpress.com/w/wholesale-21-Circuit-Wiring-Harness.html?spm=a2g0o.detail.search.0,aliexpress|harness|wiring,true
mcp_whatsapp_number_1_archive_akber_khan_00491,akber_khan-00491,Akbar Khan,whatsapp-number-1,archive::akbar_khan,Akbar Khan,2026-03-15T18:31:28,David,false,chat,"= https://www.aliexpress.com/item/1005005648187594.html?spm=a2g0o.productlist.main.2.2da3WMVZWMVZay&algo_pvid=1d9ac62e-054f-4963-81a1-4cb070d2ed3f&algo_exp_id=1d9ac62e-054f-4963-81a1-4cb070d2ed3f-1&pdp_ext_f=%7B%22order%22%3A%223%22%2C%22eval%22%3A%221%22%2C%22fromPage%22%3A%22search%22%7D&pdp_npi=6%40dis%21PKR%2172615.47%2143569.91%21%21%21231.38%21138.83%21%4021010c9a17735813780056394e3fae%2112000033877562837%21sea%21PK%210%21ABX%211%210%21n_tag%3A-29910%3Bd%3A4febc4d%3Bm03_new_user%3A-29895&curPageLogUid=GvroTKlKyFtn&utparam-url=scene%3Asearch%7Cquery_from%3A%7Cx_object_id%3A1005005648187594%7C_p_origin_prod%3A PKR43,570","= https://www.aliexpress.com/item/1005005648187594.html?spm=a2g0o.productlist.main.2.2da3WMVZWMVZay&algo_pvid=1d9ac62e-054f-4963-81a1-4cb070d2ed3f&algo_exp_id=1d9ac62e-054f-4963-81a1-4cb070d2ed3f-1&pdp_ext_f=%7B%22order%22%3A%223%22%2C%22eval%22%3A%221%22%2C%22fromPage%22%3A%22search%22%7D&pdp_npi=6%40dis%21PKR%2172615.47%2143569.91%21%21%21231.38%21138.83%21%4021010c9a17735813780056394e3fae%2112000033877562837%21sea%21PK%210%21ABX%211%210%21n_tag%3A-29910%3Bd%3A4febc4d%3Bm03_new_user%3A-29895&curPageLogUid=GvroTKlKyFtn&utparam-url=scene%3Asearch%7Cquery_from%3A%7Cx_object_id%3A1005005648187594%7C_p_origin_prod%3A PKR43,570",aliexpress,true
mcp_whatsapp_number_1_archive_akber_khan_00492,akber_khan-00492,Akbar Khan,whatsapp-number-1,archive::akbar_khan,Akbar Khan,2026-03-15T18:32:25,David,false,chat,https://www.aliexpress.com/item/1005006982044511.html?spm=a2g0o.productlist.main.4.6cf9BXndBXnd6a&algo_pvid=440f523a-1c5c-4883-91bb-396bf5891e58&algo_exp_id=440f523a-1c5c-4883-91bb-396bf5891e58-3&pdp_ext_f=%7B%22order%22%3A%221%22%2C%22eval%22%3A%221%22%2C%22fromPage%22%3A%22search%22%7D&pdp_npi=6%40dis%21PKR%2140773.63%2134248.97%21%21%21129.92%21109.13%21%40213ba0c517735815208468361e2c03%2112000038931131528%21sea%21PK%210%21ABX%211%210%21n_tag%3A-29910%3Bd%3A4febc4d%3Bm03_new_user%3A-29895&curPageLogUid=1qkAa8YMfGhW&utparam-url=scene%3Asearch%7Cquery_from%3A%7Cx_object_id%3A1005006982044511%7C_p_origin_prod%3A ‎<This message was edited>,https://www.aliexpress.com/item/1005006982044511.html?spm=a2g0o.productlist.main.4.6cf9BXndBXnd6a&algo_pvid=440f523a-1c5c-4883-91bb-396bf5891e58&algo_exp_id=440f523a-1c5c-4883-91bb-396bf5891e58-3&pdp_ext_f=%7B%22order%22%3A%221%22%2C%22eval%22%3A%221%22%2C%22fromPage%22%3A%22search%22%7D&pdp_npi=6%40dis%21PKR%2140773.63%2134248.97%21%21%21129.92%21109.13%21%40213ba0c517735815208468361e2c03%2112000038931131528%21sea%21PK%210%21ABX%211%210%21n_tag%3A-29910%3Bd%3A4febc4d%3Bm03_new_user%3A-29895&curPageLogUid=1qkAa8YMfGhW&utparam-url=scene%3Asearch%7Cquery_from%3A%7Cx_object_id%3A1005006982044511%7C_p_origin_prod%3A <This message was edited>,aliexpress,true
mcp_whatsapp_number_1_archive_akber_khan_00493,akber_khan-00493,Akbar Khan,whatsapp-number-1,archive::akbar_khan,Akbar Khan,2026-03-15T18:32:52,David,false,chat,"wiring harness PKR34,249","wiring harness PKR34,249",harness|wiring,true
mcp_whatsapp_number_1_archive_akber_khan_00494,akber_khan-00494,Akbar Khan,whatsapp-number-1,archive::akbar_khan,Akbar Khan,2026-03-15T18:34:28,David,false,chat,"https://www.aliexpress.com/item/1005008588724254.html?spm=a2g0o.productlist.main.6.23c6FTDCFTDCV0&algo_pvid=6ce191d3-62c0-4729-8c7e-fe8888a769c8&algo_exp_id=6ce191d3-62c0-4729-8c7e-fe8888a769c8-5&pdp_ext_f=%7B%22order%22%3A%2210%22%2C%22eval%22%3A%221%22%2C%22fromPage%22%3A%22search%22%7D&pdp_npi=6%40dis%21PKR%2137346.53%2128009.90%21%21%21119.00%2189.25%21%402101246417735816012858256e0bf7%2112000045853258888%21sea%21PK%210%21ABX%211%210%21n_tag%3A-29910%3Bd%3A4febc4d%3Bm03_new_user%3A-29895&curPageLogUid=KZlXM31pXvUn&utparam-url=scene%3Asearch%7Cquery_from%3A%7Cx_object_id%3A1005008588724254%7C_p_origin_prod%3A hot rod wiring? PKR28,010 ‎<This message was edited>","https://www.aliexpress.com/item/1005008588724254.html?spm=a2g0o.productlist.main.6.23c6FTDCFTDCV0&algo_pvid=6ce191d3-62c0-4729-8c7e-fe8888a769c8&algo_exp_id=6ce191d3-62c0-4729-8c7e-fe8888a769c8-5&pdp_ext_f=%7B%22order%22%3A%2210%22%2C%22eval%22%3A%221%22%2C%22fromPage%22%3A%22search%22%7D&pdp_npi=6%40dis%21PKR%2137346.53%2128009.90%21%21%21119.00%2189.25%21%402101246417735816012858256e0bf7%2112000045853258888%21sea%21PK%210%21ABX%211%210%21n_tag%3A-29910%3Bd%3A4febc4d%3Bm03_new_user%3A-29895&curPageLogUid=KZlXM31pXvUn&utparam-url=scene%3Asearch%7Cquery_from%3A%7Cx_object_id%3A1005008588724254%7C_p_origin_prod%3A hot rod wiring? PKR28,010 <This message was edited>",aliexpress|wiring,true
mcp_whatsapp_number_1_archive_akber_khan_00495,akber_khan-00495,Akbar Khan,whatsapp-number-1,archive::akbar_khan,Akbar Khan,2026-03-15T18:35:48,David,false,chat,"https://www.aliexpress.com/item/1005005648187594.html?spm=a2g0o.productlist.main.4.4f53QpbnQpbnMr&algo_pvid=33ffc506-d482-417b-b87f-6a6cadb9e6dd&algo_exp_id=33ffc506-d482-417b-b87f-6a6cadb9e6dd-3&pdp_ext_f=%7B%22order%22%3A%223%22%2C%22eval%22%3A%221%22%2C%22fromPage%22%3A%22search%22%7D&pdp_npi=6%40dis%21PKR%2172615.47%2143569.91%21%21%21231.38%21138.83%21%402101529317735816973923012e45e3%2112000033877562837%21sea%21PK%210%21ABX%211%210%21n_tag%3A-29910%3Bd%3A4febc4d%3Bm03_new_user%3A-29895&curPageLogUid=F96spRL67Cpt&utparam-url=scene%3Asearch%7Cquery_from%3A%7Cx_object_id%3A1005005648187594%7C_p_origin_prod%3A Universal 21‑Circuit Vehicle Electrical Wiring Kit - PKR43,570","https://www.aliexpress.com/item/1005005648187594.html?spm=a2g0o.productlist.main.4.4f53QpbnQpbnMr&algo_pvid=33ffc506-d482-417b-b87f-6a6cadb9e6dd&algo_exp_id=33ffc506-d482-417b-b87f-6a6cadb9e6dd-3&pdp_ext_f=%7B%22order%22%3A%223%22%2C%22eval%22%3A%221%22%2C%22fromPage%22%3A%22search%22%7D&pdp_npi=6%40dis%21PKR%2172615.47%2143569.91%21%21%21231.38%21138.83%21%402101529317735816973923012e45e3%2112000033877562837%21sea%21PK%210%21ABX%211%210%21n_tag%3A-29910%3Bd%3A4febc4d%3Bm03_new_user%3A-29895&curPageLogUid=F96spRL67Cpt&utparam-url=scene%3Asearch%7Cquery_from%3A%7Cx_object_id%3A1005005648187594%7C_p_origin_prod%3A Universal 21‑Circuit Vehicle Electrical Wiring Kit - PKR43,570",aliexpress|electrical|wiring,true
mcp_whatsapp_number_1_archive_akber_khan_00496,akber_khan-00496,Akbar Khan,whatsapp-number-1,archive::akbar_khan,Akbar Khan,2026-03-15T19:11:37,David,false,chat,"hmm. i’m getting lost in this. now its saying I can get 70% of this from a “Universal 12-Circuit Wiring Harness Kit""","hmm. i’m getting lost in this. now its saying I can get 70% of this from a “Universal 12-Circuit Wiring Harness Kit""",harness|wiring,true
mcp_whatsapp_number_1_archive_akber_khan_00497,akber_khan-00497,Akbar Khan,whatsapp-number-1,archive::akbar_khan,Akbar Khan,2026-03-15T19:12:00,David,false,chat,"What this kit already includes A universal wiring harness like this normally includes: pre-wired 12-circuit fuse block labelled wires for each circuit horn relay headlight wiring turn signal wiring alternator plug ignition switch connectors hazard flasher headlight dimmer connector These kits are designed for classic cars, hot rods, trucks, and custom vehicles and cover the main circuits such as ignition, lights, gauges, horn, wipers, etc. Why this is ideal for your 1978 J40 The FJ40 electrical system is simple and fits comfortably within 10–14 circuits, including: ignition headlights brake lights tail lights indicators horn wipers gauges heater fan radio reverse lights So a 12-circuit harness usually covers everything needed for the truck. What you still add to the cart Add these extra items alongside the harness: 4 AWG battery cable (starter cable) 6 AWG cable (alternator charge wire) automotive connector kit split loom tubing Those are cheap and complete the install.","What this kit already includes A universal wiring harness like this normally includes: pre-wired 12-circuit fuse block labelled wires for each circuit horn relay headlight wiring turn signal wiring alternator plug ignition switch connectors hazard flasher headlight dimmer connector These kits are designed for classic cars, hot rods, trucks, and custom vehicles and cover the main circuits such as ignition, lights, gauges, horn, wipers, etc. Why this is ideal for your 1978 J40 The FJ40 electrical system is simple and fits comfortably within 10–14 circuits, including: ignition headlights brake lights tail lights indicators horn wipers gauges heater fan radio reverse lights So a 12-circuit harness usually covers everything needed for the truck. What you still add to the cart Add these extra items alongside the harness: 4 AWG battery cable (starter cable) 6 AWG cable (alternator charge wire) automotive connector kit split loom tubing Those are cheap and complete the install.",battery|brake|connector|cover|electrical|fj40|harness|headlight|j40|loom|wire|wiring,true
mcp_whatsapp_number_1_archive_akber_khan_00498,akber_khan-00498,Akbar Khan,whatsapp-number-1,archive::akbar_khan,Akbar Khan,2026-03-15T19:16:49,David,false,chat,"I’d be quite tempted to do the wiring myself (I did mention my year of electrical engineering at university), but at the same time the car sort of needs to be fully taken apart. The Corolla might have to get chucked into street parking for a bit","I’d be quite tempted to do the wiring myself (I did mention my year of electrical engineering at university), but at the same time the car sort of needs to be fully taken apart. The Corolla might have to get chucked into street parking for a bit",electrical|wiring,true
mcp_whatsapp_number_1_archive_akber_khan_00499,akber_khan-00499,Akbar Khan,whatsapp-number-1,archive::akbar_khan,Akbar Khan,2026-03-15T19:17:45,David,false,chat,which would mean brining welders/fixers to the house - not having all their garage amenities,which would mean brining welders/fixers to the house - not having all their garage amenities,,true
mcp_whatsapp_number_1_archive_fj40_00141,fj40-00141,Fj40,whatsapp-number-1,archive::fj40,Fj40,2026-03-15T19:17:46,David,false,chat,which would mean brining welders/fixers to the house - not having all their garage amenities,which would mean brining welders/fixers to the house - not having all their garage amenities,,true
mcp_whatsapp_number_1_archive_fj40_00137,fj40-00137,Fj40,whatsapp-number-1,archive::fj40,Fj40,2026-03-15T19:19:54,David,false,chat,"no worries, we didn’t make that much progress yet!","no worries, we didn’t make that much progress yet!",,true
mcp_whatsapp_number_1_archive_fj40_00138,fj40-00138,Fj40,whatsapp-number-1,archive::fj40,Fj40,2026-03-15T19:20:13,David,false,chat,Akbar is recommending basically to get the wiring myself from AliExpress,Akbar is recommending basically to get the wiring myself from AliExpress,akbar|aliexpress|wiring,true
mcp_whatsapp_number_1_archive_fj40_00139,fj40-00139,Fj40,whatsapp-number-1,archive::fj40,Fj40,2026-03-15T19:20:38,David,false,chat,I’m almost tempted to do it myself (I do have some electrical engineering background),I’m almost tempted to do it myself (I do have some electrical engineering background),electrical,true
mcp_whatsapp_number_1_archive_fj40_00140,fj40-00140,Fj40,whatsapp-number-1,archive::fj40,Fj40,2026-03-15T19:20:51,David,false,chat,"[15/03/2026, 19:16:49] David: I’d be quite tempted to do the wiring myself (I did mention my year of electrical engineering at university), but at the same time the car sort of needs to be fully taken apart. The Corolla might have to get chucked into street parking for a bit","[15/03/2026, 19:16:49] David: I’d be quite tempted to do the wiring myself (I did mention my year of electrical engineering at university), but at the same time the car sort of needs to be fully taken apart. The Corolla might have to get chucked into street parking for a bit",electrical|wiring,true
mcp_whatsapp_number_1_archive_fj40_00142,fj40-00142,Fj40,whatsapp-number-1,archive::fj40,Fj40,2026-03-15T19:21:49,David,false,chat,is this a silly idea?,is this a silly idea?,,true
mcp_whatsapp_number_1_archive_akber_khan_00500,akber_khan-00500,Akbar Khan,whatsapp-number-1,archive::akbar_khan,Akbar Khan,2026-03-15T19:22:33,Akbar Khan,false,chat,Yo. Sorry was away from the phone,Yo. Sorry was away from the phone,,true
mcp_whatsapp_number_1_archive_fj40_00143,fj40-00143,Fj40,whatsapp-number-1,archive::fj40,Fj40,2026-03-15T19:22:47,~ nuic,false,chat,Not silly at all. go for it. It's pretty basic wiring,Not silly at all. go for it. It's pretty basic wiring,wiring,true
mcp_whatsapp_number_1_archive_akber_khan_00501,akber_khan-00501,Akbar Khan,whatsapp-number-1,archive::akbar_khan,Akbar Khan,2026-03-15T19:22:57,David,false,chat,"oh, don’t worry, i’ll be chucking you random shit like this at all times i am sure","oh, don’t worry, i’ll be chucking you random shit like this at all times i am sure",,true
mcp_whatsapp_number_1_archive_fj40_00144,fj40-00144,Fj40,whatsapp-number-1,archive::fj40,Fj40,2026-03-15T19:23:17,David,false,chat,I know it will be done properly,I know it will be done properly,,true
mcp_whatsapp_number_1_archive_fj40_00145,fj40-00145,Fj40,whatsapp-number-1,archive::fj40,Fj40,2026-03-15T19:23:20,David,false,chat,but its not that,but its not that,,true
mcp_whatsapp_number_1_archive_fj40_00146,fj40-00146,Fj40,whatsapp-number-1,archive::fj40,Fj40,2026-03-15T19:23:25,David,false,chat,its the body work,its the body work,body,true
mcp_whatsapp_number_1_archive_fj40_00147,fj40-00147,Fj40,whatsapp-number-1,archive::fj40,Fj40,2026-03-15T19:23:38,David,false,chat,to be done at the same time - I can’t drive it down to the the garage,to be done at the same time - I can’t drive it down to the the garage,,true
mcp_whatsapp_number_1_archive_akber_khan_00502,akber_khan-00502,Akbar Khan,whatsapp-number-1,archive::akbar_khan,Akbar Khan,2026-03-15T19:23:48,Akbar Khan,false,chat,You want an electric steering. Rids of half the components also,You want an electric steering. Rids of half the components also,steering,true
mcp_whatsapp_number_1_archive_fj40_00148,fj40-00148,Fj40,whatsapp-number-1,archive::fj40,Fj40,2026-03-15T19:23:55,~ nuic,false,chat,Wiring from Ali express won't do it. Since its a 2h engine Nd you want the add ons,Wiring from Ali express won't do it. Since its a 2h engine Nd you want the add ons,engine|wiring,true
mcp_whatsapp_number_1_archive_fj40_00149,fj40-00149,Fj40,whatsapp-number-1,archive::fj40,Fj40,2026-03-15T19:24:45,David,false,chat,easily available here? Akbars main point was about quality of finish. but then that on me now,easily available here? Akbars main point was about quality of finish. but then that on me now,,true
mcp_whatsapp_number_1_archive_akber_khan_00503,akber_khan-00503,Akbar Khan,whatsapp-number-1,archive::akbar_khan,Akbar Khan,2026-03-15T19:24:53,Akbar Khan,false,chat,Interesting finds... But before we get into it. Me personally. I'd check Peshawar markets and Bilal ganj and all or that to see what's available,Interesting finds... But before we get into it. Me personally. I'd check Peshawar markets and Bilal ganj and all or that to see what's available,,true
mcp_whatsapp_number_1_archive_akber_khan_00504,akber_khan-00504,Akbar Khan,whatsapp-number-1,archive::akbar_khan,Akbar Khan,2026-03-15T19:25:12,Akbar Khan,false,chat,Why get Chinese if we can perhaps potentially get the original from some half cut. Or near,Why get Chinese if we can perhaps potentially get the original from some half cut. Or near,,true
mcp_whatsapp_number_1_archive_akber_khan_00505,akber_khan-00505,Akbar Khan,whatsapp-number-1,archive::akbar_khan,Akbar Khan,2026-03-15T19:25:48,David,false,chat,oh yeah. forgot the steering,oh yeah. forgot the steering,steering,true
mcp_whatsapp_number_1_archive_fj40_00150,fj40-00150,Fj40,whatsapp-number-1,archive::fj40,Fj40,2026-03-15T19:25:54,~ nuic,false,chat,Wiring will be custom made . New,Wiring will be custom made . New,wiring,true
mcp_whatsapp_number_1_archive_fj40_00151,fj40-00151,Fj40,whatsapp-number-1,archive::fj40,Fj40,2026-03-15T19:26:42,Akbar Khan,false,chat,As long as it's all pin to pin or new. No complaints here. Not much wiring going on in it anyways.,As long as it's all pin to pin or new. No complaints here. Not much wiring going on in it anyways.,wiring,true
mcp_whatsapp_number_1_archive_fj40_00152,fj40-00152,Fj40,whatsapp-number-1,archive::fj40,Fj40,2026-03-15T19:27:07,David,false,chat,"well, yes when I saw there was a kit with a wiring diagram","well, yes when I saw there was a kit with a wiring diagram",wiring,true
mcp_whatsapp_number_1_archive_fj40_00153,fj40-00153,Fj40,whatsapp-number-1,archive::fj40,Fj40,2026-03-15T19:27:23,David,false,chat,"no issue, but where does it come from? is the wire quality ok?","no issue, but where does it come from? is the wire quality ok?",wire,true
mcp_whatsapp_number_1_archive_fj40_00154,fj40-00154,Fj40,whatsapp-number-1,archive::fj40,Fj40,2026-03-15T19:28:32,David,false,chat,"and again. when its on my drive, stripped, un-usable. how do I get welding done. Akbar just reminded me upgraded power steering","and again. when its on my drive, stripped, un-usable. how do I get welding done. Akbar just reminded me upgraded power steering",akbar|power steering|steering|welding,true
mcp_whatsapp_number_1_archive_akber_khan_00506,akber_khan-00506,Akbar Khan,whatsapp-number-1,archive::akbar_khan,Akbar Khan,2026-03-15T19:29:39,Akbar Khan,false,chat,The custom harness he's talking about is basically taking all of what's in the car out and respinning it with new wire from their coils .. depending on how gooder job it is. My concern won't be that it won't work. Rather again. Pin to pin which it likely will be. But color coding usually suffers for the next guy to follow. But then again. With power testers that's sort of a none issue as well,The custom harness he's talking about is basically taking all of what's in the car out and respinning it with new wire from their coils .. depending on how gooder job it is. My concern won't be that it won't work. Rather again. Pin to pin which it likely will be. But color coding usually suffers for the next guy to follow. But then again. With power testers that's sort of a none issue as well,harness|wire,true
mcp_whatsapp_number_1_archive_akber_khan_00507,akber_khan-00507,Akbar Khan,whatsapp-number-1,archive::akbar_khan,Akbar Khan,2026-03-15T19:30:16,David,false,chat,what I am saying is I will personally rip out every wire,what I am saying is I will personally rip out every wire,wire,true
mcp_whatsapp_number_1_archive_akber_khan_00508,akber_khan-00508,Akbar Khan,whatsapp-number-1,archive::akbar_khan,Akbar Khan,2026-03-15T19:30:26,David,false,chat,and put it back in as perfect as i can,and put it back in as perfect as i can,,true
mcp_whatsapp_number_1_archive_akber_khan_00509,akber_khan-00509,Akbar Khan,whatsapp-number-1,archive::akbar_khan,Akbar Khan,2026-03-15T19:30:40,David,false,chat,just that challenge,just that challenge,,true
mcp_whatsapp_number_1_archive_akber_khan_00510,akber_khan-00510,Akbar Khan,whatsapp-number-1,archive::akbar_khan,Akbar Khan,2026-03-15T19:30:49,Akbar Khan,false,chat,I have a guy who can help with the body work at home but highly difficult. Expect to have piecing going away if u plan on doing this at home. Quite the task. No harm meeting him he is half nuts but very good at his trade,I have a guy who can help with the body work at home but highly difficult. Expect to have piecing going away if u plan on doing this at home. Quite the task. No harm meeting him he is half nuts but very good at his trade,body,true
mcp_whatsapp_number_1_archive_akber_khan_00511,akber_khan-00511,Akbar Khan,whatsapp-number-1,archive::akbar_khan,Akbar Khan,2026-03-15T19:30:49,David,false,chat,just before doing that - chassis fixes,just before doing that - chassis fixes,chassis,true
mcp_whatsapp_number_1_archive_fj40_00155,fj40-00155,Fj40,whatsapp-number-1,archive::fj40,Fj40,2026-03-15T19:30:54,~ nuic,false,chat,Yeah grip grip,Yeah grip grip,,true
mcp_whatsapp_number_1_archive_fj40_00156,fj40-00156,Fj40,whatsapp-number-1,archive::fj40,Fj40,2026-03-15T19:31:10,~ nuic,false,chat,"Soldered ,heat shrinked","Soldered ,heat shrinked",,true
mcp_whatsapp_number_1_archive_akber_khan_00512,akber_khan-00512,Akbar Khan,whatsapp-number-1,archive::akbar_khan,Akbar Khan,2026-03-15T19:31:41,Akbar Khan,false,chat,Yup. Chassis means it's in the air or jacks etc. Lifts required etc,Yup. Chassis means it's in the air or jacks etc. Lifts required etc,chassis,true
mcp_whatsapp_number_1_archive_fj40_00157,fj40-00157,Fj40,whatsapp-number-1,archive::fj40,Fj40,2026-03-15T19:31:58,David,false,chat,"I meant potentially serious work on the body/chassis, depending on whats found","I meant potentially serious work on the body/chassis, depending on whats found",body|chassis,true
mcp_whatsapp_number_1_archive_akber_khan_00513,akber_khan-00513,Akbar Khan,whatsapp-number-1,archive::akbar_khan,Akbar Khan,2026-03-15T19:33:00,Akbar Khan,false,chat,The thing about wiring is... If I was u. Do it first. Doesn't have to go back to its place perfectly. Leave it loose. In it's general position (if u plan on not removing the cabin entirely for a full restore) . Then one can work around it and clip it down. That's what I did in a lot of ways,The thing about wiring is... If I was u. Do it first. Doesn't have to go back to its place perfectly. Leave it loose. In it's general position (if u plan on not removing the cabin entirely for a full restore) . Then one can work around it and clip it down. That's what I did in a lot of ways,wiring,true
mcp_whatsapp_number_1_archive_fj40_00158,fj40-00158,Fj40,whatsapp-number-1,archive::fj40,Fj40,2026-03-15T19:33:24,David,false,chat,"I certainly don’t have an engine crane at my house [15/03/2026, 19:33:28] ~ nuic:","I certainly don’t have an engine crane at my house [15/03/2026, 19:33:28] ~ nuic:",engine,true
mcp_whatsapp_number_1_archive_akber_khan_00514,akber_khan-00514,Akbar Khan,whatsapp-number-1,archive::akbar_khan,Akbar Khan,2026-03-15T19:33:39,Akbar Khan,false,chat,But you will notice. Once all the wiring junk comes out. There is going to be very little wiring left. Most of this stuff I saw were unnecessary relays and shit like that. Should all be gone,But you will notice. Once all the wiring junk comes out. There is going to be very little wiring left. Most of this stuff I saw were unnecessary relays and shit like that. Should all be gone,wiring,true
mcp_whatsapp_number_1_archive_akber_khan_00515,akber_khan-00515,Akbar Khan,whatsapp-number-1,archive::akbar_khan,Akbar Khan,2026-03-15T19:34:02,Akbar Khan,false,chat,How about we meet the painter at home. Have him take a look and get an idea and kind of get a game plan in order,How about we meet the painter at home. Have him take a look and get an idea and kind of get a game plan in order,order,true
mcp_whatsapp_number_1_archive_fj40_00159,fj40-00159,Fj40,whatsapp-number-1,archive::fj40,Fj40,2026-03-15T19:34:05,~ nuic,false,chat,‎,,,true
mcp_whatsapp_number_1_archive_fj40_00160,fj40-00160,Fj40,whatsapp-number-1,archive::fj40,Fj40,2026-03-15T19:34:05,~ nuic,false,chat,‎,,,true
mcp_whatsapp_number_1_archive_fj40_00161,fj40-00161,Fj40,whatsapp-number-1,archive::fj40,Fj40,2026-03-15T19:34:06,~ nuic,false,chat,‎,,,true
mcp_whatsapp_number_1_archive_fj40_00162,fj40-00162,Fj40,whatsapp-number-1,archive::fj40,Fj40,2026-03-15T19:34:06,~ nuic,false,chat,‎,,,true
mcp_whatsapp_number_1_archive_fj40_00163,fj40-00163,Fj40,whatsapp-number-1,archive::fj40,Fj40,2026-03-15T19:34:06,~ nuic,false,chat,‎,,,true
mcp_whatsapp_number_1_archive_fj40_00164,fj40-00164,Fj40,whatsapp-number-1,archive::fj40,Fj40,2026-03-15T19:34:28,~ nuic,false,chat,Currently restoring two fjs . 1965 and 73. To original specs. These are being done in Islamabad. With my old body guy,Currently restoring two fjs . 1965 and 73. To original specs. These are being done in Islamabad. With my old body guy,body,true
mcp_whatsapp_number_1_archive_fj40_00165,fj40-00165,Fj40,whatsapp-number-1,archive::fj40,Fj40,2026-03-15T19:34:39,Akbar Khan,false,chat,Looks good David.... Why didn't we buy this ?,Looks good David.... Why didn't we buy this ?,,true
mcp_whatsapp_number_1_archive_fj40_00166,fj40-00166,Fj40,whatsapp-number-1,archive::fj40,Fj40,2026-03-15T19:34:48,David,false,chat,"haha, yeah and i’m supposed to be re-wiring that","haha, yeah and i’m supposed to be re-wiring that",wiring,true
mcp_whatsapp_number_1_archive_fj40_00167,fj40-00167,Fj40,whatsapp-number-1,archive::fj40,Fj40,2026-03-15T19:35:09,David,false,chat,"ah, read more of the messages","ah, read more of the messages",,true
mcp_whatsapp_number_1_archive_fj40_00168,fj40-00168,Fj40,whatsapp-number-1,archive::fj40,Fj40,2026-03-15T19:35:21,David,false,chat,yep. thats going deeper than I anticipate,yep. thats going deeper than I anticipate,,true
mcp_whatsapp_number_1_archive_akber_khan_00516,akber_khan-00516,Akbar Khan,whatsapp-number-1,archive::akbar_khan,Akbar Khan,2026-03-15T19:35:49,Akbar Khan,false,chat,Your car in my estimate isn't even 30 percent as far gone as what nadir is showing u,Your car in my estimate isn't even 30 percent as far gone as what nadir is showing u,,true
mcp_whatsapp_number_1_archive_fj40_00169,fj40-00169,Fj40,whatsapp-number-1,archive::fj40,Fj40,2026-03-15T19:36:00,David,false,chat,but maybe we can see as much of the floor as that once we start to look!,but maybe we can see as much of the floor as that once we start to look!,floor,true
mcp_whatsapp_number_1_archive_akber_khan_00517,akber_khan-00517,Akbar Khan,whatsapp-number-1,archive::akbar_khan,Akbar Khan,2026-03-15T19:36:19,David,false,chat,obviously,obviously,,true
mcp_whatsapp_number_1_archive_akber_khan_00518,akber_khan-00518,Akbar Khan,whatsapp-number-1,archive::akbar_khan,Akbar Khan,2026-03-15T19:36:51,Akbar Khan,false,chat,Lol. Just so we are on the same page :P,Lol. Just so we are on the same page :P,,true
mcp_whatsapp_number_1_archive_fj40_00170,fj40-00170,Fj40,whatsapp-number-1,archive::fj40,Fj40,2026-03-15T19:37:04,David,false,chat,"no, I mean I expect it to be some patching, etc. probably something a guy can come with a welder no a bike and do","no, I mean I expect it to be some patching, etc. probably something a guy can come with a welder no a bike and do",welder,true
mcp_whatsapp_number_1_archive_akber_khan_00519,akber_khan-00519,Akbar Khan,whatsapp-number-1,archive::akbar_khan,Akbar Khan,2026-03-15T19:37:06,Akbar Khan,false,chat,Calling the painter. Let's have him take a looksie,Calling the painter. Let's have him take a looksie,,true
mcp_whatsapp_number_1_archive_fj40_00171,fj40-00171,Fj40,whatsapp-number-1,archive::fj40,Fj40,2026-03-15T19:37:11,David,false,chat,under my direct supervision,under my direct supervision,,true
mcp_whatsapp_number_1_archive_akber_khan_00520,akber_khan-00520,Akbar Khan,whatsapp-number-1,archive::akbar_khan,Akbar Khan,2026-03-15T19:37:40,Akbar Khan,false,chat,By painter I mean. Denter . Panel guy. Painter,By painter I mean. Denter . Panel guy. Painter,panel,true
mcp_whatsapp_number_1_archive_fj40_00172,fj40-00172,Fj40,whatsapp-number-1,archive::fj40,Fj40,2026-03-15T19:38:09,David,false,chat,"Akbar is suggesting I strip, re-wire at home until its working again - then take to the garage for fixing","Akbar is suggesting I strip, re-wire at home until its working again - then take to the garage for fixing",akbar|strip|wire,true
mcp_whatsapp_number_1_archive_fj40_00173,fj40-00173,Fj40,whatsapp-number-1,archive::fj40,Fj40,2026-03-15T19:38:23,David,false,chat,bodywork,bodywork,,true
mcp_whatsapp_number_1_archive_fj40_00174,fj40-00174,Fj40,whatsapp-number-1,archive::fj40,Fj40,2026-03-15T19:38:33,David,false,chat,and finalise wire-fixing after that,and finalise wire-fixing after that,wire,true
mcp_whatsapp_number_1_archive_akber_khan_00521,akber_khan-00521,Akbar Khan,whatsapp-number-1,archive::akbar_khan,Akbar Khan,2026-03-15T19:38:51,David,false,chat,yeah man there are no dents,yeah man there are no dents,,true
mcp_whatsapp_number_1_archive_akber_khan_00522,akber_khan-00522,Akbar Khan,whatsapp-number-1,archive::akbar_khan,Akbar Khan,2026-03-15T19:38:58,David,false,chat,that don’t give character anyway,that don’t give character anyway,,true
mcp_whatsapp_number_1_archive_akber_khan_00523,akber_khan-00523,Akbar Khan,whatsapp-number-1,archive::akbar_khan,Akbar Khan,2026-03-15T19:39:14,David,false,chat,not a concern. its whats under the carpets and around the sills that worries me,not a concern. its whats under the carpets and around the sills that worries me,,true
mcp_whatsapp_number_1_archive_akber_khan_00524,akber_khan-00524,Akbar Khan,whatsapp-number-1,archive::akbar_khan,Akbar Khan,2026-03-15T19:39:26,Akbar Khan,false,chat,I mean the rust mission. Check. He will give an overview,I mean the rust mission. Check. He will give an overview,rust,true
mcp_whatsapp_number_1_archive_fj40_00175,fj40-00175,Fj40,whatsapp-number-1,archive::fj40,Fj40,2026-03-15T19:39:46,David,false,chat,are they going to just fuck up the wiring again if I do that?,are they going to just fuck up the wiring again if I do that?,wiring,true
mcp_whatsapp_number_1_archive_fj40_00176,fj40-00176,Fj40,whatsapp-number-1,archive::fj40,Fj40,2026-03-15T19:40:01,David,false,chat,"like chop through it, burn it etc","like chop through it, burn it etc",,true
mcp_whatsapp_number_1_archive_akber_khan_00525,akber_khan-00525,Akbar Khan,whatsapp-number-1,archive::akbar_khan,Akbar Khan,2026-03-15T19:40:06,Akbar Khan,false,chat,My guess. Wire wheel and spot resprays . Let's see . He can bring a compressor or whatever to yours if u mean to go at the wiring urself .,My guess. Wire wheel and spot resprays . Let's see . He can bring a compressor or whatever to yours if u mean to go at the wiring urself .,wire|wiring,true
mcp_whatsapp_number_1_archive_akber_khan_00526,akber_khan-00526,Akbar Khan,whatsapp-number-1,archive::akbar_khan,Akbar Khan,2026-03-15T19:40:23,David,false,chat,"the chassis, and rust","the chassis, and rust",chassis|rust,true
mcp_whatsapp_number_1_archive_akber_khan_00527,akber_khan-00527,Akbar Khan,whatsapp-number-1,archive::akbar_khan,Akbar Khan,2026-03-15T19:40:28,Akbar Khan,false,chat,What he can't do. He can take with him. Sort that particular item and bring it back.,What he can't do. He can take with him. Sort that particular item and bring it back.,,true
mcp_whatsapp_number_1_archive_akber_khan_00528,akber_khan-00528,Akbar Khan,whatsapp-number-1,archive::akbar_khan,Akbar Khan,2026-03-15T19:40:30,David,false,chat,"thats my only big concern, and unknown","thats my only big concern, and unknown",,true
mcp_whatsapp_number_1_archive_akber_khan_00529,akber_khan-00529,Akbar Khan,whatsapp-number-1,archive::akbar_khan,Akbar Khan,2026-03-15T19:40:33,Akbar Khan,false,chat,Yup,Yup,,true
mcp_whatsapp_number_1_archive_akber_khan_00530,akber_khan-00530,Akbar Khan,whatsapp-number-1,archive::akbar_khan,Akbar Khan,2026-03-15T19:40:44,Akbar Khan,false,chat,Let me get a hold of him and have him come to us.,Let me get a hold of him and have him come to us.,,true
mcp_whatsapp_number_1_archive_akber_khan_00531,akber_khan-00531,Akbar Khan,whatsapp-number-1,archive::akbar_khan,Akbar Khan,2026-03-15T19:41:08,David,false,chat,"if we can manage something like that, I would prefer to oversee it than send it off to some garage","if we can manage something like that, I would prefer to oversee it than send it off to some garage",,true
mcp_whatsapp_number_1_archive_akber_khan_00532,akber_khan-00532,Akbar Khan,whatsapp-number-1,archive::akbar_khan,Akbar Khan,2026-03-15T19:41:13,David,false,chat,sent back all covered up,sent back all covered up,,true
mcp_whatsapp_number_1_archive_akber_khan_00533,akber_khan-00533,Akbar Khan,whatsapp-number-1,archive::akbar_khan,Akbar Khan,2026-03-15T19:41:31,David,false,chat,lets not mention the new garage arrangement yet to Samar,lets not mention the new garage arrangement yet to Samar,,true
mcp_whatsapp_number_1_archive_akber_khan_00534,akber_khan-00534,Akbar Khan,whatsapp-number-1,archive::akbar_khan,Akbar Khan,2026-03-15T19:42:08,Akbar Khan,false,chat,‎,,,true
mcp_whatsapp_number_1_archive_fj40_00177,fj40-00177,Fj40,whatsapp-number-1,archive::fj40,Fj40,2026-03-15T19:42:16,David,false,chat,"i mean, its not quite as bad as the above is it? please!!!","i mean, its not quite as bad as the above is it? please!!!",,true
mcp_whatsapp_number_1_archive_akber_khan_00535,akber_khan-00535,Akbar Khan,whatsapp-number-1,archive::akbar_khan,Akbar Khan,2026-03-15T19:42:47,Akbar Khan,false,chat,‎,,,true
mcp_whatsapp_number_1_archive_akber_khan_00536,akber_khan-00536,Akbar Khan,whatsapp-number-1,archive::akbar_khan,Akbar Khan,2026-03-15T19:44:59,David,false,chat,"yeah, thats what i’m angling at. the bits you suggested could be removed get removed, sent off. subject to your existing controls","yeah, thats what i’m angling at. the bits you suggested could be removed get removed, sent off. subject to your existing controls",,true
mcp_whatsapp_number_1_archive_akber_khan_00537,akber_khan-00537,Akbar Khan,whatsapp-number-1,archive::akbar_khan,Akbar Khan,2026-03-15T19:45:13,Akbar Khan,false,chat,Exactly,Exactly,,true
mcp_whatsapp_number_1_archive_akber_khan_00538,akber_khan-00538,Akbar Khan,whatsapp-number-1,archive::akbar_khan,Akbar Khan,2026-03-15T19:45:36,David,false,chat,"I could strip it down to 1 seat, drivable, but able to see the status this week","I could strip it down to 1 seat, drivable, but able to see the status this week",strip,true
mcp_whatsapp_number_1_archive_akber_khan_00539,akber_khan-00539,Akbar Khan,whatsapp-number-1,archive::akbar_khan,Akbar Khan,2026-03-15T19:45:52,Akbar Khan,false,chat,‎,,,true
mcp_whatsapp_number_1_archive_akber_khan_00540,akber_khan-00540,Akbar Khan,whatsapp-number-1,archive::akbar_khan,Akbar Khan,2026-03-15T19:45:52,Akbar Khan,false,chat,‎,,,true
mcp_whatsapp_number_1_archive_akber_khan_00541,akber_khan-00541,Akbar Khan,whatsapp-number-1,archive::akbar_khan,Akbar Khan,2026-03-15T19:45:53,Akbar Khan,false,chat,‎,,,true
mcp_whatsapp_number_1_archive_akber_khan_00542,akber_khan-00542,Akbar Khan,whatsapp-number-1,archive::akbar_khan,Akbar Khan,2026-03-15T19:45:53,Akbar Khan,false,chat,‎,,,true
mcp_whatsapp_number_1_archive_akber_khan_00543,akber_khan-00543,Akbar Khan,whatsapp-number-1,archive::akbar_khan,Akbar Khan,2026-03-15T19:45:53,Akbar Khan,false,chat,‎,,,true
mcp_whatsapp_number_1_archive_akber_khan_00544,akber_khan-00544,Akbar Khan,whatsapp-number-1,archive::akbar_khan,Akbar Khan,2026-03-15T19:45:53,Akbar Khan,false,chat,‎,,,true
mcp_whatsapp_number_1_archive_akber_khan_00545,akber_khan-00545,Akbar Khan,whatsapp-number-1,archive::akbar_khan,Akbar Khan,2026-03-15T19:45:54,Akbar Khan,false,chat,‎,,,true
mcp_whatsapp_number_1_archive_akber_khan_00546,akber_khan-00546,Akbar Khan,whatsapp-number-1,archive::akbar_khan,Akbar Khan,2026-03-15T19:45:54,Akbar Khan,false,chat,‎,,,true
mcp_whatsapp_number_1_archive_akber_khan_00547,akber_khan-00547,Akbar Khan,whatsapp-number-1,archive::akbar_khan,Akbar Khan,2026-03-15T19:45:54,Akbar Khan,false,chat,‎,,,true
mcp_whatsapp_number_1_archive_akber_khan_00548,akber_khan-00548,Akbar Khan,whatsapp-number-1,archive::akbar_khan,Akbar Khan,2026-03-15T19:45:55,Akbar Khan,false,chat,‎,,,true
mcp_whatsapp_number_1_archive_akber_khan_00549,akber_khan-00549,Akbar Khan,whatsapp-number-1,archive::akbar_khan,Akbar Khan,2026-03-15T19:45:55,Akbar Khan,false,chat,‎,,,true
mcp_whatsapp_number_1_archive_akber_khan_00550,akber_khan-00550,Akbar Khan,whatsapp-number-1,archive::akbar_khan,Akbar Khan,2026-03-15T19:45:55,Akbar Khan,false,chat,‎,,,true
mcp_whatsapp_number_1_archive_akber_khan_00551,akber_khan-00551,Akbar Khan,whatsapp-number-1,archive::akbar_khan,Akbar Khan,2026-03-15T19:45:55,Akbar Khan,false,chat,‎,,,true
mcp_whatsapp_number_1_archive_akber_khan_00552,akber_khan-00552,Akbar Khan,whatsapp-number-1,archive::akbar_khan,Akbar Khan,2026-03-15T19:46:08,Akbar Khan,false,chat,Like this was just yesterday. And I voice note and observations etc,Like this was just yesterday. And I voice note and observations etc,,true
mcp_whatsapp_number_1_archive_akber_khan_00553,akber_khan-00553,Akbar Khan,whatsapp-number-1,archive::akbar_khan,Akbar Khan,2026-03-15T19:46:13,David,false,chat,fair play,fair play,,true
mcp_whatsapp_number_1_archive_akber_khan_00554,akber_khan-00554,Akbar Khan,whatsapp-number-1,archive::akbar_khan,Akbar Khan,2026-03-15T19:46:34,David,false,chat,"but maybe i’ll watch one time, and then buy an arc welder","but maybe i’ll watch one time, and then buy an arc welder",welder,true
mcp_whatsapp_number_1_archive_akber_khan_00555,akber_khan-00555,Akbar Khan,whatsapp-number-1,archive::akbar_khan,Akbar Khan,2026-03-15T19:46:59,David,false,chat,trying to work out the horses for the courses,trying to work out the horses for the courses,,true
mcp_whatsapp_number_1_archive_akber_khan_00556,akber_khan-00556,Akbar Khan,whatsapp-number-1,archive::akbar_khan,Akbar Khan,2026-03-15T19:47:12,Akbar Khan,false,chat,Doable . Not that hard .. couple of belt Sanders. Stuff like that,Doable . Not that hard .. couple of belt Sanders. Stuff like that,,true
mcp_whatsapp_number_1_archive_akber_khan_00557,akber_khan-00557,Akbar Khan,whatsapp-number-1,archive::akbar_khan,Akbar Khan,2026-03-15T19:47:32,Akbar Khan,false,chat,Let's have a chat with the lad. Just reaching out to him to show up tomorrow for a review,Let's have a chat with the lad. Just reaching out to him to show up tomorrow for a review,,true
mcp_whatsapp_number_1_archive_akber_khan_00558,akber_khan-00558,Akbar Khan,whatsapp-number-1,archive::akbar_khan,Akbar Khan,2026-03-15T19:48:07,David,false,chat,"yeah, for sure. I mean I listed what i’d discussed with him last time","yeah, for sure. I mean I listed what i’d discussed with him last time",,true
mcp_whatsapp_number_1_archive_akber_khan_00559,akber_khan-00559,Akbar Khan,whatsapp-number-1,archive::akbar_khan,Akbar Khan,2026-03-15T19:48:19,David,false,chat,its just the doby work concerns me,its just the doby work concerns me,,true
mcp_whatsapp_number_1_archive_akber_khan_00560,akber_khan-00560,Akbar Khan,whatsapp-number-1,archive::akbar_khan,Akbar Khan,2026-03-15T19:48:26,David,false,chat,and it not being in the right place to get it done,and it not being in the right place to get it done,,true
mcp_whatsapp_number_1_archive_akber_khan_00561,akber_khan-00561,Akbar Khan,whatsapp-number-1,archive::akbar_khan,Akbar Khan,2026-03-15T19:48:33,Akbar Khan,false,chat,Oh and as for the rubbers between panels.. from the restoration videos it's basically a tape they razor to size. Just had to be obviously specific rubber rating. Weather / uv proof etc,Oh and as for the rubbers between panels.. from the restoration videos it's basically a tape they razor to size. Just had to be obviously specific rubber rating. Weather / uv proof etc,,true
mcp_whatsapp_number_1_archive_akber_khan_00562,akber_khan-00562,Akbar Khan,whatsapp-number-1,archive::akbar_khan,Akbar Khan,2026-03-15T19:48:36,David,false,chat,but we can chuck it on a truck I assume,but we can chuck it on a truck I assume,,true
mcp_whatsapp_number_1_archive_akber_khan_00563,akber_khan-00563,Akbar Khan,whatsapp-number-1,archive::akbar_khan,Akbar Khan,2026-03-15T19:48:48,David,false,chat,oh. i’ll buy all new rubber,oh. i’ll buy all new rubber,,true
mcp_whatsapp_number_1_archive_akber_khan_00564,akber_khan-00564,Akbar Khan,whatsapp-number-1,archive::akbar_khan,Akbar Khan,2026-03-15T19:49:09,Akbar Khan,false,chat,‎,,,true
mcp_whatsapp_number_1_archive_akber_khan_00565,akber_khan-00565,Akbar Khan,whatsapp-number-1,archive::akbar_khan,Akbar Khan,2026-03-15T19:49:19,Akbar Khan,false,chat,‎,,,true
mcp_whatsapp_number_1_archive_akber_khan_00566,akber_khan-00566,Akbar Khan,whatsapp-number-1,archive::akbar_khan,Akbar Khan,2026-03-15T19:50:01,David,false,chat,haha electrician - a man who once owned a screwdriver,haha electrician - a man who once owned a screwdriver,,true
mcp_whatsapp_number_1_archive_akber_khan_00567,akber_khan-00567,Akbar Khan,whatsapp-number-1,archive::akbar_khan,Akbar Khan,2026-03-15T19:50:32,Akbar Khan,false,chat,Lol. Some aren't that bad :P. U know electrics. I didn't. So I needed help. But I did do it all my way,Lol. Some aren't that bad :P. U know electrics. I didn't. So I needed help. But I did do it all my way,,true
mcp_whatsapp_number_1_archive_akber_khan_00568,akber_khan-00568,Akbar Khan,whatsapp-number-1,archive::akbar_khan,Akbar Khan,2026-03-15T19:53:07,David,false,chat,"anyway, sure help can be brought in. its sounding a bit like the plan is: 1) Expell the corolla outside 2) Bring the j40 under the roof 3) Remove the entire roof, back doors, front windows etc - send them for fixing 4) Rip out all wiring 5) Re-install from the kit + the new power wires","anyway, sure help can be brought in. its sounding a bit like the plan is: 1) Expell the corolla outside 2) Bring the j40 under the roof 3) Remove the entire roof, back doors, front windows etc - send them for fixing 4) Rip out all wiring 5) Re-install from the kit + the new power wires",j40|roof|wiring,true
mcp_whatsapp_number_1_archive_akber_khan_00569,akber_khan-00569,Akbar Khan,whatsapp-number-1,archive::akbar_khan,Akbar Khan,2026-03-15T19:53:27,Akbar Khan,false,chat,‎,,,true
mcp_whatsapp_number_1_archive_akber_khan_00570,akber_khan-00570,Akbar Khan,whatsapp-number-1,archive::akbar_khan,Akbar Khan,2026-03-15T19:53:28,Akbar Khan,false,chat,‎,,,true
mcp_whatsapp_number_1_archive_akber_khan_00571,akber_khan-00571,Akbar Khan,whatsapp-number-1,archive::akbar_khan,Akbar Khan,2026-03-15T19:53:28,Akbar Khan,false,chat,‎,,,true
mcp_whatsapp_number_1_archive_akber_khan_00572,akber_khan-00572,Akbar Khan,whatsapp-number-1,archive::akbar_khan,Akbar Khan,2026-03-15T19:53:29,Akbar Khan,false,chat,‎,,,true
mcp_whatsapp_number_1_archive_akber_khan_00573,akber_khan-00573,Akbar Khan,whatsapp-number-1,archive::akbar_khan,Akbar Khan,2026-03-15T19:53:29,Akbar Khan,false,chat,‎,,,true
mcp_whatsapp_number_1_archive_akber_khan_00574,akber_khan-00574,Akbar Khan,whatsapp-number-1,archive::akbar_khan,Akbar Khan,2026-03-15T19:53:29,Akbar Khan,false,chat,‎,,,true
mcp_whatsapp_number_1_archive_akber_khan_00575,akber_khan-00575,Akbar Khan,whatsapp-number-1,archive::akbar_khan,Akbar Khan,2026-03-15T19:53:30,Akbar Khan,false,chat,‎,,,true
mcp_whatsapp_number_1_archive_akber_khan_00576,akber_khan-00576,Akbar Khan,whatsapp-number-1,archive::akbar_khan,Akbar Khan,2026-03-15T19:53:30,Akbar Khan,false,chat,‎,,,true
mcp_whatsapp_number_1_archive_akber_khan_00577,akber_khan-00577,Akbar Khan,whatsapp-number-1,archive::akbar_khan,Akbar Khan,2026-03-15T19:53:30,Akbar Khan,false,chat,‎,,,true
mcp_whatsapp_number_1_archive_akber_khan_00578,akber_khan-00578,Akbar Khan,whatsapp-number-1,archive::akbar_khan,Akbar Khan,2026-03-15T19:53:30,Akbar Khan,false,chat,@⁨GK Hamza Carnation⁩ @⁨Hamza Carnation Car Mods⁩ bhai(s). Just wanted to take a moment between all of this to commend you all on the exceptional work m.a. a job very well done. I just hope it runs as good as it looks :P (im sure it will). But it’s efforts like these which excite me. I look forward to doing much more once we are able to capture this project financially and in terms of deliverables. ‎,@⁨GK Hamza Carnation⁩ @⁨Hamza Carnation Car Mods⁩ bhai(s). Just wanted to take a moment between all of this to commend you all on the exceptional work m.a. a job very well done. I just hope it runs as good as it looks :P (im sure it will). But it’s efforts like these which excite me. I look forward to doing much more once we are able to capture this project financially and in terms of deliverables.,carnation,true
mcp_whatsapp_number_1_archive_akber_khan_00579,akber_khan-00579,Akbar Khan,whatsapp-number-1,archive::akbar_khan,Akbar Khan,2026-03-15T19:53:31,Akbar Khan,false,chat,‎,,,true
mcp_whatsapp_number_1_archive_akber_khan_00580,akber_khan-00580,Akbar Khan,whatsapp-number-1,archive::akbar_khan,Akbar Khan,2026-03-15T19:53:31,Akbar Khan,false,chat,‎,,,true
mcp_whatsapp_number_1_archive_akber_khan_00581,akber_khan-00581,Akbar Khan,whatsapp-number-1,archive::akbar_khan,Akbar Khan,2026-03-15T19:53:31,Akbar Khan,false,chat,‎,,,true
mcp_whatsapp_number_1_archive_akber_khan_00582,akber_khan-00582,Akbar Khan,whatsapp-number-1,archive::akbar_khan,Akbar Khan,2026-03-15T19:53:32,Akbar Khan,false,chat,‎,,,true
mcp_whatsapp_number_1_archive_akber_khan_00583,akber_khan-00583,Akbar Khan,whatsapp-number-1,archive::akbar_khan,Akbar Khan,2026-03-15T19:53:32,Akbar Khan,false,chat,‎,,,true
mcp_whatsapp_number_1_archive_akber_khan_00584,akber_khan-00584,Akbar Khan,whatsapp-number-1,archive::akbar_khan,Akbar Khan,2026-03-15T19:53:32,Akbar Khan,false,chat,‎,,,true
mcp_whatsapp_number_1_archive_akber_khan_00585,akber_khan-00585,Akbar Khan,whatsapp-number-1,archive::akbar_khan,Akbar Khan,2026-03-15T19:53:36,David,false,chat,4a) Remove all insulation etc etc,4a) Remove all insulation etc etc,,true
mcp_whatsapp_number_1_archive_akber_khan_00586,akber_khan-00586,Akbar Khan,whatsapp-number-1,archive::akbar_khan,Akbar Khan,2026-03-15T19:53:47,Akbar Khan,false,chat,Some before and Afters of the civic. Full album. But to sort of give an idea of the wiring cleanup and generally,Some before and Afters of the civic. Full album. But to sort of give an idea of the wiring cleanup and generally,wiring,true
mcp_whatsapp_number_1_archive_akber_khan_00587,akber_khan-00587,Akbar Khan,whatsapp-number-1,archive::akbar_khan,Akbar Khan,2026-03-15T19:53:48,David,false,chat,4b) Check where we need to bring in a welder,4b) Check where we need to bring in a welder,welder,true
mcp_whatsapp_number_1_archive_akber_khan_00588,akber_khan-00588,Akbar Khan,whatsapp-number-1,archive::akbar_khan,Akbar Khan,2026-03-15T19:54:42,David,false,chat,"i’m going to dig you out an image in a minute of how we install our servers at clients - and their cabling [15/03/2026, 19:55:01] Akbar Khan:","i’m going to dig you out an image in a minute of how we install our servers at clients - and their cabling [15/03/2026, 19:55:01] Akbar Khan:",akbar,true
mcp_whatsapp_number_1_archive_akber_khan_00589,akber_khan-00589,Akbar Khan,whatsapp-number-1,archive::akbar_khan,Akbar Khan,2026-03-15T19:55:01,Akbar Khan,false,chat,Basic before and Afters ‎,Basic before and Afters,,true
mcp_whatsapp_number_1_archive_akber_khan_00590,akber_khan-00590,Akbar Khan,whatsapp-number-1,archive::akbar_khan,Akbar Khan,2026-03-15T19:55:02,Akbar Khan,false,chat,‎,,,true
mcp_whatsapp_number_1_archive_akber_khan_00591,akber_khan-00591,Akbar Khan,whatsapp-number-1,archive::akbar_khan,Akbar Khan,2026-03-15T19:55:02,Akbar Khan,false,chat,Basic before and Afters ‎,Basic before and Afters,,true
mcp_whatsapp_number_1_archive_akber_khan_00592,akber_khan-00592,Akbar Khan,whatsapp-number-1,archive::akbar_khan,Akbar Khan,2026-03-15T19:55:03,Akbar Khan,false,chat,‎,,,true
mcp_whatsapp_number_1_archive_akber_khan_00593,akber_khan-00593,Akbar Khan,whatsapp-number-1,archive::akbar_khan,Akbar Khan,2026-03-15T19:55:07,Akbar Khan,false,chat,Lol. I have an idea,Lol. I have an idea,,true
mcp_whatsapp_number_1_archive_akber_khan_00594,akber_khan-00594,Akbar Khan,whatsapp-number-1,archive::akbar_khan,Akbar Khan,2026-03-15T19:55:55,Akbar Khan,false,chat,‎,,,true
mcp_whatsapp_number_1_archive_akber_khan_00595,akber_khan-00595,Akbar Khan,whatsapp-number-1,archive::akbar_khan,Akbar Khan,2026-03-15T19:55:55,Akbar Khan,false,chat,‎,,,true
mcp_whatsapp_number_1_archive_akber_khan_00596,akber_khan-00596,Akbar Khan,whatsapp-number-1,archive::akbar_khan,Akbar Khan,2026-03-15T19:55:55,Akbar Khan,false,chat,surpriseeeee ‎,surpriseeeee,,true
mcp_whatsapp_number_1_archive_akber_khan_00597,akber_khan-00597,Akbar Khan,whatsapp-number-1,archive::akbar_khan,Akbar Khan,2026-03-15T19:56:04,Akbar Khan,false,chat,Lol ur server?,Lol ur server?,,true
mcp_whatsapp_number_1_archive_akber_khan_00598,akber_khan-00598,Akbar Khan,whatsapp-number-1,archive::akbar_khan,Akbar Khan,2026-03-15T19:56:27,Akbar Khan,false,chat,That was right under the accelerator pedal hahahhaha,That was right under the accelerator pedal hahahhaha,,true
mcp_whatsapp_number_1_archive_akber_khan_00599,akber_khan-00599,Akbar Khan,whatsapp-number-1,archive::akbar_khan,Akbar Khan,2026-03-15T19:56:31,David,false,chat,my standards,my standards,,true
mcp_whatsapp_number_1_archive_akber_khan_00600,akber_khan-00600,Akbar Khan,whatsapp-number-1,archive::akbar_khan,Akbar Khan,2026-03-15T19:56:44,David,false,chat,"well, its where you apply most pressure","well, its where you apply most pressure",,true
mcp_whatsapp_number_1_archive_akber_khan_00601,akber_khan-00601,Akbar Khan,whatsapp-number-1,archive::akbar_khan,Akbar Khan,2026-03-15T19:56:51,Akbar Khan,false,chat,Lol,Lol,,true
mcp_whatsapp_number_1_archive_akber_khan_00602,akber_khan-00602,Akbar Khan,whatsapp-number-1,archive::akbar_khan,Akbar Khan,2026-03-15T19:57:10,Akbar Khan,false,chat,After I saw it... Suddenly I realized maybe the Flintstones owned it previously,After I saw it... Suddenly I realized maybe the Flintstones owned it previously,,true
mcp_whatsapp_number_1_archive_akber_khan_00603,akber_khan-00603,Akbar Khan,whatsapp-number-1,archive::akbar_khan,Akbar Khan,2026-03-15T19:59:16,David,false,chat,"haha. 600bhp, but only with linford cristie driving","haha. 600bhp, but only with linford cristie driving",,true
mcp_whatsapp_number_1_archive_akber_khan_00604,akber_khan-00604,Akbar Khan,whatsapp-number-1,archive::akbar_khan,Akbar Khan,2026-03-15T19:59:28,Akbar Khan,false,chat,Lol,Lol,,true
mcp_whatsapp_number_1_archive_fj40_00178,fj40-00178,Fj40,whatsapp-number-1,archive::fj40,Fj40,2026-03-15T20:28:25,David,false,chat,my teams last cabling ‎,my teams last cabling,,true
mcp_whatsapp_number_1_archive_fj40_00179,fj40-00179,Fj40,whatsapp-number-1,archive::fj40,Fj40,2026-03-15T20:29:38,David,false,chat,"slightly different genre, similar expectations","slightly different genre, similar expectations",,true
mcp_whatsapp_number_1_archive_fj40_00180,fj40-00180,Fj40,whatsapp-number-1,archive::fj40,Fj40,2026-03-15T20:32:53,David,false,chat,Engine cleanliness?? ‎,Engine cleanliness??,engine,true
mcp_whatsapp_number_1_archive_fj40_00181,fj40-00181,Fj40,whatsapp-number-1,archive::fj40,Fj40,2026-03-15T20:35:26,Akbar Khan,false,chat,10/10. Bus take a go at it,10/10. Bus take a go at it,,true
mcp_whatsapp_number_1_archive_fj40_00182,fj40-00182,Fj40,whatsapp-number-1,archive::fj40,Fj40,2026-03-15T20:36:15,David,false,chat,"from chatGPT it says I can buy a kit + some power cables, and I have what I need. is that kit something available and in good quality here? [15/03/2026, 20:36:28] ~ nuic: [15/03/2026, 20:36:30] ~ nuic: [15/03/2026, 20:36:33] ~ nuic: [15/03/2026, 20:36:39] ~ nuic: [15/03/2026, 20:36:51] ~ nuic:","from chatGPT it says I can buy a kit + some power cables, and I have what I need. is that kit something available and in good quality here? [15/03/2026, 20:36:28] ~ nuic: [15/03/2026, 20:36:30] ~ nuic: [15/03/2026, 20:36:33] ~ nuic: [15/03/2026, 20:36:39] ~ nuic: [15/03/2026, 20:36:51] ~ nuic:",,true
mcp_whatsapp_number_1_archive_fj40_00183,fj40-00183,Fj40,whatsapp-number-1,archive::fj40,Fj40,2026-03-15T20:37:28,David,false,chat,I know i’m falling into a trap somewhere here also!,I know i’m falling into a trap somewhere here also!,,true
mcp_whatsapp_number_1_archive_fj40_00184,fj40-00184,Fj40,whatsapp-number-1,archive::fj40,Fj40,2026-03-15T20:38:00,~ nuic,false,chat,‎,,,true
mcp_whatsapp_number_1_archive_fj40_00185,fj40-00185,Fj40,whatsapp-number-1,archive::fj40,Fj40,2026-03-15T20:38:00,~ nuic,false,chat,‎,,,true
mcp_whatsapp_number_1_archive_fj40_00186,fj40-00186,Fj40,whatsapp-number-1,archive::fj40,Fj40,2026-03-15T20:38:01,~ nuic,false,chat,‎,,,true
mcp_whatsapp_number_1_archive_fj40_00187,fj40-00187,Fj40,whatsapp-number-1,archive::fj40,Fj40,2026-03-15T20:38:01,~ nuic,false,chat,‎,,,true
mcp_whatsapp_number_1_archive_fj40_00188,fj40-00188,Fj40,whatsapp-number-1,archive::fj40,Fj40,2026-03-15T20:38:01,~ nuic,false,chat,‎,,,true
mcp_whatsapp_number_1_archive_fj40_00189,fj40-00189,Fj40,whatsapp-number-1,archive::fj40,Fj40,2026-03-15T20:38:03,~ nuic,false,chat,‎,,,true
mcp_whatsapp_number_1_archive_fj40_00190,fj40-00190,Fj40,whatsapp-number-1,archive::fj40,Fj40,2026-03-15T20:38:04,~ nuic,false,chat,‎,,,true
mcp_whatsapp_number_1_archive_fj40_00191,fj40-00191,Fj40,whatsapp-number-1,archive::fj40,Fj40,2026-03-15T20:38:04,~ nuic,false,chat,‎,,,true
mcp_whatsapp_number_1_archive_fj40_00192,fj40-00192,Fj40,whatsapp-number-1,archive::fj40,Fj40,2026-03-15T20:38:06,~ nuic,false,chat,Refinished the original chrome . The indicator tubs weren't available so we have them rechromed,Refinished the original chrome . The indicator tubs weren't available so we have them rechromed,,true
mcp_whatsapp_number_1_archive_fj40_00193,fj40-00193,Fj40,whatsapp-number-1,archive::fj40,Fj40,2026-03-15T20:38:07,~ nuic,false,chat,‎,,,true
mcp_whatsapp_number_1_archive_fj40_00194,fj40-00194,Fj40,whatsapp-number-1,archive::fj40,Fj40,2026-03-15T20:38:07,~ nuic,false,chat,‎,,,true
mcp_whatsapp_number_1_archive_fj40_00195,fj40-00195,Fj40,whatsapp-number-1,archive::fj40,Fj40,2026-03-15T20:38:08,~ nuic,false,chat,‎,,,true
mcp_whatsapp_number_1_archive_fj40_00196,fj40-00196,Fj40,whatsapp-number-1,archive::fj40,Fj40,2026-03-15T20:38:08,~ nuic,false,chat,‎,,,true
mcp_whatsapp_number_1_archive_fj40_00197,fj40-00197,Fj40,whatsapp-number-1,archive::fj40,Fj40,2026-03-15T20:38:08,~ nuic,false,chat,‎,,,true
mcp_whatsapp_number_1_archive_fj40_00198,fj40-00198,Fj40,whatsapp-number-1,archive::fj40,Fj40,2026-03-15T20:38:09,~ nuic,false,chat,‎,,,true
mcp_whatsapp_number_1_archive_fj40_00199,fj40-00199,Fj40,whatsapp-number-1,archive::fj40,Fj40,2026-03-15T20:38:09,~ nuic,false,chat,‎,,,true
mcp_whatsapp_number_1_archive_fj40_00200,fj40-00200,Fj40,whatsapp-number-1,archive::fj40,Fj40,2026-03-15T20:38:10,~ nuic,false,chat,‎,,,true
mcp_whatsapp_number_1_archive_fj40_00201,fj40-00201,Fj40,whatsapp-number-1,archive::fj40,Fj40,2026-03-15T20:38:10,~ nuic,false,chat,‎,,,true
mcp_whatsapp_number_1_archive_fj40_00202,fj40-00202,Fj40,whatsapp-number-1,archive::fj40,Fj40,2026-03-15T20:38:11,~ nuic,false,chat,‎,,,true
mcp_whatsapp_number_1_archive_fj40_00203,fj40-00203,Fj40,whatsapp-number-1,archive::fj40,Fj40,2026-03-15T20:38:12,~ nuic,false,chat,‎,,,true
mcp_whatsapp_number_1_archive_fj40_00204,fj40-00204,Fj40,whatsapp-number-1,archive::fj40,Fj40,2026-03-15T20:38:12,~ nuic,false,chat,‎,,,true
mcp_whatsapp_number_1_archive_fj40_00205,fj40-00205,Fj40,whatsapp-number-1,archive::fj40,Fj40,2026-03-15T20:38:13,~ nuic,false,chat,‎,,,true
mcp_whatsapp_number_1_archive_fj40_00206,fj40-00206,Fj40,whatsapp-number-1,archive::fj40,Fj40,2026-03-15T20:38:13,~ nuic,false,chat,‎,,,true
mcp_whatsapp_number_1_archive_fj40_00207,fj40-00207,Fj40,whatsapp-number-1,archive::fj40,Fj40,2026-03-15T20:38:16,~ nuic,false,chat,All the latches and nuts bolts machines went for acid dip and the cadmium,All the latches and nuts bolts machines went for acid dip and the cadmium,,true
mcp_whatsapp_number_1_archive_fj40_00208,fj40-00208,Fj40,whatsapp-number-1,archive::fj40,Fj40,2026-03-15T20:38:49,David,false,chat,looks great,looks great,,true
mcp_whatsapp_number_1_archive_fj40_00209,fj40-00209,Fj40,whatsapp-number-1,archive::fj40,Fj40,2026-03-15T20:39:10,David,false,chat,Akbar says people don’t sand-blast here,Akbar says people don’t sand-blast here,akbar,true
mcp_whatsapp_number_1_archive_fj40_00210,fj40-00210,Fj40,whatsapp-number-1,archive::fj40,Fj40,2026-03-15T20:39:18,Akbar Khan,false,chat,They do,They do,,true
mcp_whatsapp_number_1_archive_fj40_00211,fj40-00211,Fj40,whatsapp-number-1,archive::fj40,Fj40,2026-03-15T20:39:35,Akbar Khan,false,chat,I said one has to take it to themmm,I said one has to take it to themmm,,true
mcp_whatsapp_number_1_archive_fj40_00212,fj40-00212,Fj40,whatsapp-number-1,archive::fj40,Fj40,2026-03-15T20:40:06,David,false,chat,ah. I guess I just (still) had no idea what that meant,ah. I guess I just (still) had no idea what that meant,,true
mcp_whatsapp_number_1_archive_fj40_00213,fj40-00213,Fj40,whatsapp-number-1,archive::fj40,Fj40,2026-03-15T20:40:09,David,false,chat,its a place?,its a place?,,true
mcp_whatsapp_number_1_archive_fj40_00214,fj40-00214,Fj40,whatsapp-number-1,archive::fj40,Fj40,2026-03-15T20:40:40,Akbar Khan,false,chat,Blasting cabnits,Blasting cabnits,,true
mcp_whatsapp_number_1_archive_fj40_00215,fj40-00215,Fj40,whatsapp-number-1,archive::fj40,Fj40,2026-03-15T20:41:18,David,false,chat,"well, we’ve been scraping paint off here and there on my one all day to get ideas 🙂","well, we’ve been scraping paint off here and there on my one all day to get ideas 🙂",paint,true
mcp_whatsapp_number_1_archive_fj40_00216,fj40-00216,Fj40,whatsapp-number-1,archive::fj40,Fj40,2026-03-15T20:44:31,~ nuic,false,chat,Yes exactly,Yes exactly,,true
mcp_whatsapp_number_1_archive_fj40_00217,fj40-00217,Fj40,whatsapp-number-1,archive::fj40,Fj40,2026-03-15T20:45:04,~ nuic,false,chat,It's just easier to let the body guys remove it,It's just easier to let the body guys remove it,body,true
mcp_whatsapp_number_1_archive_fj40_00218,fj40-00218,Fj40,whatsapp-number-1,archive::fj40,Fj40,2026-03-15T20:55:18,David,false,chat,ok. so thats pre-electric - and you are suggesting fully stripping it all back?,ok. so thats pre-electric - and you are suggesting fully stripping it all back?,,true
mcp_whatsapp_number_1_archive_fj40_00219,fj40-00219,Fj40,whatsapp-number-1,archive::fj40,Fj40,2026-03-15T20:55:54,David,false,chat,and TCL deliver the parts back one by one?,and TCL deliver the parts back one by one?,,true
mcp_whatsapp_number_1_archive_fj40_00220,fj40-00220,Fj40,whatsapp-number-1,archive::fj40,Fj40,2026-03-15T20:56:56,~ nuic,false,chat,TCl?,TCl?,,true
mcp_whatsapp_number_1_archive_fj40_00221,fj40-00221,Fj40,whatsapp-number-1,archive::fj40,Fj40,2026-03-15T20:56:56,David,false,chat,its clearly the best opportunity to address anything like this. don’t want to fuck it up,its clearly the best opportunity to address anything like this. don’t want to fuck it up,,true
mcp_whatsapp_number_1_archive_fj40_00222,fj40-00222,Fj40,whatsapp-number-1,archive::fj40,Fj40,2026-03-15T20:57:05,David,false,chat,"by post, bit by bit","by post, bit by bit",,true
mcp_whatsapp_number_1_archive_fj40_00223,fj40-00223,Fj40,whatsapp-number-1,archive::fj40,Fj40,2026-03-15T20:57:07,David,false,chat,a joke,a joke,,true
mcp_whatsapp_number_1_archive_fj40_00224,fj40-00224,Fj40,whatsapp-number-1,archive::fj40,Fj40,2026-03-15T21:00:11,David,false,chat,to be clear - whats the best way to address all structural and rust issues as early as possible?,to be clear - whats the best way to address all structural and rust issues as early as possible?,rust,true
mcp_whatsapp_number_1_archive_fj40_00225,fj40-00225,Fj40,whatsapp-number-1,archive::fj40,Fj40,2026-03-15T21:08:00,David,false,chat,please dont say its this!,please dont say its this!,,true
mcp_whatsapp_number_1_archive_fj40_00226,fj40-00226,Fj40,whatsapp-number-1,archive::fj40,Fj40,2026-03-15T21:09:56,David,false,chat,"Don’t mention this to Akbars sister, but my plan was to commandeer the car port and start de-constructing the car at the house, to its bare drivable bones","Don’t mention this to Akbars sister, but my plan was to commandeer the car port and start de-constructing the car at the house, to its bare drivable bones",,true
mcp_whatsapp_number_1_archive_fj40_00227,fj40-00227,Fj40,whatsapp-number-1,archive::fj40,Fj40,2026-03-15T21:11:37,David,false,chat,just as something that clearly seems to need to be done,just as something that clearly seems to need to be done,,true
mcp_whatsapp_number_1_archive_fj40_00228,fj40-00228,Fj40,whatsapp-number-1,archive::fj40,Fj40,2026-03-15T21:13:48,David,false,chat,but here you are saying don’t do that right?,but here you are saying don’t do that right?,,true
mcp_whatsapp_number_1_archive_fj40_00229,fj40-00229,Fj40,whatsapp-number-1,archive::fj40,Fj40,2026-03-15T21:15:19,David,false,chat,"if they came and took the roof, back doors, other removable parts","if they came and took the roof, back doors, other removable parts",roof,true
mcp_whatsapp_number_1_archive_fj40_00230,fj40-00230,Fj40,whatsapp-number-1,archive::fj40,Fj40,2026-03-15T21:17:00,David,false,chat,"right, then its in blasting cabinet components, can be sent off for repair, re-painting etc","right, then its in blasting cabinet components, can be sent off for repair, re-painting etc",,true
mcp_whatsapp_number_1_archive_fj40_00231,fj40-00231,Fj40,whatsapp-number-1,archive::fj40,Fj40,2026-03-15T21:17:10,David,false,chat,is that a thing? is it expensive?,is that a thing? is it expensive?,,true
mcp_whatsapp_number_1_archive_fj40_00232,fj40-00232,Fj40,whatsapp-number-1,archive::fj40,Fj40,2026-03-15T21:18:26,David,false,chat,"well, in fact I could drive there and they take it","well, in fact I could drive there and they take it",,true
mcp_whatsapp_number_1_archive_fj40_00233,fj40-00233,Fj40,whatsapp-number-1,archive::fj40,Fj40,2026-03-15T21:18:58,David,false,chat,wherever that is - the sand blaster I guess ‎<This message was edited>,wherever that is - the sand blaster I guess <This message was edited>,,true
mcp_whatsapp_number_1_archive_fj40_00234,fj40-00234,Fj40,whatsapp-number-1,archive::fj40,Fj40,2026-03-15T21:30:30,David,false,chat,"but is there a readily-available kit of almost all wiring needed for this - of good quality, in the local market?","but is there a readily-available kit of almost all wiring needed for this - of good quality, in the local market?",wiring,true
mcp_whatsapp_number_1_archive_akber_khan_00605,akber_khan-00605,Akbar Khan,whatsapp-number-1,archive::akbar_khan,Akbar Khan,2026-03-15T21:44:49,David,false,chat,now i’m confused. I was ready to spend lakhs on alibaba for bits a pieces and now i’m not sure at all what I should be buying. and the electrical wire is really expensive,now i’m confused. I was ready to spend lakhs on alibaba for bits a pieces and now i’m not sure at all what I should be buying. and the electrical wire is really expensive,electrical|wire,true
mcp_whatsapp_number_1_archive_akber_khan_00606,akber_khan-00606,Akbar Khan,whatsapp-number-1,archive::akbar_khan,Akbar Khan,2026-03-15T21:45:16,Akbar Khan,false,chat,The idea is to hold abhi. Just for a day or two,The idea is to hold abhi. Just for a day or two,,true
mcp_whatsapp_number_1_archive_akber_khan_00607,akber_khan-00607,Akbar Khan,whatsapp-number-1,archive::akbar_khan,Akbar Khan,2026-03-15T21:45:24,David,false,chat,maybe i’ll go back to browsing tools,maybe i’ll go back to browsing tools,,true
mcp_whatsapp_number_1_archive_akber_khan_00608,akber_khan-00608,Akbar Khan,whatsapp-number-1,archive::akbar_khan,Akbar Khan,2026-03-15T21:45:45,Akbar Khan,false,chat,Let's talk to the painter. The medical guy. Electrician. And show him the research and expectations,Let's talk to the painter. The medical guy. Electrician. And show him the research and expectations,,true
mcp_whatsapp_number_1_archive_akber_khan_00609,akber_khan-00609,Akbar Khan,whatsapp-number-1,archive::akbar_khan,Akbar Khan,2026-03-15T21:45:50,Akbar Khan,false,chat,Tools ! Always a good buy,Tools ! Always a good buy,,true
mcp_whatsapp_number_1_archive_akber_khan_00610,akber_khan-00610,Akbar Khan,whatsapp-number-1,archive::akbar_khan,Akbar Khan,2026-03-15T21:46:01,David,false,chat,sure. just itching to get into it,sure. just itching to get into it,,true
mcp_whatsapp_number_1_archive_akber_khan_00611,akber_khan-00611,Akbar Khan,whatsapp-number-1,archive::akbar_khan,Akbar Khan,2026-03-15T21:53:18,Akbar Khan,false,chat,I know :),I know :),,true
mcp_whatsapp_number_1_archive_akber_khan_00612,akber_khan-00612,Akbar Khan,whatsapp-number-1,archive::akbar_khan,Akbar Khan,2026-03-15T21:53:41,Akbar Khan,false,chat,Just 2 or 3 odd days of prep / resources . Tools u should have anyways.,Just 2 or 3 odd days of prep / resources . Tools u should have anyways.,,true
mcp_whatsapp_number_1_archive_akber_khan_00613,akber_khan-00613,Akbar Khan,whatsapp-number-1,archive::akbar_khan,Akbar Khan,2026-03-15T22:08:41,David,false,chat,https://www.toolsmart.pk/products/licota-90pcs-socket-and-tools-set,https://www.toolsmart.pk/products/licota-90pcs-socket-and-tools-set,toolsmart,true
mcp_whatsapp_number_1_archive_akber_khan_00614,akber_khan-00614,Akbar Khan,whatsapp-number-1,archive::akbar_khan,Akbar Khan,2026-03-15T22:09:23,David,false,chat,"I even have most of these spanners, nice stanley ones, but one nice case, with all tools always put back in their space","I even have most of these spanners, nice stanley ones, but one nice case, with all tools always put back in their space",,true
mcp_whatsapp_number_1_archive_akber_khan_00615,akber_khan-00615,Akbar Khan,whatsapp-number-1,archive::akbar_khan,Akbar Khan,2026-03-15T22:09:44,David,false,chat,"cant stand working with tools that bend, go shit etc","cant stand working with tools that bend, go shit etc",,true
mcp_whatsapp_number_1_archive_akber_khan_00616,akber_khan-00616,Akbar Khan,whatsapp-number-1,archive::akbar_khan,Akbar Khan,2026-03-15T22:11:45,David,false,chat,a bunch of knifes to cut up the previous owners dreams,a bunch of knifes to cut up the previous owners dreams,,true
mcp_whatsapp_number_1_archive_akber_khan_00617,akber_khan-00617,Akbar Khan,whatsapp-number-1,archive::akbar_khan,Akbar Khan,2026-03-15T22:13:46,David,false,chat,you have no idea how much of this I inherited and sacrificed because I was living here,you have no idea how much of this I inherited and sacrificed because I was living here,,true
mcp_whatsapp_number_1_archive_akber_khan_00618,akber_khan-00618,Akbar Khan,whatsapp-number-1,archive::akbar_khan,Akbar Khan,2026-03-15T22:14:22,Akbar Khan,false,chat,Lol I totally understand bro,Lol I totally understand bro,,true
mcp_whatsapp_number_1_archive_akber_khan_00619,akber_khan-00619,Akbar Khan,whatsapp-number-1,archive::akbar_khan,Akbar Khan,2026-03-15T22:14:43,Akbar Khan,false,chat,Btw. I found a nice toolbox much like my own on this import site. Just trying to find it again,Btw. I found a nice toolbox much like my own on this import site. Just trying to find it again,,true
mcp_whatsapp_number_1_archive_akber_khan_00620,akber_khan-00620,Akbar Khan,whatsapp-number-1,archive::akbar_khan,Akbar Khan,2026-03-15T22:17:00,Akbar Khan,false,chat,https://www.toolsmart.pk/products/licota-57pcs-tool-box-set-w-steel-box,https://www.toolsmart.pk/products/licota-57pcs-tool-box-set-w-steel-box,toolsmart,true
mcp_whatsapp_number_1_archive_akber_khan_00621,akber_khan-00621,Akbar Khan,whatsapp-number-1,archive::akbar_khan,Akbar Khan,2026-03-15T22:17:09,Akbar Khan,false,chat,"Same box but I use those ""total"" tools","Same box but I use those ""total"" tools",,true
mcp_whatsapp_number_1_archive_akber_khan_00622,akber_khan-00622,Akbar Khan,whatsapp-number-1,archive::akbar_khan,Akbar Khan,2026-03-15T22:18:27,Akbar Khan,false,chat,‎This message was deleted.,This message was deleted.,,true
mcp_whatsapp_number_1_archive_akber_khan_00623,akber_khan-00623,Akbar Khan,whatsapp-number-1,archive::akbar_khan,Akbar Khan,2026-03-15T22:18:28,Akbar Khan,false,chat,"‎This message was deleted. [15/03/2026, 22:19:32] Akbar Khan:","This message was deleted. [15/03/2026, 22:19:32] Akbar Khan:",akbar,true
mcp_whatsapp_number_1_archive_akber_khan_00624,akber_khan-00624,Akbar Khan,whatsapp-number-1,archive::akbar_khan,Akbar Khan,2026-03-15T22:19:33,Akbar Khan,false,chat,‎,,,true
mcp_whatsapp_number_1_archive_akber_khan_00625,akber_khan-00625,Akbar Khan,whatsapp-number-1,archive::akbar_khan,Akbar Khan,2026-03-15T22:19:33,Akbar Khan,false,chat,‎,,,true
mcp_whatsapp_number_1_archive_akber_khan_00626,akber_khan-00626,Akbar Khan,whatsapp-number-1,archive::akbar_khan,Akbar Khan,2026-03-15T22:19:33,Akbar Khan,false,chat,‎,,,true
mcp_whatsapp_number_1_archive_akber_khan_00627,akber_khan-00627,Akbar Khan,whatsapp-number-1,archive::akbar_khan,Akbar Khan,2026-03-15T22:19:34,Akbar Khan,false,chat,‎,,,true
mcp_whatsapp_number_1_archive_akber_khan_00628,akber_khan-00628,Akbar Khan,whatsapp-number-1,archive::akbar_khan,Akbar Khan,2026-03-15T22:19:35,Akbar Khan,false,chat,‎,,,true
mcp_whatsapp_number_1_archive_akber_khan_00629,akber_khan-00629,Akbar Khan,whatsapp-number-1,archive::akbar_khan,Akbar Khan,2026-03-15T22:19:35,Akbar Khan,false,chat,‎,,,true
mcp_whatsapp_number_1_archive_akber_khan_00630,akber_khan-00630,Akbar Khan,whatsapp-number-1,archive::akbar_khan,Akbar Khan,2026-03-15T22:19:45,Akbar Khan,false,chat,These bags are pretty handy also to keep organized.,These bags are pretty handy also to keep organized.,,true
mcp_whatsapp_number_1_archive_akber_khan_00631,akber_khan-00631,Akbar Khan,whatsapp-number-1,archive::akbar_khan,Akbar Khan,2026-03-15T22:20:56,Akbar Khan,false,chat,I would have likely gotten this if I was starting from scratch. If u want to check their quality I can show u some of my stuff ‎,I would have likely gotten this if I was starting from scratch. If u want to check their quality I can show u some of my stuff,,true
mcp_whatsapp_number_1_archive_akber_khan_00632,akber_khan-00632,Akbar Khan,whatsapp-number-1,archive::akbar_khan,Akbar Khan,2026-03-15T22:20:57,Akbar Khan,false,chat,I would have likely gotten this if I was starting from scratch. If u want to check their quality I can show u some of my stuff ‎,I would have likely gotten this if I was starting from scratch. If u want to check their quality I can show u some of my stuff,,true
mcp_whatsapp_number_1_archive_akber_khan_00633,akber_khan-00633,Akbar Khan,whatsapp-number-1,archive::akbar_khan,Akbar Khan,2026-03-15T22:21:42,Akbar Khan,false,chat,‎,,,true
mcp_whatsapp_number_1_archive_akber_khan_00634,akber_khan-00634,Akbar Khan,whatsapp-number-1,archive::akbar_khan,Akbar Khan,2026-03-15T22:21:44,Akbar Khan,false,chat,‎,,,true
mcp_whatsapp_number_1_archive_akber_khan_00635,akber_khan-00635,Akbar Khan,whatsapp-number-1,archive::akbar_khan,Akbar Khan,2026-03-15T22:21:59,Akbar Khan,false,chat,I know it's Chinese... But it's much better then most crap I bought here,I know it's Chinese... But it's much better then most crap I bought here,,true
mcp_whatsapp_number_1_archive_akber_khan_00636,akber_khan-00636,Akbar Khan,whatsapp-number-1,archive::akbar_khan,Akbar Khan,2026-03-15T22:24:45,Akbar Khan,false,chat,These guys too ingco ‎,These guys too ingco,,true
mcp_whatsapp_number_1_archive_akber_khan_00637,akber_khan-00637,Akbar Khan,whatsapp-number-1,archive::akbar_khan,Akbar Khan,2026-03-15T22:24:46,Akbar Khan,false,chat,These guys too ingco ‎,These guys too ingco,,true
mcp_whatsapp_number_1_archive_akber_khan_00638,akber_khan-00638,Akbar Khan,whatsapp-number-1,archive::akbar_khan,Akbar Khan,2026-03-15T22:26:19,Akbar Khan,false,chat,Bolt taps. T rods. The electrical stuff. Power testers. Volt meters etc you'll want. U know this part better . Strippers and all that. Crimping tools,Bolt taps. T rods. The electrical stuff. Power testers. Volt meters etc you'll want. U know this part better . Strippers and all that. Crimping tools,electrical,true
mcp_whatsapp_number_1_archive_akber_khan_00639,akber_khan-00639,Akbar Khan,whatsapp-number-1,archive::akbar_khan,Akbar Khan,2026-03-15T22:26:27,Akbar Khan,false,chat,Cable dressing. Etc,Cable dressing. Etc,cable dressing,true
mcp_whatsapp_number_1_archive_akber_khan_00640,akber_khan-00640,Akbar Khan,whatsapp-number-1,archive::akbar_khan,Akbar Khan,2026-03-15T22:34:54,David,false,chat,‎,,,true
mcp_whatsapp_number_1_archive_akber_khan_00641,akber_khan-00641,Akbar Khan,whatsapp-number-1,archive::akbar_khan,Akbar Khan,2026-03-15T22:35:13,David,false,chat,"didn;t see your messages, will review. this was my list","didn;t see your messages, will review. this was my list",,true
mcp_whatsapp_number_1_archive_akber_khan_00642,akber_khan-00642,Akbar Khan,whatsapp-number-1,archive::akbar_khan,Akbar Khan,2026-03-15T22:37:19,Akbar Khan,false,chat,Air impact. You'll need a compressor of course. Total has those too. Consider Jack stands Hyrolic jack Wearable headgear light etc. ‎<This message was edited>,Air impact. You'll need a compressor of course. Total has those too. Consider Jack stands Hyrolic jack Wearable headgear light etc. <This message was edited>,,true
mcp_whatsapp_number_1_archive_akber_khan_00643,akber_khan-00643,Akbar Khan,whatsapp-number-1,archive::akbar_khan,Akbar Khan,2026-03-15T22:38:43,Akbar Khan,false,chat,U get an extension with angle grinders .. basically turns them into an elongated sander. I forget the name,U get an extension with angle grinders .. basically turns them into an elongated sander. I forget the name,,true
mcp_whatsapp_number_1_archive_akber_khan_00644,akber_khan-00644,Akbar Khan,whatsapp-number-1,archive::akbar_khan,Akbar Khan,2026-03-15T22:39:31,Akbar Khan,false,chat,You'll also want / need lots of heat shrink tubing. Cable dressing. Tapes. Connectors etc. Crimping tools etc. some additional items mentioned above in my suggested list,You'll also want / need lots of heat shrink tubing. Cable dressing. Tapes. Connectors etc. Crimping tools etc. some additional items mentioned above in my suggested list,cable dressing|heat shrink,true
mcp_whatsapp_number_1_archive_akber_khan_00645,akber_khan-00645,Akbar Khan,whatsapp-number-1,archive::akbar_khan,Akbar Khan,2026-03-15T22:39:34,David,false,chat,couldn’t find the attachements,couldn’t find the attachements,,true
mcp_whatsapp_number_1_archive_akber_khan_00646,akber_khan-00646,Akbar Khan,whatsapp-number-1,archive::akbar_khan,Akbar Khan,2026-03-15T22:39:40,Akbar Khan,false,chat,Belt sander,Belt sander,belt sander,true
mcp_whatsapp_number_1_archive_akber_khan_00647,akber_khan-00647,Akbar Khan,whatsapp-number-1,archive::akbar_khan,Akbar Khan,2026-03-15T22:39:43,David,false,chat,am assuming to rarely have to use,am assuming to rarely have to use,,true
mcp_whatsapp_number_1_archive_akber_khan_00648,akber_khan-00648,Akbar Khan,whatsapp-number-1,archive::akbar_khan,Akbar Khan,2026-03-15T22:39:54,David,false,chat,hmm. not sure about belt sanding anything,hmm. not sure about belt sanding anything,,true
mcp_whatsapp_number_1_archive_akber_khan_00649,akber_khan-00649,Akbar Khan,whatsapp-number-1,archive::akbar_khan,Akbar Khan,2026-03-15T22:40:13,David,false,chat,cheaper than the sand blaster I guess,cheaper than the sand blaster I guess,,true
mcp_whatsapp_number_1_archive_akber_khan_00650,akber_khan-00650,Akbar Khan,whatsapp-number-1,archive::akbar_khan,Akbar Khan,2026-03-15T22:40:19,Akbar Khan,false,chat,U will. Trust me. Or u can sand on a rotary,U will. Trust me. Or u can sand on a rotary,,true
mcp_whatsapp_number_1_archive_akber_khan_00651,akber_khan-00651,Akbar Khan,whatsapp-number-1,archive::akbar_khan,Akbar Khan,2026-03-15T22:40:37,David,false,chat,flat metal?,flat metal?,,true
mcp_whatsapp_number_1_archive_akber_khan_00652,akber_khan-00652,Akbar Khan,whatsapp-number-1,archive::akbar_khan,Akbar Khan,2026-03-15T22:40:42,Akbar Khan,false,chat,There is a Desi way to go about it at home also. If u have a compressor. And don't mind making a mess,There is a Desi way to go about it at home also. If u have a compressor. And don't mind making a mess,,true
mcp_whatsapp_number_1_archive_akber_khan_00653,akber_khan-00653,Akbar Khan,whatsapp-number-1,archive::akbar_khan,Akbar Khan,2026-03-15T22:41:05,David,false,chat,"oh, don’t worry, i’ve used a belt sander","oh, don’t worry, i’ve used a belt sander",belt sander,true
mcp_whatsapp_number_1_archive_akber_khan_00654,akber_khan-00654,Akbar Khan,whatsapp-number-1,archive::akbar_khan,Akbar Khan,2026-03-15T22:41:12,David,false,chat,not on a car though,not on a car though,,true
mcp_whatsapp_number_1_archive_akber_khan_00655,akber_khan-00655,Akbar Khan,whatsapp-number-1,archive::akbar_khan,Akbar Khan,2026-03-15T22:41:17,Akbar Khan,false,chat,Dremel. Increadably useful,Dremel. Increadably useful,dremel,true
mcp_whatsapp_number_1_archive_akber_khan_00656,akber_khan-00656,Akbar Khan,whatsapp-number-1,archive::akbar_khan,Akbar Khan,2026-03-15T22:42:04,Akbar Khan,false,chat,Very useful ‎,Very useful,,true
mcp_whatsapp_number_1_archive_akber_khan_00657,akber_khan-00657,Akbar Khan,whatsapp-number-1,archive::akbar_khan,Akbar Khan,2026-03-15T22:42:06,Akbar Khan,false,chat,Very useful ‎,Very useful,,true
mcp_whatsapp_number_1_archive_akber_khan_00658,akber_khan-00658,Akbar Khan,whatsapp-number-1,archive::akbar_khan,Akbar Khan,2026-03-15T22:42:15,Akbar Khan,false,chat,Cut shorted bolts. Tidy up shit,Cut shorted bolts. Tidy up shit,,true
mcp_whatsapp_number_1_archive_akber_khan_00659,akber_khan-00659,Akbar Khan,whatsapp-number-1,archive::akbar_khan,Akbar Khan,2026-03-15T22:42:16,David,false,chat,"I don’t want the case, so I can see every tool go back to its position every time anyone leaves","I don’t want the case, so I can see every tool go back to its position every time anyone leaves",,true
mcp_whatsapp_number_1_archive_akber_khan_00660,akber_khan-00660,Akbar Khan,whatsapp-number-1,archive::akbar_khan,Akbar Khan,2026-03-15T22:42:44,David,false,chat,used to have,used to have,,true
mcp_whatsapp_number_1_archive_akber_khan_00661,akber_khan-00661,Akbar Khan,whatsapp-number-1,archive::akbar_khan,Akbar Khan,2026-03-15T22:43:02,David,false,chat,"hmm, post-extraction I assume","hmm, post-extraction I assume",,true
mcp_whatsapp_number_1_archive_akber_khan_00662,akber_khan-00662,Akbar Khan,whatsapp-number-1,archive::akbar_khan,Akbar Khan,2026-03-15T22:43:49,David,false,chat,different site though https://www.toolsmart.pk/search?type=product&q=bench+grinder,different site though https://www.toolsmart.pk/search?type=product&q=bench+grinder,toolsmart,true
mcp_whatsapp_number_1_archive_akber_khan_00663,akber_khan-00663,Akbar Khan,whatsapp-number-1,archive::akbar_khan,Akbar Khan,2026-03-15T22:43:55,Akbar Khan,false,chat,Tap set for stripped bolts. I'm guessing you'll find a few ‎,Tap set for stripped bolts. I'm guessing you'll find a few,tap set,true
mcp_whatsapp_number_1_archive_akber_khan_00664,akber_khan-00664,Akbar Khan,whatsapp-number-1,archive::akbar_khan,Akbar Khan,2026-03-15T22:43:57,Akbar Khan,false,chat,Tap set for stripped bolts. I'm guessing you'll find a few ‎,Tap set for stripped bolts. I'm guessing you'll find a few,tap set,true
mcp_whatsapp_number_1_archive_akber_khan_00665,akber_khan-00665,Akbar Khan,whatsapp-number-1,archive::akbar_khan,Akbar Khan,2026-03-15T22:44:10,David,false,chat,oh. I have a vintage set of those somewhere,oh. I have a vintage set of those somewhere,,true
mcp_whatsapp_number_1_archive_akber_khan_00666,akber_khan-00666,Akbar Khan,whatsapp-number-1,archive::akbar_khan,Akbar Khan,2026-03-15T22:45:00,Akbar Khan,false,chat,Vintage is best. Also it's been great to have good bolts etc. everything here is either Pakistani or refinished and sometimes a pain. Just best to have a full set of washers and bolts etc ready to go,Vintage is best. Also it's been great to have good bolts etc. everything here is either Pakistani or refinished and sometimes a pain. Just best to have a full set of washers and bolts etc ready to go,,true
mcp_whatsapp_number_1_archive_akber_khan_00667,akber_khan-00667,Akbar Khan,whatsapp-number-1,archive::akbar_khan,Akbar Khan,2026-03-15T22:45:24,Akbar Khan,false,chat,‎,,,true
mcp_whatsapp_number_1_archive_akber_khan_00668,akber_khan-00668,Akbar Khan,whatsapp-number-1,archive::akbar_khan,Akbar Khan,2026-03-15T22:45:25,Akbar Khan,false,chat,‎,,,true
mcp_whatsapp_number_1_archive_akber_khan_00669,akber_khan-00669,Akbar Khan,whatsapp-number-1,archive::akbar_khan,Akbar Khan,2026-03-15T22:45:38,Akbar Khan,false,chat,Grommet sets.,Grommet sets.,grommet,true
mcp_whatsapp_number_1_archive_akber_khan_00670,akber_khan-00670,Akbar Khan,whatsapp-number-1,archive::akbar_khan,Akbar Khan,2026-03-15T22:47:12,Akbar Khan,false,chat,Dielectric grease etc . Copper grease for breaks,Dielectric grease etc . Copper grease for breaks,,true
mcp_whatsapp_number_1_archive_akber_khan_00671,akber_khan-00671,Akbar Khan,whatsapp-number-1,archive::akbar_khan,Akbar Khan,2026-03-15T22:48:27,David,false,chat,hmm. well i’ll just going to to with 1 big tools mart order today I think,hmm. well i’ll just going to to with 1 big tools mart order today I think,order,true
mcp_whatsapp_number_1_archive_akber_khan_00672,akber_khan-00672,Akbar Khan,whatsapp-number-1,archive::akbar_khan,Akbar Khan,2026-03-15T22:48:33,David,false,chat,greaase gun,greaase gun,,true
mcp_whatsapp_number_1_archive_akber_khan_00673,akber_khan-00673,Akbar Khan,whatsapp-number-1,archive::akbar_khan,Akbar Khan,2026-03-15T22:48:35,David,false,chat,needed that,needed that,,true
mcp_whatsapp_number_1_archive_akber_khan_00674,akber_khan-00674,Akbar Khan,whatsapp-number-1,archive::akbar_khan,Akbar Khan,2026-03-15T22:48:52,David,false,chat,"some stuff its out of stock, like gromets, will get them later","some stuff its out of stock, like gromets, will get them later",,true
mcp_whatsapp_number_1_archive_akber_khan_00675,akber_khan-00675,Akbar Khan,whatsapp-number-1,archive::akbar_khan,Akbar Khan,2026-03-15T22:49:00,Akbar Khan,false,chat,A whole lot of this. Don't get them here. Must for tidy wiring ‎,A whole lot of this. Don't get them here. Must for tidy wiring,wiring,true
mcp_whatsapp_number_1_archive_akber_khan_00676,akber_khan-00676,Akbar Khan,whatsapp-number-1,archive::akbar_khan,Akbar Khan,2026-03-15T22:49:01,Akbar Khan,false,chat,A whole lot of this. Don't get them here. Must for tidy wiring ‎,A whole lot of this. Don't get them here. Must for tidy wiring,wiring,true
mcp_whatsapp_number_1_archive_akber_khan_00677,akber_khan-00677,Akbar Khan,whatsapp-number-1,archive::akbar_khan,Akbar Khan,2026-03-15T22:49:16,Akbar Khan,false,chat,Ok..I found them on daraz etc.,Ok..I found them on daraz etc.,daraz,true
mcp_whatsapp_number_1_archive_akber_khan_00678,akber_khan-00678,Akbar Khan,whatsapp-number-1,archive::akbar_khan,Akbar Khan,2026-03-15T22:50:00,Akbar Khan,false,chat,Cable sleeves or pipes ‎,Cable sleeves or pipes,,true
mcp_whatsapp_number_1_archive_akber_khan_00679,akber_khan-00679,Akbar Khan,whatsapp-number-1,archive::akbar_khan,Akbar Khan,2026-03-15T22:50:02,Akbar Khan,false,chat,Cable sleeves or pipes ‎,Cable sleeves or pipes,,true
mcp_whatsapp_number_1_archive_akber_khan_00680,akber_khan-00680,Akbar Khan,whatsapp-number-1,archive::akbar_khan,Akbar Khan,2026-03-15T22:50:35,David,false,chat,‎,,,true
mcp_whatsapp_number_1_archive_akber_khan_00681,akber_khan-00681,Akbar Khan,whatsapp-number-1,archive::akbar_khan,Akbar Khan,2026-03-15T22:50:36,David,false,chat,‎,,,true
mcp_whatsapp_number_1_archive_akber_khan_00682,akber_khan-00682,Akbar Khan,whatsapp-number-1,archive::akbar_khan,Akbar Khan,2026-03-15T22:50:49,David,false,chat,I want to get a whole cable set,I want to get a whole cable set,,true
mcp_whatsapp_number_1_archive_akber_khan_00683,akber_khan-00683,Akbar Khan,whatsapp-number-1,archive::akbar_khan,Akbar Khan,2026-03-15T22:51:14,David,false,chat,"where nobody fucks with anything part-way, even with a proper joiner","where nobody fucks with anything part-way, even with a proper joiner",,true
mcp_whatsapp_number_1_archive_akber_khan_00684,akber_khan-00684,Akbar Khan,whatsapp-number-1,archive::akbar_khan,Akbar Khan,2026-03-15T22:51:23,David,false,chat,"so, a separate purchase","so, a separate purchase",,true
mcp_whatsapp_number_1_archive_akber_khan_00685,akber_khan-00685,Akbar Khan,whatsapp-number-1,archive::akbar_khan,Akbar Khan,2026-03-15T22:51:34,Akbar Khan,false,chat,Cable set ? Oh u mean the engine and accessory harness,Cable set ? Oh u mean the engine and accessory harness,engine|harness,true
mcp_whatsapp_number_1_archive_akber_khan_00686,akber_khan-00686,Akbar Khan,whatsapp-number-1,archive::akbar_khan,Akbar Khan,2026-03-15T22:51:44,David,false,chat,the full shebang,the full shebang,,true
mcp_whatsapp_number_1_archive_akber_khan_00687,akber_khan-00687,Akbar Khan,whatsapp-number-1,archive::akbar_khan,Akbar Khan,2026-03-15T22:51:52,Akbar Khan,false,chat,Yeah. You'll still need these. Speaker wiring. All kinds of stupid shit. Very handy,Yeah. You'll still need these. Speaker wiring. All kinds of stupid shit. Very handy,speaker|wiring,true
mcp_whatsapp_number_1_archive_akber_khan_00688,akber_khan-00688,Akbar Khan,whatsapp-number-1,archive::akbar_khan,Akbar Khan,2026-03-15T22:51:57,David,false,chat,don’t want to encourage any ‘just join this to this',don’t want to encourage any ‘just join this to this',,true
mcp_whatsapp_number_1_archive_akber_khan_00689,akber_khan-00689,Akbar Khan,whatsapp-number-1,archive::akbar_khan,Akbar Khan,2026-03-15T22:52:03,David,false,chat,"sure, but","sure, but",,true
mcp_whatsapp_number_1_archive_akber_khan_00690,akber_khan-00690,Akbar Khan,whatsapp-number-1,archive::akbar_khan,Akbar Khan,2026-03-15T22:52:06,Akbar Khan,false,chat,Fog lights yada yada..,Fog lights yada yada..,,true
mcp_whatsapp_number_1_archive_akber_khan_00691,akber_khan-00691,Akbar Khan,whatsapp-number-1,archive::akbar_khan,Akbar Khan,2026-03-15T22:52:12,David,false,chat,i’m sure,i’m sure,,true
mcp_whatsapp_number_1_archive_akber_khan_00692,akber_khan-00692,Akbar Khan,whatsapp-number-1,archive::akbar_khan,Akbar Khan,2026-03-15T22:52:16,Akbar Khan,false,chat,Ok,Ok,,true
mcp_whatsapp_number_1_archive_akber_khan_00693,akber_khan-00693,Akbar Khan,whatsapp-number-1,archive::akbar_khan,Akbar Khan,2026-03-15T22:52:36,David,false,chat,"ok, cabling aside","ok, cabling aside",,true
mcp_whatsapp_number_1_archive_akber_khan_00694,akber_khan-00694,Akbar Khan,whatsapp-number-1,archive::akbar_khan,Akbar Khan,2026-03-15T22:52:40,Akbar Khan,false,chat,I'm just trying to remember what all I ended up having to use a lot,I'm just trying to remember what all I ended up having to use a lot,,true
mcp_whatsapp_number_1_archive_akber_khan_00695,akber_khan-00695,Akbar Khan,whatsapp-number-1,archive::akbar_khan,Akbar Khan,2026-03-15T22:52:45,Akbar Khan,false,chat,Rust reformer !!,Rust reformer !!,rust,true
mcp_whatsapp_number_1_archive_akber_khan_00696,akber_khan-00696,Akbar Khan,whatsapp-number-1,archive::akbar_khan,Akbar Khan,2026-03-15T22:52:54,David,false,chat,gromets out of stock,gromets out of stock,,true
mcp_whatsapp_number_1_archive_akber_khan_00697,akber_khan-00697,Akbar Khan,whatsapp-number-1,archive::akbar_khan,Akbar Khan,2026-03-15T22:56:58,Akbar Khan,false,chat,My retard painter just called. The guy I said was very good with his work but a dildo otherwise,My retard painter just called. The guy I said was very good with his work but a dildo otherwise,,true
mcp_whatsapp_number_1_archive_akber_khan_00698,akber_khan-00698,Akbar Khan,whatsapp-number-1,archive::akbar_khan,Akbar Khan,2026-03-15T22:57:13,Akbar Khan,false,chat,What time should I call him to the house ? Let's have him see it and start getting inputs,What time should I call him to the house ? Let's have him see it and start getting inputs,,true
mcp_whatsapp_number_1_archive_akber_khan_00699,akber_khan-00699,Akbar Khan,whatsapp-number-1,archive::akbar_khan,Akbar Khan,2026-03-15T22:57:37,David,false,chat,no results for rust reformer,no results for rust reformer,rust,true
mcp_whatsapp_number_1_archive_akber_khan_00700,akber_khan-00700,Akbar Khan,whatsapp-number-1,archive::akbar_khan,Akbar Khan,2026-03-15T22:57:56,David,false,chat,what would he propose? this painer?,what would he propose? this painer?,,true
mcp_whatsapp_number_1_archive_akber_khan_00701,akber_khan-00701,Akbar Khan,whatsapp-number-1,archive::akbar_khan,Akbar Khan,2026-03-15T22:57:56,Akbar Khan,false,chat,Daraz. I just bought it... Rust-Oleum rust reformer,Daraz. I just bought it... Rust-Oleum rust reformer,daraz|rust,true
mcp_whatsapp_number_1_archive_akber_khan_00702,akber_khan-00702,Akbar Khan,whatsapp-number-1,archive::akbar_khan,Akbar Khan,2026-03-15T22:58:09,David,false,chat,"oh, cool. thnaks","oh, cool. thnaks",,true
mcp_whatsapp_number_1_archive_akber_khan_00703,akber_khan-00703,Akbar Khan,whatsapp-number-1,archive::akbar_khan,Akbar Khan,2026-03-15T22:58:24,David,false,chat,my list ia good to go?,my list ia good to go?,,true
mcp_whatsapp_number_1_archive_akber_khan_00704,akber_khan-00704,Akbar Khan,whatsapp-number-1,archive::akbar_khan,Akbar Khan,2026-03-15T22:58:33,Akbar Khan,false,chat,Down to how u want it and what's possible. In terms of rust inspection correction. Etc etc. Paint strategy so on. Under costing yada yada,Down to how u want it and what's possible. In terms of rust inspection correction. Etc etc. Paint strategy so on. Under costing yada yada,inspection|paint|rust,true
mcp_whatsapp_number_1_archive_akber_khan_00705,akber_khan-00705,Akbar Khan,whatsapp-number-1,archive::akbar_khan,Akbar Khan,2026-03-15T22:59:00,David,false,chat,"right. I can give him my roof and back doors, and they should come back perfect you mean","right. I can give him my roof and back doors, and they should come back perfect you mean",roof,true
mcp_whatsapp_number_1_archive_akber_khan_00706,akber_khan-00706,Akbar Khan,whatsapp-number-1,archive::akbar_khan,Akbar Khan,2026-03-15T22:59:01,Akbar Khan,false,chat,Yup why not. Add a Dremel if u can. Dunno about u but I used the fuck out of it.,Yup why not. Add a Dremel if u can. Dunno about u but I used the fuck out of it.,dremel,true
mcp_whatsapp_number_1_archive_akber_khan_00707,akber_khan-00707,Akbar Khan,whatsapp-number-1,archive::akbar_khan,Akbar Khan,2026-03-15T22:59:23,David,false,chat,"yeah, I htink I have one, but anyqy","yeah, I htink I have one, but anyqy",,true
mcp_whatsapp_number_1_archive_akber_khan_00708,akber_khan-00708,Akbar Khan,whatsapp-number-1,archive::akbar_khan,Akbar Khan,2026-03-15T22:59:26,Akbar Khan,false,chat,Yup. More then that. Let him inspect the car and pull a few things off the floor pan and let's see,Yup. More then that. Let him inspect the car and pull a few things off the floor pan and let's see,floor,true
mcp_whatsapp_number_1_archive_akber_khan_00709,akber_khan-00709,Akbar Khan,whatsapp-number-1,archive::akbar_khan,Akbar Khan,2026-03-15T23:00:05,David,false,chat,36k for a dremel on this site,36k for a dremel on this site,dremel,true
mcp_whatsapp_number_1_archive_akber_khan_00710,akber_khan-00710,Akbar Khan,whatsapp-number-1,archive::akbar_khan,Akbar Khan,2026-03-15T23:00:13,Akbar Khan,false,chat,Nope,Nope,,true
mcp_whatsapp_number_1_archive_akber_khan_00711,akber_khan-00711,Akbar Khan,whatsapp-number-1,archive::akbar_khan,Akbar Khan,2026-03-15T23:00:23,Akbar Khan,false,chat,We can get it later. Let's just start,We can get it later. Let's just start,,true
mcp_whatsapp_number_1_archive_akber_khan_00712,akber_khan-00712,Akbar Khan,whatsapp-number-1,archive::akbar_khan,Akbar Khan,2026-03-15T23:00:46,David,false,chat,"as I said, I think i have one anyway","as I said, I think i have one anyway",,true
mcp_whatsapp_number_1_archive_akber_khan_00713,akber_khan-00713,Akbar Khan,whatsapp-number-1,archive::akbar_khan,Akbar Khan,2026-03-15T23:00:53,Akbar Khan,false,chat,Wire coils and all that u know better. Fuses etc..,Wire coils and all that u know better. Fuses etc..,wire,true
mcp_whatsapp_number_1_archive_akber_khan_00714,akber_khan-00714,Akbar Khan,whatsapp-number-1,archive::akbar_khan,Akbar Khan,2026-03-15T23:01:04,Akbar Khan,false,chat,What time should I call the guy over ?,What time should I call the guy over ?,,true
mcp_whatsapp_number_1_archive_akber_khan_00715,akber_khan-00715,Akbar Khan,whatsapp-number-1,archive::akbar_khan,Akbar Khan,2026-03-15T23:01:10,Akbar Khan,false,chat,12 ?,12 ?,,true
mcp_whatsapp_number_1_archive_akber_khan_00716,akber_khan-00716,Akbar Khan,whatsapp-number-1,archive::akbar_khan,Akbar Khan,2026-03-15T23:01:16,Akbar Khan,false,chat,11?,11?,,true
mcp_whatsapp_number_1_archive_akber_khan_00717,akber_khan-00717,Akbar Khan,whatsapp-number-1,archive::akbar_khan,Akbar Khan,2026-03-15T23:02:22,Akbar Khan,false,chat,Telling him 11.,Telling him 11.,,true
mcp_whatsapp_number_1_archive_akber_khan_00718,akber_khan-00718,Akbar Khan,whatsapp-number-1,archive::akbar_khan,Akbar Khan,2026-03-15T23:02:25,David,false,chat,i’m free ti 1,i’m free ti 1,,true
mcp_whatsapp_number_1_archive_akber_khan_00719,akber_khan-00719,Akbar Khan,whatsapp-number-1,archive::akbar_khan,Akbar Khan,2026-03-15T23:02:29,David,false,chat,"sure, 11 is fine","sure, 11 is fine",,true
mcp_whatsapp_number_1_archive_akber_khan_00720,akber_khan-00720,Akbar Khan,whatsapp-number-1,archive::akbar_khan,Akbar Khan,2026-03-15T23:02:33,Akbar Khan,false,chat,Ok,Ok,,true
mcp_whatsapp_number_1_archive_akber_khan_00721,akber_khan-00721,Akbar Khan,whatsapp-number-1,archive::akbar_khan,Akbar Khan,2026-03-15T23:04:54,David,false,chat,don’t suppose you know anyone that is good at their work and not a dildo 🙂,don’t suppose you know anyone that is good at their work and not a dildo 🙂,,true
mcp_whatsapp_number_1_archive_akber_khan_00722,akber_khan-00722,Akbar Khan,whatsapp-number-1,archive::akbar_khan,Akbar Khan,2026-03-15T23:05:46,Akbar Khan,false,chat,Lol yes.. but ultra expensive. See the thing is. It's down to people management. I know this fucker is good. I know I can potentially get him to work how u want to do it rather then how he would find it easier. Stuff like that,Lol yes.. but ultra expensive. See the thing is. It's down to people management. I know this fucker is good. I know I can potentially get him to work how u want to do it rather then how he would find it easier. Stuff like that,,true
mcp_whatsapp_number_1_archive_akber_khan_00723,akber_khan-00723,Akbar Khan,whatsapp-number-1,archive::akbar_khan,Akbar Khan,2026-03-15T23:06:09,David,false,chat,"its fine, i’m hard pushed to fine anyone thats not a dildo","its fine, i’m hard pushed to fine anyone thats not a dildo",,true
mcp_whatsapp_number_1_archive_akber_khan_00724,akber_khan-00724,Akbar Khan,whatsapp-number-1,archive::akbar_khan,Akbar Khan,2026-03-15T23:06:25,David,false,chat,let alone good at anythin,let alone good at anythin,,true
mcp_whatsapp_number_1_archive_akber_khan_00725,akber_khan-00725,Akbar Khan,whatsapp-number-1,archive::akbar_khan,Akbar Khan,2026-03-15T23:06:38,Akbar Khan,false,chat,Lol. No it should be fine.,Lol. No it should be fine.,,true
mcp_whatsapp_number_1_archive_akber_khan_00726,akber_khan-00726,Akbar Khan,whatsapp-number-1,archive::akbar_khan,Akbar Khan,2026-03-15T23:06:47,Akbar Khan,false,chat,He did the black and white car.,He did the black and white car.,,true
mcp_whatsapp_number_1_archive_akber_khan_00727,akber_khan-00727,Akbar Khan,whatsapp-number-1,archive::akbar_khan,Akbar Khan,2026-03-15T23:07:23,Akbar Khan,false,chat,"His dad was ""the"" best dude in all of Lahore. She learnt off him etc etc.","His dad was ""the"" best dude in all of Lahore. She learnt off him etc etc.",,true
mcp_whatsapp_number_1_archive_akber_khan_00728,akber_khan-00728,Akbar Khan,whatsapp-number-1,archive::akbar_khan,Akbar Khan,2026-03-15T23:07:31,Akbar Khan,false,chat,For all else. Money talks,For all else. Money talks,,true
mcp_whatsapp_number_1_archive_akber_khan_00729,akber_khan-00729,Akbar Khan,whatsapp-number-1,archive::akbar_khan,Akbar Khan,2026-03-15T23:07:58,David,false,chat,so long as you know how to deal with him,so long as you know how to deal with him,,true
mcp_whatsapp_number_1_archive_akber_khan_00730,akber_khan-00730,Akbar Khan,whatsapp-number-1,archive::akbar_khan,Akbar Khan,2026-03-15T23:08:22,David,false,chat,so. if I did want him to go sand-blast a door and start from scratch for example,so. if I did want him to go sand-blast a door and start from scratch for example,door,true
mcp_whatsapp_number_1_archive_akber_khan_00731,akber_khan-00731,Akbar Khan,whatsapp-number-1,archive::akbar_khan,Akbar Khan,2026-03-15T23:08:29,Akbar Khan,false,chat,Yeah. Managed my time. Don't see why this time.,Yeah. Managed my time. Don't see why this time.,,true
mcp_whatsapp_number_1_archive_akber_khan_00732,akber_khan-00732,Akbar Khan,whatsapp-number-1,archive::akbar_khan,Akbar Khan,2026-03-15T23:09:03,Akbar Khan,false,chat,Yup. He should have a solution. Although they are all used to sanding and building over. Let's have a detailed chat. Tomorrow 11am. My place,Yup. He should have a solution. Although they are all used to sanding and building over. Let's have a detailed chat. Tomorrow 11am. My place,,true
mcp_whatsapp_number_1_archive_akber_khan_00733,akber_khan-00733,Akbar Khan,whatsapp-number-1,archive::akbar_khan,Akbar Khan,2026-03-15T23:11:30,David,false,chat,sure,sure,,true
mcp_whatsapp_number_1_archive_akber_khan_00734,akber_khan-00734,Akbar Khan,whatsapp-number-1,archive::akbar_khan,Akbar Khan,2026-03-15T23:12:17,David,false,chat,how is he at fixed pricing?,how is he at fixed pricing?,,true
mcp_whatsapp_number_1_archive_akber_khan_00735,akber_khan-00735,Akbar Khan,whatsapp-number-1,archive::akbar_khan,Akbar Khan,2026-03-15T23:13:45,Akbar Khan,false,chat,One can have a chat.,One can have a chat.,,true
mcp_whatsapp_number_1_archive_akber_khan_00736,akber_khan-00736,Akbar Khan,whatsapp-number-1,archive::akbar_khan,Akbar Khan,2026-03-15T23:14:00,Akbar Khan,false,chat,There is a per panel charge typically.,There is a per panel charge typically.,panel,true
mcp_whatsapp_number_1_archive_akber_khan_00737,akber_khan-00737,Akbar Khan,whatsapp-number-1,archive::akbar_khan,Akbar Khan,2026-03-15T23:14:43,Akbar Khan,false,chat,Oh btw. Reminder. To call the oil guy and sort that tomorrow for sure. Including the engine flush. He should have sorted the oil filter by then,Oh btw. Reminder. To call the oil guy and sort that tomorrow for sure. Including the engine flush. He should have sorted the oil filter by then,engine|filter|flush|oil,true
mcp_whatsapp_number_1_archive_akber_khan_00738,akber_khan-00738,Akbar Khan,whatsapp-number-1,archive::akbar_khan,Akbar Khan,2026-03-15T23:15:06,Akbar Khan,false,chat,Also. Be sure to Google the quantity. So u both agree on it. For obvious reasons .,Also. Be sure to Google the quantity. So u both agree on it. For obvious reasons .,,true
mcp_whatsapp_number_1_archive_akber_khan_00739,akber_khan-00739,Akbar Khan,whatsapp-number-1,archive::akbar_khan,Akbar Khan,2026-03-15T23:19:43,David,false,chat,fucks sake I don’t normally get up until 1pm,fucks sake I don’t normally get up until 1pm,,true
mcp_whatsapp_number_1_archive_akber_khan_00740,akber_khan-00740,Akbar Khan,whatsapp-number-1,archive::akbar_khan,Akbar Khan,2026-03-15T23:19:57,David,false,chat,you have me doing 2 jobs before that,you have me doing 2 jobs before that,,true
mcp_whatsapp_number_1_archive_akber_khan_00741,akber_khan-00741,Akbar Khan,whatsapp-number-1,archive::akbar_khan,Akbar Khan,2026-03-15T23:20:04,David,false,chat,bloody task master,bloody task master,,true
mcp_whatsapp_number_1_archive_akber_khan_00742,akber_khan-00742,Akbar Khan,whatsapp-number-1,archive::akbar_khan,Akbar Khan,2026-03-15T23:20:45,David,false,chat,"yeah, actually he has my number, I don’t have his","yeah, actually he has my number, I don’t have his",,true
mcp_whatsapp_number_1_archive_akber_khan_00743,akber_khan-00743,Akbar Khan,whatsapp-number-1,archive::akbar_khan,Akbar Khan,2026-03-15T23:21:12,Akbar Khan,false,chat,‎,,,true
mcp_whatsapp_number_1_archive_akber_khan_00744,akber_khan-00744,Akbar Khan,whatsapp-number-1,archive::akbar_khan,Akbar Khan,2026-03-15T23:21:22,Akbar Khan,false,chat,Omar being the owner / guy in shorts today,Omar being the owner / guy in shorts today,,true
mcp_whatsapp_number_1_archive_akber_khan_00745,akber_khan-00745,Akbar Khan,whatsapp-number-1,archive::akbar_khan,Akbar Khan,2026-03-15T23:21:29,David,false,chat,cool,cool,,true
mcp_whatsapp_number_1_archive_akber_khan_00746,akber_khan-00746,Akbar Khan,whatsapp-number-1,archive::akbar_khan,Akbar Khan,2026-03-15T23:21:35,Akbar Khan,false,chat,K I'm signing off. Bed time. Catch u at 11 !,K I'm signing off. Bed time. Catch u at 11 !,,true
mcp_whatsapp_number_1_archive_akber_khan_00747,akber_khan-00747,Akbar Khan,whatsapp-number-1,archive::akbar_khan,Akbar Khan,2026-03-16T04:11:05,David,false,chat,are you upping the game here? undrivable for 12 months was it?,are you upping the game here? undrivable for 12 months was it?,,true
mcp_whatsapp_number_2_false_120363408465558195_g_us_ac02d4d1932c554894cd1c825bef2c48_232877656666113_lid,false_120363408465558195@g.us_AC02D4D1932C554894CD1C825BEF2C48_232877656666113@lid,Fj40,whatsapp-number-2,120363408465558195@g.us,Fj40,2026-03-16T09:12:57.000Z,232877656666113,false,chat,"My two cents:

Do the work at the workshop.

Differentiate between what you need to DIY and what the pros need to do. Whether electrical, body or mechanical work.","My two cents: Do the work at the workshop. Differentiate between what you need to DIY and what the pros need to do. Whether electrical, body or mechanical work.",body|electrical,true
mcp_whatsapp_number_2_false_120363408465558195_g_us_ac103d85e665ad98dfa3de0a83c77c55_232877656666113_lid,false_120363408465558195@g.us_AC103D85E665AD98DFA3DE0A83C77C55_232877656666113@lid,Fj40,whatsapp-number-2,120363408465558195@g.us,Fj40,2026-03-16T10:31:03.000Z,232877656666113,false,image,,,,true
mcp_whatsapp_number_2_false_120363408465558195_g_us_ac4a36a6f6e978feee41f63b523fe514_232877656666113_lid,false_120363408465558195@g.us_AC4A36A6F6E978FEEE41F63B523FE514_232877656666113@lid,Fj40,whatsapp-number-2,120363408465558195@g.us,Fj40,2026-03-16T10:31:04.000Z,232877656666113,false,unknown,,,,true
mcp_whatsapp_number_2_false_120363408465558195_g_us_acc428248539c3f4ca920feeb6324882_232877656666113_lid,false_120363408465558195@g.us_ACC428248539C3F4CA920FEEB6324882_232877656666113@lid,Fj40,whatsapp-number-2,120363408465558195@g.us,Fj40,2026-03-16T10:31:21.000Z,232877656666113,false,chat,@190950068514824 now you have to go and do your biometric. And show this.,@190950068514824 now you have to go and do your biometric. And show this.,,true
mcp_whatsapp_number_2_false_120363408465558195_g_us_acb1b3e555963d6b357e8e43fab18580_190950068514824_lid,false_120363408465558195@g.us_ACB1B3E555963D6B357E8E43FAB18580_190950068514824@lid,Fj40,whatsapp-number-2,120363408465558195@g.us,Fj40,2026-03-16T10:36:15.000Z,190950068514824,false,chat,Any nadra office?,Any nadra office?,,true
mcp_whatsapp_number_2_false_120363408465558195_g_us_ac1fd3a0cd8d4b862fb2d4e81fbbae91_62917110190266_lid,false_120363408465558195@g.us_AC1FD3A0CD8D4B862FB2D4E81FBBAE91_62917110190266@lid,Fj40,whatsapp-number-2,120363408465558195@g.us,Fj40,2026-03-16T10:39:41.000Z,62917110190266,false,chat,Same place we went in y block will do it,Same place we went in y block will do it,,true
mcp_whatsapp_number_2_false_120363408465558195_g_us_ac842432481b79d766f93ffeccaf3624_62917110190266_lid,false_120363408465558195@g.us_AC842432481B79D766F93FFECCAF3624_62917110190266@lid,Fj40,whatsapp-number-2,120363408465558195@g.us,Fj40,2026-03-16T10:39:48.000Z,62917110190266,false,chat,Don't bother with other crowded places,Don't bother with other crowded places,,true
mcp_whatsapp_number_2_false_120363408465558195_g_us_ac816e464a388c4d2b6609afce8416af_62917110190266_lid,false_120363408465558195@g.us_AC816E464A388C4D2B6609AFCE8416AF_62917110190266@lid,Fj40,whatsapp-number-2,120363408465558195@g.us,Fj40,2026-03-16T10:40:03.000Z,62917110190266,false,chat,Just show them this. Your NIC card and put ur finger in them,Just show them this. Your NIC card and put ur finger in them,,true
mcp_whatsapp_number_2_false_120363408465558195_g_us_ac88e9583122b27b5c3d897af1e129c0_190950068514824_lid,false_120363408465558195@g.us_AC88E9583122B27B5C3D897AF1E129C0_190950068514824@lid,Fj40,whatsapp-number-2,120363408465558195@g.us,Fj40,2026-03-16T10:43:22.000Z,190950068514824,false,chat,And when they squeal its done?,And when they squeal its done?,,true
mcp_whatsapp_number_2_false_120363408465558195_g_us_acab330318694d2624a30cb41d70e640_62917110190266_lid,false_120363408465558195@g.us_ACAB330318694D2624A30CB41D70E640_62917110190266@lid,Fj40,whatsapp-number-2,120363408465558195@g.us,Fj40,2026-03-16T11:04:57.000Z,62917110190266,false,chat,Always,Always,,true
mcp_whatsapp_number_2_false_120363408465558195_g_us_ac6a0a5b5f86540a30c99b11a764a2d1_62917110190266_lid,false_120363408465558195@g.us_AC6A0A5B5F86540A30C99B11A764A2D1_62917110190266@lid,Fj40,whatsapp-number-2,120363408465558195@g.us,Fj40,2026-03-16T11:05:08.000Z,62917110190266,false,sticker,,,,true
mcp_whatsapp_number_1_archive_akber_khan_00748,akber_khan-00748,Akbar Khan,whatsapp-number-1,archive::akbar_khan,Akbar Khan,2026-03-16T11:06:40,Akbar Khan,false,chat,"‎Voice call, ‎Answered on other device","Voice call, Answered on other device",,true
mcp_whatsapp_number_2_false_120363408465558195_g_us_3baf23893ad3e22773a1_190950068514824_lid,false_120363408465558195@g.us_3BAF23893AD3E22773A1_190950068514824@lid,Fj40,whatsapp-number-2,120363408465558195@g.us,Fj40,2026-03-16T12:08:41.000Z,190950068514824,false,chat,"My definite workshop list:
Wheel lag - in fact I want to do a new more modern power-steering conversion
Welding and fixing of main chassis (the bits that don’t easily come off) - In fact would be open to advice whether to take it off the frame and treat that also",My definite workshop list: Wheel lag - in fact I want to do a new more modern power-steering conversion Welding and fixing of main chassis (the bits that don’t easily come off) - In fact would be open to advice whether to take it off the frame and treat that also,chassis|steering|welding,true
mcp_whatsapp_number_2_false_120363408465558195_g_us_3b3aa549e7ae7d6bbe51_190950068514824_lid,false_120363408465558195@g.us_3B3AA549E7AE7D6BBE51_190950068514824@lid,Fj40,whatsapp-number-2,120363408465558195@g.us,Fj40,2026-03-16T12:09:32.000Z,190950068514824,false,chat,"any other obvious ones??  And now the engine has been mentioned, i’m sort of intrigued what a replacement might look like (in type and cost), although still erring towards keeping this one for the moment","any other obvious ones?? And now the engine has been mentioned, i’m sort of intrigued what a replacement might look like (in type and cost), although still erring towards keeping this one for the moment",engine,true
mcp_whatsapp_number_2_false_120363408465558195_g_us_3b00bf791780ded0c0da_190950068514824_lid,false_120363408465558195@g.us_3B00BF791780DED0C0DA_190950068514824@lid,Fj40,whatsapp-number-2,120363408465558195@g.us,Fj40,2026-03-16T12:11:04.000Z,190950068514824,false,chat,"Electrician found the AC to be unplugged today, and now it appears to work, so good news there","Electrician found the AC to be unplugged today, and now it appears to work, so good news there",ac,true
mcp_whatsapp_number_2_false_120363408465558195_g_us_3ba45e5bb8fbdf92405d_190950068514824_lid,false_120363408465558195@g.us_3BA45E5BB8FBDF92405D_190950068514824@lid,Fj40,whatsapp-number-2,120363408465558195@g.us,Fj40,2026-03-16T12:11:34.000Z,190950068514824,false,chat,downside - had to call out said electrician because it wouldn’t start - replaced 3 year old battery,downside - had to call out said electrician because it wouldn’t start - replaced 3 year old battery,battery,true
mcp_whatsapp_number_2_false_120363408465558195_g_us_3b6842402d2c070a1831_190950068514824_lid,false_120363408465558195@g.us_3B6842402D2C070A1831_190950068514824@lid,Fj40,whatsapp-number-2,120363408465558195@g.us,Fj40,2026-03-16T12:12:07.000Z,190950068514824,false,chat,oil flush and change done,oil flush and change done,flush|oil,true
mcp_whatsapp_number_2_false_120363408465558195_g_us_3bca41e734eb6d2c8d90_190950068514824_lid,false_120363408465558195@g.us_3BCA41E734EB6D2C8D90_190950068514824@lid,Fj40,whatsapp-number-2,120363408465558195@g.us,Fj40,2026-03-16T12:12:44.000Z,190950068514824,false,chat,"all LEDs, speakers, front and back light bars and additional crap wiring removed","all LEDs, speakers, front and back light bars and additional crap wiring removed",wiring,true
mcp_whatsapp_number_2_false_120363408465558195_g_us_3ba874d3cf7e16fc0095_190950068514824_lid,false_120363408465558195@g.us_3BA874D3CF7E16FC0095_190950068514824@lid,Fj40,whatsapp-number-2,120363408465558195@g.us,Fj40,2026-03-16T12:13:53.000Z,190950068514824,false,chat,"one seat removed - can probably proceed with the other back seats, interior padding etc now myself for the moment","one seat removed - can probably proceed with the other back seats, interior padding etc now myself for the moment",,true
mcp_whatsapp_number_2_false_120363408465558195_g_us_3beebc3423c845224ae8_190950068514824_lid,false_120363408465558195@g.us_3BEEBC3423C845224AE8_190950068514824@lid,Fj40,whatsapp-number-2,120363408465558195@g.us,Fj40,2026-03-16T12:59:30.000Z,190950068514824,false,chat,"chatGPT is telling me remove from the frame
Steering knuckle rebuild

Kingpin bearings

Front axle seals

Brake master cylinder rebuild

Wheel hub bearings",chatGPT is telling me remove from the frame Steering knuckle rebuild Kingpin bearings Front axle seals Brake master cylinder rebuild Wheel hub bearings,brake|steering,true
mcp_whatsapp_number_2_false_120363408465558195_g_us_3b387f4b8dd9d6c7abff_190950068514824_lid,false_120363408465558195@g.us_3B387F4B8DD9D6C7ABFF_190950068514824@lid,Fj40,whatsapp-number-2,120363408465558195@g.us,Fj40,2026-03-16T12:59:41.000Z,190950068514824,false,chat,front-disc conversion was already done I think?,front-disc conversion was already done I think?,,true
mcp_whatsapp_number_2_false_120363408465558195_g_us_3bf4065937fb6c2ba3af_190950068514824_lid,false_120363408465558195@g.us_3BF4065937FB6C2BA3AF_190950068514824@lid,Fj40,whatsapp-number-2,120363408465558195@g.us,Fj40,2026-03-16T13:00:28.000Z,190950068514824,false,chat,alternator may need upgrade,alternator may need upgrade,,true
mcp_whatsapp_number_2_false_120363408465558195_g_us_3b6a36bf16667b63e409_190950068514824_lid,false_120363408465558195@g.us_3B6A36BF16667B63E409_190950068514824@lid,Fj40,whatsapp-number-2,120363408465558195@g.us,Fj40,2026-03-16T13:02:09.000Z,190950068514824,false,chat,"My Jobs:
Sound deadening
Wiring
Convert to bench seats (assuming they can bolt in as-is)
Interior
Replacing bits and pieces",My Jobs: Sound deadening Wiring Convert to bench seats (assuming they can bolt in as-is) Interior Replacing bits and pieces,wiring,true
mcp_whatsapp_number_2_false_120363408465558195_g_us_3bad766113386c2c16b7_190950068514824_lid,false_120363408465558195@g.us_3BAD766113386C2C16B7_190950068514824@lid,Fj40,whatsapp-number-2,120363408465558195@g.us,Fj40,2026-03-16T13:04:48.000Z,190950068514824,false,chat,Replace all fuel + brake lines,Replace all fuel + brake lines,brake,true
mcp_whatsapp_number_2_false_120363408465558195_g_us_3be747935a5e96993539_190950068514824_lid,false_120363408465558195@g.us_3BE747935A5E96993539_190950068514824@lid,Fj40,whatsapp-number-2,120363408465558195@g.us,Fj40,2026-03-16T13:15:24.000Z,190950068514824,false,image,just wondering.  what would a full-spring suspension conversion cost?,just wondering. what would a full-spring suspension conversion cost?,suspension,true
mcp_whatsapp_number_2_false_120363408465558195_g_us_3b397c579cd219651f8b_190950068514824_lid,false_120363408465558195@g.us_3B397C579CD219651F8B_190950068514824@lid,Fj40,whatsapp-number-2,120363408465558195@g.us,Fj40,2026-03-16T13:15:26.000Z,190950068514824,false,unknown,,,,true
mcp_whatsapp_number_2_false_120363408465558195_g_us_3b7d4f46ea35fdec0c35_190950068514824_lid,false_120363408465558195@g.us_3B7D4F46EA35FDEC0C35_190950068514824@lid,Fj40,whatsapp-number-2,120363408465558195@g.us,Fj40,2026-03-16T13:34:41.000Z,190950068514824,false,chat,and can anyone tell me the exact current engine installed?,and can anyone tell me the exact current engine installed?,engine,true
mcp_whatsapp_number_1_archive_akber_khan_00749,akber_khan-00749,Akbar Khan,whatsapp-number-1,archive::akbar_khan,Akbar Khan,2026-03-16T14:10:27,Akbar Khan,false,chat,Going good ? Went good,Going good ? Went good,,true
mcp_whatsapp_number_1_archive_akber_khan_00750,akber_khan-00750,Akbar Khan,whatsapp-number-1,archive::akbar_khan,Akbar Khan,2026-03-16T14:10:30,Akbar Khan,false,chat,?,?,,true
mcp_whatsapp_number_1_archive_akber_khan_00751,akber_khan-00751,Akbar Khan,whatsapp-number-1,archive::akbar_khan,Akbar Khan,2026-03-16T14:10:51,Akbar Khan,false,chat,All LEDs out ? Speakers ? And all associated wires ? And the amp and it's cables ?,All LEDs out ? Speakers ? And all associated wires ? And the amp and it's cables ?,amp,true
mcp_whatsapp_number_1_archive_fj40_00235,fj40-00235,Fj40,whatsapp-number-1,archive::fj40,Fj40,2026-03-16T14:12:57,~ HM,false,chat,"My two cents: Do the work at the workshop. Differentiate between what you need to DIY and what the pros need to do. Whether electrical, body or mechanical work.","My two cents: Do the work at the workshop. Differentiate between what you need to DIY and what the pros need to do. Whether electrical, body or mechanical work.",body|electrical,true
mcp_whatsapp_number_2_false_120363408465558195_g_us_3b4b2180b104ddc931f0_190950068514824_lid,false_120363408465558195@g.us_3B4B2180B104DDC931F0_190950068514824@lid,Fj40,whatsapp-number-2,120363408465558195@g.us,Fj40,2026-03-16T14:26:04.000Z,190950068514824,false,chat,"and thinking about this - there is no point i think in me doing anything apart from stripping this car down to its basic (hopefully drivable, but presumably work-around able) base.  Akbar's guy can take each door, window, roof etc etc.  we will receive all I am sure back with excellent quality","and thinking about this - there is no point i think in me doing anything apart from stripping this car down to its basic (hopefully drivable, but presumably work-around able) base. Akbar's guy can take each door, window, roof etc etc. we will receive all I am sure back with excellent quality",akbar|door|roof|window,true
mcp_whatsapp_number_2_false_120363408465558195_g_us_3bb71904f482755ed2bf_190950068514824_lid,false_120363408465558195@g.us_3BB71904F482755ED2BF_190950068514824@lid,Fj40,whatsapp-number-2,120363408465558195@g.us,Fj40,2026-03-16T14:26:21.000Z,190950068514824,false,chat,so the priority is to strip and get the main chassis into the workshop,so the priority is to strip and get the main chassis into the workshop,chassis|strip,true
mcp_whatsapp_number_2_false_120363408465558195_g_us_3be6daef878bbc9c9c62_190950068514824_lid,false_120363408465558195@g.us_3BE6DAEF878BBC9C9C62_190950068514824@lid,Fj40,whatsapp-number-2,120363408465558195@g.us,Fj40,2026-03-16T14:27:38.000Z,190950068514824,false,chat,"for:
complete take apart, re-fresh and re-build of that part
Power steering replacement
bearings, axles, potentially something as financially unwise as full spring conversion","for: complete take apart, re-fresh and re-build of that part Power steering replacement bearings, axles, potentially something as financially unwise as full spring conversion",power steering|steering,true
mcp_whatsapp_number_2_false_120363408465558195_g_us_3b707b715af465ec18b8_190950068514824_lid,false_120363408465558195@g.us_3B707B715AF465EC18B8_190950068514824@lid,Fj40,whatsapp-number-2,120363408465558195@g.us,Fj40,2026-03-16T14:28:24.000Z,190950068514824,false,chat,so the parts and the chassis can be worked on independently,so the parts and the chassis can be worked on independently,chassis,true
mcp_whatsapp_number_2_false_120363408465558195_g_us_3b5a1fe1c3dbcadc5a61_190950068514824_lid,false_120363408465558195@g.us_3B5A1FE1C3DBCADC5A61_190950068514824@lid,Fj40,whatsapp-number-2,120363408465558195@g.us,Fj40,2026-03-16T14:28:45.000Z,190950068514824,false,chat,"then I just get the lego manual out, and put it back together - easy as that","then I just get the lego manual out, and put it back together - easy as that",,true
mcp_whatsapp_number_2_false_120363408465558195_g_us_3b4fa8ff44281a4e4cf7_190950068514824_lid,false_120363408465558195@g.us_3B4FA8FF44281A4E4CF7_190950068514824@lid,Fj40,whatsapp-number-2,120363408465558195@g.us,Fj40,2026-03-16T14:38:37.000Z,190950068514824,false,chat,"please do point out any obvious flaws, or hugely optimistic parts of this plan","please do point out any obvious flaws, or hugely optimistic parts of this plan",,true
mcp_whatsapp_number_1_archive_akber_khan_00752,akber_khan-00752,Akbar Khan,whatsapp-number-1,archive::akbar_khan,Akbar Khan,2026-03-16T15:09:46,David,false,chat,All out,All out,,true
mcp_whatsapp_number_1_archive_akber_khan_00753,akber_khan-00753,Akbar Khan,whatsapp-number-1,archive::akbar_khan,Akbar Khan,2026-03-16T15:09:56,David,false,chat,And 20k down on a new battery,And 20k down on a new battery,battery,true
mcp_whatsapp_number_1_archive_akber_khan_00754,akber_khan-00754,Akbar Khan,whatsapp-number-1,archive::akbar_khan,Akbar Khan,2026-03-16T15:10:00,Akbar Khan,false,chat,Thank goodness.,Thank goodness.,,true
mcp_whatsapp_number_1_archive_akber_khan_00755,akber_khan-00755,Akbar Khan,whatsapp-number-1,archive::akbar_khan,Akbar Khan,2026-03-16T15:10:09,Akbar Khan,false,chat,I have a separate battery guy,I have a separate battery guy,battery,true
mcp_whatsapp_number_1_archive_akber_khan_00756,akber_khan-00756,Akbar Khan,whatsapp-number-1,archive::akbar_khan,Akbar Khan,2026-03-16T15:10:14,Akbar Khan,false,chat,Hope u haven't done it yet,Hope u haven't done it yet,,true
mcp_whatsapp_number_1_archive_akber_khan_00757,akber_khan-00757,Akbar Khan,whatsapp-number-1,archive::akbar_khan,Akbar Khan,2026-03-16T15:10:31,David,false,chat,Fitting it jow. Did you speak to that guy abiut thr filter?,Fitting it jow. Did you speak to that guy abiut thr filter?,filter,true
mcp_whatsapp_number_1_archive_akber_khan_00758,akber_khan-00758,Akbar Khan,whatsapp-number-1,archive::akbar_khan,Akbar Khan,2026-03-16T15:10:37,Akbar Khan,false,chat,Comes to the house. Exchange with the old. Etc. usually cheaper,Comes to the house. Exchange with the old. Etc. usually cheaper,,true
mcp_whatsapp_number_1_archive_akber_khan_00759,akber_khan-00759,Akbar Khan,whatsapp-number-1,archive::akbar_khan,Akbar Khan,2026-03-16T15:10:50,David,false,chat,We just popped tp ghazi road,We just popped tp ghazi road,,true
mcp_whatsapp_number_1_archive_akber_khan_00760,akber_khan-00760,Akbar Khan,whatsapp-number-1,archive::akbar_khan,Akbar Khan,2026-03-16T15:11:00,David,false,chat,4k back on the old one,4k back on the old one,,true
mcp_whatsapp_number_1_archive_akber_khan_00761,akber_khan-00761,Akbar Khan,whatsapp-number-1,archive::akbar_khan,Akbar Khan,2026-03-16T15:11:13,David,false,chat,Done. At least,Done. At least,,true
mcp_whatsapp_number_1_archive_akber_khan_00762,akber_khan-00762,Akbar Khan,whatsapp-number-1,archive::akbar_khan,Akbar Khan,2026-03-16T15:11:46,Akbar Khan,false,chat,Trying. Number not going,Trying. Number not going,,true
mcp_whatsapp_number_1_archive_fj40_00236,fj40-00236,Fj40,whatsapp-number-1,archive::fj40,Fj40,2026-03-16T15:31:03,~ HM,false,chat,‎,,,true
mcp_whatsapp_number_1_archive_fj40_00237,fj40-00237,Fj40,whatsapp-number-1,archive::fj40,Fj40,2026-03-16T15:31:04,~ HM,false,chat,‎,,,true
mcp_whatsapp_number_1_archive_fj40_00238,fj40-00238,Fj40,whatsapp-number-1,archive::fj40,Fj40,2026-03-16T15:31:21,~ HM,false,chat,@⁨David⁩ now you have to go and do your biometric. And show this.,@⁨David⁩ now you have to go and do your biometric. And show this.,,true
mcp_whatsapp_number_1_archive_fj40_00239,fj40-00239,Fj40,whatsapp-number-1,archive::fj40,Fj40,2026-03-16T15:36:15,David,false,chat,Any nadra office?,Any nadra office?,,true
mcp_whatsapp_number_1_archive_fj40_00240,fj40-00240,Fj40,whatsapp-number-1,archive::fj40,Fj40,2026-03-16T15:39:41,Akbar Khan,false,chat,Same place we went in y block will do it,Same place we went in y block will do it,,true
mcp_whatsapp_number_1_archive_fj40_00241,fj40-00241,Fj40,whatsapp-number-1,archive::fj40,Fj40,2026-03-16T15:39:48,Akbar Khan,false,chat,Don't bother with other crowded places,Don't bother with other crowded places,,true
mcp_whatsapp_number_1_archive_fj40_00242,fj40-00242,Fj40,whatsapp-number-1,archive::fj40,Fj40,2026-03-16T15:40:03,Akbar Khan,false,chat,Just show them this. Your NIC card and put ur finger in them,Just show them this. Your NIC card and put ur finger in them,,true
mcp_whatsapp_number_1_archive_fj40_00243,fj40-00243,Fj40,whatsapp-number-1,archive::fj40,Fj40,2026-03-16T15:43:22,David,false,chat,And when they squeal its done?,And when they squeal its done?,,true
mcp_whatsapp_number_1_archive_fj40_00244,fj40-00244,Fj40,whatsapp-number-1,archive::fj40,Fj40,2026-03-16T16:04:57,Akbar Khan,false,chat,Always,Always,,true
mcp_whatsapp_number_1_archive_fj40_00245,fj40-00245,Fj40,whatsapp-number-1,archive::fj40,Fj40,2026-03-16T16:05:08,Akbar Khan,false,chat,‎,,,true
mcp_whatsapp_number_1_archive_fj40_00246,fj40-00246,Fj40,whatsapp-number-1,archive::fj40,Fj40,2026-03-16T17:08:41,David,false,chat,My definite workshop list: Wheel lag - in fact I want to do a new more modern power-steering conversion Welding and fixing of main chassis (the bits that don’t easily come off) - In fact would be open to advice whether to take it off the frame and treat that also,My definite workshop list: Wheel lag - in fact I want to do a new more modern power-steering conversion Welding and fixing of main chassis (the bits that don’t easily come off) - In fact would be open to advice whether to take it off the frame and treat that also,chassis|steering|welding,true
mcp_whatsapp_number_1_archive_fj40_00247,fj40-00247,Fj40,whatsapp-number-1,archive::fj40,Fj40,2026-03-16T17:09:31,David,false,chat,"any other obvious ones?? And now the engine has been mentioned, i’m sort of intrigued what a replacement might look like (in type and cost), although still erring towards keeping this one for the moment ‎<This message was edited>","any other obvious ones?? And now the engine has been mentioned, i’m sort of intrigued what a replacement might look like (in type and cost), although still erring towards keeping this one for the moment <This message was edited>",engine,true
mcp_whatsapp_number_1_archive_fj40_00248,fj40-00248,Fj40,whatsapp-number-1,archive::fj40,Fj40,2026-03-16T17:11:03,David,false,chat,"Electrician found the AC to be unplugged today, and now it appears to work, so good news there","Electrician found the AC to be unplugged today, and now it appears to work, so good news there",ac,true
mcp_whatsapp_number_1_archive_fj40_00249,fj40-00249,Fj40,whatsapp-number-1,archive::fj40,Fj40,2026-03-16T17:11:33,David,false,chat,downside - had to call out said electrician because it wouldn’t start - replaced 3 year old battery,downside - had to call out said electrician because it wouldn’t start - replaced 3 year old battery,battery,true
mcp_whatsapp_number_1_archive_fj40_00250,fj40-00250,Fj40,whatsapp-number-1,archive::fj40,Fj40,2026-03-16T17:12:07,David,false,chat,oil flush and change done,oil flush and change done,flush|oil,true
mcp_whatsapp_number_1_archive_fj40_00251,fj40-00251,Fj40,whatsapp-number-1,archive::fj40,Fj40,2026-03-16T17:12:43,David,false,chat,"all LEDs, speakers, front and back light bars and additional crap wiring removed","all LEDs, speakers, front and back light bars and additional crap wiring removed",wiring,true
mcp_whatsapp_number_1_archive_fj40_00252,fj40-00252,Fj40,whatsapp-number-1,archive::fj40,Fj40,2026-03-16T17:13:53,David,false,chat,"one seat removed - can probably proceed with the other back seats, interior padding etc now myself for the moment","one seat removed - can probably proceed with the other back seats, interior padding etc now myself for the moment",,true
mcp_whatsapp_number_1_archive_fj40_00253,fj40-00253,Fj40,whatsapp-number-1,archive::fj40,Fj40,2026-03-16T17:59:30,David,false,chat,chatGPT is telling me remove from the frame Steering knuckle rebuild Kingpin bearings Front axle seals Brake master cylinder rebuild Wheel hub bearings,chatGPT is telling me remove from the frame Steering knuckle rebuild Kingpin bearings Front axle seals Brake master cylinder rebuild Wheel hub bearings,brake|steering,true
mcp_whatsapp_number_1_archive_fj40_00254,fj40-00254,Fj40,whatsapp-number-1,archive::fj40,Fj40,2026-03-16T17:59:41,David,false,chat,front-disc conversion was already done I think?,front-disc conversion was already done I think?,,true
mcp_whatsapp_number_1_archive_fj40_00255,fj40-00255,Fj40,whatsapp-number-1,archive::fj40,Fj40,2026-03-16T18:00:28,David,false,chat,alternator may need upgrade,alternator may need upgrade,,true
mcp_whatsapp_number_1_archive_fj40_00256,fj40-00256,Fj40,whatsapp-number-1,archive::fj40,Fj40,2026-03-16T18:02:09,David,false,chat,My Jobs: Sound deadening Wiring Convert to bench seats (assuming they can bolt in as-is) Interior Replacing bits and pieces,My Jobs: Sound deadening Wiring Convert to bench seats (assuming they can bolt in as-is) Interior Replacing bits and pieces,wiring,true
mcp_whatsapp_number_1_archive_fj40_00257,fj40-00257,Fj40,whatsapp-number-1,archive::fj40,Fj40,2026-03-16T18:04:48,David,false,chat,Replace all fuel + brake lines,Replace all fuel + brake lines,brake,true
mcp_whatsapp_number_1_archive_fj40_00258,fj40-00258,Fj40,whatsapp-number-1,archive::fj40,Fj40,2026-03-16T18:15:23,David,false,chat,just wondering. what would a full-spring suspension conversion cost? ‎,just wondering. what would a full-spring suspension conversion cost?,suspension,true
mcp_whatsapp_number_1_archive_fj40_00259,fj40-00259,Fj40,whatsapp-number-1,archive::fj40,Fj40,2026-03-16T18:15:24,David,false,chat,just wondering. what would a full-spring suspension conversion cost? ‎,just wondering. what would a full-spring suspension conversion cost?,suspension,true
mcp_whatsapp_number_1_archive_fj40_00260,fj40-00260,Fj40,whatsapp-number-1,archive::fj40,Fj40,2026-03-16T18:34:40,David,false,chat,and can anyone tell me the exact current engine installed?,and can anyone tell me the exact current engine installed?,engine,true
mcp_whatsapp_number_1_archive_fj40_00261,fj40-00261,Fj40,whatsapp-number-1,archive::fj40,Fj40,2026-03-16T19:26:03,David,false,chat,"and thinking about this - there is no point i think in me doing anything apart from stripping this car down to its basic (hopefully drivable, but presumably work-around able) base. Akbars guy can take each door, window, roof etc etc. we will receive all I am sure back with excellent quality","and thinking about this - there is no point i think in me doing anything apart from stripping this car down to its basic (hopefully drivable, but presumably work-around able) base. Akbars guy can take each door, window, roof etc etc. we will receive all I am sure back with excellent quality",door|roof|window,true
mcp_whatsapp_number_1_archive_fj40_00262,fj40-00262,Fj40,whatsapp-number-1,archive::fj40,Fj40,2026-03-16T19:26:20,David,false,chat,so the priority is to strip and get the main chassis into the workshop,so the priority is to strip and get the main chassis into the workshop,chassis|strip,true
mcp_whatsapp_number_1_archive_fj40_00263,fj40-00263,Fj40,whatsapp-number-1,archive::fj40,Fj40,2026-03-16T19:27:38,David,false,chat,"for: complete take apart, re-fresh and re-build of that part Power steering replacement bearings, axles, potentially something as financially unwise as full spring conversion","for: complete take apart, re-fresh and re-build of that part Power steering replacement bearings, axles, potentially something as financially unwise as full spring conversion",power steering|steering,true
mcp_whatsapp_number_1_archive_fj40_00264,fj40-00264,Fj40,whatsapp-number-1,archive::fj40,Fj40,2026-03-16T19:28:23,David,false,chat,so the parts and the chassis can be worked on independently,so the parts and the chassis can be worked on independently,chassis,true
mcp_whatsapp_number_1_archive_fj40_00265,fj40-00265,Fj40,whatsapp-number-1,archive::fj40,Fj40,2026-03-16T19:28:45,David,false,chat,"then I just get the lego manual out, and put it back together - easy as that","then I just get the lego manual out, and put it back together - easy as that",,true
mcp_whatsapp_number_1_archive_fj40_00266,fj40-00266,Fj40,whatsapp-number-1,archive::fj40,Fj40,2026-03-16T19:38:39,David,false,chat,"please do point out any obvious flaws, or hugely optimistic parts of this plan","please do point out any obvious flaws, or hugely optimistic parts of this plan",,true
mcp_whatsapp_number_1_archive_akber_khan_00763,akber_khan-00763,Akbar Khan,whatsapp-number-1,archive::akbar_khan,Akbar Khan,2026-03-17T00:33:48,David,false,chat,"Got any car rental guy? Car only, 1 month, for s friend","Got any car rental guy? Car only, 1 month, for s friend",,true
mcp_whatsapp_number_1_archive_akber_khan_00764,akber_khan-00764,Akbar Khan,whatsapp-number-1,archive::akbar_khan,Akbar Khan,2026-03-17T00:35:10,Akbar Khan,false,chat,Yup I have one.,Yup I have one.,,true
mcp_whatsapp_number_1_archive_akber_khan_00765,akber_khan-00765,Akbar Khan,whatsapp-number-1,archive::akbar_khan,Akbar Khan,2026-03-17T00:35:15,Akbar Khan,false,chat,When do u need it ?,When do u need it ?,,true
mcp_whatsapp_number_1_archive_akber_khan_00766,akber_khan-00766,Akbar Khan,whatsapp-number-1,archive::akbar_khan,Akbar Khan,2026-03-17T00:35:21,David,false,chat,Asap,Asap,,true
mcp_whatsapp_number_1_archive_akber_khan_00767,akber_khan-00767,Akbar Khan,whatsapp-number-1,archive::akbar_khan,Akbar Khan,2026-03-17T00:35:25,Akbar Khan,false,chat,On it,On it,,true
mcp_whatsapp_number_1_archive_akber_khan_00768,akber_khan-00768,Akbar Khan,whatsapp-number-1,archive::akbar_khan,Akbar Khan,2026-03-17T00:35:29,David,false,chat,Price? Car?,Price? Car?,,true
mcp_whatsapp_number_1_archive_akber_khan_00769,akber_khan-00769,Akbar Khan,whatsapp-number-1,archive::akbar_khan,Akbar Khan,2026-03-17T00:35:36,Akbar Khan,false,chat,Hold. Hooking u up,Hold. Hooking u up,,true
mcp_whatsapp_number_1_archive_akber_khan_00770,akber_khan-00770,Akbar Khan,whatsapp-number-1,archive::akbar_khan,Akbar Khan,2026-03-17T00:35:39,David,false,chat,Its my friends sister,Its my friends sister,,true
mcp_whatsapp_number_1_archive_akber_khan_00771,akber_khan-00771,Akbar Khan,whatsapp-number-1,archive::akbar_khan,Akbar Khan,2026-03-17T00:35:47,David,false,chat,Back from dubai,Back from dubai,,true
mcp_whatsapp_number_1_archive_akber_khan_00772,akber_khan-00772,Akbar Khan,whatsapp-number-1,archive::akbar_khan,Akbar Khan,2026-03-17T00:35:50,Akbar Khan,false,chat,No worries at all . Give me 5 min,No worries at all . Give me 5 min,,true
mcp_whatsapp_number_1_archive_akber_khan_00773,akber_khan-00773,Akbar Khan,whatsapp-number-1,archive::akbar_khan,Akbar Khan,2026-03-17T00:42:38,David,false,chat,Without driver,Without driver,,true
mcp_whatsapp_number_1_archive_akber_khan_00774,akber_khan-00774,Akbar Khan,whatsapp-number-1,archive::akbar_khan,Akbar Khan,2026-03-17T00:51:19,Akbar Khan,false,chat,03004471209. Pervaiz,03004471209. Pervaiz,,true
mcp_whatsapp_number_1_archive_akber_khan_00775,akber_khan-00775,Akbar Khan,whatsapp-number-1,archive::akbar_khan,Akbar Khan,2026-03-17T00:52:05,Akbar Khan,false,chat,And bro . Get home yo.,And bro . Get home yo.,,true
mcp_whatsapp_number_1_archive_akber_khan_00776,akber_khan-00776,Akbar Khan,whatsapp-number-1,archive::akbar_khan,Akbar Khan,2026-03-17T00:52:40,Akbar Khan,false,chat,Not saying a word but when u called I said ur sisters friend. The rest is down to u,Not saying a word but when u called I said ur sisters friend. The rest is down to u,,true
mcp_whatsapp_number_1_archive_akber_khan_00777,akber_khan-00777,Akbar Khan,whatsapp-number-1,archive::akbar_khan,Akbar Khan,2026-03-17T00:52:56,Akbar Khan,false,chat,If I took Nabeel's name. U know things will go south,If I took Nabeel's name. U know things will go south,,true
mcp_whatsapp_number_1_archive_akber_khan_00778,akber_khan-00778,Akbar Khan,whatsapp-number-1,archive::akbar_khan,Akbar Khan,2026-03-17T01:05:29,Akbar Khan,false,chat,They are at my place now but heading out in 10 min max.,They are at my place now but heading out in 10 min max.,,true
mcp_whatsapp_number_1_archive_akber_khan_00779,akber_khan-00779,Akbar Khan,whatsapp-number-1,archive::akbar_khan,Akbar Khan,2026-03-17T01:28:07,Akbar Khan,false,chat,Bro letting them go in 15 min,Bro letting them go in 15 min,,true
mcp_whatsapp_number_1_archive_akber_khan_00780,akber_khan-00780,Akbar Khan,whatsapp-number-1,archive::akbar_khan,Akbar Khan,2026-03-17T01:28:12,Akbar Khan,false,chat,Hope ur home or on the way,Hope ur home or on the way,,true
mcp_whatsapp_number_1_archive_akber_khan_00781,akber_khan-00781,Akbar Khan,whatsapp-number-1,archive::akbar_khan,Akbar Khan,2026-03-17T01:28:19,Akbar Khan,false,chat,Hold my back too plz,Hold my back too plz,,true
mcp_whatsapp_number_1_archive_akber_khan_00782,akber_khan-00782,Akbar Khan,whatsapp-number-1,archive::akbar_khan,Akbar Khan,2026-03-17T04:03:51,David,false,chat,She knew i was there. Nabeel and his sister are very decent,She knew i was there. Nabeel and his sister are very decent,,true
mcp_whatsapp_number_1_archive_akber_khan_00783,akber_khan-00783,Akbar Khan,whatsapp-number-1,archive::akbar_khan,Akbar Khan,2026-03-17T04:04:17,David,false,chat,I was sober,I was sober,,true
mcp_whatsapp_number_1_archive_akber_khan_00784,akber_khan-00784,Akbar Khan,whatsapp-number-1,archive::akbar_khan,Akbar Khan,2026-03-17T04:04:32,David,false,chat,Was not told where the cat happened,Was not told where the cat happened,,true
mcp_whatsapp_number_1_archive_akber_khan_00785,akber_khan-00785,Akbar Khan,whatsapp-number-1,archive::akbar_khan,Akbar Khan,2026-03-17T04:04:41,David,false,chat,Which hospital,Which hospital,,true
mcp_whatsapp_number_1_archive_akber_khan_00786,akber_khan-00786,Akbar Khan,whatsapp-number-1,archive::akbar_khan,Akbar Khan,2026-03-17T04:04:45,David,false,chat,How he is,How he is,,true
mcp_whatsapp_number_1_archive_akber_khan_00787,akber_khan-00787,Akbar Khan,whatsapp-number-1,archive::akbar_khan,Akbar Khan,2026-03-17T04:05:32,David,false,chat,I guess you heard one end. I hadnt left the house since last tuesday,I guess you heard one end. I hadnt left the house since last tuesday,,true
mcp_whatsapp_number_1_archive_akber_khan_00788,akber_khan-00788,Akbar Khan,whatsapp-number-1,archive::akbar_khan,Akbar Khan,2026-03-17T04:06:22,David,false,chat,"Will always have your back, but adult conversations about some made up issues about me","Will always have your back, but adult conversations about some made up issues about me",,true
mcp_whatsapp_number_1_archive_akber_khan_00789,akber_khan-00789,Akbar Khan,whatsapp-number-1,archive::akbar_khan,Akbar Khan,2026-03-17T04:06:29,David,false,chat,Its very very wrong,Its very very wrong,,true
mcp_whatsapp_number_1_archive_akber_khan_00790,akber_khan-00790,Akbar Khan,whatsapp-number-1,archive::akbar_khan,Akbar Khan,2026-03-17T04:17:10,David,false,chat,I mean with Naeyl,I mean with Naeyl,,true
mcp_whatsapp_number_1_archive_akber_khan_00791,akber_khan-00791,Akbar Khan,whatsapp-number-1,archive::akbar_khan,Akbar Khan,2026-03-17T09:25:07,Akbar Khan,false,chat,Yo. Sorry I had gone to sleep. Na man no one spoke of u. Had taken him to IMC. Dad was with me too. Just by chance because Samar called me asking me what to do. I asked if she's going alone and we just so happened to be getting home then. So the idea being she was pretty tired etc it seemed. Then when we spoke I figured ur not home etc and thought it would be best all of u were. Naeyl... Lol he was having a ball. Anywho ...,Yo. Sorry I had gone to sleep. Na man no one spoke of u. Had taken him to IMC. Dad was with me too. Just by chance because Samar called me asking me what to do. I asked if she's going alone and we just so happened to be getting home then. So the idea being she was pretty tired etc it seemed. Then when we spoke I figured ur not home etc and thought it would be best all of u were. Naeyl... Lol he was having a ball. Anywho ...,,true
mcp_whatsapp_number_1_archive_akber_khan_00792,akber_khan-00792,Akbar Khan,whatsapp-number-1,archive::akbar_khan,Akbar Khan,2026-03-17T15:25:51,Akbar Khan,false,chat,"‎Voice call, ‎3 min","Voice call, 3 min",,true
mcp_whatsapp_number_1_archive_akber_khan_00793,akber_khan-00793,Akbar Khan,whatsapp-number-1,archive::akbar_khan,Akbar Khan,2026-03-17T15:44:28,Akbar Khan,false,chat,so spoken. we're going to see you tomorrow morning at 10:30. Going to need you to buy a car cover today because expect to have the car 60 to 70 percent stripped tomorrow. interior and most of the body.,so spoken. we're going to see you tomorrow morning at 10:30. Going to need you to buy a car cover today because expect to have the car 60 to 70 percent stripped tomorrow. interior and most of the body.,body|cover,true
mcp_whatsapp_number_1_archive_akber_khan_00794,akber_khan-00794,Akbar Khan,whatsapp-number-1,archive::akbar_khan,Akbar Khan,2026-03-17T15:45:18,Akbar Khan,false,chat,"this is going to be a very unusual way to go about this but considering the nature of the car / modular and all, I reckon one can pull it off. these painter / denters usually dont agree to any of this but i've got him to do things exactly as we require","this is going to be a very unusual way to go about this but considering the nature of the car / modular and all, I reckon one can pull it off. these painter / denters usually dont agree to any of this but i've got him to do things exactly as we require",,true
mcp_whatsapp_number_1_archive_akber_khan_00795,akber_khan-00795,Akbar Khan,whatsapp-number-1,archive::akbar_khan,Akbar Khan,2026-03-17T15:45:48,Akbar Khan,false,chat,so we're going to use the group with Hassan and nadir for mechanical moving forward.. we will be addressing the electrical and body work at home. so nothing left to talk to them about,so we're going to use the group with Hassan and nadir for mechanical moving forward.. we will be addressing the electrical and body work at home. so nothing left to talk to them about,body|electrical,true
mcp_whatsapp_number_1_archive_akber_khan_00796,akber_khan-00796,Akbar Khan,whatsapp-number-1,archive::akbar_khan,Akbar Khan,2026-03-17T15:47:53,Akbar Khan,false,chat,"tomorrow... the roof, doors, back cabin really, the hood etc. whatever can come off cleanly will be taken off and sent away with notes for each. he'sgoing to to strip each individual item there. for example things like the window mechanism and rubbers and all that, they will all be taken out and separated and sent to relevant places to be cleaned up / services etc. he's also going to pull out most of the interior.","tomorrow... the roof, doors, back cabin really, the hood etc. whatever can come off cleanly will be taken off and sent away with notes for each. he'sgoing to to strip each individual item there. for example things like the window mechanism and rubbers and all that, they will all be taken out and separated and sent to relevant places to be cleaned up / services etc. he's also going to pull out most of the interior.",hood|roof|strip|window,true
mcp_whatsapp_number_1_archive_akber_khan_00797,akber_khan-00797,Akbar Khan,whatsapp-number-1,archive::akbar_khan,Akbar Khan,2026-03-17T15:49:23,Akbar Khan,false,chat,"every piece is going to be tagged and potentially dealt with differently depending on what each piece needs exactly. try to keep some cartons with you because a lot of auxiliary stuff will come off.. door handles, mirrors all that shit. rubbers.","every piece is going to be tagged and potentially dealt with differently depending on what each piece needs exactly. try to keep some cartons with you because a lot of auxiliary stuff will come off.. door handles, mirrors all that shit. rubbers.",door,true
mcp_whatsapp_number_1_archive_akber_khan_00798,akber_khan-00798,Akbar Khan,whatsapp-number-1,archive::akbar_khan,Akbar Khan,2026-03-17T15:51:08,Akbar Khan,false,chat,"a day or two after, he will return to grind and spot weld the floor where required (those pin holes etc. will know more once its all out). but we will need primer sprays etc to spray it over immediately after. then move into bedding sprays and sound damening sheets and all that after","a day or two after, he will return to grind and spot weld the floor where required (those pin holes etc. will know more once its all out). but we will need primer sprays etc to spray it over immediately after. then move into bedding sprays and sound damening sheets and all that after",floor|primer|weld,true
mcp_whatsapp_number_1_archive_akber_khan_00799,akber_khan-00799,Akbar Khan,whatsapp-number-1,archive::akbar_khan,Akbar Khan,2026-03-17T15:51:18,Akbar Khan,false,chat,so best to have those cans handy by then,so best to have those cans handy by then,,true
mcp_whatsapp_number_1_archive_akber_khan_00800,akber_khan-00800,Akbar Khan,whatsapp-number-1,archive::akbar_khan,Akbar Khan,2026-03-17T15:53:27,Akbar Khan,false,chat,"need u to check on bedliner sprays and primer and order.. perhaps consult that guy of mine in karachi , sent you the contact earlier. Jamshaid","need u to check on bedliner sprays and primer and order.. perhaps consult that guy of mine in karachi , sent you the contact earlier. Jamshaid",bedliner|order|primer,true
mcp_whatsapp_number_1_archive_akber_khan_00801,akber_khan-00801,Akbar Khan,whatsapp-number-1,archive::akbar_khan,Akbar Khan,2026-03-17T15:55:52,Akbar Khan,false,chat,https://por15.com/,https://por15.com/,,true
mcp_whatsapp_number_1_archive_akber_khan_00802,akber_khan-00802,Akbar Khan,whatsapp-number-1,archive::akbar_khan,Akbar Khan,2026-03-17T15:56:07,Akbar Khan,false,chat,"not available here, but it should give u a good idea of what one is looking for","not available here, but it should give u a good idea of what one is looking for",,true
mcp_whatsapp_number_1_archive_akber_khan_00803,akber_khan-00803,Akbar Khan,whatsapp-number-1,archive::akbar_khan,Akbar Khan,2026-03-17T16:01:53,Akbar Khan,false,chat,"wax and grease remover, self etching primer, epoxy primer, seam sealer, bed lining ... then sound dampening sheets, foam, carpet and done!.. thats the actual and full proper way","wax and grease remover, self etching primer, epoxy primer, seam sealer, bed lining ... then sound dampening sheets, foam, carpet and done!.. thats the actual and full proper way",bed lining|carpet|epoxy|foam|primer|seam sealer|self etching|sound dampening|wax and grease remover,true
mcp_whatsapp_number_1_archive_akber_khan_00804,akber_khan-00804,Akbar Khan,whatsapp-number-1,archive::akbar_khan,Akbar Khan,2026-03-17T16:02:55,Akbar Khan,false,chat,"even the best body shops don't do that here... they wipe shit clean, spray on primer... the end. put whatever u want on top of that. so I want to share both the full way and how they do it here so we can work out a path considering one wont find half the shit mentioned above and or it will take took long or crazy expensive","even the best body shops don't do that here... they wipe shit clean, spray on primer... the end. put whatever u want on top of that. so I want to share both the full way and how they do it here so we can work out a path considering one wont find half the shit mentioned above and or it will take took long or crazy expensive",body|primer,true
mcp_whatsapp_number_1_archive_akber_khan_00805,akber_khan-00805,Akbar Khan,whatsapp-number-1,archive::akbar_khan,Akbar Khan,2026-03-17T16:03:31,David,false,chat,"on its way, but not sure it will be here by tomorrorow https://shopify.com/57876545692/account/orders/932d270cf0bc36f7d57c42f9ede63dae?locale=en-PK","on its way, but not sure it will be here by tomorrorow https://shopify.com/57876545692/account/orders/932d270cf0bc36f7d57c42f9ede63dae?locale=en-PK",,true
mcp_whatsapp_number_1_archive_akber_khan_00806,akber_khan-00806,Akbar Khan,whatsapp-number-1,archive::akbar_khan,Akbar Khan,2026-03-17T16:04:54,Akbar Khan,false,chat,"no worries. lets just use whatever till then. get any shitty cover for 2-4k and / or if u don't have one for the Corolla get that, use it on the FJ and then keep it for the corolla after","no worries. lets just use whatever till then. get any shitty cover for 2-4k and / or if u don't have one for the Corolla get that, use it on the FJ and then keep it for the corolla after",cover,true
mcp_whatsapp_number_1_archive_akber_khan_00807,akber_khan-00807,Akbar Khan,whatsapp-number-1,archive::akbar_khan,Akbar Khan,2026-03-17T16:05:12,Akbar Khan,false,chat,can easily get it from Saigol Motors... near ur house also. u can check them out online,can easily get it from Saigol Motors... near ur house also. u can check them out online,,true
mcp_whatsapp_number_1_archive_akber_khan_00808,akber_khan-00808,Akbar Khan,whatsapp-number-1,archive::akbar_khan,Akbar Khan,2026-03-17T16:05:47,Akbar Khan,false,chat,"I reckon u should have some cheap parachute one also , not just for the jeep but the stuff which you'll be keeping out in the drive way like the interior parts .. rainy season","I reckon u should have some cheap parachute one also , not just for the jeep but the stuff which you'll be keeping out in the drive way like the interior parts .. rainy season",jeep,true
mcp_whatsapp_number_1_archive_akber_khan_00809,akber_khan-00809,Akbar Khan,whatsapp-number-1,archive::akbar_khan,Akbar Khan,2026-03-17T16:22:55,David,false,chat,"which on in particular are you thinking? paint, spray, both?","which on in particular are you thinking? paint, spray, both?",paint,true
mcp_whatsapp_number_1_archive_akber_khan_00810,akber_khan-00810,Akbar Khan,whatsapp-number-1,archive::akbar_khan,Akbar Khan,2026-03-17T16:27:15,David,false,chat,so you think I should start stripping out more wires? I’ll have to check but I don’t think any of the components that come off have wires in them,so you think I should start stripping out more wires? I’ll have to check but I don’t think any of the components that come off have wires in them,,true
mcp_whatsapp_number_1_archive_akber_khan_00811,akber_khan-00811,Akbar Khan,whatsapp-number-1,archive::akbar_khan,Akbar Khan,2026-03-17T16:27:33,David,false,chat,but there are probably a bunch of nolts to tackle,but there are probably a bunch of nolts to tackle,,true
mcp_whatsapp_number_1_archive_akber_khan_00812,akber_khan-00812,Akbar Khan,whatsapp-number-1,archive::akbar_khan,Akbar Khan,2026-03-17T16:27:37,David,false,chat,bolts,bolts,,true
mcp_whatsapp_number_1_archive_akber_khan_00813,akber_khan-00813,Akbar Khan,whatsapp-number-1,archive::akbar_khan,Akbar Khan,2026-03-17T16:28:50,Akbar Khan,false,chat,Why not. But that's ur jam. I'm not good at that at all. U are. Document everything. I'm so shit at it . I'd probably be wearing a go pro to back track whatever I take out,Why not. But that's ur jam. I'm not good at that at all. U are. Document everything. I'm so shit at it . I'd probably be wearing a go pro to back track whatever I take out,,true
mcp_whatsapp_number_1_archive_akber_khan_00814,akber_khan-00814,Akbar Khan,whatsapp-number-1,archive::akbar_khan,Akbar Khan,2026-03-17T16:30:26,David,false,chat,right. might have to negotiate the top car-port spot before that then because it ain’t going to be moving much after that,right. might have to negotiate the top car-port spot before that then because it ain’t going to be moving much after that,,true
mcp_whatsapp_number_1_archive_akber_khan_00815,akber_khan-00815,Akbar Khan,whatsapp-number-1,archive::akbar_khan,Akbar Khan,2026-03-17T16:33:47,David,false,chat,the power-steering upgrade. you think it can be done in-situe?,the power-steering upgrade. you think it can be done in-situe?,steering,true
mcp_whatsapp_number_1_archive_akber_khan_00816,akber_khan-00816,Akbar Khan,whatsapp-number-1,archive::akbar_khan,Akbar Khan,2026-03-17T16:35:09,Akbar Khan,false,chat,I think let's put that in the mechanical part. I've told a few vendors around main cities to make a sort of inventory of all available parts for this model. Waiting for word back. Very slow half places shut. Eid coming,I think let's put that in the mechanical part. I've told a few vendors around main cities to make a sort of inventory of all available parts for this model. Waiting for word back. Very slow half places shut. Eid coming,,true
mcp_whatsapp_number_1_archive_akber_khan_00817,akber_khan-00817,Akbar Khan,whatsapp-number-1,archive::akbar_khan,Akbar Khan,2026-03-17T16:35:10,David,false,chat,https://autohub.pk/collections/car-care-products/products/gyeon-q-m-total-remover-1000ml,https://autohub.pk/collections/car-care-products/products/gyeon-q-m-total-remover-1000ml,,true
mcp_whatsapp_number_1_archive_akber_khan_00818,akber_khan-00818,Akbar Khan,whatsapp-number-1,archive::akbar_khan,Akbar Khan,2026-03-17T16:35:30,Akbar Khan,false,chat,Geyon is very good,Geyon is very good,,true
mcp_whatsapp_number_1_archive_akber_khan_00819,akber_khan-00819,Akbar Khan,whatsapp-number-1,archive::akbar_khan,Akbar Khan,2026-03-17T16:35:58,David,false,chat,these don’t look big enough/correct https://autohub.pk/a/search?type=product&q=primer,these don’t look big enough/correct https://autohub.pk/a/search?type=product&q=primer,primer,true
mcp_whatsapp_number_1_archive_akber_khan_00820,akber_khan-00820,Akbar Khan,whatsapp-number-1,archive::akbar_khan,Akbar Khan,2026-03-17T16:36:23,David,false,chat,https://autohub.pk/products/hb-body-999-seam-sealer-300ml-cartr,https://autohub.pk/products/hb-body-999-seam-sealer-300ml-cartr,body,true
mcp_whatsapp_number_1_archive_akber_khan_00821,akber_khan-00821,Akbar Khan,whatsapp-number-1,archive::akbar_khan,Akbar Khan,2026-03-17T16:36:48,Akbar Khan,false,chat,They have their outlet in Montgomery road autohub . Good products there from what I recall,They have their outlet in Montgomery road autohub . Good products there from what I recall,,true
mcp_whatsapp_number_1_archive_akber_khan_00822,akber_khan-00822,Akbar Khan,whatsapp-number-1,archive::akbar_khan,Akbar Khan,2026-03-17T16:37:03,Akbar Khan,false,chat,To save time one can probably just call and go pick it directly,To save time one can probably just call and go pick it directly,,true
mcp_whatsapp_number_1_archive_akber_khan_00823,akber_khan-00823,Akbar Khan,whatsapp-number-1,archive::akbar_khan,Akbar Khan,2026-03-17T16:37:58,David,false,chat,probably makes sense to look through and discuss with him. he also does all the rest like sound dampening boards?,probably makes sense to look through and discuss with him. he also does all the rest like sound dampening boards?,sound dampening,true
mcp_whatsapp_number_1_archive_akber_khan_00824,akber_khan-00824,Akbar Khan,whatsapp-number-1,archive::akbar_khan,Akbar Khan,2026-03-17T16:55:16,David,false,chat,‎,,,true
mcp_whatsapp_number_1_archive_akber_khan_00825,akber_khan-00825,Akbar Khan,whatsapp-number-1,archive::akbar_khan,Akbar Khan,2026-03-17T16:55:19,David,false,chat,‎,,,true
mcp_whatsapp_number_1_archive_akber_khan_00826,akber_khan-00826,Akbar Khan,whatsapp-number-1,archive::akbar_khan,Akbar Khan,2026-03-17T16:55:41,David,false,chat,So whats this guys remit? Does all this need taking off today?,So whats this guys remit? Does all this need taking off today?,,true
mcp_whatsapp_number_1_archive_akber_khan_00827,akber_khan-00827,Akbar Khan,whatsapp-number-1,archive::akbar_khan,Akbar Khan,2026-03-17T16:56:00,David,false,chat,Panelling etc i mean,Panelling etc i mean,,true
mcp_whatsapp_number_1_archive_akber_khan_00828,akber_khan-00828,Akbar Khan,whatsapp-number-1,archive::akbar_khan,Akbar Khan,2026-03-17T16:58:47,Akbar Khan,false,chat,"Tomorrow . All gone [17/03/2026, 17:00:11] David:","Tomorrow . All gone [17/03/2026, 17:00:11] David:",,true
mcp_whatsapp_number_1_archive_akber_khan_00829,akber_khan-00829,Akbar Khan,whatsapp-number-1,archive::akbar_khan,Akbar Khan,2026-03-17T17:00:11,David,false,chat,‎,,,true
mcp_whatsapp_number_1_archive_akber_khan_00830,akber_khan-00830,Akbar Khan,whatsapp-number-1,archive::akbar_khan,Akbar Khan,2026-03-17T17:00:12,David,false,chat,‎,,,true
mcp_whatsapp_number_1_archive_akber_khan_00831,akber_khan-00831,Akbar Khan,whatsapp-number-1,archive::akbar_khan,Akbar Khan,2026-03-17T17:00:12,David,false,chat,‎,,,true
mcp_whatsapp_number_1_archive_akber_khan_00832,akber_khan-00832,Akbar Khan,whatsapp-number-1,archive::akbar_khan,Akbar Khan,2026-03-17T17:00:12,David,false,chat,‎,,,true
mcp_whatsapp_number_1_archive_akber_khan_00833,akber_khan-00833,Akbar Khan,whatsapp-number-1,archive::akbar_khan,Akbar Khan,2026-03-17T17:00:12,David,false,chat,‎,,,true
mcp_whatsapp_number_1_archive_akber_khan_00834,akber_khan-00834,Akbar Khan,whatsapp-number-1,archive::akbar_khan,Akbar Khan,2026-03-17T17:00:13,David,false,chat,‎,,,true
mcp_whatsapp_number_1_archive_akber_khan_00835,akber_khan-00835,Akbar Khan,whatsapp-number-1,archive::akbar_khan,Akbar Khan,2026-03-17T17:00:13,David,false,chat,‎,,,true
mcp_whatsapp_number_1_archive_akber_khan_00836,akber_khan-00836,Akbar Khan,whatsapp-number-1,archive::akbar_khan,Akbar Khan,2026-03-17T17:00:13,David,false,chat,‎,,,true
mcp_whatsapp_number_1_archive_akber_khan_00837,akber_khan-00837,Akbar Khan,whatsapp-number-1,archive::akbar_khan,Akbar Khan,2026-03-17T17:00:14,David,false,chat,‎,,,true
mcp_whatsapp_number_1_archive_akber_khan_00838,akber_khan-00838,Akbar Khan,whatsapp-number-1,archive::akbar_khan,Akbar Khan,2026-03-17T17:00:14,David,false,chat,‎,,,true
mcp_whatsapp_number_1_archive_akber_khan_00839,akber_khan-00839,Akbar Khan,whatsapp-number-1,archive::akbar_khan,Akbar Khan,2026-03-17T17:00:15,David,false,chat,‎,,,true
mcp_whatsapp_number_1_archive_akber_khan_00840,akber_khan-00840,Akbar Khan,whatsapp-number-1,archive::akbar_khan,Akbar Khan,2026-03-17T17:00:19,David,false,chat,just reminder photos,just reminder photos,,true
mcp_whatsapp_number_1_archive_akber_khan_00841,akber_khan-00841,Akbar Khan,whatsapp-number-1,archive::akbar_khan,Akbar Khan,2026-03-17T17:00:24,David,false,chat,‎,,,true
mcp_whatsapp_number_1_archive_akber_khan_00842,akber_khan-00842,Akbar Khan,whatsapp-number-1,archive::akbar_khan,Akbar Khan,2026-03-17T17:00:24,David,false,chat,‎,,,true
mcp_whatsapp_number_1_archive_akber_khan_00843,akber_khan-00843,Akbar Khan,whatsapp-number-1,archive::akbar_khan,Akbar Khan,2026-03-17T17:00:24,David,false,chat,‎,,,true
mcp_whatsapp_number_1_archive_akber_khan_00844,akber_khan-00844,Akbar Khan,whatsapp-number-1,archive::akbar_khan,Akbar Khan,2026-03-17T17:00:25,David,false,chat,‎,,,true
mcp_whatsapp_number_1_archive_akber_khan_00845,akber_khan-00845,Akbar Khan,whatsapp-number-1,archive::akbar_khan,Akbar Khan,2026-03-17T17:00:25,David,false,chat,‎,,,true
mcp_whatsapp_number_1_archive_akber_khan_00846,akber_khan-00846,Akbar Khan,whatsapp-number-1,archive::akbar_khan,Akbar Khan,2026-03-17T17:00:25,David,false,chat,‎,,,true
mcp_whatsapp_number_1_archive_akber_khan_00847,akber_khan-00847,Akbar Khan,whatsapp-number-1,archive::akbar_khan,Akbar Khan,2026-03-17T17:00:25,David,false,chat,‎,,,true
mcp_whatsapp_number_1_archive_akber_khan_00848,akber_khan-00848,Akbar Khan,whatsapp-number-1,archive::akbar_khan,Akbar Khan,2026-03-17T17:02:38,David,false,chat,so just a couple of door wires that I think don’t do anything anyway,so just a couple of door wires that I think don’t do anything anyway,door,true
mcp_whatsapp_number_1_archive_akber_khan_00849,akber_khan-00849,Akbar Khan,whatsapp-number-1,archive::akbar_khan,Akbar Khan,2026-03-17T17:04:45,Akbar Khan,false,chat,Cool,Cool,,true
mcp_whatsapp_number_1_archive_akber_khan_00850,akber_khan-00850,Akbar Khan,whatsapp-number-1,archive::akbar_khan,Akbar Khan,2026-03-17T17:04:53,David,false,chat,dont you think chassis at home will be an issue removing the main frame?,dont you think chassis at home will be an issue removing the main frame?,chassis,true
mcp_whatsapp_number_1_archive_akber_khan_00851,akber_khan-00851,Akbar Khan,whatsapp-number-1,archive::akbar_khan,Akbar Khan,2026-03-17T17:05:08,David,false,chat,I guess just need a few guys,I guess just need a few guys,,true
mcp_whatsapp_number_1_archive_akber_khan_00852,akber_khan-00852,Akbar Khan,whatsapp-number-1,archive::akbar_khan,Akbar Khan,2026-03-17T17:05:29,David,false,chat,just wondering. what would a full-spring suspension conversion cost? ‎,just wondering. what would a full-spring suspension conversion cost?,suspension,true
mcp_whatsapp_number_1_archive_akber_khan_00853,akber_khan-00853,Akbar Khan,whatsapp-number-1,archive::akbar_khan,Akbar Khan,2026-03-17T17:05:29,David,false,chat,just wondering. what would a full-spring suspension conversion cost? ‎,just wondering. what would a full-spring suspension conversion cost?,suspension,true
mcp_whatsapp_number_1_archive_akber_khan_00854,akber_khan-00854,Akbar Khan,whatsapp-number-1,archive::akbar_khan,Akbar Khan,2026-03-17T17:05:42,David,false,chat,would love this,would love this,,true
mcp_whatsapp_number_1_archive_akber_khan_00855,akber_khan-00855,Akbar Khan,whatsapp-number-1,archive::akbar_khan,Akbar Khan,2026-03-17T17:09:36,David,false,chat,"hmm. erm A full coil / 4-link suspension conversion on a J40 is not a kit job — it’s basically re-engineering the entire underside of the vehicle. 💰 Real-world cost breakdown 1. Parts (bare minimum) Even DIY parts add up: 4-link kit components: $600–$1,000 Coilovers (good ones): $800–$2,000+ Brackets, mounts, joints: $500–$1,500 Steering corrections (high steer, links): $800–$1,500 👉 Parts total: $3,000 – $6,000 2. Fabrication & labour (the big one) This is where costs explode. A proper conversion involves: cutting off all leaf spring mounts welding new link mounts to frame + axle building 4-link geometry setting pinion angles relocating shocks often modifying the chassis Typical fabrication time: 80–150+ hours Workshop cost (depending where): In Pakistan (good fabricator) PKR 300k – 1,000k (~$1,000 – $3,500) International / high-end shops $5,000 – $15,000+ 3. Hidden costs (people underestimate these) driveshaft modification / custom shafts brake line rerouting exhaust rework fuel tank relocation (sometimes) bump stops / limit straps 👉 Add another $500 – $2,000 💸 Total realistic cost Budget DIY + local fabrication (Pakistan) 👉 PKR 500k – 1.5M (~$1,800 – $5,500) Proper engineered build 👉 $6,000 – $12,000 High-end (ICON-style build) 👉 $15,000 – $30,000+","hmm. erm A full coil / 4-link suspension conversion on a J40 is not a kit job — it’s basically re-engineering the entire underside of the vehicle. 💰 Real-world cost breakdown 1. Parts (bare minimum) Even DIY parts add up: 4-link kit components: $600–$1,000 Coilovers (good ones): $800–$2,000+ Brackets, mounts, joints: $500–$1,500 Steering corrections (high steer, links): $800–$1,500 👉 Parts total: $3,000 – $6,000 2. Fabrication & labour (the big one) This is where costs explode. A proper conversion involves: cutting off all leaf spring mounts welding new link mounts to frame + axle building 4-link geometry setting pinion angles relocating shocks often modifying the chassis Typical fabrication time: 80–150+ hours Workshop cost (depending where): In Pakistan (good fabricator) PKR 300k – 1,000k (~$1,000 – $3,500) International / high-end shops $5,000 – $15,000+ 3. Hidden costs (people underestimate these) driveshaft modification / custom shafts brake line rerouting exhaust rework fuel tank relocation (sometimes) bump stops / limit straps 👉 Add another $500 – $2,000 💸 Total realistic cost Budget DIY + local fabrication (Pakistan) 👉 PKR 500k – 1.5M (~$1,800 – $5,500) Proper engineered build 👉 $6,000 – $12,000 High-end (ICON-style build) 👉 $15,000 – $30,000+",brake|chassis|j40|steering|suspension|welding,true
mcp_whatsapp_number_1_archive_akber_khan_00856,akber_khan-00856,Akbar Khan,whatsapp-number-1,archive::akbar_khan,Akbar Khan,2026-03-17T17:09:43,David,false,chat,not quite in the budget,not quite in the budget,,true
mcp_whatsapp_number_1_archive_akber_khan_00857,akber_khan-00857,Akbar Khan,whatsapp-number-1,archive::akbar_khan,Akbar Khan,2026-03-17T17:11:51,David,false,chat,"cheaper: If you're still on basic shocks, this is massive. Upgrade to: Bilstein 5100 / 5160 Old Man Emu Nitrocharger What it does: removes the “bouncy tractor” feel improves control on bumps better off-road articulation","cheaper: If you're still on basic shocks, this is massive. Upgrade to: Bilstein 5100 / 5160 Old Man Emu Nitrocharger What it does: removes the “bouncy tractor” feel improves control on bumps better off-road articulation",bilstein|nitrocharger|old man emu,true
mcp_whatsapp_number_1_archive_akber_khan_00858,akber_khan-00858,Akbar Khan,whatsapp-number-1,archive::akbar_khan,Akbar Khan,2026-03-17T17:13:10,David,false,chat,so: Do this: Power steering Bilstein / OME shocks Shackle reversal Front disc brakes Steering rebuild + damper,so: Do this: Power steering Bilstein / OME shocks Shackle reversal Front disc brakes Steering rebuild + damper,bilstein|ome|power steering|steering,true
mcp_whatsapp_number_1_archive_akber_khan_00859,akber_khan-00859,Akbar Khan,whatsapp-number-1,archive::akbar_khan,Akbar Khan,2026-03-17T17:29:36,Akbar Khan,false,chat,I'll just read through. At golf. So what peeps usually do is go back to stock and then upgrade,I'll just read through. At golf. So what peeps usually do is go back to stock and then upgrade,,true
mcp_whatsapp_number_1_archive_akber_khan_00860,akber_khan-00860,Akbar Khan,whatsapp-number-1,archive::akbar_khan,Akbar Khan,2026-03-17T18:07:58,David,false,chat,makes sense. - unless I change the engine,makes sense. - unless I change the engine,engine,true
mcp_whatsapp_number_1_archive_akber_khan_00861,akber_khan-00861,Akbar Khan,whatsapp-number-1,archive::akbar_khan,Akbar Khan,2026-03-17T18:08:02,David,false,chat,I assume,I assume,,true
mcp_whatsapp_number_1_archive_akber_khan_00862,akber_khan-00862,Akbar Khan,whatsapp-number-1,archive::akbar_khan,Akbar Khan,2026-03-17T18:08:38,David,false,chat,"and does it really make sense to put the old power steering in, then replace it?","and does it really make sense to put the old power steering in, then replace it?",power steering|steering,true
mcp_whatsapp_number_1_archive_akber_khan_00863,akber_khan-00863,Akbar Khan,whatsapp-number-1,archive::akbar_khan,Akbar Khan,2026-03-17T18:40:50,David,false,chat,https://www.toolsmart.pk/collections/sander,https://www.toolsmart.pk/collections/sander,toolsmart,true
mcp_whatsapp_number_1_archive_akber_khan_00864,akber_khan-00864,Akbar Khan,whatsapp-number-1,archive::akbar_khan,Akbar Khan,2026-03-17T18:41:01,David,false,chat,so you think its worth getting a sander?,so you think its worth getting a sander?,,true
mcp_whatsapp_number_1_archive_akber_khan_00865,akber_khan-00865,Akbar Khan,whatsapp-number-1,archive::akbar_khan,Akbar Khan,2026-03-17T20:53:57,Akbar Khan,false,chat,‎,,,true
mcp_whatsapp_number_1_archive_akber_khan_00866,akber_khan-00866,Akbar Khan,whatsapp-number-1,archive::akbar_khan,Akbar Khan,2026-03-17T20:54:42,Akbar Khan,false,chat,‎,,,true
mcp_whatsapp_number_1_archive_akber_khan_00867,akber_khan-00867,Akbar Khan,whatsapp-number-1,archive::akbar_khan,Akbar Khan,2026-03-17T20:56:27,Akbar Khan,false,chat,‎,,,true
mcp_whatsapp_number_1_archive_akber_khan_00868,akber_khan-00868,Akbar Khan,whatsapp-number-1,archive::akbar_khan,Akbar Khan,2026-03-17T21:13:09,David,false,chat,ah. well this is where you a missing something. My father gave me his workshop in my inheritance. I am building a new workshop. And I am also in the process of making a very clear plan.,ah. well this is where you a missing something. My father gave me his workshop in my inheritance. I am building a new workshop. And I am also in the process of making a very clear plan.,,true
mcp_whatsapp_number_1_archive_akber_khan_00869,akber_khan-00869,Akbar Khan,whatsapp-number-1,archive::akbar_khan,Akbar Khan,2026-03-17T21:13:40,David,false,chat,the tools should be there - perfect one for the exact job,the tools should be there - perfect one for the exact job,,true
mcp_whatsapp_number_1_archive_akber_khan_00870,akber_khan-00870,Akbar Khan,whatsapp-number-1,archive::akbar_khan,Akbar Khan,2026-03-17T21:13:47,David,false,chat,its a separate investment,its a separate investment,,true
mcp_whatsapp_number_1_archive_akber_khan_00871,akber_khan-00871,Akbar Khan,whatsapp-number-1,archive::akbar_khan,Akbar Khan,2026-03-17T21:14:09,David,false,chat,"not being in the uk, I gave his away","not being in the uk, I gave his away",,true
mcp_whatsapp_number_1_archive_akber_khan_00872,akber_khan-00872,Akbar Khan,whatsapp-number-1,archive::akbar_khan,Akbar Khan,2026-03-17T21:15:08,David,false,chat,not going to go over-board on too many specifics for fitting in the car,not going to go over-board on too many specifics for fitting in the car,,true
mcp_whatsapp_number_1_archive_akber_khan_00873,akber_khan-00873,Akbar Khan,whatsapp-number-1,archive::akbar_khan,Akbar Khan,2026-03-17T21:15:43,David,false,chat,so you mean like one of these sanders? https://www.toolsmart.pk/collections/sander,so you mean like one of these sanders? https://www.toolsmart.pk/collections/sander,toolsmart,true
mcp_whatsapp_number_1_archive_akber_khan_00874,akber_khan-00874,Akbar Khan,whatsapp-number-1,archive::akbar_khan,Akbar Khan,2026-03-17T21:22:27,David,false,chat,also - I suppose you know a guy to hook up security cameras?,also - I suppose you know a guy to hook up security cameras?,,true
mcp_whatsapp_number_1_archive_akber_khan_00875,akber_khan-00875,Akbar Khan,whatsapp-number-1,archive::akbar_khan,Akbar Khan,2026-03-17T21:22:46,David,false,chat,last thing is someone nicking all of this,last thing is someone nicking all of this,,true
mcp_whatsapp_number_2_false_120363408465558195_g_us_3bfe062000389da2342f_190950068514824_lid,false_120363408465558195@g.us_3BFE062000389DA2342F_190950068514824@lid,Fj40,whatsapp-number-2,120363408465558195@g.us,Fj40,2026-03-17T21:24:16.000Z,190950068514824,false,chat,I heard hits one cost $16 USD and some cheaper options also exist but no idea on quality.  porbabably not in the initial bidegetoptions a,I heard hits one cost $16 USD and some cheaper options also exist but no idea on quality. porbabably not in the initial bidegetoptions a,,true
mcp_whatsapp_number_2_false_120363408465558195_g_us_3be777741bb3f631ec65_190950068514824_lid,false_120363408465558195@g.us_3BE777741BB3F631EC65_190950068514824@lid,Fj40,whatsapp-number-2,120363408465558195@g.us,Fj40,2026-03-17T21:57:42.000Z,190950068514824,false,chat,yeah i added it to q6,yeah i added it to q6,,true
mcp_whatsapp_number_2_false_120363408465558195_g_us_3bd4631827a8527c392a_190950068514824_lid,false_120363408465558195@g.us_3BD4631827A8527C392A_190950068514824@lid,Fj40,whatsapp-number-2,120363408465558195@g.us,Fj40,2026-03-17T21:58:07.000Z,190950068514824,false,chat,not htis oriject,not htis oriject,,true
mcp_whatsapp_number_2_false_120363408465558195_g_us_3b207c0058202de14c54_190950068514824_lid,false_120363408465558195@g.us_3B207C0058202DE14C54_190950068514824@lid,Fj40,whatsapp-number-2,120363408465558195@g.us,Fj40,2026-03-17T21:59:46.000Z,190950068514824,false,chat,cool z x fucj though]pl. guud,cool z x fucj though]pl. guud,,true
mcp_whatsapp_number_2_false_120363408465558195_g_us_3b717d9afef448616311_190950068514824_lid,false_120363408465558195@g.us_3B717D9AFEF448616311_190950068514824@lid,Fj40,whatsapp-number-2,120363408465558195@g.us,Fj40,2026-03-17T21:59:50.000Z,190950068514824,false,chat,rngingrd,rngingrd,,true
mcp_whatsapp_number_2_false_120363408465558195_g_us_3b85f65fb877db94d9d6_190950068514824_lid,false_120363408465558195@g.us_3B85F65FB877DB94D9D6_190950068514824@lid,Fj40,whatsapp-number-2,120363408465558195@g.us,Fj40,2026-03-17T22:00:03.000Z,190950068514824,false,chat,itd totsllu dtipping snuesu,itd totsllu dtipping snuesu,,true
mcp_whatsapp_number_2_false_120363408465558195_g_us_3b249253fac72dc43ca7_190950068514824_lid,false_120363408465558195@g.us_3B249253FAC72DC43CA7_190950068514824@lid,Fj40,whatsapp-number-2,120363408465558195@g.us,Fj40,2026-03-17T22:01:12.000Z,190950068514824,false,chat,like I said the crrent ont us onm but seing ias tll ahpends to ready set up to easily do this,like I said the crrent ont us onm but seing ias tll ahpends to ready set up to easily do this,,true
mcp_whatsapp_number_2_false_120363408465558195_g_us_3b02e175db09615689ed_190950068514824_lid,false_120363408465558195@g.us_3B02E175DB09615689ED_190950068514824@lid,Fj40,whatsapp-number-2,120363408465558195@g.us,Fj40,2026-03-17T22:01:22.000Z,190950068514824,false,chat,what would youy dhoose,what would youy dhoose,,true
mcp_whatsapp_number_2_false_120363408465558195_g_us_3b99df3700e8715c06a9_190950068514824_lid,false_120363408465558195@g.us_3B99DF3700E8715C06A9_190950068514824@lid,Fj40,whatsapp-number-2,120363408465558195@g.us,Fj40,2026-03-17T22:05:25.000Z,190950068514824,false,chat,fir .  i’m the online one taking anyway.  my lie ist:~,fir . i’m the online one taking anyway. my lie ist:~,,true
mcp_whatsapp_number_2_false_120363408465558195_g_us_3bc136698f68199161c8_190950068514824_lid,false_120363408465558195@g.us_3BC136698F68199161C8_190950068514824@lid,Fj40,whatsapp-number-2,120363408465558195@g.us,Fj40,2026-03-17T22:07:48.000Z,190950068514824,false,chat,"Product  Price Quantity Total
 100ft - 1/4 inch PET Expandable Braided Sleeving Black Ale. . . Rs. 7,414
1
  Rs. 7,414
 200pcs Rubber Grommet Electrical Wire Gasket Eyelet Ring Gas. . . Rs. 7,860
1
  Rs. 7,860
SUBTOTAL Rs. 15,274
SHIPING Free Shipping
TOTAL Rs. 15,274","Product Price Quantity Total 100ft - 1/4 inch PET Expandable Braided Sleeving Black Ale. . . Rs. 7,414 1 Rs. 7,414 200pcs Rubber Grommet Electrical Wire Gasket Eyelet Ring Gas. . . Rs. 7,860 1 Rs. 7,860 SUBTOTAL Rs. 15,274 SHIPING Free Shipping TOTAL Rs. 15,274",electrical|grommet|wire,true
mcp_whatsapp_number_2_false_120363408465558195_g_us_3b932be69c0b58582218_190950068514824_lid,false_120363408465558195@g.us_3B932BE69C0B58582218_190950068514824@lid,Fj40,whatsapp-number-2,120363408465558195@g.us,Fj40,2026-03-17T22:08:05.000Z,190950068514824,false,chat,hae qyerierd if the come in oairs,hae qyerierd if the come in oairs,,true
mcp_whatsapp_number_2_false_120363408465558195_g_us_3bb40d38cde67a3accf1_190950068514824_lid,false_120363408465558195@g.us_3BB40D38CDE67A3ACCF1_190950068514824@lid,Fj40,whatsapp-number-2,120363408465558195@g.us,Fj40,2026-03-17T22:08:27.000Z,190950068514824,false,chat,"Product  Price Quantity Total
 100ft - 1/4 inch PET Expandable Braided Sleeving Black Ale. . . Rs. 7,414
1
  Rs. 7,414
 200pcs Rubber Grommet Electrical Wire Gasket Eyelet Ring Gas. . . Rs. 7,860
1
  Rs. 7,860","Product Price Quantity Total 100ft - 1/4 inch PET Expandable Braided Sleeving Black Ale. . . Rs. 7,414 1 Rs. 7,414 200pcs Rubber Grommet Electrical Wire Gasket Eyelet Ring Gas. . . Rs. 7,860 1 Rs. 7,860",electrical|grommet|wire,true
mcp_whatsapp_number_2_false_120363408465558195_g_us_3b55ae81bc0caf620626_190950068514824_lid,false_120363408465558195@g.us_3B55AE81BC0CAF620626_190950068514824@lid,Fj40,whatsapp-number-2,120363408465558195@g.us,Fj40,2026-03-17T22:08:43.000Z,190950068514824,false,chat,"back


Universal Android LCD Tab 9 Inches With Wiring - Without Main Grip",back Universal Android LCD Tab 9 Inches With Wiring - Without Main Grip,android|wiring,true
mcp_whatsapp_number_2_false_120363408465558195_g_us_3b0b9b65bc71779f1fef_190950068514824_lid,false_120363408465558195@g.us_3B0B9B65BC71779F1FEF_190950068514824@lid,Fj40,whatsapp-number-2,120363408465558195@g.us,Fj40,2026-03-17T22:09:09.000Z,190950068514824,false,chat,"Car Speaker Wire – 15 Feet
Car Speaker Wire – 15 Feet
Rs.700

4

Rs.2,800
4 Gauge Amplifier Wiring Kit
4 Gauge Amplifier Wiring Kit - Car Audio Wire Wiring Amplifier Subwoofer Speaker Installation Kit
Rs.9,000

1

Rs.9,000
Universal Android LCD Tab 9 Inches With Wiring - Without Main Grip
Universal Android LCD Tab 9 Inches With Wiring - Without Main Grip
Rs.14,500

1

Rs.14,500
Maximus Under Seat Subwoofer Box With Built in Amplifier
Maximus Under Seat Subwoofer Box With Built in Amplifier - Compact Active Bass Woofer for Cars
Rs.25,000

1

Rs.25,000","Car Speaker Wire – 15 Feet Car Speaker Wire – 15 Feet Rs.700 4 Rs.2,800 4 Gauge Amplifier Wiring Kit 4 Gauge Amplifier Wiring Kit - Car Audio Wire Wiring Amplifier Subwoofer Speaker Installation Kit Rs.9,000 1 Rs.9,000 Universal Android LCD Tab 9 Inches With Wiring - Without Main Grip Universal Android LCD Tab 9 Inches With Wiring - Without Main Grip Rs.14,500 1 Rs.14,500 Maximus Under Seat Subwoofer Box With Built in Amplifier Maximus Under Seat Subwoofer Box With Built in Amplifier - Compact Active Bass Woofer for Cars Rs.25,000 1 Rs.25,000",android|speaker|wire|wiring,true
mcp_whatsapp_number_2_false_120363408465558195_g_us_3b787581fe14c94db9e9_190950068514824_lid,false_120363408465558195@g.us_3B787581FE14C94DB9E9_190950068514824@lid,Fj40,whatsapp-number-2,120363408465558195@g.us,Fj40,2026-03-17T22:09:59.000Z,190950068514824,false,chat,"https://punawala.com/product/piano-hinge-1x7-steel/?utm_source=chatgpt.com
for moging the fusr bost into the way of the passaanger if necessary",https://punawala.com/product/piano-hinge-1x7-steel/?utm_source=chatgpt.com for moging the fusr bost into the way of the passaanger if necessary,,true
mcp_whatsapp_number_2_false_120363408465558195_g_us_3b91b6fdb0030a5aab3b_190950068514824_lid,false_120363408465558195@g.us_3B91B6FDB0030A5AAB3B_190950068514824@lid,Fj40,whatsapp-number-2,120363408465558195@g.us,Fj40,2026-03-17T22:10:15.000Z,190950068514824,false,chat,"Product  Price Quantity Total
 Electop 12-Way Blade Fuse Block, 12 Circuits with Negative B. . . Rs. 12,501
1
  Rs. 12,501
 100ft - 1/4 inch PET Expandable Braided Sleeving Black Ale. . . Rs. 7,414
1
  Rs. 7,414
 200pcs Rubber Grommet Electrical Wire Gasket Eyelet Ring Gas. . . Rs. 7,860
1","Product Price Quantity Total Electop 12-Way Blade Fuse Block, 12 Circuits with Negative B. . . Rs. 12,501 1 Rs. 12,501 100ft - 1/4 inch PET Expandable Braided Sleeving Black Ale. . . Rs. 7,414 1 Rs. 7,414 200pcs Rubber Grommet Electrical Wire Gasket Eyelet Ring Gas. . . Rs. 7,860 1",electrical|grommet|wire,true
mcp_whatsapp_number_2_false_120363408465558195_g_us_3bcebb5e7ebc45a0f8e5_190950068514824_lid,false_120363408465558195@g.us_3BCEBB5E7EBC45A0F8E5_190950068514824@lid,Fj40,whatsapp-number-2,120363408465558195@g.us,Fj40,2026-03-17T22:10:42.000Z,190950068514824,false,chat,"PVC Coated Fiberglass Sleeves Heatproof sleeve 1 Mm To 25 Mm
Size: 18mm

Rs.220.00

5

Rs.1,100.00

PVC Coated Fiberglass Sleeves Heatproof sleeve 1 Mm To 25 Mm
Size: 14mm

Rs.160.00

2","PVC Coated Fiberglass Sleeves Heatproof sleeve 1 Mm To 25 Mm Size: 18mm Rs.220.00 5 Rs.1,100.00 PVC Coated Fiberglass Sleeves Heatproof sleeve 1 Mm To 25 Mm Size: 14mm Rs.160.00 2",,true
mcp_whatsapp_number_2_false_120363408465558195_g_us_3bc13d39fb9b71d43615_190950068514824_lid,false_120363408465558195@g.us_3BC13D39FB9B71D43615_190950068514824@lid,Fj40,whatsapp-number-2,120363408465558195@g.us,Fj40,2026-03-17T22:10:58.000Z,190950068514824,false,chat,"Pioneer TS-F1634R 6.5"" 200W 2-Way Speakers* Quantity: 4 Price: Rs 9,100 SKU:","Pioneer TS-F1634R 6.5"" 200W 2-Way Speakers* Quantity: 4 Price: Rs 9,100 SKU:",,true
mcp_whatsapp_number_2_false_120363408465558195_g_us_3bb09d0889d12aea5cc7_190950068514824_lid,false_120363408465558195@g.us_3BB09D0889D12AEA5CC7_190950068514824@lid,Fj40,whatsapp-number-2,120363408465558195@g.us,Fj40,2026-03-17T22:11:19.000Z,190950068514824,false,chat,PERMATEX 81150 DIE ELECTRIC TUNE UP GREASE 0.33 OZ,PERMATEX 81150 DIE ELECTRIC TUNE UP GREASE 0.33 OZ,,true
mcp_whatsapp_number_2_false_120363408465558195_g_us_3b9dfc6c549630394520_190950068514824_lid,false_120363408465558195@g.us_3B9DFC6C549630394520_190950068514824@lid,Fj40,whatsapp-number-2,120363408465558195@g.us,Fj40,2026-03-17T22:11:41.000Z,190950068514824,false,chat,"Product Quantity Total

Total Safety goggles TSP342
Rs.500Rs.560

1

Remove
Rs.500

Ingco Bench grinder 350w BG83502
Rs.21,170Rs.23,520

1

Remove
Rs.21,170

Harden 10Pcs 18x100mm Knife Blade
Rs.480Rs.590

1

Remove
Rs.480

Harden Folding knife
Rs.1,520Rs.1,730

1

Remove
Rs.1,520

Harden Pro Grease Gun 500CC
Rs.4,790Rs.5,460

1

Remove","Product Quantity Total Total Safety goggles TSP342 Rs.500Rs.560 1 Remove Rs.500 Ingco Bench grinder 350w BG83502 Rs.21,170Rs.23,520 1 Remove Rs.21,170 Harden 10Pcs 18x100mm Knife Blade Rs.480Rs.590 1 Remove Rs.480 Harden Folding knife Rs.1,520Rs.1,730 1 Remove Rs.1,520 Harden Pro Grease Gun 500CC Rs.4,790Rs.5,460 1 Remove",bench grinder|grease gun,true
mcp_whatsapp_number_2_false_120363408465558195_g_us_3b1e41bf9c03c18ee7fc_190950068514824_lid,false_120363408465558195@g.us_3B1E41BF9C03C18EE7FC_190950068514824@lid,Fj40,whatsapp-number-2,120363408465558195@g.us,Fj40,2026-03-17T22:11:58.000Z,190950068514824,false,chat,https://sehgalmotors.pk/products/maximus-under-seat-subwoofer-box-with-built-in-amplifier?srsltid=AfmBOookUL2cEtsLYHmBDdXmWAWf5uqrkK774dshriRbV8Ar2tb-bbXd&utm_source=chatgpt.com,https://sehgalmotors.pk/products/maximus-under-seat-subwoofer-box-with-built-in-amplifier?srsltid=AfmBOookUL2cEtsLYHmBDdXmWAWf5uqrkK774dshriRbV8Ar2tb-bbXd&utm_source=chatgpt.com,,true
mcp_whatsapp_number_2_false_120363408465558195_g_us_3bfd89310e2d478b50ad_190950068514824_lid,false_120363408465558195@g.us_3BFD89310E2D478B50AD_190950068514824@lid,Fj40,whatsapp-number-2,120363408465558195@g.us,Fj40,2026-03-17T22:12:33.000Z,190950068514824,false,chat,"Product  Price Quantity Total
 100ft - 1/4 inch PET Expandable Braided Sleeving Black Ale. . . Rs. 7,414
1
  Rs. 7,414
 200pcs Rubber Grommet Electrical Wire Gasket Eyelet Ring Gas. . . Rs. 7,860","Product Price Quantity Total 100ft - 1/4 inch PET Expandable Braided Sleeving Black Ale. . . Rs. 7,414 1 Rs. 7,414 200pcs Rubber Grommet Electrical Wire Gasket Eyelet Ring Gas. . . Rs. 7,860",electrical|grommet|wire,true
mcp_whatsapp_number_2_false_120363408465558195_g_us_3b6bfe81a05acfb6278e_190950068514824_lid,false_120363408465558195@g.us_3B6BFE81A05ACFB6278E_190950068514824@lid,Fj40,whatsapp-number-2,120363408465558195@g.us,Fj40,2026-03-17T22:14:47.000Z,190950068514824,false,chat,"i’mm jut gonna buy all this shit anyway,  then there all the in uslation etc","i’mm jut gonna buy all this shit anyway, then there all the in uslation etc",,true
mcp_whatsapp_number_1_archive_fj40_00267,fj40-00267,Fj40,whatsapp-number-1,archive::fj40,Fj40,2026-03-18T02:24:15,David,false,chat,I heard hits one cost $16 USD and some cheaper options also exist but no idea on quality. porbabably not in the initial bidegetoptions a ‎<This message was edited>,I heard hits one cost $16 USD and some cheaper options also exist but no idea on quality. porbabably not in the initial bidegetoptions a <This message was edited>,,true
mcp_whatsapp_number_1_archive_fj40_00268,fj40-00268,Fj40,whatsapp-number-1,archive::fj40,Fj40,2026-03-18T02:57:41,David,false,chat,yeah i added it to q6,yeah i added it to q6,,true
mcp_whatsapp_number_1_archive_fj40_00269,fj40-00269,Fj40,whatsapp-number-1,archive::fj40,Fj40,2026-03-18T02:58:05,David,false,chat,not htis oriject,not htis oriject,,true
mcp_whatsapp_number_1_archive_fj40_00270,fj40-00270,Fj40,whatsapp-number-1,archive::fj40,Fj40,2026-03-18T02:59:45,David,false,chat,cool z x fucj though]pl. guud,cool z x fucj though]pl. guud,,true
mcp_whatsapp_number_1_archive_fj40_00271,fj40-00271,Fj40,whatsapp-number-1,archive::fj40,Fj40,2026-03-18T02:59:49,David,false,chat,rngingrd,rngingrd,,true
mcp_whatsapp_number_1_archive_fj40_00272,fj40-00272,Fj40,whatsapp-number-1,archive::fj40,Fj40,2026-03-18T03:00:02,David,false,chat,itd totsllu dtipping snuesu,itd totsllu dtipping snuesu,,true
mcp_whatsapp_number_1_archive_fj40_00273,fj40-00273,Fj40,whatsapp-number-1,archive::fj40,Fj40,2026-03-18T03:01:10,David,false,chat,like I said the crrent ont us onm but seing ias tll ahpends to ready set up to easily do this,like I said the crrent ont us onm but seing ias tll ahpends to ready set up to easily do this,,true
mcp_whatsapp_number_1_archive_fj40_00274,fj40-00274,Fj40,whatsapp-number-1,archive::fj40,Fj40,2026-03-18T03:01:21,David,false,chat,what would youy dhoose,what would youy dhoose,,true
mcp_whatsapp_number_1_archive_fj40_00275,fj40-00275,Fj40,whatsapp-number-1,archive::fj40,Fj40,2026-03-18T03:05:24,David,false,chat,fir . i’m the online one taking anyway. my lie ist:~,fir . i’m the online one taking anyway. my lie ist:~,,true
mcp_whatsapp_number_1_archive_fj40_00276,fj40-00276,Fj40,whatsapp-number-1,archive::fj40,Fj40,2026-03-18T03:07:47,David,false,chat,"Product Price Quantity Total 100ft - 1/4 inch PET Expandable Braided Sleeving Black Ale. . . Rs. 7,414 1 Rs. 7,414 200pcs Rubber Grommet Electrical Wire Gasket Eyelet Ring Gas. . . Rs. 7,860 1 Rs. 7,860 SUBTOTAL Rs. 15,274 SHIPING Free Shipping TOTAL Rs. 15,274","Product Price Quantity Total 100ft - 1/4 inch PET Expandable Braided Sleeving Black Ale. . . Rs. 7,414 1 Rs. 7,414 200pcs Rubber Grommet Electrical Wire Gasket Eyelet Ring Gas. . . Rs. 7,860 1 Rs. 7,860 SUBTOTAL Rs. 15,274 SHIPING Free Shipping TOTAL Rs. 15,274",electrical|grommet|wire,true
mcp_whatsapp_number_1_archive_fj40_00277,fj40-00277,Fj40,whatsapp-number-1,archive::fj40,Fj40,2026-03-18T03:08:04,David,false,chat,hae qyerierd if the come in oairs,hae qyerierd if the come in oairs,,true
mcp_whatsapp_number_1_archive_fj40_00278,fj40-00278,Fj40,whatsapp-number-1,archive::fj40,Fj40,2026-03-18T03:08:26,David,false,chat,"Product Price Quantity Total 100ft - 1/4 inch PET Expandable Braided Sleeving Black Ale. . . Rs. 7,414 1 Rs. 7,414 200pcs Rubber Grommet Electrical Wire Gasket Eyelet Ring Gas. . . Rs. 7,860 1 Rs. 7,860","Product Price Quantity Total 100ft - 1/4 inch PET Expandable Braided Sleeving Black Ale. . . Rs. 7,414 1 Rs. 7,414 200pcs Rubber Grommet Electrical Wire Gasket Eyelet Ring Gas. . . Rs. 7,860 1 Rs. 7,860",electrical|grommet|wire,true
mcp_whatsapp_number_1_archive_fj40_00279,fj40-00279,Fj40,whatsapp-number-1,archive::fj40,Fj40,2026-03-18T03:08:42,David,false,chat,back Universal Android LCD Tab 9 Inches With Wiring - Without Main Grip,back Universal Android LCD Tab 9 Inches With Wiring - Without Main Grip,android|wiring,true
mcp_whatsapp_number_1_archive_fj40_00280,fj40-00280,Fj40,whatsapp-number-1,archive::fj40,Fj40,2026-03-18T03:09:08,David,false,chat,"Car Speaker Wire – 15 Feet Car Speaker Wire – 15 Feet Rs.700 4 Rs.2,800 4 Gauge Amplifier Wiring Kit 4 Gauge Amplifier Wiring Kit - Car Audio Wire Wiring Amplifier Subwoofer Speaker Installation Kit Rs.9,000 1 Rs.9,000 Universal Android LCD Tab 9 Inches With Wiring - Without Main Grip Universal Android LCD Tab 9 Inches With Wiring - Without Main Grip Rs.14,500 1 Rs.14,500 Maximus Under Seat Subwoofer Box With Built in Amplifier Maximus Under Seat Subwoofer Box With Built in Amplifier - Compact Active Bass Woofer for Cars Rs.25,000 1 Rs.25,000","Car Speaker Wire – 15 Feet Car Speaker Wire – 15 Feet Rs.700 4 Rs.2,800 4 Gauge Amplifier Wiring Kit 4 Gauge Amplifier Wiring Kit - Car Audio Wire Wiring Amplifier Subwoofer Speaker Installation Kit Rs.9,000 1 Rs.9,000 Universal Android LCD Tab 9 Inches With Wiring - Without Main Grip Universal Android LCD Tab 9 Inches With Wiring - Without Main Grip Rs.14,500 1 Rs.14,500 Maximus Under Seat Subwoofer Box With Built in Amplifier Maximus Under Seat Subwoofer Box With Built in Amplifier - Compact Active Bass Woofer for Cars Rs.25,000 1 Rs.25,000",android|speaker|wire|wiring,true
mcp_whatsapp_number_1_archive_fj40_00281,fj40-00281,Fj40,whatsapp-number-1,archive::fj40,Fj40,2026-03-18T03:09:57,David,false,chat,https://punawala.com/product/piano-hinge-1x7-steel/?utm_source=chatgpt.com for moging the fusr bost into the way of the passaanger if necessary,https://punawala.com/product/piano-hinge-1x7-steel/?utm_source=chatgpt.com for moging the fusr bost into the way of the passaanger if necessary,,true
mcp_whatsapp_number_1_archive_fj40_00282,fj40-00282,Fj40,whatsapp-number-1,archive::fj40,Fj40,2026-03-18T03:10:14,David,false,chat,"Product Price Quantity Total Electop 12-Way Blade Fuse Block, 12 Circuits with Negative B. . . Rs. 12,501 1 Rs. 12,501 100ft - 1/4 inch PET Expandable Braided Sleeving Black Ale. . . Rs. 7,414 1 Rs. 7,414 200pcs Rubber Grommet Electrical Wire Gasket Eyelet Ring Gas. . . Rs. 7,860 1","Product Price Quantity Total Electop 12-Way Blade Fuse Block, 12 Circuits with Negative B. . . Rs. 12,501 1 Rs. 12,501 100ft - 1/4 inch PET Expandable Braided Sleeving Black Ale. . . Rs. 7,414 1 Rs. 7,414 200pcs Rubber Grommet Electrical Wire Gasket Eyelet Ring Gas. . . Rs. 7,860 1",electrical|grommet|wire,true
mcp_whatsapp_number_1_archive_fj40_00283,fj40-00283,Fj40,whatsapp-number-1,archive::fj40,Fj40,2026-03-18T03:10:41,David,false,chat,"PVC Coated Fiberglass Sleeves Heatproof sleeve 1 Mm To 25 Mm Size: 18mm Rs.220.00 5 Rs.1,100.00 PVC Coated Fiberglass Sleeves Heatproof sleeve 1 Mm To 25 Mm Size: 14mm Rs.160.00 2","PVC Coated Fiberglass Sleeves Heatproof sleeve 1 Mm To 25 Mm Size: 18mm Rs.220.00 5 Rs.1,100.00 PVC Coated Fiberglass Sleeves Heatproof sleeve 1 Mm To 25 Mm Size: 14mm Rs.160.00 2",,true
mcp_whatsapp_number_1_archive_fj40_00284,fj40-00284,Fj40,whatsapp-number-1,archive::fj40,Fj40,2026-03-18T03:10:57,David,false,chat,"Pioneer TS-F1634R 6.5"" 200W 2-Way Speakers* Quantity: 4 Price: Rs 9,100 SKU:","Pioneer TS-F1634R 6.5"" 200W 2-Way Speakers* Quantity: 4 Price: Rs 9,100 SKU:",,true
mcp_whatsapp_number_1_archive_fj40_00285,fj40-00285,Fj40,whatsapp-number-1,archive::fj40,Fj40,2026-03-18T03:11:18,David,false,chat,PERMATEX 81150 DIE ELECTRIC TUNE UP GREASE 0.33 OZ,PERMATEX 81150 DIE ELECTRIC TUNE UP GREASE 0.33 OZ,,true
mcp_whatsapp_number_1_archive_fj40_00286,fj40-00286,Fj40,whatsapp-number-1,archive::fj40,Fj40,2026-03-18T03:11:40,David,false,chat,"Product Quantity Total Total Safety goggles TSP342 Rs.500Rs.560 1 Remove Rs.500 Ingco Bench grinder 350w BG83502 Rs.21,170Rs.23,520 1 Remove Rs.21,170 Harden 10Pcs 18x100mm Knife Blade Rs.480Rs.590 1 Remove Rs.480 Harden Folding knife Rs.1,520Rs.1,730 1 Remove Rs.1,520 Harden Pro Grease Gun 500CC Rs.4,790Rs.5,460 1 Remove","Product Quantity Total Total Safety goggles TSP342 Rs.500Rs.560 1 Remove Rs.500 Ingco Bench grinder 350w BG83502 Rs.21,170Rs.23,520 1 Remove Rs.21,170 Harden 10Pcs 18x100mm Knife Blade Rs.480Rs.590 1 Remove Rs.480 Harden Folding knife Rs.1,520Rs.1,730 1 Remove Rs.1,520 Harden Pro Grease Gun 500CC Rs.4,790Rs.5,460 1 Remove",bench grinder|grease gun,true
mcp_whatsapp_number_1_archive_fj40_00287,fj40-00287,Fj40,whatsapp-number-1,archive::fj40,Fj40,2026-03-18T03:11:57,David,false,chat,https://sehgalmotors.pk/products/maximus-under-seat-subwoofer-box-with-built-in-amplifier?srsltid=AfmBOookUL2cEtsLYHmBDdXmWAWf5uqrkK774dshriRbV8Ar2tb-bbXd&utm_source=chatgpt.com,https://sehgalmotors.pk/products/maximus-under-seat-subwoofer-box-with-built-in-amplifier?srsltid=AfmBOookUL2cEtsLYHmBDdXmWAWf5uqrkK774dshriRbV8Ar2tb-bbXd&utm_source=chatgpt.com,,true
mcp_whatsapp_number_1_archive_fj40_00288,fj40-00288,Fj40,whatsapp-number-1,archive::fj40,Fj40,2026-03-18T03:12:32,David,false,chat,"Product Price Quantity Total 100ft - 1/4 inch PET Expandable Braided Sleeving Black Ale. . . Rs. 7,414 1 Rs. 7,414 200pcs Rubber Grommet Electrical Wire Gasket Eyelet Ring Gas. . . Rs. 7,860","Product Price Quantity Total 100ft - 1/4 inch PET Expandable Braided Sleeving Black Ale. . . Rs. 7,414 1 Rs. 7,414 200pcs Rubber Grommet Electrical Wire Gasket Eyelet Ring Gas. . . Rs. 7,860",electrical|grommet|wire,true
mcp_whatsapp_number_1_archive_fj40_00289,fj40-00289,Fj40,whatsapp-number-1,archive::fj40,Fj40,2026-03-18T03:14:46,David,false,chat,"i’mm jut gonna buy all this shit anyway, then there all the in uslation etc","i’mm jut gonna buy all this shit anyway, then there all the in uslation etc",,true
mcp_whatsapp_number_1_archive_akber_khan_00876,akber_khan-00876,Akbar Khan,whatsapp-number-1,archive::akbar_khan,Akbar Khan,2026-03-18T12:09:51,Akbar Khan,false,chat,Yooo.. yes I do..,Yooo.. yes I do..,,true
mcp_whatsapp_number_1_archive_akber_khan_00877,akber_khan-00877,Akbar Khan,whatsapp-number-1,archive::akbar_khan,Akbar Khan,2026-03-18T12:10:14,Akbar Khan,false,chat,He's doing umra lol. Should be back soon enough let me ask,He's doing umra lol. Should be back soon enough let me ask,,true
mcp_whatsapp_number_1_archive_akber_khan_00878,akber_khan-00878,Akbar Khan,whatsapp-number-1,archive::akbar_khan,Akbar Khan,2026-03-18T12:17:20,Akbar Khan,false,chat,Also. Sorry. Rescheduled the keep dismantling. Rain. So we are looking at about 2pm,Also. Sorry. Rescheduled the keep dismantling. Rain. So we are looking at about 2pm,,true
mcp_whatsapp_number_1_archive_akber_khan_00879,akber_khan-00879,Akbar Khan,whatsapp-number-1,archive::akbar_khan,Akbar Khan,2026-03-18T13:28:02,David,false,chat,Good. Cos i gor up late. Tools and cover arrived thoigh,Good. Cos i gor up late. Tools and cover arrived thoigh,cover,true
mcp_whatsapp_number_1_archive_akber_khan_00880,akber_khan-00880,Akbar Khan,whatsapp-number-1,archive::akbar_khan,Akbar Khan,2026-03-18T13:36:36,Akbar Khan,false,chat,Cool,Cool,,true
mcp_whatsapp_number_1_archive_akber_khan_00881,akber_khan-00881,Akbar Khan,whatsapp-number-1,archive::akbar_khan,Akbar Khan,2026-03-18T13:36:42,Akbar Khan,false,chat,See u shortly then,See u shortly then,,true
mcp_whatsapp_number_1_archive_akber_khan_00882,akber_khan-00882,Akbar Khan,whatsapp-number-1,archive::akbar_khan,Akbar Khan,2026-03-18T14:57:16,Akbar Khan,false,chat,Gotten a bit late. Rain. On the way now in 5 min. Chap is here,Gotten a bit late. Rain. On the way now in 5 min. Chap is here,,true
mcp_whatsapp_number_1_archive_akber_khan_00883,akber_khan-00883,Akbar Khan,whatsapp-number-1,archive::akbar_khan,Akbar Khan,2026-03-18T15:12:01,Akbar Khan,false,chat,"‎Missed voice call, ‎Click to call back","Missed voice call, Click to call back",,true
mcp_whatsapp_number_2_true_147107092648188_lid_ac944a50f301bdcc732a803315d3c005,true_147107092648188@lid_AC944A50F301BDCC732A803315D3C005,Auto Xpert,whatsapp-number-2,147107092648188@lid,Auto Xpert,2026-03-21T05:11:34.000Z,+923099351940,true,e2e_notification,,,,true
mcp_whatsapp_number_2_true_120363427035421010_g_us_208199728_923099351940_c_us,true_120363427035421010@g.us_208199728_923099351940@c.us,Headlight connectors,whatsapp-number-2,120363427035421010@g.us,Headlight connectors,2026-03-21T05:12:27.000Z,+923099351940,true,gp2,Headlight connectors,Headlight connectors,headlight,true
mcp_whatsapp_number_2_true_120363427035421010_g_us_acfe2ec83609ddf67659af856a7ac9ea_923099351940_c_us,true_120363427035421010@g.us_ACFE2EC83609DDF67659AF856A7AC9EA_923099351940@c.us,Headlight connectors,whatsapp-number-2,120363427035421010@g.us,Headlight connectors,2026-03-21T05:12:28.000Z,+923099351940,true,e2e_notification,,,,true
mcp_whatsapp_number_2_true_120363427035421010_g_us_ac188c930d3bf0ca39f40d5ffc997680_226083001659473_lid,true_120363427035421010@g.us_AC188C930D3BF0CA39F40D5FFC997680_226083001659473@lid,Headlight connectors,whatsapp-number-2,120363427035421010@g.us,Headlight connectors,2026-03-21T05:12:30.000Z,+923099351940,true,image,,,,true
mcp_whatsapp_number_2_true_120363427035421010_g_us_ac41ea9bfe29edbccaa2132277c3ede3_226083001659473_lid,true_120363427035421010@g.us_AC41EA9BFE29EDBCCAA2132277C3EDE3_226083001659473@lid,Headlight connectors,whatsapp-number-2,120363427035421010@g.us,Headlight connectors,2026-03-21T05:12:52.000Z,+923099351940,true,chat,Order OCT81MG25,Order OCT81MG25,order,true
mcp_whatsapp_number_2_false_120363408465558195_g_us_3b7552b522fa5e9c8d18_190950068514824_lid,false_120363408465558195@g.us_3B7552B522FA5E9C8D18_190950068514824@lid,Fj40,whatsapp-number-2,120363408465558195@g.us,Fj40,2026-03-21T06:14:34.000Z,190950068514824,false,revoked,,,,true
mcp_whatsapp_number_2_false_120363408465558195_g_us_3bd91e16d9d7eed48b35_190950068514824_lid,false_120363408465558195@g.us_3BD91E16D9D7EED48B35_190950068514824@lid,Fj40,whatsapp-number-2,120363408465558195@g.us,Fj40,2026-03-21T06:14:52.000Z,190950068514824,false,chat,my list.  most bought already so I hope I didn’t fuck up too much,my list. most bought already so I hope I didn’t fuck up too much,,true
mcp_whatsapp_number_2_false_120363408465558195_g_us_3b6e9a773cab439d9539_190950068514824_lid,false_120363408465558195@g.us_3B6E9A773CAB439D9539_190950068514824@lid,Fj40,whatsapp-number-2,120363408465558195@g.us,Fj40,2026-03-21T06:16:02.000Z,190950068514824,false,chat,"these parts are apparently best purchased locally:

Local Purchases

Montgomery Road (Lahore)
1.5mm² multi-strand automotive wire (copper) 20m
2.5mm² multi-strand automotive wire (copper) 15m

split wiring pipe / loom pipe
8mm → 5m
12mm → 10m
16mm → 6m
M6 aur M8 star washer / lock washer chahiye (tooth wala)
Old Man Emu Nitrocharger
Electrical power steering
Epoxy Primer
https://mhshah.com.pk/closed-cell-foam-pakistan
Carpets/Mats",these parts are apparently best purchased locally: Local Purchases Montgomery Road (Lahore) 1.5mm² multi-strand automotive wire (copper) 20m 2.5mm² multi-strand automotive wire (copper) 15m split wiring pipe / loom pipe 8mm → 5m 12mm → 10m 16mm → 6m M6 aur M8 star washer / lock washer chahiye (tooth wala) Old Man Emu Nitrocharger Electrical power steering Epoxy Primer https://mhshah.com.pk/closed-cell-foam-pakistan Carpets/Mats,electrical|epoxy|foam|loom|nitrocharger|old man emu|power steering|primer|steering|wire|wiring,true
mcp_whatsapp_number_2_false_120363408465558195_g_us_3be1ad79fd6a39258eb4_190950068514824_lid,false_120363408465558195@g.us_3BE1AD79FD6A39258EB4_190950068514824@lid,Fj40,whatsapp-number-2,120363408465558195@g.us,Fj40,2026-03-21T06:16:48.000Z,190950068514824,false,chat,the suspension and power steering clearly are the larger parts here if anyone has any suggestions?,the suspension and power steering clearly are the larger parts here if anyone has any suggestions?,power steering|steering|suspension,true
mcp_whatsapp_number_2_false_120363408465558195_g_us_3b70b5cfbd88ce057e6e_190950068514824_lid,false_120363408465558195@g.us_3B70B5CFBD88CE057E6E_190950068514824@lid,Fj40,whatsapp-number-2,120363408465558195@g.us,Fj40,2026-03-21T06:17:37.000Z,190950068514824,false,document,J40_Costs.xlsx,J40_Costs.xlsx,j40,true
mcp_whatsapp_number_2_false_120363408465558195_g_us_3b7aa8d2ad211555b8ef_190950068514824_lid,false_120363408465558195@g.us_3B7AA8D2AD211555B8EF_190950068514824@lid,Fj40,whatsapp-number-2,120363408465558195@g.us,Fj40,2026-03-21T06:18:30.000Z,190950068514824,false,chat,"and although probably I won’t.  if i did, what engine could I replace it with?","and although probably I won’t. if i did, what engine could I replace it with?",engine,true
mcp_whatsapp_number_2_false_120363408465558195_g_us_3b2df3fdf8928612dc1f_190950068514824_lid,false_120363408465558195@g.us_3B2DF3FDF8928612DC1F_190950068514824@lid,Fj40,whatsapp-number-2,120363408465558195@g.us,Fj40,2026-03-21T22:52:39.000Z,190950068514824,false,chat,"need a fabricator - simple job 30cm x 20cm 3mm. aluminium, some holes in it, piano hinge, clasp/magnet.  To host the new fuse set, relays and central locking mechanism - Anyone know someone here can make it for me?","need a fabricator - simple job 30cm x 20cm 3mm. aluminium, some holes in it, piano hinge, clasp/magnet. To host the new fuse set, relays and central locking mechanism - Anyone know someone here can make it for me?",,true
mcp_whatsapp_number_2_false_120363408465558195_g_us_3b6da74506b9b010ce0e_190950068514824_lid,false_120363408465558195@g.us_3B6DA74506B9B010CE0E_190950068514824@lid,Fj40,whatsapp-number-2,120363408465558195@g.us,Fj40,2026-03-21T22:53:18.000Z,190950068514824,false,chat,wouldn’t take more than an hour.  I have no pillar drill,wouldn’t take more than an hour. I have no pillar drill,,true
mcp_whatsapp_number_2_true_147107092648188_lid_acff9d3bc248e05e43ac2c4c085591a1,true_147107092648188@lid_ACFF9D3BC248E05E43AC2C4C085591A1,Auto Xpert,whatsapp-number-2,147107092648188@lid,Auto Xpert,2026-03-24T10:22:16.000Z,+923099351940,true,image,,,,true
mcp_whatsapp_number_2_false_147107092648188_lid_a52a4e838ebf3ebec691444f2799d818,false_147107092648188@lid_A52A4E838EBF3EBEC691444F2799D818,Auto Xpert,whatsapp-number-2,147107092648188@lid,Auto Xpert,2026-03-24T10:22:21.000Z,147107092648188,false,chat,"Thank you for contacting Auto Xpert (Rawalpindi)!
⭐Visit website www.autoxpertpakistan.com",Thank you for contacting Auto Xpert (Rawalpindi)! ⭐Visit website www.autoxpertpakistan.com,,true
mcp_whatsapp_number_2_false_147107092648188_lid_a5e20b4053ed7445564e6baf16e5a332,false_147107092648188@lid_A5E20B4053ED7445564E6BAF16E5A332,Auto Xpert,whatsapp-number-2,147107092648188@lid,Auto Xpert,2026-03-24T10:22:21.000Z,147107092648188,false,chat,"Thank you for contacting Auto Xpert (Rawalpindi)!
⭐Free delivery on Advance Payment
⭐COD charges 250/-
⭐ www.autoxpertpakistan.com",Thank you for contacting Auto Xpert (Rawalpindi)! ⭐Free delivery on Advance Payment ⭐COD charges 250/- ⭐ www.autoxpertpakistan.com,,true
mcp_whatsapp_number_2_true_147107092648188_lid_acddacec2d60c5fd0b28caea542f2f1d,true_147107092648188@lid_ACDDACEC2D60C5FD0B28CAEA542F2F1D,Auto Xpert,whatsapp-number-2,147107092648188@lid,Auto Xpert,2026-03-24T10:22:31.000Z,+923099351940,true,chat,Order 1599,Order 1599,order,true
mcp_whatsapp_number_2_false_147107092648188_lid_a54cf99bfa23e53983f28c3f49a6e144,false_147107092648188@lid_A54CF99BFA23E53983F28C3F49A6E144,Auto Xpert,whatsapp-number-2,147107092648188@lid,Auto Xpert,2026-03-24T10:23:04.000Z,147107092648188,false,chat,Ok,Ok,,true
mcp_whatsapp_number_2_false_147107092648188_lid_a54c83cd63ff5d9c767754ddcb78dbe8,false_147107092648188@lid_A54C83CD63FF5D9C767754DDCB78DBE8,Auto Xpert,whatsapp-number-2,147107092648188@lid,Auto Xpert,2026-03-24T10:23:08.000Z,147107092648188,false,chat,Let me check,Let me check,,true
mcp_whatsapp_number_2_false_147107092648188_lid_a5cbb4169f7c1f02d737fc2e3e4d0431,false_147107092648188@lid_A5CBB4169F7C1F02D737FC2E3E4D0431,Auto Xpert,whatsapp-number-2,147107092648188@lid,Auto Xpert,2026-03-24T10:24:00.000Z,147107092648188,false,chat,"House 287
Street 14/1
Lahore 54910
Pakistan",House 287 Street 14/1 Lahore 54910 Pakistan,,true
mcp_whatsapp_number_2_false_147107092648188_lid_a5eabc83e1eebc213a0a752287f5b7f2,false_147107092648188@lid_A5EABC83E1EEBC213A0A752287F5B7F2,Auto Xpert,whatsapp-number-2,147107092648188@lid,Auto Xpert,2026-03-24T10:24:09.000Z,147107092648188,false,chat,Please share complete address,Please share complete address,,true
mcp_whatsapp_number_2_true_147107092648188_lid_acf061995a10b3e0390a14d792fc0039,true_147107092648188@lid_ACF061995A10B3E0390A14D792FC0039,Auto Xpert,whatsapp-number-2,147107092648188@lid,Auto Xpert,2026-03-24T10:25:09.000Z,+923099351940,true,chat,"House 287
Street 24/1
K Block
Phase 5
DHA
Lahore",House 287 Street 24/1 K Block Phase 5 DHA Lahore,,true
mcp_whatsapp_number_2_false_147107092648188_lid_a5b63586320f4b6dcc8bf3c313438dd5,false_147107092648188@lid_A5B63586320F4B6DCC8BF3C313438DD5,Auto Xpert,whatsapp-number-2,147107092648188@lid,Auto Xpert,2026-03-24T10:27:44.000Z,147107092648188,false,chat,Noted,Noted,,true
mcp_whatsapp_number_2_false_147107092648188_lid_a53e5aa882e14f22ef21b96c9d401262,false_147107092648188@lid_A53E5AA882E14F22EF21B96C9D401262,Auto Xpert,whatsapp-number-2,147107092648188@lid,Auto Xpert,2026-03-24T10:27:58.000Z,147107092648188,false,chat,Thursday dispatch Friday/Saturday delivery,Thursday dispatch Friday/Saturday delivery,,true
mcp_whatsapp_number_2_false_147107092648188_lid_a536400b87b28876690f9cddf719c9f9,false_147107092648188@lid_A536400B87B28876690F9CDDF719C9F9,Auto Xpert,whatsapp-number-2,147107092648188@lid,Auto Xpert,2026-03-25T05:03:57.000Z,147107092648188,false,chat,Amount not received please share details,Amount not received please share details,,true
mcp_whatsapp_number_2_false_147107092648188_lid_a5ebade9b32dab88985f73578e737ae2,false_147107092648188@lid_A5EBADE9B32DAB88985F73578E737AE2,Auto Xpert,whatsapp-number-2,147107092648188@lid,Auto Xpert,2026-03-25T05:05:25.000Z,147107092648188,false,chat,I checked the receipt this is not my account,I checked the receipt this is not my account,,true
mcp_whatsapp_number_2_false_147107092648188_lid_a5127b08d42866c2d5df714a8443536a,false_147107092648188@lid_A5127B08D42866C2D5DF714A8443536A,Auto Xpert,whatsapp-number-2,147107092648188@lid,Auto Xpert,2026-03-25T05:05:33.000Z,147107092648188,false,chat,You have shared the wrong slip i guess,You have shared the wrong slip i guess,,true
mcp_whatsapp_number_2_true_147107092648188_lid_acd5d89a22827a30513e854299e6c737,true_147107092648188@lid_ACD5D89A22827A30513E854299E6C737,Auto Xpert,whatsapp-number-2,147107092648188@lid,Auto Xpert,2026-03-25T05:09:59.000Z,+923099351940,true,chat,"Oh sorrt. Getting so confused, so many parts","Oh sorrt. Getting so confused, so many parts",,true
mcp_whatsapp_number_2_true_147107092648188_lid_ac4c15f54005f13337f9cf33b89751b4,true_147107092648188@lid_AC4C15F54005F13337F9CF33B89751B4,Auto Xpert,whatsapp-number-2,147107092648188@lid,Auto Xpert,2026-03-25T05:10:25.000Z,+923099351940,true,chat,Send me the jazzcash number again,Send me the jazzcash number again,,true
mcp_whatsapp_number_2_false_147107092648188_lid_a5c5c0744311b77588b134e6749e18fb,false_147107092648188@lid_A5C5C0744311B77588B134E6749E18FB,Auto Xpert,whatsapp-number-2,147107092648188@lid,Auto Xpert,2026-03-25T05:16:46.000Z,147107092648188,false,chat,"03125472906
Easy paisa
Huzaifa Imran",03125472906 Easy paisa Huzaifa Imran,,true
mcp_whatsapp_number_2_true_147107092648188_lid_accd3d0e8a66bf03c73d13f651c76d16,true_147107092648188@lid_ACCD3D0E8A66BF03C73D13F651C76D16,Auto Xpert,whatsapp-number-2,147107092648188@lid,Auto Xpert,2026-03-25T05:17:37.000Z,+923099351940,true,chat,1350 is correct though?,1350 is correct though?,,true
mcp_whatsapp_number_2_true_147107092648188_lid_ac26c093228b5abd4cc3134272f58d8f,true_147107092648188@lid_AC26C093228B5ABD4CC3134272F58D8F,Auto Xpert,whatsapp-number-2,147107092648188@lid,Auto Xpert,2026-03-25T05:19:19.000Z,+923099351940,true,chat,"Damn, now monthly limit exceeded. Can i bank transfer please?","Damn, now monthly limit exceeded. Can i bank transfer please?",,true
mcp_whatsapp_number_2_true_147107092648188_lid_ace54a0048cf9022a9abe7698d4ebe23,true_147107092648188@lid_ACE54A0048CF9022A9ABE7698D4EBE23,Auto Xpert,whatsapp-number-2,147107092648188@lid,Auto Xpert,2026-03-25T05:35:52.000Z,+923099351940,true,chat,Or COD if you do that is also ok,Or COD if you do that is also ok,,true
mcp_whatsapp_number_2_false_147107092648188_lid_a50fad5307956a8195bc39ab18a4c46e,false_147107092648188@lid_A50FAD5307956A8195BC39AB18A4C46E,Auto Xpert,whatsapp-number-2,147107092648188@lid,Auto Xpert,2026-03-25T05:43:06.000Z,147107092648188,false,chat,"Account Title:HUZAIFA IMRAN"", Account Number: ""24597000447303"",
IBAN: ""PK23HABB0024597000447303
HBL Bank","Account Title:HUZAIFA IMRAN"", Account Number: ""24597000447303"", IBAN: ""PK23HABB0024597000447303 HBL Bank",,true
mcp_whatsapp_number_2_true_147107092648188_lid_acfa4b6e1b2129a5b7cf9f247375c5a4,true_147107092648188@lid_ACFA4B6E1B2129A5B7CF9F247375C5A4,Auto Xpert,whatsapp-number-2,147107092648188@lid,Auto Xpert,2026-03-25T05:51:43.000Z,+923099351940,true,image,,,,true
mcp_whatsapp_number_2_true_147107092648188_lid_ac1b90cf289e501ef2ed0fd4518f672d,true_147107092648188@lid_AC1B90CF289E501EF2ED0FD4518F672D,Auto Xpert,whatsapp-number-2,147107092648188@lid,Auto Xpert,2026-03-25T05:51:51.000Z,+923099351940,true,chat,Sorry about that,Sorry about that,,true
mcp_whatsapp_number_2_true_147107092648188_lid_ac58f441d0c2beca293a0c8f31eefc8d,true_147107092648188@lid_AC58F441D0C2BECA293A0C8F31EEFC8D,Auto Xpert,whatsapp-number-2,147107092648188@lid,Auto Xpert,2026-03-25T05:51:57.000Z,+923099351940,true,chat,Now paid,Now paid,,true
mcp_whatsapp_number_2_false_147107092648188_lid_a55fddcd39bd5029cd24943c663bc2b1,false_147107092648188@lid_A55FDDCD39BD5029CD24943C663BC2B1,Auto Xpert,whatsapp-number-2,147107092648188@lid,Auto Xpert,2026-03-25T05:54:53.000Z,147107092648188,false,chat,Received with thanks,Received with thanks,,true
mcp_whatsapp_number_2_false_147107092648188_lid_a517a2eafa84bc44ad7635c94ffcfffe,false_147107092648188@lid_A517A2EAFA84BC44AD7635C94FFCFFFE,Auto Xpert,whatsapp-number-2,147107092648188@lid,Auto Xpert,2026-03-26T05:37:47.000Z,147107092648188,false,image,,,,true
mcp_whatsapp_number_2_false_147107092648188_lid_a5cd8c5fe59a44f0b83d88a5f3e334cf,false_147107092648188@lid_A5CD8C5FE59A44F0B83D88A5F3E334CF,Auto Xpert,whatsapp-number-2,147107092648188@lid,Auto Xpert,2026-03-26T05:37:53.000Z,147107092648188,false,unknown,,,,true
mcp_whatsapp_number_2_false_120363408465558195_g_us_3bc70ec87b370b4c33d3_190950068514824_lid,false_120363408465558195@g.us_3BC70EC87B370B4C33D3_190950068514824@lid,Fj40,whatsapp-number-2,120363408465558195@g.us,Fj40,2026-03-26T22:54:04.000Z,190950068514824,false,chat,"I did the nadra today.  Still have no idea if anyone in that building had a clue what was going on.  show them a poc card and everything becomes complicated.  Although - if they still issue those cards, and its going to go to my ID address, it will get sent to your parents old address @62917110190266","I did the nadra today. Still have no idea if anyone in that building had a clue what was going on. show them a poc card and everything becomes complicated. Although - if they still issue those cards, and its going to go to my ID address, it will get sent to your parents old address @62917110190266",,true
mcp_whatsapp_number_2_false_120363408465558195_g_us_3b27f3a08a01bfd37846_190950068514824_lid,false_120363408465558195@g.us_3B27F3A08A01BFD37846_190950068514824@lid,Fj40,whatsapp-number-2,120363408465558195@g.us,Fj40,2026-03-26T22:54:27.000Z,190950068514824,false,revoked,,,,true
mcp_whatsapp_number_2_false_120363408465558195_g_us_3b439a012d6f3e789254_190950068514824_lid,false_120363408465558195@g.us_3B439A012D6F3E789254_190950068514824@lid,Fj40,whatsapp-number-2,120363408465558195@g.us,Fj40,2026-03-26T22:55:16.000Z,190950068514824,false,chat,plan to disassemble all the way to the chassis,plan to disassemble all the way to the chassis,chassis,true
mcp_whatsapp_number_2_false_120363408465558195_g_us_3b707dd7544eaeadbe86_190950068514824_lid,false_120363408465558195@g.us_3B707DD7544EAEADBE86_190950068514824@lid,Fj40,whatsapp-number-2,120363408465558195@g.us,Fj40,2026-03-26T23:00:53.000Z,190950068514824,false,chat,Does anyone know an EMU suspension provider?  Mostly apart from that I think I have a plan,Does anyone know an EMU suspension provider? Mostly apart from that I think I have a plan,suspension,true
mcp_whatsapp_number_2_false_120363408465558195_g_us_3b12610719f4f4f0eb33_190950068514824_lid,false_120363408465558195@g.us_3B12610719F4F4F0EB33_190950068514824@lid,Fj40,whatsapp-number-2,120363408465558195@g.us,Fj40,2026-03-27T00:48:44.000Z,190950068514824,false,image,,,,true
mcp_whatsapp_number_2_false_162822445105367_lid_ac4ff80165a2fb7af49af388e74170f0,false_162822445105367@lid_AC4FF80165A2FB7AF49AF388E74170F0,Walton Bodyshop,whatsapp-number-2,162822445105367@lid,Walton Bodyshop,2026-03-27T10:14:47.000Z,162822445105367,false,chat,Hy,Hy,,true
mcp_whatsapp_number_2_true_162822445105367_lid_ac69d0127484f3cc13df5f48c4f03b66,true_162822445105367@lid_AC69D0127484F3CC13DF5F48C4F03B66,Walton Bodyshop,whatsapp-number-2,162822445105367@lid,Walton Bodyshop,2026-03-27T10:14:48.000Z,+923099351940,true,e2e_notification,,,,true
mcp_whatsapp_number_2_true_162822445105367_lid_ac67a2c08141af089e448306aededdd6,true_162822445105367@lid_AC67A2C08141AF089E448306AEDEDDD6,Walton Bodyshop,whatsapp-number-2,162822445105367@lid,Walton Bodyshop,2026-03-27T10:14:58.000Z,+923099351940,true,image,,,,true
mcp_whatsapp_number_2_true_162822445105367_lid_acce975d74f37f92f8a1897c9bba48a8,true_162822445105367@lid_ACCE975D74F37F92F8A1897C9BBA48A8,Walton Bodyshop,whatsapp-number-2,162822445105367@lid,Walton Bodyshop,2026-03-27T10:14:58.000Z,+923099351940,true,image,,,,true
mcp_whatsapp_number_2_true_162822445105367_lid_acfb21115491807998ef120c56e78316,true_162822445105367@lid_ACFB21115491807998EF120C56E78316,Walton Bodyshop,whatsapp-number-2,162822445105367@lid,Walton Bodyshop,2026-03-27T10:14:58.000Z,+923099351940,true,album,,,,true
mcp_whatsapp_number_2_false_162822445105367_lid_acb63f70f413bd89764014fa388b96ce,false_162822445105367@lid_ACB63F70F413BD89764014FA388B96CE,Walton Bodyshop,whatsapp-number-2,162822445105367@lid,Walton Bodyshop,2026-03-27T11:12:11.000Z,162822445105367,false,video,,,,true
mcp_whatsapp_number_2_false_162822445105367_lid_ac7a6a72eacc735dd553eaa89ad0154e,false_162822445105367@lid_AC7A6A72EACC735DD553EAA89AD0154E,Walton Bodyshop,whatsapp-number-2,162822445105367@lid,Walton Bodyshop,2026-03-27T11:13:06.000Z,162822445105367,false,video,,,,true
mcp_whatsapp_number_2_false_162822445105367_lid_ac783de9dd5c50e3bf85c1cccb31a693,false_162822445105367@lid_AC783DE9DD5C50E3BF85C1CCCB31A693,Walton Bodyshop,whatsapp-number-2,162822445105367@lid,Walton Bodyshop,2026-03-27T12:24:09.000Z,162822445105367,false,chat,https://youtu.be/knPwhvha3Sw?si=Z3HtwfDET0sPJXIb,https://youtu.be/knPwhvha3Sw?si=Z3HtwfDET0sPJXIb,,true
mcp_whatsapp_number_2_true_162822445105367_lid_ac619fc5355fe1530190ca4c14fea311,true_162822445105367@lid_AC619FC5355FE1530190CA4C14FEA311,Walton Bodyshop,whatsapp-number-2,162822445105367@lid,Walton Bodyshop,2026-03-27T23:18:59.000Z,+923099351940,true,chat,Any idea who made that dashboard?,Any idea who made that dashboard?,,true
mcp_whatsapp_number_2_true_162822445105367_lid_ace1c67f1aa766b0bfd72771503ffdb1,true_162822445105367@lid_ACE1C67F1AA766B0BFD72771503FFDB1,Walton Bodyshop,whatsapp-number-2,162822445105367@lid,Walton Bodyshop,2026-03-27T23:20:41.000Z,+923099351940,true,image,,,,true
mcp_whatsapp_number_2_true_162822445105367_lid_ac8725ba78f54c1c54a00731f5e3e9a3,true_162822445105367@lid_AC8725BA78F54C1C54A00731F5E3E9A3,Walton Bodyshop,whatsapp-number-2,162822445105367@lid,Walton Bodyshop,2026-03-28T01:03:29.000Z,+923099351940,true,image,I'll be stripping the the chassis. What kind of price would you charge?  Spray only,I'll be stripping the the chassis. What kind of price would you charge? Spray only,chassis,true
mcp_whatsapp_number_2_false_162822445105367_lid_ac5d4c7637a72c37e78a4290264f2509,false_162822445105367@lid_AC5D4C7637A72C37E78A4290264F2509,Walton Bodyshop,whatsapp-number-2,162822445105367@lid,Walton Bodyshop,2026-03-28T04:46:43.000Z,162822445105367,false,chat,Only CHASIS or complete body ???,Only CHASIS or complete body ???,body,true
mcp_whatsapp_number_2_true_162822445105367_lid_ac1be5d5c0ec5609b469c4d74b4aa2da,true_162822445105367@lid_AC1BE5D5C0EC5609B469C4D74B4AA2DA,Walton Bodyshop,whatsapp-number-2,162822445105367@lid,Walton Bodyshop,2026-03-28T09:30:36.000Z,+923099351940,true,chat,A very approximate idea of both would be great,A very approximate idea of both would be great,,true
mcp_whatsapp_number_2_true_162822445105367_lid_ac4cfcc5398fdd38d5c59b43c2d5afb0,true_162822445105367@lid_AC4CFCC5398FDD38D5C59B43C2D5AFB0,Walton Bodyshop,whatsapp-number-2,162822445105367@lid,Walton Bodyshop,2026-03-28T12:47:32.000Z,+923099351940,true,image,"Or by part. Just taking the roof off now, but mainly the tub","Or by part. Just taking the roof off now, but mainly the tub",roof,true
mcp_whatsapp_number_2_false_162822445105367_lid_acf1c1928f634a3588576056237e910f,false_162822445105367@lid_ACF1C1928F634A3588576056237E910F,Walton Bodyshop,whatsapp-number-2,162822445105367@lid,Walton Bodyshop,2026-03-28T12:51:17.000Z,162822445105367,false,chat,No idea but can approach to torque motorsports for,No idea but can approach to torque motorsports for,,true
mcp_whatsapp_number_2_false_162822445105367_lid_ac6e1acc289a51a489f8c300f33e23d7,false_162822445105367@lid_AC6E1ACC289A51A489F8C300F33E23D7,Walton Bodyshop,whatsapp-number-2,162822445105367@lid,Walton Bodyshop,2026-03-28T12:52:12.000Z,162822445105367,false,chat,Body & frame denting painting cost around 6 to 800000,Body & frame denting painting cost around 6 to 800000,body,true
mcp_whatsapp_number_2_false_162822445105367_lid_ac6ad7faa540c21269d3880638b139ff,false_162822445105367@lid_AC6AD7FAA540C21269D3880638B139FF,Walton Bodyshop,whatsapp-number-2,162822445105367@lid,Walton Bodyshop,2026-03-28T12:52:24.000Z,162822445105367,false,chat,Approx,Approx,,true
mcp_whatsapp_number_2_true_162822445105367_lid_acf7564be55658b8475d3155e6244645,true_162822445105367@lid_ACF7564BE55658B8475D3155E6244645,Walton Bodyshop,whatsapp-number-2,162822445105367@lid,Walton Bodyshop,2026-03-28T13:21:29.000Z,+923099351940,true,chat,"Wow. Too many zeros for me!  Thanks, its good to have a reference figure","Wow. Too many zeros for me! Thanks, its good to have a reference figure",,true
mcp_whatsapp_number_2_false_162822445105367_lid_ac3922245f90e00a295a7f5190c9d1b7,false_162822445105367@lid_AC3922245F90E00A295A7F5190C9D1B7,Walton Bodyshop,whatsapp-number-2,162822445105367@lid,Walton Bodyshop,2026-03-29T07:30:28.000Z,162822445105367,false,chat,"Hello, if you take some time, visit Torque Motors and ask them where they got the dashboard etc.","Hello, if you take some time, visit Torque Motors and ask them where they got the dashboard etc.",,true
mcp_whatsapp_number_2_false_162822445105367_lid_ac24fc6004ee73b0882a389ea3418a30,false_162822445105367@lid_AC24FC6004EE73B0882A389EA3418A30,Walton Bodyshop,whatsapp-number-2,162822445105367@lid,Walton Bodyshop,2026-03-29T07:31:39.000Z,162822445105367,false,chat,https://maps.app.goo.gl/sbTvyYYvMPEp39a47,https://maps.app.goo.gl/sbTvyYYvMPEp39a47,,true
mcp_whatsapp_number_2_false_162822445105367_lid_ac43242f55330ac42839bfae9db880c4,false_162822445105367@lid_AC43242F55330AC42839BFAE9DB880C4,Walton Bodyshop,whatsapp-number-2,162822445105367@lid,Walton Bodyshop,2026-03-30T06:52:15.000Z,162822445105367,false,chat,"Hello sir, how are you? Your vehicle's approval has arrived, so kindly drop the vehicle at Toyota Walton","Hello sir, how are you? Your vehicle's approval has arrived, so kindly drop the vehicle at Toyota Walton",walton,true
mcp_whatsapp_number_2_true_162822445105367_lid_ac7325f4b6384a605940a9cec41d55e8,true_162822445105367@lid_AC7325F4B6384A605940A9CEC41D55E8,Walton Bodyshop,whatsapp-number-2,162822445105367@lid,Walton Bodyshop,2026-03-30T07:46:10.000Z,+923099351940,true,chat,Ok coming,Ok coming,,true
mcp_whatsapp_number_2_false_162822445105367_lid_ac47f5d05ea17666b235d09217418b77,false_162822445105367@lid_AC47F5D05EA17666B235D09217418B77,Walton Bodyshop,whatsapp-number-2,162822445105367@lid,Walton Bodyshop,2026-03-30T07:49:09.000Z,162822445105367,false,chat,After 2 pm,After 2 pm,,true
mcp_whatsapp_number_2_true_162822445105367_lid_ac5a65a1ba032ac90cec3748221b5bda,true_162822445105367@lid_AC5A65A1BA032AC90CEC3748221B5BDA,Walton Bodyshop,whatsapp-number-2,162822445105367@lid,Walton Bodyshop,2026-03-30T07:49:54.000Z,+923099351940,true,chat,It will have to be tomorroe now,It will have to be tomorroe now,,true
mcp_whatsapp_number_2_false_162822445105367_lid_acf4070eba92f1179a68f15a8de740d9,false_162822445105367@lid_ACF4070EBA92F1179A68F15A8DE740D9,Walton Bodyshop,whatsapp-number-2,162822445105367@lid,Walton Bodyshop,2026-03-30T07:51:15.000Z,162822445105367,false,chat,Ok no problem,Ok no problem,,true
mcp_whatsapp_number_2_true_120363408465558195_g_us_ac62e68d96b5a4781a26fe523fdbf86a_226083001659473_lid,true_120363408465558195@g.us_AC62E68D96B5A4781A26FE523FDBF86A_226083001659473@lid,Fj40,whatsapp-number-2,120363408465558195@g.us,Fj40,2026-03-30T22:04:37.000Z,+923099351940,true,image,Seriously though @62917110190266 .  Your body guy is not running at my pace. @232877656666113 @22192146358278   i want to look at alternatives. Do you guys know good bodyshop people. By the weekend i will have the tub off,Seriously though @62917110190266 . Your body guy is not running at my pace. @232877656666113 @22192146358278 i want to look at alternatives. Do you guys know good bodyshop people. By the weekend i will have the tub off,body|bodyshop,true
mcp_whatsapp_number_2_true_120363408465558195_g_us_ac9509229a88c9c72229d134c8ad683e_226083001659473_lid,true_120363408465558195@g.us_AC9509229A88C9C72229D134C8AD683E_226083001659473@lid,Fj40,whatsapp-number-2,120363408465558195@g.us,Fj40,2026-03-30T22:06:03.000Z,+923099351940,true,chat,I'll even consider doing this myself as i am getting the air tools anyway,I'll even consider doing this myself as i am getting the air tools anyway,,true
mcp_whatsapp_number_2_true_120363408465558195_g_us_ace0e7559e30ee8e40874926de2e4ec6_226083001659473_lid,true_120363408465558195@g.us_ACE0E7559E30EE8E40874926DE2E4EC6_226083001659473@lid,Fj40,whatsapp-number-2,120363408465558195@g.us,Fj40,2026-03-30T22:06:42.000Z,+923099351940,true,chat,But i am quite shit at welding. Some work there,But i am quite shit at welding. Some work there,welding,true
mcp_whatsapp_number_2_false_120363408465558195_g_us_a50873f8c5d9818421b33cf93144870c_22192146358278_lid,false_120363408465558195@g.us_A50873F8C5D9818421B33CF93144870C_22192146358278@lid,Fj40,whatsapp-number-2,120363408465558195@g.us,Fj40,2026-03-31T13:21:00.000Z,22192146358278,false,chat,Don't know anyone capable enough in Lahore for jeeps . Currently restoring 3 in isb with my previous staff,Don't know anyone capable enough in Lahore for jeeps . Currently restoring 3 in isb with my previous staff,,true
mcp_whatsapp_number_2_true_120363408465558195_g_us_ac95eebd4fdfdbbae579315de02cd33d_226083001659473_lid,true_120363408465558195@g.us_AC95EEBD4FDFDBBAE579315DE02CD33D_226083001659473@lid,Fj40,whatsapp-number-2,120363408465558195@g.us,Fj40,2026-03-31T14:05:10.000Z,+923099351940,true,chat,"Ok thanks. As this is probably going to be the only time i ever do this, i dont even mind learning welding, then doing that also.   Total diy for me i think.  But akbers guy is getting back tomorrow so hopefully i dont have to paint or anything","Ok thanks. As this is probably going to be the only time i ever do this, i dont even mind learning welding, then doing that also. Total diy for me i think. But akbers guy is getting back tomorrow so hopefully i dont have to paint or anything",paint|welding,true
mcp_whatsapp_number_2_false_120363408465558195_g_us_3b0ac5478094f719fab7_190950068514824_lid,false_120363408465558195@g.us_3B0AC5478094F719FAB7_190950068514824@lid,Fj40,whatsapp-number-2,120363408465558195@g.us,Fj40,2026-03-31T21:13:41.000Z,190950068514824,false,chat,"would love to see any pictures you have.  I’m still working out what everything is and what it could be.  More progress today, I think i’m on-track to get the tub off by the weekend.  Whether I can put it back together we’ll have to see!","would love to see any pictures you have. I’m still working out what everything is and what it could be. More progress today, I think i’m on-track to get the tub off by the weekend. Whether I can put it back together we’ll have to see!",,true
mcp_whatsapp_number_2_true_140888080683096_lid_ac858d704249ddf7375952d2627500de,true_140888080683096@lid_AC858D704249DDF7375952D2627500DE,Akram Suspension Auto,whatsapp-number-2,140888080683096@lid,Akram Suspension Auto,2026-04-01T06:31:14.000Z,+923099351940,true,e2e_notification,,,,true
mcp_whatsapp_number_2_true_140888080683096_lid_ac810c64c5f500d595788a5715107ae7,true_140888080683096@lid_AC810C64C5F500D595788A5715107AE7,Akram Suspension Auto,whatsapp-number-2,140888080683096@lid,Akram Suspension Auto,2026-04-01T06:32:37.000Z,+923099351940,true,chat,Do you have emu suspension for a j40?,Do you have emu suspension for a j40?,j40|suspension,true
mcp_whatsapp_number_2_false_140888080683096_lid_a5bf0b296cc82007646f0067363e0eb5,false_140888080683096@lid_A5BF0B296CC82007646F0067363E0EB5,Akram Suspension Auto,whatsapp-number-2,140888080683096@lid,Akram Suspension Auto,2026-04-01T06:45:33.000Z,140888080683096,false,ptt,,,,true
mcp_whatsapp_number_2_false_140888080683096_lid_a5731b8d0c9bdb557de689fec987f4a9,false_140888080683096@lid_A5731B8D0C9BDB557DE689FEC987F4A9,Akram Suspension Auto,whatsapp-number-2,140888080683096@lid,Akram Suspension Auto,2026-04-01T06:50:06.000Z,140888080683096,false,ptt,,,,true
mcp_whatsapp_number_2_true_140888080683096_lid_acbd835229dfd04c4642f0387158821d,true_140888080683096@lid_ACBD835229DFD04C4642F0387158821D,Akram Suspension Auto,whatsapp-number-2,140888080683096@lid,Akram Suspension Auto,2026-04-01T08:43:20.000Z,+923099351940,true,image,,,,true
mcp_whatsapp_number_2_true_140888080683096_lid_acaada0cc26a8a67172615727b255604,true_140888080683096@lid_ACAADA0CC26A8A67172615727B255604,Akram Suspension Auto,whatsapp-number-2,140888080683096@lid,Akram Suspension Auto,2026-04-01T08:43:41.000Z,+923099351940,true,chat,Send pictures and prices,Send pictures and prices,,true
mcp_whatsapp_number_2_false_140888080683096_lid_a52aa5339fabc8dc58a310fc8dab8cfd,false_140888080683096@lid_A52AA5339FABC8DC58A310FC8DAB8CFD,Akram Suspension Auto,whatsapp-number-2,140888080683096@lid,Akram Suspension Auto,2026-04-01T08:55:26.000Z,140888080683096,false,ptt,,,,true
mcp_whatsapp_number_2_false_140888080683096_lid_a5a451c1ad338bc7df43359d8d369a52,false_140888080683096@lid_A5A451C1AD338BC7DF43359D8D369A52,Akram Suspension Auto,whatsapp-number-2,140888080683096@lid,Akram Suspension Auto,2026-04-01T08:55:44.000Z,140888080683096,false,ptt,,,,true
mcp_whatsapp_number_2_false_140888080683096_lid_a55151332ec7aff6ac37fcfc253ef60c,false_140888080683096@lid_A55151332EC7AFF6AC37FCFC253EF60C,Akram Suspension Auto,whatsapp-number-2,140888080683096@lid,Akram Suspension Auto,2026-04-01T08:59:47.000Z,140888080683096,false,image,,,,true
mcp_whatsapp_number_2_false_140888080683096_lid_a5fad36afef558e1112b168aec44f7fe,false_140888080683096@lid_A5FAD36AFEF558E1112B168AEC44F7FE,Akram Suspension Auto,whatsapp-number-2,140888080683096@lid,Akram Suspension Auto,2026-04-01T09:00:27.000Z,140888080683096,false,ptt,,,,true
mcp_whatsapp_number_2_true_140888080683096_lid_ac64494d30bdd8bd3cae4445b6e2f8d0,true_140888080683096@lid_AC64494D30BDD8BD3CAE4445B6E2F8D0,Akram Suspension Auto,whatsapp-number-2,140888080683096@lid,Akram Suspension Auto,2026-04-01T10:08:29.000Z,+923099351940,true,chat,"Suspension
Component Part Quantity Details
Front Leaf Springs CS001F 2 8-leaf, 50mm lift
Rear Leaf Springs CS001R 2 Medium Load rating
Front Shocks 60097 2 Nitrocharger Sport (Gas) shocks
Rear Shocks 63064 2 Heavy Duty Nitrocharger sport valving
Greasable Shackle (Front) OMEGS8 1 For pre 1980 with 15mm pins
Greasable Shackle (Rear) OMEGS9 1 For FJ40 rear leaf springs
Bushing Kit OMESB30 4 Premium polyurethane for all spring eyes
U-Bolt Kit OMEU59A 7 To secure axle mounting
Rear Anti-Inversion Kit FK08 1 Prevent spring flip","Suspension Component Part Quantity Details Front Leaf Springs CS001F 2 8-leaf, 50mm lift Rear Leaf Springs CS001R 2 Medium Load rating Front Shocks 60097 2 Nitrocharger Sport (Gas) shocks Rear Shocks 63064 2 Heavy Duty Nitrocharger sport valving Greasable Shackle (Front) OMEGS8 1 For pre 1980 with 15mm pins Greasable Shackle (Rear) OMEGS9 1 For FJ40 rear leaf springs Bushing Kit OMESB30 4 Premium polyurethane for all spring eyes U-Bolt Kit OMEU59A 7 To secure axle mounting Rear Anti-Inversion Kit FK08 1 Prevent spring flip",fj40|nitrocharger|suspension,true
mcp_whatsapp_number_2_true_140888080683096_lid_ac79a1e0ce1b609d0efb745e2acd58b9,true_140888080683096@lid_AC79A1E0CE1B609D0EFB745E2ACD58B9,Akram Suspension Auto,whatsapp-number-2,140888080683096@lid,Akram Suspension Auto,2026-04-01T10:08:45.000Z,+923099351940,true,chat,This is ideal spec,This is ideal spec,,true
mcp_whatsapp_number_2_true_140888080683096_lid_aceacebe767c3419e4a4e5c785d26317,true_140888080683096@lid_ACEACEBE767C3419E4A4E5C785D26317,Akram Suspension Auto,whatsapp-number-2,140888080683096@lid,Akram Suspension Auto,2026-04-01T10:09:27.000Z,+923099351940,true,chat,"If you can get any of these, used even then let me know","If you can get any of these, used even then let me know",,true
mcp_whatsapp_number_2_false_140888080683096_lid_a522ff062601201e95965a1a9862b829,false_140888080683096@lid_A522FF062601201E95965A1A9862B829,Akram Suspension Auto,whatsapp-number-2,140888080683096@lid,Akram Suspension Auto,2026-04-01T10:26:03.000Z,140888080683096,false,chat,"Only shocks front/back available original nitro charger useable  these things available all perfect okay
Price 40000",Only shocks front/back available original nitro charger useable these things available all perfect okay Price 40000,,true
mcp_whatsapp_number_2_false_140888080683096_lid_a567b8b05ac98401aa0abf640da28008,false_140888080683096@lid_A567B8B05AC98401AA0ABF640DA28008,Akram Suspension Auto,whatsapp-number-2,140888080683096@lid,Akram Suspension Auto,2026-04-01T10:26:28.000Z,140888080683096,false,chat,15 days warranty,15 days warranty,,true
mcp_whatsapp_number_2_false_140888080683096_lid_a5ea273ac163d96b3594dc73a7fd1108,false_140888080683096@lid_A5EA273AC163D96B3594DC73A7FD1108,Akram Suspension Auto,whatsapp-number-2,140888080683096@lid,Akram Suspension Auto,2026-04-01T10:26:38.000Z,140888080683096,false,chat,Money bag warranty,Money bag warranty,,true
mcp_whatsapp_number_2_true_140888080683096_lid_ac30ebe1890169f5105295d0b263081b,true_140888080683096@lid_AC30EBE1890169F5105295D0B263081B,Akram Suspension Auto,whatsapp-number-2,140888080683096@lid,Akram Suspension Auto,2026-04-01T10:27:43.000Z,+923099351940,true,chat,Age and picture please,Age and picture please,,true
mcp_whatsapp_number_2_false_162822445105367_lid_ac23366538c52021c979759ba6b3f581,false_162822445105367@lid_AC23366538C52021C979759BA6B3F581,Walton Bodyshop,whatsapp-number-2,162822445105367@lid,Walton Bodyshop,2026-04-01T13:05:20.000Z,162822445105367,false,album,,,,true
mcp_whatsapp_number_2_false_162822445105367_lid_ac4976dbfc4e66fca113ba6edb373d03,false_162822445105367@lid_AC4976DBFC4E66FCA113BA6EDB373D03,Walton Bodyshop,whatsapp-number-2,162822445105367@lid,Walton Bodyshop,2026-04-01T13:05:21.000Z,162822445105367,false,image,,,,true
mcp_whatsapp_number_2_false_162822445105367_lid_acf6362e6da42f3f9f3f38627c0e07be,false_162822445105367@lid_ACF6362E6DA42F3F9F3F38627C0E07BE,Walton Bodyshop,whatsapp-number-2,162822445105367@lid,Walton Bodyshop,2026-04-01T13:05:21.000Z,162822445105367,false,image,,,,true
mcp_whatsapp_number_2_false_162822445105367_lid_acb0ed8741072ea017d844458a872688,false_162822445105367@lid_ACB0ED8741072EA017D844458A872688,Walton Bodyshop,whatsapp-number-2,162822445105367@lid,Walton Bodyshop,2026-04-01T13:05:22.000Z,162822445105367,false,image,,,,true
mcp_whatsapp_number_2_false_162822445105367_lid_ac7756063a226fe5ffc75b77d8e6942a,false_162822445105367@lid_AC7756063A226FE5FFC75B77D8E6942A,Walton Bodyshop,whatsapp-number-2,162822445105367@lid,Walton Bodyshop,2026-04-01T13:05:23.000Z,162822445105367,false,chat,Today work progress,Today work progress,,true
mcp_whatsapp_number_2_false_162822445105367_lid_acc0064cc527e5e465f1a5e4ac9aa977,false_162822445105367@lid_ACC0064CC527E5E465F1A5E4AC9AA977,Walton Bodyshop,whatsapp-number-2,162822445105367@lid,Walton Bodyshop,2026-04-01T13:05:34.000Z,162822445105367,false,unknown,,,,true
mcp_whatsapp_number_2_false_162822445105367_lid_ac85243303d29b39df0fda2023e40d8e,false_162822445105367@lid_AC85243303D29B39DF0FDA2023E40D8E,Walton Bodyshop,whatsapp-number-2,162822445105367@lid,Walton Bodyshop,2026-04-01T13:05:38.000Z,162822445105367,false,unknown,,,,true
mcp_whatsapp_number_2_false_162822445105367_lid_ac16fccdc009b588cc97cdc1fa38fdb9,false_162822445105367@lid_AC16FCCDC009B588CC97CDC1FA38FDB9,Walton Bodyshop,whatsapp-number-2,162822445105367@lid,Walton Bodyshop,2026-04-01T13:05:43.000Z,162822445105367,false,unknown,,,,true
mcp_whatsapp_number_2_true_162822445105367_lid_ac4534a62b4295f677588c2593b45cc9,true_162822445105367@lid_AC4534A62B4295F677588C2593B45CC9,Walton Bodyshop,whatsapp-number-2,162822445105367@lid,Walton Bodyshop,2026-04-01T13:20:39.000Z,+923099351940,true,image,Thanks. Its starting to look as bad as mine :),Thanks. Its starting to look as bad as mine :),,true
mcp_whatsapp_number_2_false_140888080683096_lid_a5a2629f6b20aa5096a17bfbb9df52a7,false_140888080683096@lid_A5A2629F6B20AA5096A17BFBB9DF52A7,Akram Suspension Auto,whatsapp-number-2,140888080683096@lid,Akram Suspension Auto,2026-04-01T13:41:07.000Z,140888080683096,false,video,,,,true
mcp_whatsapp_number_2_false_140888080683096_lid_a565c55316148ae27a9ce5e3c2ffac97,false_140888080683096@lid_A565C55316148AE27A9CE5E3C2FFAC97,Akram Suspension Auto,whatsapp-number-2,140888080683096@lid,Akram Suspension Auto,2026-04-01T13:41:23.000Z,140888080683096,false,video,,,,true
mcp_whatsapp_number_2_false_140888080683096_lid_a547cc35f42edbb98d052da3fabaa7e6,false_140888080683096@lid_A547CC35F42EDBB98D052DA3FABAA7E6,Akram Suspension Auto,whatsapp-number-2,140888080683096@lid,Akram Suspension Auto,2026-04-01T13:41:26.000Z,140888080683096,false,image,,,,true
mcp_whatsapp_number_2_false_140888080683096_lid_a5fc96b349fdb0b874ccd068caf60d1f,false_140888080683096@lid_A5FC96B349FDB0B874CCD068CAF60D1F,Akram Suspension Auto,whatsapp-number-2,140888080683096@lid,Akram Suspension Auto,2026-04-01T13:43:25.000Z,140888080683096,false,ptt,,,,true
mcp_whatsapp_number_2_false_140888080683096_lid_a5bbb7ac49c9a55d1038cf58b22176e8,false_140888080683096@lid_A5BBB7AC49C9A55D1038CF58B22176E8,Akram Suspension Auto,whatsapp-number-2,140888080683096@lid,Akram Suspension Auto,2026-04-01T13:43:43.000Z,140888080683096,false,image,,,,true
mcp_whatsapp_number_2_false_140888080683096_lid_a518cb9832c451dc82b3fe141d3160e8,false_140888080683096@lid_A518CB9832C451DC82B3FE141D3160E8,Akram Suspension Auto,whatsapp-number-2,140888080683096@lid,Akram Suspension Auto,2026-04-01T13:44:01.000Z,140888080683096,false,ptt,,,,true
mcp_whatsapp_number_2_false_140888080683096_lid_a5365acf80c82d6e50129a4c6d616f62,false_140888080683096@lid_A5365ACF80C82D6E50129A4C6D616F62,Akram Suspension Auto,whatsapp-number-2,140888080683096@lid,Akram Suspension Auto,2026-04-01T13:44:49.000Z,140888080683096,false,ptt,,,,true
mcp_whatsapp_number_2_true_140888080683096_lid_ac3510fd84dee06ee85730f382bb31af,true_140888080683096@lid_AC3510FD84DEE06EE85730F382BB31AF,Akram Suspension Auto,whatsapp-number-2,140888080683096@lid,Akram Suspension Auto,2026-04-01T14:18:07.000Z,+923099351940,true,chat,Thanks. Let me check.,Thanks. Let me check.,,true
mcp_whatsapp_number_2_false_162822445105367_lid_acceb65a74cb6642c6cbc43783b645af,false_162822445105367@lid_ACCEB65A74CB6642C6CBC43783B645AF,Walton Bodyshop,whatsapp-number-2,162822445105367@lid,Walton Bodyshop,2026-04-01T17:29:25.000Z,162822445105367,false,chat,Great,Great,,true
mcp_whatsapp_number_2_false_162822445105367_lid_ac0c861b2723ac0f0ce585ccd4e80367,false_162822445105367@lid_AC0C861B2723AC0F0CE585CCD4E80367,Walton Bodyshop,whatsapp-number-2,162822445105367@lid,Walton Bodyshop,2026-04-03T12:50:56.000Z,162822445105367,false,album,,,,true
mcp_whatsapp_number_2_false_162822445105367_lid_accd26f09f0028ac52a6903a6756908a,false_162822445105367@lid_ACCD26F09F0028AC52A6903A6756908A,Walton Bodyshop,whatsapp-number-2,162822445105367@lid,Walton Bodyshop,2026-04-03T12:50:58.000Z,162822445105367,false,image,,,,true
mcp_whatsapp_number_2_false_162822445105367_lid_ac70165d4aa1f8d35ba0de860b1cc26a,false_162822445105367@lid_AC70165D4AA1F8D35BA0DE860B1CC26A,Walton Bodyshop,whatsapp-number-2,162822445105367@lid,Walton Bodyshop,2026-04-03T12:50:59.000Z,162822445105367,false,image,,,,true
mcp_whatsapp_number_2_false_162822445105367_lid_ac99553747473b255e20e335b9e76dce,false_162822445105367@lid_AC99553747473B255E20E335B9E76DCE,Walton Bodyshop,whatsapp-number-2,162822445105367@lid,Walton Bodyshop,2026-04-03T12:50:59.000Z,162822445105367,false,image,,,,true
mcp_whatsapp_number_2_false_162822445105367_lid_aca9dbf5e91c6d3631e2235c42508f7e,false_162822445105367@lid_ACA9DBF5E91C6D3631E2235C42508F7E,Walton Bodyshop,whatsapp-number-2,162822445105367@lid,Walton Bodyshop,2026-04-03T12:50:59.000Z,162822445105367,false,image,,,,true
mcp_whatsapp_number_2_false_162822445105367_lid_ac239cfc2cc350da92e0a9fb73ca9959,false_162822445105367@lid_AC239CFC2CC350DA92E0A9FB73CA9959,Walton Bodyshop,whatsapp-number-2,162822445105367@lid,Walton Bodyshop,2026-04-03T12:51:00.000Z,162822445105367,false,image,,,,true
mcp_whatsapp_number_2_false_162822445105367_lid_ac619b5f28b9483c7d9adb8a4588adcd,false_162822445105367@lid_AC619B5F28B9483C7D9ADB8A4588ADCD,Walton Bodyshop,whatsapp-number-2,162822445105367@lid,Walton Bodyshop,2026-04-03T12:51:00.000Z,162822445105367,false,image,,,,true
mcp_whatsapp_number_2_false_162822445105367_lid_ac9906e25d0ac06cc3514026f16c09b7,false_162822445105367@lid_AC9906E25D0AC06CC3514026F16C09B7,Walton Bodyshop,whatsapp-number-2,162822445105367@lid,Walton Bodyshop,2026-04-03T12:51:01.000Z,162822445105367,false,image,,,,true
mcp_whatsapp_number_2_false_162822445105367_lid_ac17d91a1fc37f8505d1b360d87aeb6f,false_162822445105367@lid_AC17D91A1FC37F8505D1B360D87AEB6F,Walton Bodyshop,whatsapp-number-2,162822445105367@lid,Walton Bodyshop,2026-04-03T12:51:02.000Z,162822445105367,false,image,,,,true
mcp_whatsapp_number_2_false_162822445105367_lid_acf2d29ad8a13b70ae8c5647a5ee3cc1,false_162822445105367@lid_ACF2D29AD8A13B70AE8C5647A5EE3CC1,Walton Bodyshop,whatsapp-number-2,162822445105367@lid,Walton Bodyshop,2026-04-04T12:25:58.000Z,162822445105367,false,album,,,,true
mcp_whatsapp_number_2_false_162822445105367_lid_ac66b805736e4c467c319461d7f5ad92,false_162822445105367@lid_AC66B805736E4C467C319461D7F5AD92,Walton Bodyshop,whatsapp-number-2,162822445105367@lid,Walton Bodyshop,2026-04-04T12:26:00.000Z,162822445105367,false,image,,,,true
mcp_whatsapp_number_2_false_162822445105367_lid_ac27349ba4b7c8c36dee7b95d1153b92,false_162822445105367@lid_AC27349BA4B7C8C36DEE7B95D1153B92,Walton Bodyshop,whatsapp-number-2,162822445105367@lid,Walton Bodyshop,2026-04-04T12:26:02.000Z,162822445105367,false,image,,,,true
mcp_whatsapp_number_2_false_162822445105367_lid_ac3751fe6b7f1851e4852427247ec74a,false_162822445105367@lid_AC3751FE6B7F1851E4852427247EC74A,Walton Bodyshop,whatsapp-number-2,162822445105367@lid,Walton Bodyshop,2026-04-04T12:26:03.000Z,162822445105367,false,unknown,,,,true
mcp_whatsapp_number_2_false_162822445105367_lid_ac524a16dd647b608ed92951f72dafc4,false_162822445105367@lid_AC524A16DD647B608ED92951F72DAFC4,Walton Bodyshop,whatsapp-number-2,162822445105367@lid,Walton Bodyshop,2026-04-04T12:26:03.000Z,162822445105367,false,image,,,,true
mcp_whatsapp_number_2_false_162822445105367_lid_ac44ed9ba916f04c43d02784c00a9fb5,false_162822445105367@lid_AC44ED9BA916F04C43D02784C00A9FB5,Walton Bodyshop,whatsapp-number-2,162822445105367@lid,Walton Bodyshop,2026-04-04T12:26:07.000Z,162822445105367,false,unknown,,,,true
mcp_whatsapp_number_2_false_162822445105367_lid_ace9dc05360bb07cf501753de70f0679,false_162822445105367@lid_ACE9DC05360BB07CF501753DE70F0679,Walton Bodyshop,whatsapp-number-2,162822445105367@lid,Walton Bodyshop,2026-04-04T12:26:10.000Z,162822445105367,false,unknown,,,,true
mcp_whatsapp_number_2_true_162822445105367_lid_ac6debdc35ebe6dbda7e59802ad1335a,true_162822445105367@lid_AC6DEBDC35EBE6DBDA7E59802AD1335A,Walton Bodyshop,whatsapp-number-2,162822445105367@lid,Walton Bodyshop,2026-04-05T00:10:46.000Z,+923099351940,true,image,"Going faster than me with all this rain, but","Going faster than me with all this rain, but",,true
mcp_whatsapp_number_2_true_162822445105367_lid_acce7342be3ff20433dfc1cc150a31eb,true_162822445105367@lid_ACCE7342BE3FF20433DFC1CC150A31EB,Walton Bodyshop,whatsapp-number-2,162822445105367@lid,Walton Bodyshop,2026-04-05T00:10:46.000Z,+923099351940,true,unknown,,,,true
mcp_whatsapp_number_2_true_162822445105367_lid_accf3e3bfa58d88ec3c2c1d2cebe7290,true_162822445105367@lid_ACCF3E3BFA58D88EC3C2C1D2CEBE7290,Walton Bodyshop,whatsapp-number-2,162822445105367@lid,Walton Bodyshop,2026-04-05T00:11:00.000Z,+923099351940,true,chat,Some indoor work,Some indoor work,,true
mcp_whatsapp_number_2_false_162822445105367_lid_aca93d001ab97c0c1856ca5c1598e503,false_162822445105367@lid_ACA93D001AB97C0C1856CA5C1598E503,Walton Bodyshop,whatsapp-number-2,162822445105367@lid,Walton Bodyshop,2026-04-05T09:00:33.000Z,162822445105367,false,chat,Great working,Great working,,true
mcp_whatsapp_number_2_false_162822445105367_lid_ac881f16b38a4d4cf7443d2f175c8da2,false_162822445105367@lid_AC881F16B38A4D4CF7443D2F175C8DA2,Walton Bodyshop,whatsapp-number-2,162822445105367@lid,Walton Bodyshop,2026-04-06T13:08:04.000Z,162822445105367,false,image,,,,true
mcp_whatsapp_number_2_false_162822445105367_lid_acf971267fb5cac9ad89104d6d7f286d,false_162822445105367@lid_ACF971267FB5CAC9AD89104D6D7F286D,Walton Bodyshop,whatsapp-number-2,162822445105367@lid,Walton Bodyshop,2026-04-06T13:08:04.000Z,162822445105367,false,album,,,,true
mcp_whatsapp_number_2_false_162822445105367_lid_ac48afe201c83afc017697a56e1a832e,false_162822445105367@lid_AC48AFE201C83AFC017697A56E1A832E,Walton Bodyshop,whatsapp-number-2,162822445105367@lid,Walton Bodyshop,2026-04-06T13:08:06.000Z,162822445105367,false,image,,,,true
mcp_whatsapp_number_2_false_162822445105367_lid_aca6b43c8d4a0e4f52f72848d8c160ef,false_162822445105367@lid_ACA6B43C8D4A0E4F52F72848D8C160EF,Walton Bodyshop,whatsapp-number-2,162822445105367@lid,Walton Bodyshop,2026-04-06T13:08:06.000Z,162822445105367,false,image,,,,true
mcp_whatsapp_number_2_true_162822445105367_lid_acfc5cdee4c4e8695dff2f4809d471bf,true_162822445105367@lid_ACFC5CDEE4C4E8695DFF2F4809D471BF,Walton Bodyshop,whatsapp-number-2,162822445105367@lid,Walton Bodyshop,2026-04-06T13:31:23.000Z,+923099351940,true,chat,Looking good. Is that all done now and on to servicing?,Looking good. Is that all done now and on to servicing?,,true
mcp_whatsapp_number_2_true_162822445105367_lid_ac1b09c7f81ec3e8a8ad34531b8af009,true_162822445105367@lid_AC1B09C7F81EC3E8A8AD34531B8AF009,Walton Bodyshop,whatsapp-number-2,162822445105367@lid,Walton Bodyshop,2026-04-06T13:32:12.000Z,+923099351940,true,chat,I'm 3 hacksaw jobs from gering the bucket off,I'm 3 hacksaw jobs from gering the bucket off,,true
mcp_whatsapp_number_2_true_162822445105367_lid_ac5a3c3bbcf382f3698ec1a2e6f977dc,true_162822445105367@lid_AC5A3C3BBCF382F3698EC1A2E6F977DC,Walton Bodyshop,whatsapp-number-2,162822445105367@lid,Walton Bodyshop,2026-04-06T13:32:37.000Z,+923099351940,true,image,,,,true
mcp_whatsapp_number_2_true_162822445105367_lid_ac5f63dfd8acef6ae3a2af57a66decf2,true_162822445105367@lid_AC5F63DFD8ACEF6AE3A2AF57A66DECF2,Walton Bodyshop,whatsapp-number-2,162822445105367@lid,Walton Bodyshop,2026-04-06T13:33:23.000Z,+923099351940,true,chat,But the steering lock. I can only find one to undo. I heard there are 2,But the steering lock. I can only find one to undo. I heard there are 2,steering,true
mcp_whatsapp_number_2_true_162822445105367_lid_ac7d20e33e93c48f50aad3f975576838,true_162822445105367@lid_AC7D20E33E93C48F50AAD3F975576838,Walton Bodyshop,whatsapp-number-2,162822445105367@lid,Walton Bodyshop,2026-04-06T13:34:33.000Z,+923099351940,true,image,,,,true
mcp_whatsapp_number_2_true_162822445105367_lid_ac449e45bbe18e0a13c4034376a3faa6,true_162822445105367@lid_AC449E45BBE18E0A13C4034376A3FAA6,Walton Bodyshop,whatsapp-number-2,162822445105367@lid,Walton Bodyshop,2026-04-06T13:35:46.000Z,+923099351940,true,chat,Anyway. Have some people coming to help today. Hopefully we can disengage it,Anyway. Have some people coming to help today. Hopefully we can disengage it,,true
mcp_whatsapp_number_2_false_162822445105367_lid_ac3be5329e8e50219fdfc7eddafaa38c,false_162822445105367@lid_AC3BE5329E8E50219FDFC7EDDAFAA38C,Walton Bodyshop,whatsapp-number-2,162822445105367@lid,Walton Bodyshop,2026-04-06T13:37:17.000Z,162822445105367,false,chat,Best of luck,Best of luck,,true
mcp_whatsapp_number_2_false_162822445105367_lid_ac9dc122f369da655acadf085c7d0bbc,false_162822445105367@lid_AC9DC122F369DA655ACADF085C7D0BBC,Walton Bodyshop,whatsapp-number-2,162822445105367@lid,Walton Bodyshop,2026-04-06T13:37:39.000Z,162822445105367,false,chat,Complete tomorrow,Complete tomorrow,,true
mcp_whatsapp_number_2_false_162822445105367_lid_ac6dbe7b1ac43e1818888d192d9ff348,false_162822445105367@lid_AC6DBE7B1AC43E1818888D192D9FF348,Walton Bodyshop,whatsapp-number-2,162822445105367@lid,Walton Bodyshop,2026-04-07T12:11:38.000Z,162822445105367,false,album,,,,true
mcp_whatsapp_number_2_false_162822445105367_lid_ac5b7ffa3560c64e35b4538ece3ed2fc,false_162822445105367@lid_AC5B7FFA3560C64E35B4538ECE3ED2FC,Walton Bodyshop,whatsapp-number-2,162822445105367@lid,Walton Bodyshop,2026-04-07T12:11:46.000Z,162822445105367,false,image,,,,true
mcp_whatsapp_number_2_false_162822445105367_lid_ace0d49da77dfaa3c26854409d721119,false_162822445105367@lid_ACE0D49DA77DFAA3C26854409D721119,Walton Bodyshop,whatsapp-number-2,162822445105367@lid,Walton Bodyshop,2026-04-07T12:11:46.000Z,162822445105367,false,image,,,,true
mcp_whatsapp_number_2_false_162822445105367_lid_ac27c554a0bd46c5a95bfe895e830502,false_162822445105367@lid_AC27C554A0BD46C5A95BFE895E830502,Walton Bodyshop,whatsapp-number-2,162822445105367@lid,Walton Bodyshop,2026-04-07T12:11:51.000Z,162822445105367,false,image,,,,true
mcp_whatsapp_number_2_false_162822445105367_lid_acb883cdd77f223bc7e5a0d48a2f0028,false_162822445105367@lid_ACB883CDD77F223BC7E5A0D48A2F0028,Walton Bodyshop,whatsapp-number-2,162822445105367@lid,Walton Bodyshop,2026-04-07T12:11:52.000Z,162822445105367,false,image,,,,true
mcp_whatsapp_number_2_false_120363408465558195_g_us_3b93b38d91e053d2659c_190950068514824_lid,false_120363408465558195@g.us_3B93B38D91E053D2659C_190950068514824@lid,Fj40,whatsapp-number-2,120363408465558195@g.us,Fj40,2026-04-07T12:29:29.000Z,190950068514824,false,chat,progress being logged here: https://www.instagram.com/pridmore281/,progress being logged here: https://www.instagram.com/pridmore281/,,true
mcp_whatsapp_number_2_true_162822445105367_lid_acd4a17141995d684e28beeca4508517,true_162822445105367@lid_ACD4A17141995D684E28BEECA4508517,Walton Bodyshop,whatsapp-number-2,162822445105367@lid,Walton Bodyshop,2026-04-07T14:35:51.000Z,+923099351940,true,chat,"Looks great, thanks. Please pop it down to servicing tomorrow","Looks great, thanks. Please pop it down to servicing tomorrow",,true
mcp_whatsapp_number_2_false_162822445105367_lid_acca1695b720ad1445b578f6300b42a0,false_162822445105367@lid_ACCA1695B720AD1445B578F6300B42A0,Walton Bodyshop,whatsapp-number-2,162822445105367@lid,Walton Bodyshop,2026-04-07T14:36:24.000Z,162822445105367,false,chat,Yes,Yes,,true
mcp_whatsapp_number_2_true_162822445105367_lid_ac59ce1e57a9ea75b56c5281ce805ea6,true_162822445105367@lid_AC59CE1E57A9EA75B56C5281CE805EA6,Walton Bodyshop,whatsapp-number-2,162822445105367@lid,Walton Bodyshop,2026-04-07T14:36:54.000Z,+923099351940,true,chat,"On my side i spent 2 hours just removing this!  Anyway, almost down to chassis","On my side i spent 2 hours just removing this! Anyway, almost down to chassis",chassis,true
mcp_whatsapp_number_2_true_162822445105367_lid_ac83e905935d0b6d12cd608f4103eb8b,true_162822445105367@lid_AC83E905935D0B6D12CD608F4103EB8B,Walton Bodyshop,whatsapp-number-2,162822445105367@lid,Walton Bodyshop,2026-04-07T14:36:54.000Z,+923099351940,true,image,,,,true
mcp_whatsapp_number_2_false_162822445105367_lid_ac6f1ae589bf793c1011840bbd0d7706,false_162822445105367@lid_AC6F1AE589BF793C1011840BBD0D7706,Walton Bodyshop,whatsapp-number-2,162822445105367@lid,Walton Bodyshop,2026-04-07T14:37:37.000Z,162822445105367,false,chat,2 hours 😳,2 hours 😳,,true
mcp_whatsapp_number_2_true_162822445105367_lid_ac9eb0eda3e556a778ccfc6ab180df0f,true_162822445105367@lid_AC9EB0EDA3E556A778CCFC6AB180DF0F,Walton Bodyshop,whatsapp-number-2,162822445105367@lid,Walton Bodyshop,2026-04-07T14:38:15.000Z,+923099351940,true,chat,50 years of bodge jobs to clean up!,50 years of bodge jobs to clean up!,,true
mcp_whatsapp_number_2_false_162822445105367_lid_ac5521692f5b662548b27c8d4a48c9cf,false_162822445105367@lid_AC5521692F5B662548B27C8D4A48C9CF,Walton Bodyshop,whatsapp-number-2,162822445105367@lid,Walton Bodyshop,2026-04-07T14:38:30.000Z,162822445105367,false,chat,Hhmmm,Hhmmm,,true
mcp_whatsapp_number_2_false_162822445105367_lid_ac94c6db43f841cad7f31bf02ced48a9,false_162822445105367@lid_AC94C6DB43F841CAD7F31BF02CED48A9,Walton Bodyshop,whatsapp-number-2,162822445105367@lid,Walton Bodyshop,2026-04-07T14:38:54.000Z,162822445105367,false,chat,It's a genuine bolt 🔩,It's a genuine bolt 🔩,,true
mcp_whatsapp_number_2_false_162822445105367_lid_acb576d11d1447a225d619219a7cad1c,false_162822445105367@lid_ACB576D11D1447A225D619219A7CAD1C,Walton Bodyshop,whatsapp-number-2,162822445105367@lid,Walton Bodyshop,2026-04-07T14:39:28.000Z,162822445105367,false,chat,That's why it'll take a lot of time,That's why it'll take a lot of time,,true
mcp_whatsapp_number_2_false_162822445105367_lid_ac43ae9c7273b0480895aae9928bf636,false_162822445105367@lid_AC43AE9C7273B0480895AAE9928BF636,Walton Bodyshop,whatsapp-number-2,162822445105367@lid,Walton Bodyshop,2026-04-08T05:02:25.000Z,162822445105367,false,document,ALU-297.pdf,ALU-297.pdf,,true
mcp_whatsapp_number_2_false_162822445105367_lid_ac56d6a5f5c73a5aa535c3353a1fefcd,false_162822445105367@lid_AC56D6A5F5C73A5AA535C3353A1FEFCD,Walton Bodyshop,whatsapp-number-2,162822445105367@lid,Walton Bodyshop,2026-04-08T05:28:07.000Z,162822445105367,false,chat,"Hello David,
Mechanical Advisor Abdul Wahab is contacting you for approval of this service work, so kindly answer his call.","Hello David, Mechanical Advisor Abdul Wahab is contacting you for approval of this service work, so kindly answer his call.",,true
mcp_whatsapp_number_2_true_62917110190266_lid_ac41c0d90dbbb66dd74ff4070ea6d4de,true_62917110190266@lid_AC41C0D90DBBB66DD74FF4070EA6D4DE,Akbar Khan,whatsapp-number-2,62917110190266@lid,Akbar Khan,2026-04-12T14:55:18.000Z,+923099351940,true,image,,,,true
mcp_whatsapp_number_2_true_62917110190266_lid_ac4db5c62768241a4e226c79a6ca37a7,true_62917110190266@lid_AC4DB5C62768241A4E226C79A6CA37A7,Akbar Khan,whatsapp-number-2,62917110190266@lid,Akbar Khan,2026-04-12T14:55:18.000Z,+923099351940,true,image,,,,true
mcp_whatsapp_number_2_true_62917110190266_lid_ac854c2f1b410f72787cc73567e385c6,true_62917110190266@lid_AC854C2F1B410F72787CC73567E385C6,Akbar Khan,whatsapp-number-2,62917110190266@lid,Akbar Khan,2026-04-12T14:55:18.000Z,+923099351940,true,image,,,,true
mcp_whatsapp_number_2_true_62917110190266_lid_ac96153033ef6fdba487c4b26b57372a,true_62917110190266@lid_AC96153033EF6FDBA487C4B26B57372A,Akbar Khan,whatsapp-number-2,62917110190266@lid,Akbar Khan,2026-04-12T14:55:18.000Z,+923099351940,true,image,,,,true
mcp_whatsapp_number_2_true_62917110190266_lid_acc55bfa17c1507abc6098c947f66615,true_62917110190266@lid_ACC55BFA17C1507ABC6098C947F66615,Akbar Khan,whatsapp-number-2,62917110190266@lid,Akbar Khan,2026-04-12T14:55:18.000Z,+923099351940,true,image,,,,true
mcp_whatsapp_number_2_true_62917110190266_lid_acd9ca24b73233d5d9eee6a82f65c445,true_62917110190266@lid_ACD9CA24B73233D5D9EEE6A82F65C445,Akbar Khan,whatsapp-number-2,62917110190266@lid,Akbar Khan,2026-04-12T14:55:18.000Z,+923099351940,true,image,,,,true
mcp_whatsapp_number_2_true_62917110190266_lid_aced06aeedbd3cd46d4616c739f3a02d,true_62917110190266@lid_ACED06AEEDBD3CD46D4616C739F3A02D,Akbar Khan,whatsapp-number-2,62917110190266@lid,Akbar Khan,2026-04-12T14:55:18.000Z,+923099351940,true,image,,,,true
mcp_whatsapp_number_2_true_62917110190266_lid_acf50b6ca7a81c5239c98b4c9a27e755,true_62917110190266@lid_ACF50B6CA7A81C5239C98B4C9A27E755,Akbar Khan,whatsapp-number-2,62917110190266@lid,Akbar Khan,2026-04-12T14:55:18.000Z,+923099351940,true,image,,,,true
mcp_whatsapp_number_2_true_62917110190266_lid_ac1c4075501b49a9bab7bbb1fb3d4056,true_62917110190266@lid_AC1C4075501B49A9BAB7BBB1FB3D4056,Akbar Khan,whatsapp-number-2,62917110190266@lid,Akbar Khan,2026-04-12T14:55:19.000Z,+923099351940,true,image,,,,true
mcp_whatsapp_number_2_true_62917110190266_lid_ac32763394e7df6e4c1ca4058f68822d,true_62917110190266@lid_AC32763394E7DF6E4C1CA4058F68822D,Akbar Khan,whatsapp-number-2,62917110190266@lid,Akbar Khan,2026-04-12T14:55:19.000Z,+923099351940,true,image,,,,true
mcp_whatsapp_number_2_true_62917110190266_lid_ac419bff502f1982c86dd1885b7d1ffa,true_62917110190266@lid_AC419BFF502F1982C86DD1885B7D1FFA,Akbar Khan,whatsapp-number-2,62917110190266@lid,Akbar Khan,2026-04-12T14:55:19.000Z,+923099351940,true,image,,,,true
mcp_whatsapp_number_2_true_62917110190266_lid_ac6d2face0770ae6a91c2de183261288,true_62917110190266@lid_AC6D2FACE0770AE6A91C2DE183261288,Akbar Khan,whatsapp-number-2,62917110190266@lid,Akbar Khan,2026-04-12T14:55:19.000Z,+923099351940,true,image,,,,true
mcp_whatsapp_number_2_true_62917110190266_lid_ac83e236a69365390afd82e69706f7e6,true_62917110190266@lid_AC83E236A69365390AFD82E69706F7E6,Akbar Khan,whatsapp-number-2,62917110190266@lid,Akbar Khan,2026-04-12T14:55:19.000Z,+923099351940,true,image,,,,true
mcp_whatsapp_number_2_true_62917110190266_lid_ac9cea7f459978ac59253401c061fe81,true_62917110190266@lid_AC9CEA7F459978AC59253401C061FE81,Akbar Khan,whatsapp-number-2,62917110190266@lid,Akbar Khan,2026-04-12T14:55:19.000Z,+923099351940,true,image,,,,true
mcp_whatsapp_number_2_true_62917110190266_lid_acb5585976d83836f53d11c3f684b726,true_62917110190266@lid_ACB5585976D83836F53D11C3F684B726,Akbar Khan,whatsapp-number-2,62917110190266@lid,Akbar Khan,2026-04-12T14:55:19.000Z,+923099351940,true,image,,,,true
mcp_whatsapp_number_2_true_62917110190266_lid_acbb2da94370276ee118ca010daf6a1d,true_62917110190266@lid_ACBB2DA94370276EE118CA010DAF6A1D,Akbar Khan,whatsapp-number-2,62917110190266@lid,Akbar Khan,2026-04-12T14:55:19.000Z,+923099351940,true,image,,,,true
mcp_whatsapp_number_2_true_62917110190266_lid_acce6b4e6f759ac74a76e95f40a77a38,true_62917110190266@lid_ACCE6B4E6F759AC74A76E95F40A77A38,Akbar Khan,whatsapp-number-2,62917110190266@lid,Akbar Khan,2026-04-12T14:55:19.000Z,+923099351940,true,image,,,,true
mcp_whatsapp_number_2_false_62917110190266_lid_ac0a785f156ca6f9b70b2aaf31b52e8f,false_62917110190266@lid_AC0A785F156CA6F9B70B2AAF31B52E8F,Akbar Khan,whatsapp-number-2,62917110190266@lid,Akbar Khan,2026-04-12T14:56:19.000Z,923334552030,false,chat,Cool yes. Just need a list. Lot 1. Lot 2,Cool yes. Just need a list. Lot 1. Lot 2,,true
mcp_whatsapp_number_2_true_62917110190266_lid_ac29bcceb97775ae01caf2d02e81fb25,true_62917110190266@lid_AC29BCCEB97775AE01CAF2D02E81FB25,Akbar Khan,whatsapp-number-2,62917110190266@lid,Akbar Khan,2026-04-12T14:56:22.000Z,+923099351940,true,chat,Original consignment,Original consignment,,true
mcp_whatsapp_number_2_true_62917110190266_lid_aca391f7bb94002808263cbe24580535,true_62917110190266@lid_ACA391F7BB94002808263CBE24580535,Akbar Khan,whatsapp-number-2,62917110190266@lid,Akbar Khan,2026-04-12T14:56:53.000Z,+923099351940,true,chat,"4 doors, jerry can and seat holders","4 doors, jerry can and seat holders",,true
mcp_whatsapp_number_2_true_62917110190266_lid_ac757a5fbf44dca6028a339543722c22,true_62917110190266@lid_AC757A5FBF44DCA6028A339543722C22,Akbar Khan,whatsapp-number-2,62917110190266@lid,Akbar Khan,2026-04-12T14:57:37.000Z,+923099351940,true,image,,,,true
mcp_whatsapp_number_2_true_62917110190266_lid_ac85e596049b1666686594d5fe2657fc,true_62917110190266@lid_AC85E596049B1666686594D5FE2657FC,Akbar Khan,whatsapp-number-2,62917110190266@lid,Akbar Khan,2026-04-12T14:57:37.000Z,+923099351940,true,image,,,,true
mcp_whatsapp_number_2_true_62917110190266_lid_ac9d147270135b3e707104cf4a75ca97,true_62917110190266@lid_AC9D147270135B3E707104CF4A75CA97,Akbar Khan,whatsapp-number-2,62917110190266@lid,Akbar Khan,2026-04-12T14:57:37.000Z,+923099351940,true,image,,,,true
mcp_whatsapp_number_2_true_62917110190266_lid_acfecf2fc49db05f418efaa29573ff59,true_62917110190266@lid_ACFECF2FC49DB05F418EFAA29573FF59,Akbar Khan,whatsapp-number-2,62917110190266@lid,Akbar Khan,2026-04-12T14:57:38.000Z,+923099351940,true,chat,Doors returned,Doors returned,,true
mcp_whatsapp_number_2_false_62917110190266_lid_acb56b988faf132f25a4c677a3851ffa,false_62917110190266@lid_ACB56B988FAF132F25A4C677A3851FFA,Akbar Khan,whatsapp-number-2,62917110190266@lid,Akbar Khan,2026-04-12T14:58:20.000Z,923334552030,false,chat,"More then that. The front grill. The rear black bits. Tyre holder etc. just need a 1,2,3 listing","More then that. The front grill. The rear black bits. Tyre holder etc. just need a 1,2,3 listing",,true
mcp_whatsapp_number_2_true_62917110190266_lid_ac18b690a2e53a77f85610c0224f2268,true_62917110190266@lid_AC18B690A2E53A77F85610C0224F2268,Akbar Khan,whatsapp-number-2,62917110190266@lid,Akbar Khan,2026-04-12T14:58:53.000Z,+923099351940,true,image,,,,true
mcp_whatsapp_number_2_true_62917110190266_lid_ac24de7bb4ddf467f22d72d32157f7be,true_62917110190266@lid_AC24DE7BB4DDF467F22D72D32157F7BE,Akbar Khan,whatsapp-number-2,62917110190266@lid,Akbar Khan,2026-04-12T14:58:53.000Z,+923099351940,true,image,,,,true
mcp_whatsapp_number_2_true_62917110190266_lid_ac3af23cdb6382e299f8e3b65c51dcb5,true_62917110190266@lid_AC3AF23CDB6382E299F8E3B65C51DCB5,Akbar Khan,whatsapp-number-2,62917110190266@lid,Akbar Khan,2026-04-12T14:58:53.000Z,+923099351940,true,image,,,,true
mcp_whatsapp_number_2_true_62917110190266_lid_ac69d3db7898c38965009e3d1bd39331,true_62917110190266@lid_AC69D3DB7898C38965009E3D1BD39331,Akbar Khan,whatsapp-number-2,62917110190266@lid,Akbar Khan,2026-04-12T14:58:53.000Z,+923099351940,true,image,,,,true
mcp_whatsapp_number_2_true_62917110190266_lid_ac897a0316129592c93656d619dda0ff,true_62917110190266@lid_AC897A0316129592C93656D619DDA0FF,Akbar Khan,whatsapp-number-2,62917110190266@lid,Akbar Khan,2026-04-12T14:58:53.000Z,+923099351940,true,chat,"Seat mountings back, and the white front plate and mirrors","Seat mountings back, and the white front plate and mirrors",,true
mcp_whatsapp_number_2_true_62917110190266_lid_acb2e8da0da358488819053e0aee0201,true_62917110190266@lid_ACB2E8DA0DA358488819053E0AEE0201,Akbar Khan,whatsapp-number-2,62917110190266@lid,Akbar Khan,2026-04-12T14:58:53.000Z,+923099351940,true,image,,,,true
mcp_whatsapp_number_2_true_62917110190266_lid_acdfdda8ba38b70bbc48315c9cf15972,true_62917110190266@lid_ACDFDDA8BA38B70BBC48315C9CF15972,Akbar Khan,whatsapp-number-2,62917110190266@lid,Akbar Khan,2026-04-12T14:58:53.000Z,+923099351940,true,image,,,,true
mcp_whatsapp_number_2_true_62917110190266_lid_ace3035af67819038ddbc359937a2847,true_62917110190266@lid_ACE3035AF67819038DDBC359937A2847,Akbar Khan,whatsapp-number-2,62917110190266@lid,Akbar Khan,2026-04-12T14:59:27.000Z,+923099351940,true,chat,"That last one came out bad, but its the white grill and mirrors","That last one came out bad, but its the white grill and mirrors",,true
mcp_whatsapp_number_2_true_62917110190266_lid_ac60346fee190b7eb850e20449794ae5,true_62917110190266@lid_AC60346FEE190B7EB850E20449794AE5,Akbar Khan,whatsapp-number-2,62917110190266@lid,Akbar Khan,2026-04-12T14:59:57.000Z,+923099351940,true,chat,Latest assignment,Latest assignment,,true
mcp_whatsapp_number_2_true_62917110190266_lid_acd488a32365bd043255e09d7319f4d6,true_62917110190266@lid_ACD488A32365BD043255E09D7319F4D6,Akbar Khan,whatsapp-number-2,62917110190266@lid,Akbar Khan,2026-04-12T15:01:10.000Z,+923099351940,true,chat,"So. From the first lot, all returned apart from jerry can i think","So. From the first lot, all returned apart from jerry can i think",,true
mcp_whatsapp_number_2_true_62917110190266_lid_ac37cb6f57a9ccaae23e5883b2d78914,true_62917110190266@lid_AC37CB6F57A9CCAAE23E5883B2D78914,Akbar Khan,whatsapp-number-2,62917110190266@lid,Akbar Khan,2026-04-12T15:01:38.000Z,+923099351940,true,chat,Upper portion gone for second lot,Upper portion gone for second lot,,true
mcp_whatsapp_number_2_true_62917110190266_lid_ac0010f2dc274eed2bdc185251c5ee59,true_62917110190266@lid_AC0010F2DC274EED2BDC185251C5EE59,Akbar Khan,whatsapp-number-2,62917110190266@lid,Akbar Khan,2026-04-12T15:02:04.000Z,+923099351940,true,chat,I'm about 2 nuts from getting the body off,I'm about 2 nuts from getting the body off,body,true
mcp_whatsapp_number_2_true_62917110190266_lid_ac21ecbffcf5ce70929ae50b399632ff,true_62917110190266@lid_AC21ECBFFCF5CE70929AE50B399632FF,Akbar Khan,whatsapp-number-2,62917110190266@lid,Akbar Khan,2026-04-12T15:02:18.000Z,+923099351940,true,chat,Where to get a jerry can?,Where to get a jerry can?,,true
mcp_whatsapp_number_2_true_62917110190266_lid_ac7a3a602cebda0590ded77c1d0ceeb4,true_62917110190266@lid_AC7A3A602CEBDA0590DED77C1D0CEEB4,Akbar Khan,whatsapp-number-2,62917110190266@lid,Akbar Khan,2026-04-12T15:02:45.000Z,+923099351940,true,chat,Local/quick. One that can hold a full tank,Local/quick. One that can hold a full tank,,true
mcp_whatsapp_number_2_true_62917110190266_lid_accb6bf59eaf0588504e26f044b0e6b0,true_62917110190266@lid_ACCB6BF59EAF0588504E26F044B0E6B0,Akbar Khan,whatsapp-number-2,62917110190266@lid,Akbar Khan,2026-04-12T17:36:06.000Z,+923099351940,true,image,,,,true
mcp_whatsapp_number_2_true_62917110190266_lid_ac83743853aff4f1d7939ede99de05f2,true_62917110190266@lid_AC83743853AFF4F1D7939EDE99DE05F2,Akbar Khan,whatsapp-number-2,62917110190266@lid,Akbar Khan,2026-04-13T01:04:08.000Z,+923099351940,true,chat,"These are a bit fucked though. Lot of rust. Either he can do it fine, or bring it back for me to repair","These are a bit fucked though. Lot of rust. Either he can do it fine, or bring it back for me to repair",rust,true
mcp_whatsapp_number_2_false_62917110190266_lid_acbceb351050b53fd06f99d883378cd3,false_62917110190266@lid_ACBCEB351050B53FD06F99D883378CD3,Akbar Khan,whatsapp-number-2,62917110190266@lid,Akbar Khan,2026-04-13T05:50:01.000Z,923334552030,false,image,Daraz would be my go to bro .. but I'll find alternatives,Daraz would be my go to bro .. but I'll find alternatives,daraz,true
mcp_whatsapp_number_2_false_62917110190266_lid_aca824ade9ac152fcb2b6bd2a75340a8,false_62917110190266@lid_ACA824ADE9AC152FCB2B6BD2A75340A8,Akbar Khan,whatsapp-number-2,62917110190266@lid,Akbar Khan,2026-04-13T05:50:02.000Z,923334552030,false,unknown,,,,true
mcp_whatsapp_number_2_false_62917110190266_lid_ac29d6fa4b000a8e3f448d62d4b2854b,false_62917110190266@lid_AC29D6FA4B000A8E3F448D62D4B2854B,Akbar Khan,whatsapp-number-2,62917110190266@lid,Akbar Khan,2026-04-13T05:51:14.000Z,923334552030,false,chat,"No no... Will handle. That's been the whole mandate to go over the top on all panels. And of course home service.

I'll message in a bit with numbers and listing items and timelines. Just running to a meeting",No no... Will handle. That's been the whole mandate to go over the top on all panels. And of course home service. I'll message in a bit with numbers and listing items and timelines. Just running to a meeting,,true
mcp_whatsapp_number_2_true_62917110190266_lid_acb929772c198ea7ec237563ee693cbd,true_62917110190266@lid_ACB929772C198EA7EC237563EE693CBD,Akbar Khan,whatsapp-number-2,62917110190266@lid,Akbar Khan,2026-04-13T06:24:52.000Z,+923099351940,true,chat,Slow though. Its almost ready to come off!,Slow though. Its almost ready to come off!,,true
mcp_whatsapp_number_2_true_62917110190266_lid_acb3820f04805cd00c1c72d116a2fe65,true_62917110190266@lid_ACB3820F04805CD00C1C72D116A2FE65,Akbar Khan,whatsapp-number-2,62917110190266@lid,Akbar Khan,2026-04-13T06:25:16.000Z,+923099351940,true,chat,Oh. I just bought a full welding kit,Oh. I just bought a full welding kit,welding,true
mcp_whatsapp_number_2_true_62917110190266_lid_acbfe9aaa37821d2185d994373018ca9,true_62917110190266@lid_ACBFE9AAA37821D2185D994373018CA9,Akbar Khan,whatsapp-number-2,62917110190266@lid,Akbar Khan,2026-04-13T06:26:09.000Z,+923099351940,true,chat,MMA and MIG,MMA and MIG,,true
mcp_whatsapp_number_2_true_62917110190266_lid_ac9cbcec735bc49e03e66ac65055f4f9,true_62917110190266@lid_AC9CBCEC735BC49E03E66AC65055F4F9,Akbar Khan,whatsapp-number-2,62917110190266@lid,Akbar Khan,2026-04-13T06:26:54.000Z,+923099351940,true,chat,"Hope we can trust him for the doors, but body needs to be put back to where it should be","Hope we can trust him for the doors, but body needs to be put back to where it should be",body,true
mcp_whatsapp_number_2_false_62917110190266_lid_acfdaed716957eab4bf54001aa7ef333,false_62917110190266@lid_ACFDAED716957EAB4BF54001AA7EF333,Akbar Khan,whatsapp-number-2,62917110190266@lid,Akbar Khan,2026-04-13T06:28:08.000Z,923334552030,false,chat,Oh my ! Lol. Nice. I don't know how to weld for shit. I do need to somehow figure out how to fix expanded plywood on a speaker set,Oh my ! Lol. Nice. I don't know how to weld for shit. I do need to somehow figure out how to fix expanded plywood on a speaker set,speaker|weld,true
mcp_whatsapp_number_2_false_62917110190266_lid_acd150898e59b01156d991b61ab0b96c,false_62917110190266@lid_ACD150898E59B01156D991B61AB0B96C,Akbar Khan,whatsapp-number-2,62917110190266@lid,Akbar Khan,2026-04-13T06:28:13.000Z,923334552030,false,chat,Don't worry.,Don't worry.,,true
mcp_whatsapp_number_2_true_62917110190266_lid_acd372f52bcd556bacc5cd8db7e93d13,true_62917110190266@lid_ACD372F52BCD556BACC5CD8DB7E93D13,Akbar Khan,whatsapp-number-2,62917110190266@lid,Akbar Khan,2026-04-13T06:28:23.000Z,+923099351940,true,chat,Neither do i yet,Neither do i yet,,true
mcp_whatsapp_number_2_true_62917110190266_lid_ac30fb059631da7e5cdb05baeec7abd5,true_62917110190266@lid_AC30FB059631DA7E5CDB05BAEEC7ABD5,Akbar Khan,whatsapp-number-2,62917110190266@lid,Akbar Khan,2026-04-13T06:28:33.000Z,+923099351940,true,chat,Not since i was Naeyls age,Not since i was Naeyls age,,true
mcp_whatsapp_number_2_true_62917110190266_lid_aced83eefe77055decd776a60d3af3e7,true_62917110190266@lid_ACED83EEFE77055DECD776A60D3AF3E7,Akbar Khan,whatsapp-number-2,62917110190266@lid,Akbar Khan,2026-04-13T06:28:58.000Z,+923099351940,true,chat,"But. When its done, it will be done to my standards","But. When its done, it will be done to my standards",,true
mcp_whatsapp_number_2_false_62917110190266_lid_accddc90f4b61d3ef6901ad5ef8f0cca,false_62917110190266@lid_ACCDDC90F4B61D3EF6901AD5EF8F0CCA,Akbar Khan,whatsapp-number-2,62917110190266@lid,Akbar Khan,2026-04-13T06:29:29.000Z,923334552030,false,chat,That's the plan . I'm seeing him in an hour or two to final items and instructions.,That's the plan . I'm seeing him in an hour or two to final items and instructions.,,true
mcp_whatsapp_number_2_false_62917110190266_lid_ac3ee3e9a986b10657a624bfc09f0398,false_62917110190266@lid_AC3EE3E9A986B10657A624BFC09F0398,Akbar Khan,whatsapp-number-2,62917110190266@lid,Akbar Khan,2026-04-13T06:29:33.000Z,923334552030,false,chat,Brb. Meeting starting,Brb. Meeting starting,,true
mcp_whatsapp_number_2_true_62917110190266_lid_accec2ea20bf4f0836c89569d77ab92e,true_62917110190266@lid_ACCEC2EA20BF4F0836C89569D77AB92E,Akbar Khan,whatsapp-number-2,62917110190266@lid,Akbar Khan,2026-04-13T06:30:02.000Z,+923099351940,true,chat,Pictures before painting,Pictures before painting,,true
mcp_whatsapp_number_2_true_124176513941598_lid_ac33158e82263c095e85eeb612acf5ad,true_124176513941598@lid_AC33158E82263C095E85EEB612ACF5AD,Oxy Welding,whatsapp-number-2,124176513941598@lid,Oxy Welding,2026-04-13T07:26:40.000Z,+923099351940,true,e2e_notification,,,,true
mcp_whatsapp_number_2_false_124176513941598_lid_ac86a6d9f65fae360e6cdd3cd07aee3d,false_124176513941598@lid_AC86A6D9F65FAE360E6CDD3CD07AEE3D,Oxy Welding,whatsapp-number-2,124176513941598@lid,Oxy Welding,2026-04-13T07:31:18.000Z,124176513941598,false,chat,"Hi David, this is Wali from Pakistan Oxygen","Hi David, this is Wali from Pakistan Oxygen",,true
mcp_whatsapp_number_2_false_124176513941598_lid_ac636fa964f133f368e7b7a17369f0c3,false_124176513941598@lid_AC636FA964F133F368E7B7A17369F0C3,Oxy Welding,whatsapp-number-2,124176513941598@lid,Oxy Welding,2026-04-13T07:31:48.000Z,124176513941598,false,chat,Can you share your email so I can better guide you officially,Can you share your email so I can better guide you officially,,true
mcp_whatsapp_number_2_true_124176513941598_lid_acf17cbab0fd0bc812fe11121b9dd712,true_124176513941598@lid_ACF17CBAB0FD0BC812FE11121B9DD712,Oxy Welding,whatsapp-number-2,124176513941598@lid,Oxy Welding,2026-04-13T08:24:01.000Z,+923099351940,true,chat,pridmoredave@gmail.com,pridmoredave@gmail.com,,true
mcp_whatsapp_number_2_false_124176513941598_lid_3eb0f2469e937c97aa8bfe,false_124176513941598@lid_3EB0F2469E937C97AA8BFE,Oxy Welding,whatsapp-number-2,124176513941598@lid,Oxy Welding,2026-04-13T08:58:04.000Z,124176513941598,false,chat,Mr David regarding your application of welding or maintenance for the vehicle I can suggest and provide you the second best option other than the Argon Gas which is Ar/CO2 mixture gas.,Mr David regarding your application of welding or maintenance for the vehicle I can suggest and provide you the second best option other than the Argon Gas which is Ar/CO2 mixture gas.,welding,true
mcp_whatsapp_number_2_false_124176513941598_lid_3eb047fbce4a0418d8128f,false_124176513941598@lid_3EB047FBCE4A0418D8128F,Oxy Welding,whatsapp-number-2,124176513941598@lid,Oxy Welding,2026-04-13T08:59:02.000Z,124176513941598,false,image,,,,true
mcp_whatsapp_number_2_false_124176513941598_lid_3eb072a5b6ca4c575b84f9,false_124176513941598@lid_3EB072A5B6CA4C575B84F9,Oxy Welding,whatsapp-number-2,124176513941598@lid,Oxy Welding,2026-04-13T08:59:12.000Z,124176513941598,false,chat,"Please let me know if you are interested
Thankyou !",Please let me know if you are interested Thankyou !,,true
mcp_whatsapp_number_2_false_62917110190266_lid_acd37a264455f686cf874eabc34959b3,false_62917110190266@lid_ACD37A264455F686CF874EABC34959B3,Akbar Khan,whatsapp-number-2,62917110190266@lid,Akbar Khan,2026-04-13T18:27:14.000Z,923334552030,false,chat,Brother David. We are looking at another 65k for items sent forward if u can forward me the needful. The premium revolves around him doing it per piece and inside and out. I have instructed him to share pics moving forward. I will retain payments as one moves along. Usually it's a combined order but unfortunately or fortunately we need him to do things our way in sections. Some panels are worse than others. Complicated. I also feel after this lot. We should close on one number for the tub and chassis. As we stand he's up my ass and me up his,Brother David. We are looking at another 65k for items sent forward if u can forward me the needful. The premium revolves around him doing it per piece and inside and out. I have instructed him to share pics moving forward. I will retain payments as one moves along. Usually it's a combined order but unfortunately or fortunately we need him to do things our way in sections. Some panels are worse than others. Complicated. I also feel after this lot. We should close on one number for the tub and chassis. As we stand he's up my ass and me up his,chassis|order,true
mcp_whatsapp_number_2_true_62917110190266_lid_acf7231c0056912387037f5e1d26d2af,true_62917110190266@lid_ACF7231C0056912387037F5E1D26D2AF,Akbar Khan,whatsapp-number-2,62917110190266@lid,Akbar Khan,2026-04-13T18:45:56.000Z,+923099351940,true,chat,No worries so long as he does a good job on those rusty sills,No worries so long as he does a good job on those rusty sills,,true
mcp_whatsapp_number_2_true_62917110190266_lid_ac2ab2b1b4e61f8fd586bc071614c1de,true_62917110190266@lid_AC2AB2B1B4E61F8FD586BC071614C1DE,Akbar Khan,whatsapp-number-2,62917110190266@lid,Akbar Khan,2026-04-13T18:46:06.000Z,+923099351940,true,chat,I just bought 2 welding kits,I just bought 2 welding kits,welding,true
mcp_whatsapp_number_2_true_62917110190266_lid_ac512bd43d806ed21fb1cd7f011d3ba0,true_62917110190266@lid_AC512BD43D806ED21FB1CD7F011D3BA0,Akbar Khan,whatsapp-number-2,62917110190266@lid,Akbar Khan,2026-04-13T18:46:47.000Z,+923099351940,true,chat,So the body is going to be on me!,So the body is going to be on me!,body,true
mcp_whatsapp_number_2_false_62917110190266_lid_ac073eac8fe3cb5244716629c785b776,false_62917110190266@lid_AC073EAC8FE3CB5244716629C785B776,Akbar Khan,whatsapp-number-2,62917110190266@lid,Akbar Khan,2026-04-13T18:50:05.000Z,923334552030,false,chat,I'll make sure. So far so good. This just gets him going on the next lot. The closing invoice follows. But given the requirement I feel it's good. Nobody would say yes to this and I know he's good barring his fucked up timelines,I'll make sure. So far so good. This just gets him going on the next lot. The closing invoice follows. But given the requirement I feel it's good. Nobody would say yes to this and I know he's good barring his fucked up timelines,,true
mcp_whatsapp_number_2_false_62917110190266_lid_accddffe73fe8b0fdce29c44427ec12e,false_62917110190266@lid_ACCDDFFE73FE8B0FDCE29C44427EC12E,Akbar Khan,whatsapp-number-2,62917110190266@lid,Akbar Khan,2026-04-13T18:50:25.000Z,923334552030,false,chat,Infact. I'll join u for the body aspect. Paint he can do or whatever,Infact. I'll join u for the body aspect. Paint he can do or whatever,body|paint,true
mcp_whatsapp_number_2_true_62917110190266_lid_ac88e6c1d846b0d29f88cf88a4dd2cfc,true_62917110190266@lid_AC88E6C1D846B0D29F88CF88A4DD2CFC,Akbar Khan,whatsapp-number-2,62917110190266@lid,Akbar Khan,2026-04-13T18:52:48.000Z,+923099351940,true,chat,"Seems fair enough. And now i will have a mig welder and a mma welder, i will finish the body properly","Seems fair enough. And now i will have a mig welder and a mma welder, i will finish the body properly",body|welder,true
mcp_whatsapp_number_2_true_62917110190266_lid_ac6961ac9331d95761d41569f9638649,true_62917110190266@lid_AC6961AC9331D95761D41569F9638649,Akbar Khan,whatsapp-number-2,62917110190266@lid,Akbar Khan,2026-04-13T18:53:25.000Z,+923099351940,true,chat,So his job for that will just be painting,So his job for that will just be painting,,true
mcp_whatsapp_number_2_true_62917110190266_lid_acb5fb387adf7ebaaf272f56deea4599,true_62917110190266@lid_ACB5FB387ADF7EBAAF272F56DEEA4599,Akbar Khan,whatsapp-number-2,62917110190266@lid,Akbar Khan,2026-04-13T18:54:36.000Z,+923099351940,true,chat,Bop 0018?,Bop 0018?,,true
mcp_whatsapp_number_2_true_62917110190266_lid_acbdf4a08261f6367c8ba746aae27d62,true_62917110190266@lid_ACBDF4A08261F6367C8BA746AAE27D62,Akbar Khan,whatsapp-number-2,62917110190266@lid,Akbar Khan,2026-04-13T18:56:20.000Z,+923099351940,true,chat,"One more go at the front air unit, remove the diesel, and probably one more extra cunty bolt and the tub will be off","One more go at the front air unit, remove the diesel, and probably one more extra cunty bolt and the tub will be off",,true
mcp_whatsapp_number_2_false_62917110190266_lid_acab804b0e0343e2cb9745de251771c2,false_62917110190266@lid_ACAB804B0E0343E2CB9745DE251771C2,Akbar Khan,whatsapp-number-2,62917110190266@lid,Akbar Khan,2026-04-13T19:03:14.000Z,923334552030,false,chat,Man I want to learn how to weld,Man I want to learn how to weld,weld,true
mcp_whatsapp_number_2_false_62917110190266_lid_acc58077ed44ee9f0ffb4ae11393228e,false_62917110190266@lid_ACC58077ED44EE9F0FFB4AE11393228E,Akbar Khan,whatsapp-number-2,62917110190266@lid,Akbar Khan,2026-04-13T19:03:20.000Z,923334552030,false,chat,Teach me also,Teach me also,,true
mcp_whatsapp_number_2_true_62917110190266_lid_ac3d9c2061bf60f76ee37e117f9068c7,true_62917110190266@lid_AC3D9C2061BF60F76EE37E117F9068C7,Akbar Khan,whatsapp-number-2,62917110190266@lid,Akbar Khan,2026-04-13T19:05:20.000Z,+923099351940,true,chat,Yeah. Its going to be a bit of a learning experience for me also,Yeah. Its going to be a bit of a learning experience for me also,,true
mcp_whatsapp_number_2_true_62917110190266_lid_acda75c70e09e943f51f7672f485be61,true_62917110190266@lid_ACDA75C70E09E943F51F7672F485BE61,Akbar Khan,whatsapp-number-2,62917110190266@lid,Akbar Khan,2026-04-13T19:05:29.000Z,+923099351940,true,chat,Done,Done,,true
mcp_whatsapp_number_2_false_62917110190266_lid_ac15276e5a33f3e400a77a566f82323b,false_62917110190266@lid_AC15276E5A33F3E400A77A566F82323B,Akbar Khan,whatsapp-number-2,62917110190266@lid,Akbar Khan,2026-04-13T19:05:59.000Z,923334552030,false,chat,Let's get some test plates. I might need to get some for a project I'm doing. Will explain. Let's try it on those,Let's get some test plates. I might need to get some for a project I'm doing. Will explain. Let's try it on those,plates,true
mcp_whatsapp_number_2_false_62917110190266_lid_acd14350e7208a96d12d30348da046e8,false_62917110190266@lid_ACD14350E7208A96D12D30348DA046E8,Akbar Khan,whatsapp-number-2,62917110190266@lid,Akbar Khan,2026-04-13T19:06:04.000Z,923334552030,false,chat,Aluminium and metal,Aluminium and metal,,true
mcp_whatsapp_number_2_true_62917110190266_lid_accbe269b7b17aafa893865af6833843,true_62917110190266@lid_ACCBE269B7B17AAFA893865AF6833843,Akbar Khan,whatsapp-number-2,62917110190266@lid,Akbar Khan,2026-04-13T19:07:03.000Z,+923099351940,true,chat,"Sure. Actually i'll probably need to aquire some of those myself. The bottom is looking a bit thin, and not attached at all the usual places","Sure. Actually i'll probably need to aquire some of those myself. The bottom is looking a bit thin, and not attached at all the usual places",,true
mcp_whatsapp_number_2_true_62917110190266_lid_ac90e44c4c96ea892370a315ddb67418,true_62917110190266@lid_AC90E44C4C96EA892370A315DDB67418,Akbar Khan,whatsapp-number-2,62917110190266@lid,Akbar Khan,2026-04-13T19:08:38.000Z,+923099351940,true,image,,,,true
mcp_whatsapp_number_2_true_62917110190266_lid_ac20e4b8bc4ab4e50b3a9e736d5e5107,true_62917110190266@lid_AC20E4B8BC4AB4E50B3A9E736D5E5107,Akbar Khan,whatsapp-number-2,62917110190266@lid,Akbar Khan,2026-04-13T19:08:48.000Z,+923099351940,true,chat,Almost empty,Almost empty,,true
mcp_whatsapp_number_2_false_62917110190266_lid_acbab6f5d2ca802f6c408b3bee36a2d2,false_62917110190266@lid_ACBAB6F5D2CA802F6C408B3BEE36A2D2,Akbar Khan,whatsapp-number-2,62917110190266@lid,Akbar Khan,2026-04-13T19:10:08.000Z,923334552030,false,chat,Interesting,Interesting,,true
mcp_whatsapp_number_2_true_124176513941598_lid_ac608ffa7988b410a18fa79f3e5b4d0d,true_124176513941598@lid_AC608FFA7988B410A18FA79F3E5B4D0D,Oxy Welding,whatsapp-number-2,124176513941598@lid,Oxy Welding,2026-04-13T19:39:26.000Z,+923099351940,true,chat,Hi. Sorry for the delay.  Yes that will be fine,Hi. Sorry for the delay. Yes that will be fine,,true
mcp_whatsapp_number_2_true_124176513941598_lid_acdc4506d347b23b9f3dbf77e9d1cc84,true_124176513941598@lid_ACDC4506D347B23B9F3DBF77E9D1CC84,Oxy Welding,whatsapp-number-2,124176513941598@lid,Oxy Welding,2026-04-13T19:39:50.000Z,+923099351940,true,chat,When do you think it will all come?,When do you think it will all come?,,true
mcp_whatsapp_number_2_false_124176513941598_lid_ac397436ff030bdc0dd1049f869a3ae5,false_124176513941598@lid_AC397436FF030BDC0DD1049F869A3AE5,Oxy Welding,whatsapp-number-2,124176513941598@lid,Oxy Welding,2026-04-13T19:40:46.000Z,124176513941598,false,chat,So I emailed you the details,So I emailed you the details,,true
mcp_whatsapp_number_2_false_124176513941598_lid_ac6feb429890b2c99a70ab732acbb4e5,false_124176513941598@lid_AC6FEB429890B2C99A70AB732ACBB4E5,Oxy Welding,whatsapp-number-2,124176513941598@lid,Oxy Welding,2026-04-13T19:41:17.000Z,124176513941598,false,chat,Wherever you have to order mixture gas separately,Wherever you have to order mixture gas separately,order,true
mcp_whatsapp_number_2_true_124176513941598_lid_ac2efaee469a0cb985ad449fb22c7e70,true_124176513941598@lid_AC2EFAEE469A0CB985AD449FB22C7E70,Oxy Welding,whatsapp-number-2,124176513941598@lid,Oxy Welding,2026-04-13T19:44:06.000Z,+923099351940,true,chat,Sorry i dont get you. We cant just swap argon to ar/co2?,Sorry i dont get you. We cant just swap argon to ar/co2?,,true
mcp_whatsapp_number_2_true_124176513941598_lid_ac38313d3537ea10b52d9db248efc7c3,true_124176513941598@lid_AC38313D3537EA10B52D9DB248EFC7C3,Oxy Welding,whatsapp-number-2,124176513941598@lid,Oxy Welding,2026-04-13T19:44:41.000Z,+923099351940,true,chat,"Also, if i provide my company ntn, you dont have to charge sales tax?","Also, if i provide my company ntn, you dont have to charge sales tax?",,true
mcp_whatsapp_number_2_false_124176513941598_lid_acc27be0f474a4d3678b7a04f5de9327,false_124176513941598@lid_ACC27BE0F474A4D3678B7A04F5DE9327,Oxy Welding,whatsapp-number-2,124176513941598@lid,Oxy Welding,2026-04-13T19:46:22.000Z,124176513941598,false,chat,"Yes it can be
I request you to please reply on the email",Yes it can be I request you to please reply on the email,,true
mcp_whatsapp_number_2_false_124176513941598_lid_ac1318e3e5a1f8d899f40a7b090d76cb,false_124176513941598@lid_AC1318E3E5A1F8D899F40A7B090D76CB,Oxy Welding,whatsapp-number-2,124176513941598@lid,Oxy Welding,2026-04-13T19:46:29.000Z,124176513941598,false,chat,Sure,Sure,,true
mcp_whatsapp_number_2_true_124176513941598_lid_acde1103f0039e60129c59336b760843,true_124176513941598@lid_ACDE1103F0039E60129C59336B760843,Oxy Welding,whatsapp-number-2,124176513941598@lid,Oxy Welding,2026-04-13T19:46:45.000Z,+923099351940,true,chat,I think your rate is not right anyway,I think your rate is not right anyway,,true
mcp_whatsapp_number_2_false_124176513941598_lid_acb036eff2924beeb8e4c4030140c0ba,false_124176513941598@lid_ACB036EFF2924BEEB8E4C4030140C0BA,Oxy Welding,whatsapp-number-2,124176513941598@lid,Oxy Welding,2026-04-13T19:46:52.000Z,124176513941598,false,chat,And ask for product swap,And ask for product swap,,true
mcp_whatsapp_number_2_false_124176513941598_lid_ac407ca7fa8c6e26138319880bb3f6ab,false_124176513941598@lid_AC407CA7FA8C6E26138319880BB3F6AB,Oxy Welding,whatsapp-number-2,124176513941598@lid,Oxy Welding,2026-04-13T19:47:04.000Z,124176513941598,false,chat,For which product,For which product,,true
mcp_whatsapp_number_2_true_124176513941598_lid_ac0dc61dd9117bcf21ee5a16a7d05828,true_124176513941598@lid_AC0DC61DD9117BCF21EE5A16A7D05828,Oxy Welding,whatsapp-number-2,124176513941598@lid,Oxy Welding,2026-04-13T19:47:11.000Z,+923099351940,true,chat,"Ah, ok got you","Ah, ok got you",,true
mcp_whatsapp_number_2_true_124176513941598_lid_acf2e8e1afc91f413f1606306b252bde,true_124176513941598@lid_ACF2E8E1AFC91F413F1606306B252BDE,Oxy Welding,whatsapp-number-2,124176513941598@lid,Oxy Welding,2026-04-13T19:47:32.000Z,+923099351940,true,chat,And will provide ntn and company details also on email,And will provide ntn and company details also on email,,true
mcp_whatsapp_number_2_false_124176513941598_lid_acd10a963d1b0d7363147f304f5bb601,false_124176513941598@lid_ACD10A963D1B0D7363147F304F5BB601,Oxy Welding,whatsapp-number-2,124176513941598@lid,Oxy Welding,2026-04-13T19:48:33.000Z,124176513941598,false,chat,Yes,Yes,,true
mcp_whatsapp_number_2_true_124176513941598_lid_ac04f6057f5c09417d8af4234e9f558a,true_124176513941598@lid_AC04F6057F5C09417D8AF4234E9F558A,Oxy Welding,whatsapp-number-2,124176513941598@lid,Oxy Welding,2026-04-13T19:51:36.000Z,+923099351940,true,chat,Done. Let me know if its ok,Done. Let me know if its ok,,true
mcp_whatsapp_number_2_true_124176513941598_lid_ac3f303ede162d53fcdd417ca6131b91,true_124176513941598@lid_AC3F303EDE162D53FCDD417CA6131B91,Oxy Welding,whatsapp-number-2,124176513941598@lid,Oxy Welding,2026-04-13T19:52:43.000Z,+923099351940,true,chat,"I think i can get away with that one with the tax man ;)  we do make data centers etc, not just restore old J40s","I think i can get away with that one with the tax man ;) we do make data centers etc, not just restore old J40s",,true
mcp_whatsapp_number_2_true_124176513941598_lid_ac23d00081d6a1eb16bac14b9e65295d,true_124176513941598@lid_AC23D00081D6A1EB16BAC14B9E65295D,Oxy Welding,whatsapp-number-2,124176513941598@lid,Oxy Welding,2026-04-13T19:54:35.000Z,+923099351940,true,chat,Wow. Its actually is 18%,Wow. Its actually is 18%,,true
mcp_whatsapp_number_2_false_124176513941598_lid_ac585d3b71f05ba519e58db01eef06d9,false_124176513941598@lid_AC585D3B71F05BA519E58DB01EEF06D9,Oxy Welding,whatsapp-number-2,124176513941598@lid,Oxy Welding,2026-04-13T19:55:36.000Z,124176513941598,false,chat,Yes but some vintages can't be get again by data centres,Yes but some vintages can't be get again by data centres,,true
mcp_whatsapp_number_2_false_124176513941598_lid_ac781045b8ef9241a1b2d7d64906e5c2,false_124176513941598@lid_AC781045B8EF9241A1B2D7D64906E5C2,Oxy Welding,whatsapp-number-2,124176513941598@lid,Oxy Welding,2026-04-13T19:55:53.000Z,124176513941598,false,chat,The money you burn bring a loads of memo,The money you burn bring a loads of memo,,true
mcp_whatsapp_number_2_true_124176513941598_lid_ac50a45cbb683fbfb381b27056a64293,true_124176513941598@lid_AC50A45CBB683FBFB381B27056A64293,Oxy Welding,whatsapp-number-2,124176513941598@lid,Oxy Welding,2026-04-13T19:55:55.000Z,+923099351940,true,chat,Mostly we do services at 16%,Mostly we do services at 16%,,true
mcp_whatsapp_number_2_false_124176513941598_lid_acd1c33cba28492eb344e593fa6be12a,false_124176513941598@lid_ACD1C33CBA28492EB344E593FA6BE12A,Oxy Welding,whatsapp-number-2,124176513941598@lid,Oxy Welding,2026-04-13T19:55:57.000Z,124176513941598,false,chat,Memories *,Memories *,,true
mcp_whatsapp_number_2_false_124176513941598_lid_acd5ed909f98585b7b6ffb4404140231,false_124176513941598@lid_ACD5ED909F98585B7B6FFB4404140231,Oxy Welding,whatsapp-number-2,124176513941598@lid,Oxy Welding,2026-04-13T19:56:23.000Z,124176513941598,false,chat,"It is service tax
18% is GST ( Good sales tax )",It is service tax 18% is GST ( Good sales tax ),,true
mcp_whatsapp_number_2_true_124176513941598_lid_ac0a5052602e7e3ecd85a05f64928392,true_124176513941598@lid_AC0A5052602E7E3ECD85A05F64928392,Oxy Welding,whatsapp-number-2,124176513941598@lid,Oxy Welding,2026-04-13T19:56:45.000Z,+923099351940,true,image,Fine. New company car,Fine. New company car,,true
mcp_whatsapp_number_2_false_124176513941598_lid_ac0d19c608a5a852b75483ebc3a93e3c,false_124176513941598@lid_AC0D19C608A5A852B75483EBC3A93E3C,Oxy Welding,whatsapp-number-2,124176513941598@lid,Oxy Welding,2026-04-13T19:57:31.000Z,124176513941598,false,chat,Great,Great,,true
mcp_whatsapp_number_2_false_124176513941598_lid_3eb084a2ff427c101ac532,false_124176513941598@lid_3EB084A2FF427C101AC532,Oxy Welding,whatsapp-number-2,124176513941598@lid,Oxy Welding,2026-04-17T06:23:06.000Z,124176513941598,false,chat,"Hello Mr David, please share following detials

Your Name on Bank Account:
NTN #:
STN #:","Hello Mr David, please share following detials Your Name on Bank Account: NTN #: STN #:",,true
mcp_whatsapp_number_2_false_124176513941598_lid_3eb0c2acb8a27e02684a84,false_124176513941598@lid_3EB0C2ACB8A27E02684A84,Oxy Welding,whatsapp-number-2,124176513941598@lid,Oxy Welding,2026-04-17T06:23:22.000Z,124176513941598,false,chat,We would have to return the amount on the above information,We would have to return the amount on the above information,,true
mcp_whatsapp_number_2_true_124176513941598_lid_ac9118965c0c19a88fd0ec725fa70b7b,true_124176513941598@lid_AC9118965C0C19A88FD0EC725FA70B7B,Oxy Welding,whatsapp-number-2,124176513941598@lid,Oxy Welding,2026-04-17T06:25:03.000Z,+923099351940,true,chat,Hi. I didnt recieve any cylinder. We were supposed to swap to ar/co2,Hi. I didnt recieve any cylinder. We were supposed to swap to ar/co2,,true
mcp_whatsapp_number_2_false_124176513941598_lid_3eb052319d34a58ed0077f,false_124176513941598@lid_3EB052319D34A58ED0077F,Oxy Welding,whatsapp-number-2,124176513941598@lid,Oxy Welding,2026-04-17T06:30:41.000Z,124176513941598,false,chat,"I told you to first withdraw with argon cylinder, let be that clear from the system","I told you to first withdraw with argon cylinder, let be that clear from the system",,true
mcp_whatsapp_number_2_false_124176513941598_lid_3eb08deac9d3638177133a,false_124176513941598@lid_3EB08DEAC9D3638177133A,Oxy Welding,whatsapp-number-2,124176513941598@lid,Oxy Welding,2026-04-17T06:31:04.000Z,124176513941598,false,chat,And then you can order Ar/CO2 separately,And then you can order Ar/CO2 separately,order,true
mcp_whatsapp_number_2_true_124176513941598_lid_ac3e7e2f7366accd1354ed69fe26d1d0,true_124176513941598@lid_AC3E7E2F7366ACCD1354ED69FE26D1D0,Oxy Welding,whatsapp-number-2,124176513941598@lid,Oxy Welding,2026-04-17T06:31:26.000Z,+923099351940,true,chat,Can you not just adjust it?,Can you not just adjust it?,,true
mcp_whatsapp_number_2_false_124176513941598_lid_3eb0732cf86713260f9a64,false_124176513941598@lid_3EB0732CF86713260F9A64,Oxy Welding,whatsapp-number-2,124176513941598@lid,Oxy Welding,2026-04-17T06:32:31.000Z,124176513941598,false,chat,"It will have a higher price
Product Price + Cylinder Price
Around Rs 75K",It will have a higher price Product Price + Cylinder Price Around Rs 75K,,true
mcp_whatsapp_number_2_false_124176513941598_lid_3eb07ae5a0de137e116a54,false_124176513941598@lid_3EB07AE5A0DE137E116A54,Oxy Welding,whatsapp-number-2,124176513941598@lid,Oxy Welding,2026-04-17T06:33:13.000Z,124176513941598,false,chat,"Current Price for Argon is Rs 33K
Balance Rs 42K",Current Price for Argon is Rs 33K Balance Rs 42K,,true
mcp_whatsapp_number_2_true_124176513941598_lid_ac26734b36b4c676e16f7bb89c6786e4,true_124176513941598@lid_AC26734B36B4C676E16F7BB89C6786E4,Oxy Welding,whatsapp-number-2,124176513941598@lid,Oxy Welding,2026-04-17T06:33:31.000Z,+923099351940,true,chat,Ok. So then can i just send that?,Ok. So then can i just send that?,,true
mcp_whatsapp_number_2_true_124176513941598_lid_ac2d57fab2f855962fbd4169c96be23c,true_124176513941598@lid_AC2D57FAB2F855962FBD4169C96BE23C,Oxy Welding,whatsapp-number-2,124176513941598@lid,Oxy Welding,2026-04-17T06:33:40.000Z,+923099351940,true,chat,And make the order,And make the order,order,true
mcp_whatsapp_number_2_true_62917110190266_lid_ac11c33c774d2a09776494ae9aacf74f,true_62917110190266@lid_AC11C33C774D2A09776494AE9AACF74F,Akbar Khan,whatsapp-number-2,62917110190266@lid,Akbar Khan,2026-04-17T10:11:16.000Z,+923099351940,true,chat,My friends vw,My friends vw,,true
mcp_whatsapp_number_2_true_62917110190266_lid_ac17b871f113c176067c0e59f5e83a0a,true_62917110190266@lid_AC17B871F113C176067C0E59F5E83A0A,Akbar Khan,whatsapp-number-2,62917110190266@lid,Akbar Khan,2026-04-17T10:11:16.000Z,+923099351940,true,image,,,,true
mcp_whatsapp_number_2_true_62917110190266_lid_ac7ac5067704b0e66cb492c101d30c37,true_62917110190266@lid_AC7AC5067704B0E66CB492C101D30C37,Akbar Khan,whatsapp-number-2,62917110190266@lid,Akbar Khan,2026-04-17T10:11:16.000Z,+923099351940,true,image,,,,true
mcp_whatsapp_number_2_true_62917110190266_lid_ac9b7edd31fd508d0217b587a0664fb9,true_62917110190266@lid_AC9B7EDD31FD508D0217B587A0664FB9,Akbar Khan,whatsapp-number-2,62917110190266@lid,Akbar Khan,2026-04-17T10:11:16.000Z,+923099351940,true,image,,,,true
mcp_whatsapp_number_2_true_62917110190266_lid_acab4d7ef1d061eadfb9819871fdd78e,true_62917110190266@lid_ACAB4D7EF1D061EADFB9819871FDD78E,Akbar Khan,whatsapp-number-2,62917110190266@lid,Akbar Khan,2026-04-17T10:11:16.000Z,+923099351940,true,image,,,,true
mcp_whatsapp_number_2_true_62917110190266_lid_ace5b8358989e31477a91211bd86f13f,true_62917110190266@lid_ACE5B8358989E31477A91211BD86F13F,Akbar Khan,whatsapp-number-2,62917110190266@lid,Akbar Khan,2026-04-17T10:11:16.000Z,+923099351940,true,image,,,,true
mcp_whatsapp_number_2_true_62917110190266_lid_acfdcd95700afb4d842f34385fe1fccb,true_62917110190266@lid_ACFDCD95700AFB4D842F34385FE1FCCB,Akbar Khan,whatsapp-number-2,62917110190266@lid,Akbar Khan,2026-04-17T10:11:16.000Z,+923099351940,true,image,,,,true
mcp_whatsapp_number_2_true_62917110190266_lid_ac93877ecfbce2b857238e600a3d159b,true_62917110190266@lid_AC93877ECFBCE2B857238E600A3D159B,Akbar Khan,whatsapp-number-2,62917110190266@lid,Akbar Khan,2026-04-17T10:11:35.000Z,+923099351940,true,chat,Thats the back end of a sciroco,Thats the back end of a sciroco,,true
mcp_whatsapp_number_2_false_124176513941598_lid_3eb05687ff4ece76c754b2,false_124176513941598@lid_3EB05687FF4ECE76C754B2,Oxy Welding,whatsapp-number-2,124176513941598@lid,Oxy Welding,2026-04-17T10:39:09.000Z,124176513941598,false,chat,Yes you will have to sent the remaining amount only,Yes you will have to sent the remaining amount only,,true
mcp_whatsapp_number_2_true_124176513941598_lid_accb316e62d97b44b25ce8248bcf1fb2,true_124176513941598@lid_ACCB316E62D97B44B25CE8248BCF1FB2,Oxy Welding,whatsapp-number-2,124176513941598@lid,Oxy Welding,2026-04-17T10:53:05.000Z,+923099351940,true,chat,Ok thanks. Please send me the iban,Ok thanks. Please send me the iban,,true
mcp_whatsapp_number_2_false_124176513941598_lid_3eb0ff2cc962a24fa56b11,false_124176513941598@lid_3EB0FF2CC962A24FA56B11,Oxy Welding,whatsapp-number-2,124176513941598@lid,Oxy Welding,2026-04-17T11:56:27.000Z,124176513941598,false,chat,"We do have a smaller cylinder worth Rs 36,000
If you go for this you have to only share Rs 3k extra","We do have a smaller cylinder worth Rs 36,000 If you go for this you have to only share Rs 3k extra",,true
mcp_whatsapp_number_2_true_124176513941598_lid_ac6ee2e370eccad1e6ad636a61258aeb,true_124176513941598@lid_AC6EE2E370ECCAD1E6AD636A61258AEB,Oxy Welding,whatsapp-number-2,124176513941598@lid,Oxy Welding,2026-04-17T11:58:51.000Z,+923099351940,true,chat,That would be best,That would be best,,true
mcp_whatsapp_number_2_true_124176513941598_lid_acc9403d0af830aae92b8020dddf17bb,true_124176513941598@lid_ACC9403D0AF830AAE92B8020DDDF17BB,Oxy Welding,whatsapp-number-2,124176513941598@lid,Oxy Welding,2026-04-17T11:59:44.000Z,+923099351940,true,chat,Let me know where to send the 3k,Let me know where to send the 3k,,true
mcp_whatsapp_number_2_false_124176513941598_lid_ace3ee1bcff367714eac0c13aa442ee2,false_124176513941598@lid_ACE3EE1BCFF367714EAC0C13AA442EE2,Oxy Welding,whatsapp-number-2,124176513941598@lid,Oxy Welding,2026-04-17T12:08:52.000Z,124176513941598,false,chat,Alright I'll share you details shortly,Alright I'll share you details shortly,,true
mcp_whatsapp_number_2_false_62917110190266_lid_ac36e844f8fac104b99266857723d501,false_62917110190266@lid_AC36E844F8FAC104B99266857723D501,Akbar Khan,whatsapp-number-2,62917110190266@lid,Akbar Khan,2026-04-17T12:20:21.000Z,923334552030,false,chat,Hahahha nice one,Hahahha nice one,,true
mcp_whatsapp_number_2_true_162822445105367_lid_acf14ce61a3202705e3b9c84f324ee27,true_162822445105367@lid_ACF14CE61A3202705E3B9C84F324EE27,Walton Bodyshop,whatsapp-number-2,162822445105367@lid,Walton Bodyshop,2026-04-17T18:42:33.000Z,+923099351940,true,chat,"Hi. Thanks for a great job on the corolla.  Do you guys have these parts?
52201-90300 body mount cushion No.1 upper
•
52202-90300 body mount cushion No.1 lower
•
52203-90300 body mount cushion No.2 upper
•
52204-90300 body mount cushion No.2 lower
•
52205-90300 body mount cushion No.4 upper
•
52208-90300 body mount cushion No.3 upper
•
52231-90300 body mount spacer
•
52032-90300 cowl body mounting shim sub-assy


Are the OEM parts expensive and is there a decent local equivalent?",Hi. Thanks for a great job on the corolla. Do you guys have these parts? 52201-90300 body mount cushion No.1 upper • 52202-90300 body mount cushion No.1 lower • 52203-90300 body mount cushion No.2 upper • 52204-90300 body mount cushion No.2 lower • 52205-90300 body mount cushion No.4 upper • 52208-90300 body mount cushion No.3 upper • 52231-90300 body mount spacer • 52032-90300 cowl body mounting shim sub-assy Are the OEM parts expensive and is there a decent local equivalent?,body,true
mcp_whatsapp_number_2_false_162822445105367_lid_acd1d500a98073f40b5e276af4103b36,false_162822445105367@lid_ACD1D500A98073F40B5E276AF4103B36,Walton Bodyshop,whatsapp-number-2,162822445105367@lid,Walton Bodyshop,2026-04-17T18:44:33.000Z,162822445105367,false,chat,Tomorrow I will send it to the parts department for further information,Tomorrow I will send it to the parts department for further information,,true
mcp_whatsapp_number_2_true_162822445105367_lid_acfda200255548451d40c3127bbed76c,true_162822445105367@lid_ACFDA200255548451D40C3127BBED76C,Walton Bodyshop,whatsapp-number-2,162822445105367@lid,Walton Bodyshop,2026-04-17T19:20:19.000Z,+923099351940,true,chat,Thanks!,Thanks!,,true
mcp_whatsapp_number_2_true_162822445105367_lid_ac57aa08998c7345a2ddbeaf59b2caab,true_162822445105367@lid_AC57AA08998C7345A2DDBEAF59B2CAAB,Walton Bodyshop,whatsapp-number-2,162822445105367@lid,Walton Bodyshop,2026-04-18T00:13:03.000Z,+923099351940,true,chat,"Please also ask them about:
Accessory belt set
Air filter element
Oil Filter
Fuel Filter
Clutch master/slave refresh kit",Please also ask them about: Accessory belt set Air filter element Oil Filter Fuel Filter Clutch master/slave refresh kit,filter|oil,true
mcp_whatsapp_number_2_true_62917110190266_lid_ac6a8ab597679ef3e03b034496c52fd0,true_62917110190266@lid_AC6A8AB597679EF3E03B034496C52FD0,Akbar Khan,whatsapp-number-2,62917110190266@lid,Akbar Khan,2026-04-19T14:25:51.000Z,+923099351940,true,image,Full up. Any idea when bilu can get the other to me?  Maybe on its own bike so i can remove this flipping fuel tank,Full up. Any idea when bilu can get the other to me? Maybe on its own bike so i can remove this flipping fuel tank,,true
mcp_whatsapp_number_2_true_62917110190266_lid_acccdaf892047f5b0786e6c17b7f97cc,true_62917110190266@lid_ACCCDAF892047F5B0786E6C17B7F97CC,Akbar Khan,whatsapp-number-2,62917110190266@lid,Akbar Khan,2026-04-19T14:25:59.000Z,+923099351940,true,image,,,,true
mcp_whatsapp_number_2_false_62917110190266_lid_ac4cc83b85a3b9c9e8cf95ddc6b647c1,false_62917110190266@lid_AC4CC83B85A3B9C9E8CF95DDC6B647C1,Akbar Khan,whatsapp-number-2,62917110190266@lid,Akbar Khan,2026-04-19T14:26:33.000Z,923334552030,false,chat,Oh yes. I'll get on it tomorrow. Also been talking to the other two. Will fill u in for ur inputs.,Oh yes. I'll get on it tomorrow. Also been talking to the other two. Will fill u in for ur inputs.,,true
mcp_whatsapp_number_2_false_62917110190266_lid_acf2ab1acaeafc959fed734e9a5b2d42,false_62917110190266@lid_ACF2AB1ACAEAFC959FED734E9A5B2D42,Akbar Khan,whatsapp-number-2,62917110190266@lid,Akbar Khan,2026-04-19T14:26:37.000Z,923334552030,false,chat,How many liters left ?,How many liters left ?,,true
mcp_whatsapp_number_2_true_62917110190266_lid_ac320190bf38e25f9a321bfd97d0bdba,true_62917110190266@lid_AC320190BF38E25F9A321BFD97D0BDBA,Akbar Khan,whatsapp-number-2,62917110190266@lid,Akbar Khan,2026-04-19T14:27:12.000Z,+923099351940,true,chat,That other can will do i i think fine. Bit to much to be filling nestle bottles,That other can will do i i think fine. Bit to much to be filling nestle bottles,,true
mcp_whatsapp_number_2_false_62917110190266_lid_ac47246002b0fedcf3f42582d0066821,false_62917110190266@lid_AC47246002B0FEDCF3F42582D0066821,Akbar Khan,whatsapp-number-2,62917110190266@lid,Akbar Khan,2026-04-19T14:27:18.000Z,923334552030,false,chat,Any rust or anything in the tank btw ?,Any rust or anything in the tank btw ?,rust,true
mcp_whatsapp_number_2_true_62917110190266_lid_ac29607f9eb4bfa000675793cde77149,true_62917110190266@lid_AC29607F9EB4BFA000675793CDE77149,Akbar Khan,whatsapp-number-2,62917110190266@lid,Akbar Khan,2026-04-19T14:27:36.000Z,+923099351940,true,image,Leaky,Leaky,,true
mcp_whatsapp_number_2_true_62917110190266_lid_acd96abcf2ed71205a0765dab934fda4,true_62917110190266@lid_ACD96ABCF2ED71205A0765DAB934FDA4,Akbar Khan,whatsapp-number-2,62917110190266@lid,Akbar Khan,2026-04-19T14:27:46.000Z,+923099351940,true,chat,But i think thats the drain bolt,But i think thats the drain bolt,,true
mcp_whatsapp_number_2_false_62917110190266_lid_ac8570ac84bb97fc064cc44dd045e9e1,false_62917110190266@lid_AC8570AC84BB97FC064CC44DD045E9E1,Akbar Khan,whatsapp-number-2,62917110190266@lid,Akbar Khan,2026-04-19T14:27:48.000Z,923334552030,false,chat,Lol yeah. I can probably offload that for u. U should keep atleast a few liters. Great for cleaning parts,Lol yeah. I can probably offload that for u. U should keep atleast a few liters. Great for cleaning parts,,true
mcp_whatsapp_number_2_true_62917110190266_lid_ac952e5f170316db71750f2b5dbc04f4,true_62917110190266@lid_AC952E5F170316DB71750F2B5DBC04F4,Akbar Khan,whatsapp-number-2,62917110190266@lid,Akbar Khan,2026-04-19T14:28:07.000Z,+923099351940,true,chat,Not throwing it away!,Not throwing it away!,,true
mcp_whatsapp_number_2_false_62917110190266_lid_acf2e0197758210179822f9c962603c0,false_62917110190266@lid_ACF2E0197758210179822F9C962603C0,Akbar Khan,whatsapp-number-2,62917110190266@lid,Akbar Khan,2026-04-19T14:28:11.000Z,923334552030,false,chat,Okay so fuel tanks is potentially another guy. Let me discuss,Okay so fuel tanks is potentially another guy. Let me discuss,,true
mcp_whatsapp_number_2_true_62917110190266_lid_ac6fac8af47c8cab2d6bf4479ef208f4,true_62917110190266@lid_AC6FAC8AF47C8CAB2D6BF4479EF208F4,Akbar Khan,whatsapp-number-2,62917110190266@lid,Akbar Khan,2026-04-19T14:28:23.000Z,+923099351940,true,chat,No. I will weld any issues,No. I will weld any issues,weld,true
mcp_whatsapp_number_2_false_62917110190266_lid_acb76b7b14d90332f04a051180dbc1e3,false_62917110190266@lid_ACB76B7B14D90332F04A051180DBC1E3,Akbar Khan,whatsapp-number-2,62917110190266@lid,Akbar Khan,2026-04-19T14:28:27.000Z,923334552030,false,chat,Yeah so I have some big nestle bottles. Use them,Yeah so I have some big nestle bottles. Use them,,true
mcp_whatsapp_number_2_true_62917110190266_lid_acdc8e77ffe4afe4c9fa7f331cfa2051,true_62917110190266@lid_ACDC8E77FFE4AFE4C9FA7F331CFA2051,Akbar Khan,whatsapp-number-2,62917110190266@lid,Akbar Khan,2026-04-19T14:28:31.000Z,+923099351940,true,chat,Its basically sound,Its basically sound,,true
mcp_whatsapp_number_2_true_62917110190266_lid_acdaff8cb2a13b953da54de41d448c18,true_62917110190266@lid_ACDAFF8CB2A13B953DA54DE41D448C18,Akbar Khan,whatsapp-number-2,62917110190266@lid,Akbar Khan,2026-04-19T14:28:45.000Z,+923099351940,true,chat,You have one now?,You have one now?,,true
mcp_whatsapp_number_2_false_62917110190266_lid_ac9bd846c420e3d8a0f319add0c328e1,false_62917110190266@lid_AC9BD846C420E3D8A0F319ADD0C328E1,Akbar Khan,whatsapp-number-2,62917110190266@lid,Akbar Khan,2026-04-19T14:28:48.000Z,923334552030,false,chat,Yeah should be. I didn't smell anything significant,Yeah should be. I didn't smell anything significant,,true
mcp_whatsapp_number_2_false_62917110190266_lid_ac706c2fb5342e11c8ff91c81f44ec9b,false_62917110190266@lid_AC706C2FB5342E11C8FF91C81F44EC9B,Akbar Khan,whatsapp-number-2,62917110190266@lid,Akbar Khan,2026-04-19T14:28:59.000Z,923334552030,false,chat,Let me ask fiaz. I'm with nadia . Give me a short bit,Let me ask fiaz. I'm with nadia . Give me a short bit,,true
mcp_whatsapp_number_2_true_62917110190266_lid_ac8065603330d9719c69ce1b9539897a,true_62917110190266@lid_AC8065603330D9719C69CE1B9539897A,Akbar Khan,whatsapp-number-2,62917110190266@lid,Akbar Khan,2026-04-19T14:29:23.000Z,+923099351940,true,chat,Oh sure sorry. I can also get from the club,Oh sure sorry. I can also get from the club,,true
mcp_whatsapp_number_2_true_62917110190266_lid_ac25efa8b04e0bc18d088e728b132c2c,true_62917110190266@lid_AC25EFA8B04E0BC18D088E728B132C2C,Akbar Khan,whatsapp-number-2,62917110190266@lid,Akbar Khan,2026-04-19T14:29:38.000Z,+923099351940,true,chat,In fact let me check our house,In fact let me check our house,,true
mcp_whatsapp_number_2_false_62917110190266_lid_ac3295066be1c47f76db7939d98b894b,false_62917110190266@lid_AC3295066BE1C47F76DB7939D98B894B,Akbar Khan,whatsapp-number-2,62917110190266@lid,Akbar Khan,2026-04-19T14:30:18.000Z,923334552030,false,chat,No no.  No worries. I've also messaged fiaz. Ideally find one with the cap on it for obvious reasons,No no. No worries. I've also messaged fiaz. Ideally find one with the cap on it for obvious reasons,,true
mcp_whatsapp_number_2_true_62917110190266_lid_ac08a7d1523f5003f63984d99bdb4441,true_62917110190266@lid_AC08A7D1523F5003F63984D99BDB4441,Akbar Khan,whatsapp-number-2,62917110190266@lid,Akbar Khan,2026-04-19T14:31:57.000Z,+923099351940,true,chat,I would say 1/2 of the tank i have again required,I would say 1/2 of the tank i have again required,,true
mcp_whatsapp_number_2_true_62917110190266_lid_ac082a273b50b14ee2acf872ac2f4752,true_62917110190266@lid_AC082A273B50B14EE2ACF872AC2F4752,Akbar Khan,whatsapp-number-2,62917110190266@lid,Akbar Khan,2026-04-19T14:32:13.000Z,+923099351940,true,chat,Let me know what fiaz says,Let me know what fiaz says,,true
mcp_whatsapp_number_2_false_62917110190266_lid_ac3d2d45671e724502f985c281e95347,false_62917110190266@lid_AC3D2D45671E724502F985C281E95347,Akbar Khan,whatsapp-number-2,62917110190266@lid,Akbar Khan,2026-04-19T14:32:16.000Z,923334552030,false,chat,That's two nestle bottles,That's two nestle bottles,,true
mcp_whatsapp_number_2_false_62917110190266_lid_acf347159150431d447f4d1c24d66567,false_62917110190266@lid_ACF347159150431D447F4D1C24D66567,Akbar Khan,whatsapp-number-2,62917110190266@lid,Akbar Khan,2026-04-19T14:32:19.000Z,923334552030,false,chat,I'll just revert,I'll just revert,,true
mcp_whatsapp_number_2_true_62917110190266_lid_ac0b05d5db56982621ca3482f4c766db,true_62917110190266@lid_AC0B05D5DB56982621CA3482F4C766DB,Akbar Khan,whatsapp-number-2,62917110190266@lid,Akbar Khan,2026-04-19T14:32:20.000Z,+923099351940,true,chat,Otherwise club will have some,Otherwise club will have some,,true
mcp_whatsapp_number_2_true_62917110190266_lid_acb3adb180bdb64edad3ec5080aa034c,true_62917110190266@lid_ACB3ADB180BDB64EDAD3EC5080AA034C,Akbar Khan,whatsapp-number-2,62917110190266@lid,Akbar Khan,2026-04-19T14:32:34.000Z,+923099351940,true,chat,Big full nestle bottles,Big full nestle bottles,,true
mcp_whatsapp_number_2_false_62917110190266_lid_ac255cd6d9d0a912b64a6bb0f793b5d1,false_62917110190266@lid_AC255CD6D9D0A912B64A6BB0F793B5D1,Akbar Khan,whatsapp-number-2,62917110190266@lid,Akbar Khan,2026-04-19T14:32:50.000Z,923334552030,false,chat,Yes,Yes,,true
mcp_whatsapp_number_2_true_62917110190266_lid_ac59debd660f2036bd854a35159aea3f,true_62917110190266@lid_AC59DEBD660F2036BD854A35159AEA3F,Akbar Khan,whatsapp-number-2,62917110190266@lid,Akbar Khan,2026-04-19T14:33:37.000Z,+923099351940,true,image,Not the size inwas talking about but just got fiven this,Not the size inwas talking about but just got fiven this,,true
mcp_whatsapp_number_2_true_62917110190266_lid_acfb75e2ffbb1085761fb5543c1072f7,true_62917110190266@lid_ACFB75E2FFBB1085761FB5543C1072F7,Akbar Khan,whatsapp-number-2,62917110190266@lid,Akbar Khan,2026-04-19T14:34:35.000Z,+923099351940,true,chat,I'll fill the big one now considering the comvenience of it being in my hands,I'll fill the big one now considering the comvenience of it being in my hands,,true
mcp_whatsapp_number_2_false_62917110190266_lid_ac13298e2388eca6ed6a895a05fc1c6c,false_62917110190266@lid_AC13298E2388ECA6ED6A895A05FC1C6C,Akbar Khan,whatsapp-number-2,62917110190266@lid,Akbar Khan,2026-04-19T14:35:05.000Z,923334552030,false,chat,U want the big gallon ones,U want the big gallon ones,,true
mcp_whatsapp_number_2_false_62917110190266_lid_aca344c3fa90562d5b5151deca8679b4,false_62917110190266@lid_ACA344C3FA90562D5B5151DECA8679B4,Akbar Khan,whatsapp-number-2,62917110190266@lid,Akbar Khan,2026-04-19T14:35:33.000Z,923334552030,false,chat,Hold on I'd say. The house or club. Do it once so it right. These little bottles are a pain,Hold on I'd say. The house or club. Do it once so it right. These little bottles are a pain,,true
mcp_whatsapp_number_2_true_62917110190266_lid_ac95b4dc843ce5fb3f49b56773f426c7,true_62917110190266@lid_AC95B4DC843CE5FB3F49B56773F426C7,Akbar Khan,whatsapp-number-2,62917110190266@lid,Akbar Khan,2026-04-19T14:37:43.000Z,+923099351940,true,image,Almot here now,Almot here now,,true
mcp_whatsapp_number_2_true_62917110190266_lid_ac12f8471095837f97978aef9378997b,true_62917110190266@lid_AC12F8471095837F97978AEF9378997B,Akbar Khan,whatsapp-number-2,62917110190266@lid,Akbar Khan,2026-04-19T14:38:38.000Z,+923099351940,true,chat,1 more that size i think it will be done,1 more that size i think it will be done,,true
mcp_whatsapp_number_2_true_62917110190266_lid_aceac0b7d00db45e0d0460170aad3464,true_62917110190266@lid_ACEAC0B7D00DB45E0D0460170AAD3464,Akbar Khan,whatsapp-number-2,62917110190266@lid,Akbar Khan,2026-04-19T14:38:53.000Z,+923099351940,true,chat,Can transfer from there to the proper jerry can when delivered,Can transfer from there to the proper jerry can when delivered,,true
mcp_whatsapp_number_2_true_62917110190266_lid_ac7096a5ad5d1c261628324843052342,true_62917110190266@lid_AC7096A5AD5D1C261628324843052342,Akbar Khan,whatsapp-number-2,62917110190266@lid,Akbar Khan,2026-04-19T14:39:39.000Z,+923099351940,true,chat,"I have no funnel, so the smaller size most of it will just add to the existing splliage on th floor","I have no funnel, so the smaller size most of it will just add to the existing splliage on th floor",floor,true
mcp_whatsapp_number_2_false_62917110190266_lid_acd025096f1f3916a10c2c6a4bdba206,false_62917110190266@lid_ACD025096F1F3916A10C2C6A4BDBA206,Akbar Khan,whatsapp-number-2,62917110190266@lid,Akbar Khan,2026-04-19T14:40:26.000Z,923334552030,false,chat,I have an extra ac pipe. Flexible. Tape it to half a bottle. U know the drill,I have an extra ac pipe. Flexible. Tape it to half a bottle. U know the drill,ac,true
mcp_whatsapp_number_2_false_62917110190266_lid_acade451ff7c5f13ec5d790411e31812,false_62917110190266@lid_ACADE451FF7C5F13EC5D790411E31812,Akbar Khan,whatsapp-number-2,62917110190266@lid,Akbar Khan,2026-04-19T14:40:57.000Z,923334552030,false,chat,Let me just check on fiaz. If he can manage his current tasks let me send him across,Let me just check on fiaz. If he can manage his current tasks let me send him across,,true
mcp_whatsapp_number_2_true_62917110190266_lid_aca7edb213dff228b43e3570fa4afb06,true_62917110190266@lid_ACA7EDB213DFF228B43E3570FA4AFB06,Akbar Khan,whatsapp-number-2,62917110190266@lid,Akbar Khan,2026-04-19T14:42:12.000Z,+923099351940,true,chat,I can even order another couple of these medium size ones from foodpanda probably,I can even order another couple of these medium size ones from foodpanda probably,order,true
mcp_whatsapp_number_2_true_62917110190266_lid_ac6098505ad99efd517299961a05664e,true_62917110190266@lid_AC6098505AD99EFD517299961A05664E,Akbar Khan,whatsapp-number-2,62917110190266@lid,Akbar Khan,2026-04-19T14:42:40.000Z,+923099351940,true,chat,At least ask someone to chexk in the house please. I can collect,At least ask someone to chexk in the house please. I can collect,,true
mcp_whatsapp_number_2_false_62917110190266_lid_ac41417df7d4e3f2fde929df4723ec1f,false_62917110190266@lid_AC41417DF7D4E3F2FDE929DF4723EC1F,Akbar Khan,whatsapp-number-2,62917110190266@lid,Akbar Khan,2026-04-19T14:43:12.000Z,923334552030,false,chat,Sure. Just give me a short bit. He isn't picking. Taken dad's car for fueling and some bill last I heard,Sure. Just give me a short bit. He isn't picking. Taken dad's car for fueling and some bill last I heard,,true
mcp_whatsapp_number_2_true_62917110190266_lid_ac635881ff4414ef1e8e83b3ad4513aa,true_62917110190266@lid_AC635881FF4414EF1E8E83B3AD4513AA,Akbar Khan,whatsapp-number-2,62917110190266@lid,Akbar Khan,2026-04-19T14:44:30.000Z,+923099351940,true,image,Sure. I'll take a look at the few remaiming things for body off meanwhile. I'm just pouring sttaight from here,Sure. I'll take a look at the few remaiming things for body off meanwhile. I'm just pouring sttaight from here,body,true
mcp_whatsapp_number_2_true_62917110190266_lid_ac84b6d87674a3781179411a9b76998a,true_62917110190266@lid_AC84B6D87674A3781179411A9B76998A,Akbar Khan,whatsapp-number-2,62917110190266@lid,Akbar Khan,2026-04-19T14:47:31.000Z,+923099351940,true,chat,Send me his number,Send me his number,,true
mcp_whatsapp_number_2_false_62917110190266_lid_ac0b84e0f45ac3981b72cc02e0f72fba,false_62917110190266@lid_AC0B84E0F45AC3981B72CC02E0F72FBA,Akbar Khan,whatsapp-number-2,62917110190266@lid,Akbar Khan,2026-04-19T14:51:38.000Z,923334552030,false,vcard,"BEGIN:VCARD
VERSION:3.0
N:Primary;Fiaz;Househelp;;
FN:Fiaz Househelp Primary
TEL;type=Mobile;waid=923034925644:+92 303 4925644
X-WA-BIZ-NAME:Fiaz Househelp Primary
END:VCARD",BEGIN:VCARD VERSION:3.0 N:Primary;Fiaz;Househelp;; FN:Fiaz Househelp Primary TEL;type=Mobile;waid=923034925644:+92 303 4925644 X-WA-BIZ-NAME:Fiaz Househelp Primary END:VCARD,,true
mcp_whatsapp_number_2_false_62917110190266_lid_ac8934c9f0caac7d0a0011cb41a43574,false_62917110190266@lid_AC8934C9F0CAAC7D0A0011CB41A43574,Akbar Khan,whatsapp-number-2,62917110190266@lid,Akbar Khan,2026-04-19T14:51:51.000Z,923334552030,false,chat,Whatsapp is better. Yes call direct. I'm a bit tied up,Whatsapp is better. Yes call direct. I'm a bit tied up,,true
mcp_whatsapp_number_2_true_62917110190266_lid_acc0ac779c4fbfe7461c442b56bbbacc,true_62917110190266@lid_ACC0AC779C4FBFE7461C442B56BBBACC,Akbar Khan,whatsapp-number-2,62917110190266@lid,Akbar Khan,2026-04-19T14:53:38.000Z,+923099351940,true,chat,Thanks. Sorry to interrupt,Thanks. Sorry to interrupt,,true
mcp_whatsapp_number_2_false_62917110190266_lid_ace2a728f0a77dee1ff2cbda356cf5a4,false_62917110190266@lid_ACE2A728F0A77DEE1FF2CBDA356CF5A4,Akbar Khan,whatsapp-number-2,62917110190266@lid,Akbar Khan,2026-04-19T14:57:57.000Z,923334552030,false,chat,Don't worry about it bro. All for the better. I wouldn't respond if I was that stuck :),Don't worry about it bro. All for the better. I wouldn't respond if I was that stuck :),,true
mcp_whatsapp_number_2_true_62917110190266_lid_ac8b6fb82b3c4529d50bf5aee5d11905,true_62917110190266@lid_AC8B6FB82B3C4529D50BF5AEE5D11905,Akbar Khan,whatsapp-number-2,62917110190266@lid,Akbar Khan,2026-04-19T14:58:11.000Z,+923099351940,true,chat,Talked to him,Talked to him,,true
mcp_whatsapp_number_2_false_62917110190266_lid_acb52700ee9b87e3d36a7a335a036600,false_62917110190266@lid_ACB52700EE9B87E3D36A7A335A036600,Akbar Khan,whatsapp-number-2,62917110190266@lid,Akbar Khan,2026-04-19T14:58:17.000Z,923334552030,false,chat,Just packing her stuff with her. Seems we might have our marriage back. A chat for another time,Just packing her stuff with her. Seems we might have our marriage back. A chat for another time,,true
mcp_whatsapp_number_2_true_62917110190266_lid_acfad1ab4e18e33311129dc5a06c3665,true_62917110190266@lid_ACFAD1AB4E18E33311129DC5A06C3665,Akbar Khan,whatsapp-number-2,62917110190266@lid,Akbar Khan,2026-04-19T14:58:17.000Z,+923099351940,true,chat,Thanks,Thanks,,true
mcp_whatsapp_number_2_true_62917110190266_lid_ace4d8b8049ded892bd199b3375d190c,true_62917110190266@lid_ACE4D8B8049DED892BD199B3375D190C,Akbar Khan,whatsapp-number-2,62917110190266@lid,Akbar Khan,2026-04-19T14:58:29.000Z,+923099351940,true,chat,Yes. Lets have that chat,Yes. Lets have that chat,,true
mcp_whatsapp_number_2_false_62917110190266_lid_ac1aa6ba0ac2086e2714a22e0061ea27,false_62917110190266@lid_AC1AA6BA0AC2086E2714A22E0061EA27,Akbar Khan,whatsapp-number-2,62917110190266@lid,Akbar Khan,2026-04-19T14:58:30.000Z,923334552030,false,chat,She's been sober for 3 + weeks and committed,She's been sober for 3 + weeks and committed,,true
mcp_whatsapp_number_2_true_62917110190266_lid_ac5f29c48ef6990bfaf49159c8773853,true_62917110190266@lid_AC5F29C48EF6990BFAF49159C8773853,Akbar Khan,whatsapp-number-2,62917110190266@lid,Akbar Khan,2026-04-19T14:58:49.000Z,+923099351940,true,chat,Anytime. Lets havs that chat,Anytime. Lets havs that chat,,true
mcp_whatsapp_number_2_true_62917110190266_lid_ac073eaa7440567a751903af7fef9633,true_62917110190266@lid_AC073EAA7440567A751903AF7FEF9633,Akbar Khan,whatsapp-number-2,62917110190266@lid,Akbar Khan,2026-04-19T17:31:48.000Z,+923099351940,true,image,I'm tidying up parts. This is just a reminder of all these bits ans pices for Bily,I'm tidying up parts. This is just a reminder of all these bits ans pices for Bily,,true
mcp_whatsapp_number_2_true_62917110190266_lid_ac1e740694e8d387f667e52456b0f0bb,true_62917110190266@lid_AC1E740694E8D387F667E52456B0F0BB,Akbar Khan,whatsapp-number-2,62917110190266@lid,Akbar Khan,2026-04-19T17:37:21.000Z,+923099351940,true,image,"When chatGPT was telling me to order new bolts in the hundreds i was doubtful, but so far this is the accumulated pils","When chatGPT was telling me to order new bolts in the hundreds i was doubtful, but so far this is the accumulated pils",order,true
mcp_whatsapp_number_2_true_62917110190266_lid_ac0146cd4408366cb295c871d2eccdf0,true_62917110190266@lid_AC0146CD4408366CB295C871D2ECCDF0,Akbar Khan,whatsapp-number-2,62917110190266@lid,Akbar Khan,2026-04-19T19:51:37.000Z,+923099351940,true,image,"Fucks sake. Food panda ordered 10L, probably about 2L on the floor and still not empty. Off the car though","Fucks sake. Food panda ordered 10L, probably about 2L on the floor and still not empty. Off the car though",floor,true
mcp_whatsapp_number_2_true_62917110190266_lid_ac915c8658b2b1807836c347959aa76c,true_62917110190266@lid_AC915C8658B2B1807836C347959AA76C,Akbar Khan,whatsapp-number-2,62917110190266@lid,Akbar Khan,2026-04-19T19:51:44.000Z,+923099351940,true,image,,,,true
mcp_whatsapp_number_2_true_62917110190266_lid_ac5e04bfd58ffe57a07e3a018ef49811,true_62917110190266@lid_AC5E04BFD58FFE57A07E3A018EF49811,Akbar Khan,whatsapp-number-2,62917110190266@lid,Akbar Khan,2026-04-19T19:52:02.000Z,+923099351940,true,image,Flying without wings,Flying without wings,,true
mcp_whatsapp_number_2_true_62917110190266_lid_ac4f02cd9d55995c6aec915cb1c4ef94,true_62917110190266@lid_AC4F02CD9D55995C6AEC915CB1C4EF94,Akbar Khan,whatsapp-number-2,62917110190266@lid,Akbar Khan,2026-04-19T19:52:41.000Z,+923099351940,true,image,,,,true
mcp_whatsapp_number_2_true_62917110190266_lid_acf7971c2e0e5c44246284ae2abaaef0,true_62917110190266@lid_ACF7971C2E0E5C44246284AE2ABAAEF0,Akbar Khan,whatsapp-number-2,62917110190266@lid,Akbar Khan,2026-04-19T21:55:28.000Z,+923099351940,true,image,,,,true
mcp_whatsapp_number_2_true_62917110190266_lid_acfcae9c4f4b2429014279ef3d6ba670,true_62917110190266@lid_ACFCAE9C4F4B2429014279EF3D6BA670,Akbar Khan,whatsapp-number-2,62917110190266@lid,Akbar Khan,2026-04-19T21:55:57.000Z,+923099351940,true,chat,Body ready to comd off as far as i can shake it one my own. Need 4 people minimum,Body ready to comd off as far as i can shake it one my own. Need 4 people minimum,body,true
mcp_whatsapp_number_2_false_120363408465558195_g_us_3b3f2ee331c1eac9b7e6_190950068514824_lid,false_120363408465558195@g.us_3B3F2EE331C1EAC9B7E6_190950068514824@lid,Fj40,whatsapp-number-2,120363408465558195@g.us,Fj40,2026-04-19T23:27:21.000Z,190950068514824,false,chat,"I want to reduce the complexity - rather than deal with real or not real OME suspension, I want to go with a local supplier, with suspension I know is new.  Do either if you know the ironman supplier in Karachi - or better if there is one in Lahore @232877656666113 @22192146358278","I want to reduce the complexity - rather than deal with real or not real OME suspension, I want to go with a local supplier, with suspension I know is new. Do either if you know the ironman supplier in Karachi - or better if there is one in Lahore @232877656666113 @22192146358278",ome|suspension,true
mcp_whatsapp_number_2_false_120363408465558195_g_us_3bebd06b1f9f1a22a244_190950068514824_lid,false_120363408465558195@g.us_3BEBD06B1F9F1A22A244_190950068514824@lid,Fj40,whatsapp-number-2,120363408465558195@g.us,Fj40,2026-04-19T23:28:04.000Z,190950068514824,false,chat,"Greasable Shackles

343LH

1

Greasable Pins

346

1

Greasable Shackles

343RH

1

Foam Cell Suspension Kit - Medium

TOY001BKF

1",Greasable Shackles 343LH 1 Greasable Pins 346 1 Greasable Shackles 343RH 1 Foam Cell Suspension Kit - Medium TOY001BKF 1,foam|suspension,true
mcp_whatsapp_number_2_false_120363408465558195_g_us_3bd2af326b235eae4b4c_190950068514824_lid,false_120363408465558195@g.us_3BD2AF326B235EAE4B4C_190950068514824@lid,Fj40,whatsapp-number-2,120363408465558195@g.us,Fj40,2026-04-19T23:32:20.000Z,190950068514824,false,chat,and is the best local choice?,and is the best local choice?,,true
mcp_whatsapp_number_2_false_120363408465558195_g_us_acfbcc480019cf675754f0e82af0162f_232877656666113_lid,false_120363408465558195@g.us_ACFBCC480019CF675754F0E82AF0162F_232877656666113@lid,Fj40,whatsapp-number-2,120363408465558195@g.us,Fj40,2026-04-19T23:32:44.000Z,232877656666113,false,chat,Just landed at Bangkok. Let me revert by tonight.,Just landed at Bangkok. Let me revert by tonight.,,true
mcp_whatsapp_number_2_false_120363408465558195_g_us_3be6bbfb8a2c9553697b_190950068514824_lid,false_120363408465558195@g.us_3BE6BBFB8A2C9553697B_190950068514824@lid,Fj40,whatsapp-number-2,120363408465558195@g.us,Fj40,2026-04-19T23:33:00.000Z,190950068514824,false,chat,nice,nice,,true
mcp_whatsapp_number_2_false_120363408465558195_g_us_acae150a217666a4d2f29d73bde24a6c_232877656666113_lid,false_120363408465558195@g.us_ACAE150A217666A4D2F29D73BDE24A6C_232877656666113@lid,Fj40,whatsapp-number-2,120363408465558195@g.us,Fj40,2026-04-19T23:33:05.000Z,232877656666113,false,chat,Till then best to leave me a voice note so that @22192146358278 and myself can determine what to do and plan accordingly.,Till then best to leave me a voice note so that @22192146358278 and myself can determine what to do and plan accordingly.,,true
mcp_whatsapp_number_2_false_120363408465558195_g_us_3bf956d75d0cff5bfc0f_190950068514824_lid,false_120363408465558195@g.us_3BF956D75D0CFF5BFC0F_190950068514824@lid,Fj40,whatsapp-number-2,120363408465558195@g.us,Fj40,2026-04-19T23:33:11.000Z,190950068514824,false,chat,"yeah, this is no emergency","yeah, this is no emergency",,true
mcp_whatsapp_number_2_false_120363408465558195_g_us_ac3a582cdced2368280a8186378505db_232877656666113_lid,false_120363408465558195@g.us_AC3A582CDCED2368280A8186378505DB_232877656666113@lid,Fj40,whatsapp-number-2,120363408465558195@g.us,Fj40,2026-04-19T23:33:17.000Z,232877656666113,false,chat,Indeed. 🕵🏼,Indeed. 🕵🏼,,true
mcp_whatsapp_number_2_false_120363408465558195_g_us_acf6b054fc4ef2e3f80d4b5840c51979_232877656666113_lid,false_120363408465558195@g.us_ACF6B054FC4EF2E3F80D4B5840C51979_232877656666113@lid,Fj40,whatsapp-number-2,120363408465558195@g.us,Fj40,2026-04-19T23:33:46.000Z,232877656666113,false,chat,No worries. My guys and suppliers are all there. So doesnt matter where I am. These things mostly work remotely over call and WhatsApp in any case.,No worries. My guys and suppliers are all there. So doesnt matter where I am. These things mostly work remotely over call and WhatsApp in any case.,,true
mcp_whatsapp_number_2_false_120363408465558195_g_us_3b54fab6ec00227544b2_190950068514824_lid,false_120363408465558195@g.us_3B54FAB6EC00227544B2_190950068514824@lid,Fj40,whatsapp-number-2,120363408465558195@g.us,Fj40,2026-04-19T23:34:05.000Z,190950068514824,false,chat,just need to gather 5 strong lads and the main body will be off,just need to gather 5 strong lads and the main body will be off,body,true
mcp_whatsapp_number_2_false_120363408465558195_g_us_accfe65a749a9546247747a10b2257f9_232877656666113_lid,false_120363408465558195@g.us_ACCFE65A749A9546247747A10B2257F9_232877656666113@lid,Fj40,whatsapp-number-2,120363408465558195@g.us,Fj40,2026-04-19T23:34:14.000Z,232877656666113,false,chat,So shouldn't be an issue. Plus I'll be more motivated here to figure out solutions for you and if we can source something from Thailand. We can do that too,So shouldn't be an issue. Plus I'll be more motivated here to figure out solutions for you and if we can source something from Thailand. We can do that too,,true
mcp_whatsapp_number_2_false_120363408465558195_g_us_3b0ee7637dcca9be1727_190950068514824_lid,false_120363408465558195@g.us_3B0EE7637DCCA9BE1727_190950068514824@lid,Fj40,whatsapp-number-2,120363408465558195@g.us,Fj40,2026-04-19T23:34:44.000Z,190950068514824,false,chat,"thats great,   Thanks","thats great, Thanks",,true
mcp_whatsapp_number_2_false_120363408465558195_g_us_ac1d42883a6b0a36af2331f1fd3d9653_232877656666113_lid,false_120363408465558195@g.us_AC1D42883A6B0A36AF2331F1FD3D9653_232877656666113@lid,Fj40,whatsapp-number-2,120363408465558195@g.us,Fj40,2026-04-19T23:35:19.000Z,232877656666113,false,chat,Got it. But you need parts to be procured. Correct?,Got it. But you need parts to be procured. Correct?,,true
mcp_whatsapp_number_2_false_120363408465558195_g_us_ac4aaa399e22f1a2fce7c4126b9d97a1_232877656666113_lid,false_120363408465558195@g.us_AC4AAA399E22F1A2FCE7C4126B9D97A1_232877656666113@lid,Fj40,whatsapp-number-2,120363408465558195@g.us,Fj40,2026-04-19T23:35:41.000Z,232877656666113,false,chat,Will figure out about 5 lads. Give me a day for that.,Will figure out about 5 lads. Give me a day for that.,,true
mcp_whatsapp_number_2_false_120363408465558195_g_us_3bae2148757f9a54320a_190950068514824_lid,false_120363408465558195@g.us_3BAE2148757F9A54320A_190950068514824@lid,Fj40,whatsapp-number-2,120363408465558195@g.us,Fj40,2026-04-19T23:35:50.000Z,190950068514824,false,chat,well yes.  The EPS I think is best from Bilal Ganj - trying to replace with a Vitz one,well yes. The EPS I think is best from Bilal Ganj - trying to replace with a Vitz one,,true
mcp_whatsapp_number_2_false_120363408465558195_g_us_3bc8448a9face1f5f2b5_190950068514824_lid,false_120363408465558195@g.us_3BC8448A9FACE1F5F2B5_190950068514824@lid,Fj40,whatsapp-number-2,120363408465558195@g.us,Fj40,2026-04-19T23:36:00.000Z,190950068514824,false,chat,full steering column,full steering column,steering,true
mcp_whatsapp_number_2_false_120363408465558195_g_us_3bbbcdfda2368f365fb5_190950068514824_lid,false_120363408465558195@g.us_3BBBCDFDA2368F365FB5_190950068514824@lid,Fj40,whatsapp-number-2,120363408465558195@g.us,Fj40,2026-04-19T23:36:33.000Z,190950068514824,false,chat,suspension - well we were joking about people smuggling them up their trouser leges,suspension - well we were joking about people smuggling them up their trouser leges,suspension,true
mcp_whatsapp_number_2_false_120363408465558195_g_us_3b2d03ecc4faf9cd189e_190950068514824_lid,false_120363408465558195@g.us_3B2D03ECC4FAF9CD189E_190950068514824@lid,Fj40,whatsapp-number-2,120363408465558195@g.us,Fj40,2026-04-19T23:37:04.000Z,190950068514824,false,chat,is that a nitro-charger up your trouser leg - no I am just pleased to see you,is that a nitro-charger up your trouser leg - no I am just pleased to see you,,true
mcp_whatsapp_number_2_false_120363408465558195_g_us_3b84cd9718628d4f0dc8_190950068514824_lid,false_120363408465558195@g.us_3B84CD9718628D4F0DC8_190950068514824@lid,Fj40,whatsapp-number-2,120363408465558195@g.us,Fj40,2026-04-19T23:37:43.000Z,190950068514824,false,chat,I’m actually keen now to get the suspension off the best local supplier,I’m actually keen now to get the suspension off the best local supplier,suspension,true
mcp_whatsapp_number_2_false_120363408465558195_g_us_3bda9348ab643134c833_190950068514824_lid,false_120363408465558195@g.us_3BDA9348AB643134C833_190950068514824@lid,Fj40,whatsapp-number-2,120363408465558195@g.us,Fj40,2026-04-19T23:38:13.000Z,190950068514824,false,chat,but will take advice,but will take advice,,true
mcp_whatsapp_number_2_false_120363408465558195_g_us_ac5db9d6de764dadd90815bb2959bf4a_232877656666113_lid,false_120363408465558195@g.us_AC5DB9D6DE764DADD90815BB2959BF4A_232877656666113@lid,Fj40,whatsapp-number-2,120363408465558195@g.us,Fj40,2026-04-19T23:39:11.000Z,232877656666113,false,chat,👍,👍,,true
mcp_whatsapp_number_2_false_120363408465558195_g_us_3bd68cc2d67782176121_190950068514824_lid,false_120363408465558195@g.us_3BD68CC2D67782176121_190950068514824@lid,Fj40,whatsapp-number-2,120363408465558195@g.us,Fj40,2026-04-19T23:39:22.000Z,190950068514824,false,chat,have a great trip,have a great trip,,true
mcp_whatsapp_number_2_false_120363408465558195_g_us_3b6fc207cf8b832d2ac1_190950068514824_lid,false_120363408465558195@g.us_3B6FC207CF8B832D2AC1_190950068514824@lid,Fj40,whatsapp-number-2,120363408465558195@g.us,Fj40,2026-04-19T23:41:07.000Z,190950068514824,false,chat,"dont’t worry, I can find 5 lads 🙂","dont’t worry, I can find 5 lads 🙂",,true
mcp_whatsapp_number_2_false_120363408465558195_g_us_3b73dcbac2eec6035e65_190950068514824_lid,false_120363408465558195@g.us_3B73DCBAC2EEC6035E65_190950068514824@lid,Fj40,whatsapp-number-2,120363408465558195@g.us,Fj40,2026-04-19T23:42:26.000Z,190950068514824,false,chat,"I bought into a full welding kit, and with it the commitment to learn welding, and fix up the body","I bought into a full welding kit, and with it the commitment to learn welding, and fix up the body",body|welding,true
mcp_whatsapp_number_2_false_120363408465558195_g_us_3b431d54826404e3f7fc_190950068514824_lid,false_120363408465558195@g.us_3B431D54826404E3F7FC_190950068514824@lid,Fj40,whatsapp-number-2,120363408465558195@g.us,Fj40,2026-04-20T02:27:14.000Z,190950068514824,false,chat,this is thw point by the way that Samar will realise she will no longer be able to park the corrolla inside.  Can we arrange 5 people during school pickup time?,this is thw point by the way that Samar will realise she will no longer be able to park the corrolla inside. Can we arrange 5 people during school pickup time?,,true
mcp_whatsapp_number_2_false_120363408465558195_g_us_3b55ad013ad346dd5337_190950068514824_lid,false_120363408465558195@g.us_3B55AD013AD346DD5337_190950068514824@lid,Fj40,whatsapp-number-2,120363408465558195@g.us,Fj40,2026-04-20T02:37:09.000Z,190950068514824,false,chat,"sort of just joking avout this.  we can do it any time and I can move the corolla outside.   I will bring Amir, Nabeel.   Need you and Fiaz","sort of just joking avout this. we can do it any time and I can move the corolla outside. I will bring Amir, Nabeel. Need you and Fiaz",,true
mcp_whatsapp_number_2_false_120363408465558195_g_us_3bc6d69189864c603b68_190950068514824_lid,false_120363408465558195@g.us_3BC6D69189864C603B68_190950068514824@lid,Fj40,whatsapp-number-2,120363408465558195@g.us,Fj40,2026-04-20T02:45:49.000Z,190950068514824,false,chat,@62917110190266,@62917110190266,,true
mcp_whatsapp_number_2_false_120363408465558195_g_us_a5220ca915f5484b17f9f854558e2423_22192146358278_lid,false_120363408465558195@g.us_A5220CA915F5484B17F9F854558E2423_22192146358278@lid,Fj40,whatsapp-number-2,120363408465558195@g.us,Fj40,2026-04-20T03:09:40.000Z,22192146358278,false,vcard,"BEGIN:VCARD
VERSION:3.0
N:Nurain;XTREME;4X4;;
FN:XTREME 4X4 Nurain
ORG:XTREME 4X4
TITLE:
TEL;type=Mobile;waid=923008258118:+92 300 8258118
X-WA-BIZ-NAME:XTREME 4X4 Nurain
END:VCARD",BEGIN:VCARD VERSION:3.0 N:Nurain;XTREME;4X4;; FN:XTREME 4X4 Nurain ORG:XTREME 4X4 TITLE: TEL;type=Mobile;waid=923008258118:+92 300 8258118 X-WA-BIZ-NAME:XTREME 4X4 Nurain END:VCARD,,true
mcp_whatsapp_number_2_false_120363408465558195_g_us_a58b16ad0038437db54931918f36c233_22192146358278_lid,false_120363408465558195@g.us_A58B16AD0038437DB54931918F36C233_22192146358278@lid,Fj40,whatsapp-number-2,120363408465558195@g.us,Fj40,2026-04-20T03:10:06.000Z,22192146358278,false,chat,@226083001659473  this is the Karachi contact for suspension,@226083001659473 this is the Karachi contact for suspension,suspension,true
mcp_whatsapp_number_2_false_120363408465558195_g_us_3bc3050b94a5fd66da2e_190950068514824_lid,false_120363408465558195@g.us_3BC3050B94A5FD66DA2E_190950068514824@lid,Fj40,whatsapp-number-2,120363408465558195@g.us,Fj40,2026-04-20T03:13:10.000Z,190950068514824,false,chat,"yeah, I already sent an online quote","yeah, I already sent an online quote",,true
mcp_whatsapp_number_2_false_120363408465558195_g_us_3b02ffb123a4ce50bdc3_190950068514824_lid,false_120363408465558195@g.us_3B02FFB123A4CE50BDC3_190950068514824@lid,Fj40,whatsapp-number-2,120363408465558195@g.us,Fj40,2026-04-20T03:13:11.000Z,190950068514824,false,chat,1,1,,true
mcp_whatsapp_number_2_false_120363408465558195_g_us_3b691da31cde255eb0de_190950068514824_lid,false_120363408465558195@g.us_3B691DA31CDE255EB0DE_190950068514824@lid,Fj40,whatsapp-number-2,120363408465558195@g.us,Fj40,2026-04-20T03:13:15.000Z,190950068514824,false,chat,1 wrong one,1 wrong one,,true
mcp_whatsapp_number_2_false_120363408465558195_g_us_3b1b4cb7835b600003c5_190950068514824_lid,false_120363408465558195@g.us_3B1B4CB7835B600003C5_190950068514824@lid,Fj40,whatsapp-number-2,120363408465558195@g.us,Fj40,2026-04-20T03:13:25.000Z,190950068514824,false,chat,1 correct,1 correct,,true
mcp_whatsapp_number_2_false_120363408465558195_g_us_3bcd8d8d6f4bdfc02ec6_190950068514824_lid,false_120363408465558195@g.us_3BCD8D8D6F4BDFC02EC6_190950068514824@lid,Fj40,whatsapp-number-2,120363408465558195@g.us,Fj40,2026-04-20T03:13:42.000Z,190950068514824,false,chat,I assume I have to wait to monday work hours,I assume I have to wait to monday work hours,,true
mcp_whatsapp_number_2_false_120363408465558195_g_us_3b9fecb17b560c40927e_190950068514824_lid,false_120363408465558195@g.us_3B9FECB17B560C40927E_190950068514824@lid,Fj40,whatsapp-number-2,120363408465558195@g.us,Fj40,2026-04-20T03:14:11.000Z,190950068514824,false,chat,correct this time itsn’t it?,correct this time itsn’t it?,,true
mcp_whatsapp_number_2_false_120363408465558195_g_us_3b5a5df1fa3606aeffae_190950068514824_lid,false_120363408465558195@g.us_3B5A5DF1FA3606AEFFAE_190950068514824@lid,Fj40,whatsapp-number-2,120363408465558195@g.us,Fj40,2026-04-20T03:15:43.000Z,190950068514824,false,chat,how likely am I to fuck it all up if I try to do it myself?,how likely am I to fuck it all up if I try to do it myself?,,true
mcp_whatsapp_number_2_false_120363408465558195_g_us_3b761489486e55731bcf_190950068514824_lid,false_120363408465558195@g.us_3B761489486E55731BCF_190950068514824@lid,Fj40,whatsapp-number-2,120363408465558195@g.us,Fj40,2026-04-20T03:16:06.000Z,190950068514824,false,chat,"I mean, I will be quite careful","I mean, I will be quite careful",,true
mcp_whatsapp_number_2_false_120363408465558195_g_us_3b538aa29126aa1c3d77_190950068514824_lid,false_120363408465558195@g.us_3B538AA29126AA1C3D77_190950068514824@lid,Fj40,whatsapp-number-2,120363408465558195@g.us,Fj40,2026-04-20T03:17:08.000Z,190950068514824,false,chat,I assume they only fit it officially in karachi anyway,I assume they only fit it officially in karachi anyway,,true
mcp_whatsapp_number_2_false_120363408465558195_g_us_a5e8347c2afd070fbe43d2336b71685c_22192146358278_lid,false_120363408465558195@g.us_A5E8347C2AFD070FBE43D2336B71685C_22192146358278@lid,Fj40,whatsapp-number-2,120363408465558195@g.us,Fj40,2026-04-20T03:24:05.000Z,22192146358278,false,chat,Usually a bolt on work . Unless you are trying to fit it off some other vehicle.,Usually a bolt on work . Unless you are trying to fit it off some other vehicle.,,true
mcp_whatsapp_number_2_false_120363408465558195_g_us_ac31cf6c5360321f7f1815befb3eebf3_190950068514824_lid,false_120363408465558195@g.us_AC31CF6C5360321F7F1815BEFB3EEBF3_190950068514824@lid,Fj40,whatsapp-number-2,120363408465558195@g.us,Fj40,2026-04-20T04:01:56.000Z,190950068514824,false,chat,Deliberately trying to make it easy and standard at this point. Its very much the point that this car will just be manageable anywhere,Deliberately trying to make it easy and standard at this point. Its very much the point that this car will just be manageable anywhere,,true
mcp_whatsapp_number_2_false_120363408465558195_g_us_ac2c2f87b5d255e7c63123a0bafce609_190950068514824_lid,false_120363408465558195@g.us_AC2C2F87B5D255E7C63123A0BAFCE609_190950068514824@lid,Fj40,whatsapp-number-2,120363408465558195@g.us,Fj40,2026-04-20T04:02:21.000Z,190950068514824,false,chat,So fuck it. Ill give it a go,So fuck it. Ill give it a go,,true
mcp_whatsapp_number_2_false_120363408465558195_g_us_ac2a1e199e50dcdc6a8188212940b3c8_190950068514824_lid,false_120363408465558195@g.us_AC2A1E199E50DCDC6A8188212940B3C8_190950068514824@lid,Fj40,whatsapp-number-2,120363408465558195@g.us,Fj40,2026-04-20T04:04:19.000Z,190950068514824,false,chat,I have Akbar's guy trying to source me a vigo or yaris steering column for eps,I have Akbar's guy trying to source me a vigo or yaris steering column for eps,akbar|steering,true
mcp_whatsapp_number_2_false_120363408465558195_g_us_ac1399115ec1d7f0eca9344cbb7792f9_190950068514824_lid,false_120363408465558195@g.us_AC1399115EC1D7F0ECA9344CBB7792F9_190950068514824@lid,Fj40,whatsapp-number-2,120363408465558195@g.us,Fj40,2026-04-20T04:04:49.000Z,190950068514824,false,chat,On the right track?,On the right track?,,true
mcp_whatsapp_number_2_false_120363408465558195_g_us_ac4f413c31b1efe6cf9e95a0f95830ad_190950068514824_lid,false_120363408465558195@g.us_AC4F413C31B1EFE6CF9E95A0F95830AD_190950068514824@lid,Fj40,whatsapp-number-2,120363408465558195@g.us,Fj40,2026-04-20T04:05:01.000Z,190950068514824,false,chat,Bilal ganj,Bilal ganj,,true
mcp_whatsapp_number_2_false_120363408465558195_g_us_ac03ac49e768a8ecd1f059200f268ed3_190950068514824_lid,false_120363408465558195@g.us_AC03AC49E768A8ECD1F059200F268ED3_190950068514824@lid,Fj40,whatsapp-number-2,120363408465558195@g.us,Fj40,2026-04-20T04:05:21.000Z,190950068514824,false,chat,I touristed it a couple of times,I touristed it a couple of times,,true
mcp_whatsapp_number_2_false_120363408465558195_g_us_a5a0f5422f4f6325c738955e1ec2ab69_22192146358278_lid,false_120363408465558195@g.us_A5A0F5422F4F6325C738955E1EC2AB69_22192146358278@lid,Fj40,whatsapp-number-2,120363408465558195@g.us,Fj40,2026-04-20T04:09:17.000Z,22192146358278,false,chat,No no,No no,,true
mcp_whatsapp_number_2_false_120363408465558195_g_us_a5b40f8e22feb2ac76404500f6b8918b_22192146358278_lid,false_120363408465558195@g.us_A5B40F8E22FEB2AC76404500F6B8918B_22192146358278@lid,Fj40,whatsapp-number-2,120363408465558195@g.us,Fj40,2026-04-20T04:10:03.000Z,22192146358278,false,chat,You need to Integrate the EPs into the original column.,You need to Integrate the EPs into the original column.,,true
mcp_whatsapp_number_2_true_120363408465558195_g_us_ac60d58ee40ba19d88ff3fcd81bcdbbb_226083001659473_lid,true_120363408465558195@g.us_AC60D58EE40BA19D88FF3FCD81BCDBBB_226083001659473@lid,Fj40,whatsapp-number-2,120363408465558195@g.us,Fj40,2026-04-20T04:10:40.000Z,+923099351940,true,chat,I asked to source the entire column,I asked to source the entire column,,true
mcp_whatsapp_number_2_false_120363408465558195_g_us_ac31d87380c91ea3a31f5917e751d74e_190950068514824_lid,false_120363408465558195@g.us_AC31D87380C91EA3A31F5917E751D74E_190950068514824@lid,Fj40,whatsapp-number-2,120363408465558195@g.us,Fj40,2026-04-20T04:12:21.000Z,190950068514824,false,chat,"If possible, from the same Vitz:
Lower output yoke/stub from EPS column
Intermediate shaft/U-joint section
Column mounting clamp/bracket","If possible, from the same Vitz: Lower output yoke/stub from EPS column Intermediate shaft/U-joint section Column mounting clamp/bracket",,true
mcp_whatsapp_number_2_false_120363408465558195_g_us_ac4f70ebd62afa7f9ab71fba76e2b241_190950068514824_lid,false_120363408465558195@g.us_AC4F70EBD62AFA7F9AB71FBA76E2B241_190950068514824@lid,Fj40,whatsapp-number-2,120363408465558195@g.us,Fj40,2026-04-20T04:12:21.000Z,190950068514824,false,chat,"Hi Atif. Hope you are well. I think Akbar explained i am rebuilding a j40 land cruiser.  For this i am looking for a full Vitz steering column assembly, vitz eps ecu/controller (ideally from the same vehicle), full set of EPS wiring pigtails/connectors","Hi Atif. Hope you are well. I think Akbar explained i am rebuilding a j40 land cruiser. For this i am looking for a full Vitz steering column assembly, vitz eps ecu/controller (ideally from the same vehicle), full set of EPS wiring pigtails/connectors",akbar|j40|land cruiser|steering|wiring,true
mcp_whatsapp_number_2_false_120363408465558195_g_us_ac319b31726419881cc2071501c44093_190950068514824_lid,false_120363408465558195@g.us_AC319B31726419881CC2071501C44093_190950068514824@lid,Fj40,whatsapp-number-2,120363408465558195@g.us,Fj40,2026-04-20T04:12:22.000Z,190950068514824,false,chat,Keys,Keys,,true
mcp_whatsapp_number_2_false_120363408465558195_g_us_ac610c2e6977374837e9db789dd222b1_190950068514824_lid,false_120363408465558195@g.us_AC610C2E6977374837E9DB789DD222B1_190950068514824@lid,Fj40,whatsapp-number-2,120363408465558195@g.us,Fj40,2026-04-20T04:12:22.000Z,190950068514824,false,chat,"again, from a vitz I need parts from a manual AC (early 2000s again):
Vitz cabin-side parts to take:
•
Complete heater/evaporator box assembly
•
Evaporator sub-assy cooler no.1: 88501-52010 family
•
Heater core / heater radiator: 87150-52010 / 52020 / 52030 / 52040 family, depending donor trim
•
Blower motor + fan cage: 87103-52010
•
Expansion valve / TXV: 88515-52010
•
Drain hose / condensate outlet: 88539-52010
•
Blower resistor: 88750-52010
•
Heater-to-register ducts / under-dash air ducts: 55843 / 55844 / 55845 family
•
Slim under-dash louver outlet panel if it is part of the same donor assembly
•
Pigtails / plugs only if they are intact and not cut short","again, from a vitz I need parts from a manual AC (early 2000s again): Vitz cabin-side parts to take: • Complete heater/evaporator box assembly • Evaporator sub-assy cooler no.1: 88501-52010 family • Heater core / heater radiator: 87150-52010 / 52020 / 52030 / 52040 family, depending donor trim • Blower motor + fan cage: 87103-52010 • Expansion valve / TXV: 88515-52010 • Drain hose / condensate outlet: 88539-52010 • Blower resistor: 88750-52010 • Heater-to-register ducts / under-dash air ducts: 55843 / 55844 / 55845 family • Slim under-dash louver outlet panel if it is part of the same donor assembly • Pigtails / plugs only if they are intact and not cut short",ac|dash|panel,true
mcp_whatsapp_number_2_false_120363408465558195_g_us_acf805541ae4d663c79e7a7733ce40f1_190950068514824_lid,false_120363408465558195@g.us_ACF805541AE4D663C79E7A7733CE40F1_190950068514824@lid,Fj40,whatsapp-number-2,120363408465558195@g.us,Fj40,2026-04-20T04:12:22.000Z,190950068514824,false,chat,"From the vitz.  Ideally the same donor:
Igmition switch box
Front door locks
Back door lock",From the vitz. Ideally the same donor: Igmition switch box Front door locks Back door lock,door,true
mcp_whatsapp_number_2_false_120363408465558195_g_us_ac57ad7d559edd9a226475428cc7dbda_190950068514824_lid,false_120363408465558195@g.us_AC57AD7D559EDD9A226475428CC7DBDA_190950068514824@lid,Fj40,whatsapp-number-2,120363408465558195@g.us,Fj40,2026-04-20T04:12:36.000Z,190950068514824,false,chat,Am i off-track?,Am i off-track?,,true
mcp_whatsapp_number_2_false_120363408465558195_g_us_acf9a3c3cc0f212ffbff4bc820ceb06b_190950068514824_lid,false_120363408465558195@g.us_ACF9A3C3CC0F212FFBFF4BC820CEB06B_190950068514824@lid,Fj40,whatsapp-number-2,120363408465558195@g.us,Fj40,2026-04-20T04:13:47.000Z,190950068514824,false,chat,Is there a better donor?,Is there a better donor?,,true
mcp_whatsapp_number_2_false_120363408465558195_g_us_a5041ce830640abc2b2b80f368436f6c_22192146358278_lid,false_120363408465558195@g.us_A5041CE830640ABC2B2B80F368436F6C_22192146358278@lid,Fj40,whatsapp-number-2,120363408465558195@g.us,Fj40,2026-04-20T04:17:35.000Z,22192146358278,false,chat,I prefer the body and interior to be as original as possible. So If it was my project . I wouldn't install any other column. Or cut the dash,I prefer the body and interior to be as original as possible. So If it was my project . I wouldn't install any other column. Or cut the dash,body|dash,true
mcp_whatsapp_number_2_false_120363408465558195_g_us_a55d14b7e08c872651764de52a689f63_22192146358278_lid,false_120363408465558195@g.us_A55D14B7E08C872651764DE52A689F63_22192146358278@lid,Fj40,whatsapp-number-2,120363408465558195@g.us,Fj40,2026-04-20T04:18:36.000Z,22192146358278,false,chat,The only alteration on the dash I would do is. Go with period correct vents for the heating/ac,The only alteration on the dash I would do is. Go with period correct vents for the heating/ac,ac|dash,true
mcp_whatsapp_number_2_true_120363408465558195_g_us_ac72dea763c9abf2d661e5e1eb462879_226083001659473_lid,true_120363408465558195@g.us_AC72DEA763C9ABF2D661E5E1EB462879_226083001659473@lid,Fj40,whatsapp-number-2,120363408465558195@g.us,Fj40,2026-04-20T04:20:59.000Z,+923099351940,true,chat,But i really want eps,But i really want eps,,true
mcp_whatsapp_number_2_true_120363408465558195_g_us_ac2aeae8300f9afbb0e83806a84d7fa4_226083001659473_lid,true_120363408465558195@g.us_AC2AEAE8300F9AFBB0E83806A84D7FA4_226083001659473@lid,Fj40,whatsapp-number-2,120363408465558195@g.us,Fj40,2026-04-20T04:21:39.000Z,+923099351940,true,chat,Ac is slated to be bifurcated,Ac is slated to be bifurcated,ac,true
mcp_whatsapp_number_2_true_120363408465558195_g_us_acedb32d148edd7f4f53012df66fd14c_226083001659473_lid,true_120363408465558195@g.us_ACEDB32D148EDD7F4F53012DF66FD14C_226083001659473@lid,Fj40,whatsapp-number-2,120363408465558195@g.us,Fj40,2026-04-20T04:23:00.000Z,+923099351940,true,chat,Only blower parts to be part of the dash. Possibly as a fabricated slimline addition under the dash,Only blower parts to be part of the dash. Possibly as a fabricated slimline addition under the dash,dash,true
mcp_whatsapp_number_2_true_120363408465558195_g_us_ac5ec79a58741dd33b9cc084940925cd_226083001659473_lid,true_120363408465558195@g.us_AC5EC79A58741DD33B9CC084940925CD_226083001659473@lid,Fj40,whatsapp-number-2,120363408465558195@g.us,Fj40,2026-04-20T04:23:31.000Z,+923099351940,true,image,,,,true
mcp_whatsapp_number_2_true_120363408465558195_g_us_ac05c74290b1d519f67380efab2425bd_226083001659473_lid,true_120363408465558195@g.us_AC05C74290B1D519F67380EFAB2425BD_226083001659473@lid,Fj40,whatsapp-number-2,120363408465558195@g.us,Fj40,2026-04-20T04:24:27.000Z,+923099351940,true,chat,Replacing pull stops with shnider 2/3 position switch,Replacing pull stops with shnider 2/3 position switch,,true
mcp_whatsapp_number_2_true_120363408465558195_g_us_ac78e5f72d84f363768875c473ec2e12_226083001659473_lid,true_120363408465558195@g.us_AC78E5F72D84F363768875C473EC2E12_226083001659473@lid,Fj40,whatsapp-number-2,120363408465558195@g.us,Fj40,2026-04-20T04:26:02.000Z,+923099351940,true,chat,Possible hole underneath preciously for led controls to provide outlets,Possible hole underneath preciously for led controls to provide outlets,led,true
mcp_whatsapp_number_2_true_120363408465558195_g_us_ac4fd040eee67dbe260f64b86884e113_226083001659473_lid,true_120363408465558195@g.us_AC4FD040EEE67DBE260F64B86884E113_226083001659473@lid,Fj40,whatsapp-number-2,120363408465558195@g.us,Fj40,2026-04-20T04:26:33.000Z,+923099351940,true,chat,2 simple switches on the central console to control,2 simple switches on the central console to control,,true
mcp_whatsapp_number_2_true_120363408465558195_g_us_ac6cca0037c45ef95f1d88ca2a02bc7b_226083001659473_lid,true_120363408465558195@g.us_AC6CCA0037C45EF95F1D88CA2A02BC7B_226083001659473@lid,Fj40,whatsapp-number-2,120363408465558195@g.us,Fj40,2026-04-20T04:27:19.000Z,+923099351940,true,chat,Thats my plan. Tell me before i invest in it whats bad,Thats my plan. Tell me before i invest in it whats bad,,true
mcp_whatsapp_number_2_true_120363408465558195_g_us_ac850ca66b4dd87a82e5c1057dadc460_226083001659473_lid,true_120363408465558195@g.us_AC850CA66B4DD87A82E5C1057DADC460_226083001659473@lid,Fj40,whatsapp-number-2,120363408465558195@g.us,Fj40,2026-04-20T04:27:40.000Z,+923099351940,true,chat,"7"" to 9"" screen conversion","7"" to 9"" screen conversion",,true
mcp_whatsapp_number_2_true_120363408465558195_g_us_acc80651958a1f19d2a629e4dc38e6de_226083001659473_lid,true_120363408465558195@g.us_ACC80651958A1F19D2A629E4DC38E6DE_226083001659473@lid,Fj40,whatsapp-number-2,120363408465558195@g.us,Fj40,2026-04-20T04:28:23.000Z,+923099351940,true,image,,,,true
mcp_whatsapp_number_2_true_120363408465558195_g_us_ac39cf9e04abfad20aa843cdaa01dd81_226083001659473_lid,true_120363408465558195@g.us_AC39CF9E04ABFAD20AA843CDAA01DD81_226083001659473@lid,Fj40,whatsapp-number-2,120363408465558195@g.us,Fj40,2026-04-20T04:29:12.000Z,+923099351940,true,chat,Mainly right cluster gets drilled out bigger and replaved with the schneder switches,Mainly right cluster gets drilled out bigger and replaved with the schneder switches,,true
mcp_whatsapp_number_2_true_120363408465558195_g_us_aca4d51fe7699557ec8254e16d3f646f_226083001659473_lid,true_120363408465558195@g.us_ACA4D51FE7699557EC8254E16D3F646F_226083001659473@lid,Fj40,whatsapp-number-2,120363408465558195@g.us,Fj40,2026-04-20T04:32:53.000Z,+923099351940,true,chat,"Like ideally, where the previous chap had 6 switches for under-car leds, i tuen this bottom space into the av outlets","Like ideally, where the previous chap had 6 switches for under-car leds, i tuen this bottom space into the av outlets",,true
mcp_whatsapp_number_2_true_124176513941598_lid_acecbc928607e0edbad167af082be19e,true_124176513941598@lid_ACECBC928607E0EDBAD167AF082BE19E,Oxy Welding,whatsapp-number-2,124176513941598@lid,Oxy Welding,2026-04-20T07:14:04.000Z,+923099351940,true,chat,Any update?,Any update?,,true
mcp_whatsapp_number_2_false_124176513941598_lid_3eb00ad0739fdf1e40c4d4,false_124176513941598@lid_3EB00AD0739FDF1E40C4D4,Oxy Welding,whatsapp-number-2,124176513941598@lid,Oxy Welding,2026-04-20T07:23:07.000Z,124176513941598,false,image,,,,true
mcp_whatsapp_number_2_false_124176513941598_lid_3eb057c66d2d1ff0c190eb,false_124176513941598@lid_3EB057C66D2D1FF0C190EB,Oxy Welding,whatsapp-number-2,124176513941598@lid,Oxy Welding,2026-04-20T07:26:07.000Z,124176513941598,false,chat,"Please send the following amount

Cylinder price: Rs 35,000
Product Ar-CO2 mixture price: Rs 900
Tax 18%: Rs 6,462
Total: Rs 42,362

Balance: Rs 33,900
You have to pay: Rs 8,462","Please send the following amount Cylinder price: Rs 35,000 Product Ar-CO2 mixture price: Rs 900 Tax 18%: Rs 6,462 Total: Rs 42,362 Balance: Rs 33,900 You have to pay: Rs 8,462",,true
mcp_whatsapp_number_2_true_124176513941598_lid_ac9184ad855042e00810287e42d35c8e,true_124176513941598@lid_AC9184AD855042E00810287E42D35C8E,Oxy Welding,whatsapp-number-2,124176513941598@lid,Oxy Welding,2026-04-20T08:13:47.000Z,+923099351940,true,chat,Which bank is it?,Which bank is it?,,true
mcp_whatsapp_number_2_true_124176513941598_lid_ac58d8809edaedb56bf02855f043a273,true_124176513941598@lid_AC58D8809EDAEDB56BF02855F043A273,Oxy Welding,whatsapp-number-2,124176513941598@lid,Oxy Welding,2026-04-20T08:15:33.000Z,+923099351940,true,chat,Ok its scb,Ok its scb,,true
mcp_whatsapp_number_2_true_124176513941598_lid_ac6be826ef619a0f665e82d25d56d469,true_124176513941598@lid_AC6BE826EF619A0F665E82D25D56D469,Oxy Welding,whatsapp-number-2,124176513941598@lid,Oxy Welding,2026-04-20T08:19:30.000Z,+923099351940,true,image,,,,true
mcp_whatsapp_number_2_true_124176513941598_lid_acebfebcc8144016ae1f3e62f8c83e8f,true_124176513941598@lid_ACEBFEBCC8144016AE1F3E62F8C83E8F,Oxy Welding,whatsapp-number-2,124176513941598@lid,Oxy Welding,2026-04-20T08:19:34.000Z,+923099351940,true,chat,Paid,Paid,,true
mcp_whatsapp_number_2_true_62917110190266_lid_ac55f77e5828e56e9273849a4fd17904,true_62917110190266@lid_AC55F77E5828E56E9273849A4FD17904,Akbar Khan,whatsapp-number-2,62917110190266@lid,Akbar Khan,2026-04-20T19:07:22.000Z,+923099351940,true,image,,,,true
mcp_whatsapp_number_2_false_62917110190266_lid_ac1c191b775d7dbb2fd1b20606c555bb,false_62917110190266@lid_AC1C191B775D7DBB2FD1B20606C555BB,Akbar Khan,whatsapp-number-2,62917110190266@lid,Akbar Khan,2026-04-21T08:23:15.000Z,923334552030,false,chat,Brother David. In a meeting,Brother David. In a meeting,,true
mcp_whatsapp_number_2_false_62917110190266_lid_acbd36b95fef3a676a178a6ff688b472,false_62917110190266@lid_ACBD36B95FEF3A676A178A6FF688B472,Akbar Khan,whatsapp-number-2,62917110190266@lid,Akbar Khan,2026-04-21T08:23:22.000Z,923334552030,false,chat,Lemme call u back .,Lemme call u back .,,true
mcp_whatsapp_number_2_true_62917110190266_lid_acc63e3f2664c6eb153a12353b521806,true_62917110190266@lid_ACC63E3F2664C6EB153A12353B521806,Akbar Khan,whatsapp-number-2,62917110190266@lid,Akbar Khan,2026-04-21T08:23:41.000Z,+923099351940,true,chat,Ah. Was just checking,Ah. Was just checking,,true
mcp_whatsapp_number_2_true_62917110190266_lid_ac2ecac4422f417180c45a8d7cb79872,true_62917110190266@lid_AC2ECAC4422F417180C45A8D7CB79872,Akbar Khan,whatsapp-number-2,62917110190266@lid,Akbar Khan,2026-04-21T08:23:48.000Z,+923099351940,true,chat,If you were in,If you were in,,true
mcp_whatsapp_number_2_true_62917110190266_lid_ac023fd908bccef6af377059915055f8,true_62917110190266@lid_AC023FD908BCCEF6AF377059915055F8,Akbar Khan,whatsapp-number-2,62917110190266@lid,Akbar Khan,2026-04-21T08:23:54.000Z,+923099351940,true,chat,Fiaz not answering,Fiaz not answering,,true
mcp_whatsapp_number_2_true_62917110190266_lid_ac06d36b5876e111cd6af9cf5fd80c76,true_62917110190266@lid_AC06D36B5876E111CD6AF9CF5FD80C76,Akbar Khan,whatsapp-number-2,62917110190266@lid,Akbar Khan,2026-04-21T08:24:07.000Z,+923099351940,true,chat,Need to pick from you,Need to pick from you,,true
mcp_whatsapp_number_2_false_62917110190266_lid_ac5a80a133dff85db9afe013a77f52ca,false_62917110190266@lid_AC5A80A133DFF85DB9AFE013A77F52CA,Akbar Khan,whatsapp-number-2,62917110190266@lid,Akbar Khan,2026-04-21T08:24:16.000Z,923334552030,false,chat,I am home. online meeting. Come come. I'll send him,I am home. online meeting. Come come. I'll send him,,true
mcp_whatsapp_number_2_false_62917110190266_lid_ac6aea195418743fe8138c99d6dbd689,false_62917110190266@lid_AC6AEA195418743FE8138C99D6DBD689,Akbar Khan,whatsapp-number-2,62917110190266@lid,Akbar Khan,2026-04-21T08:26:12.000Z,923334552030,false,chat,Fiaz instructed. He was in the kitchen. Just call him he will come hand it to u,Fiaz instructed. He was in the kitchen. Just call him he will come hand it to u,,true
mcp_whatsapp_number_2_true_62917110190266_lid_ac900a3a1c4656d70841ee645dde916f,true_62917110190266@lid_AC900A3A1C4656D70841EE645DDE916F,Akbar Khan,whatsapp-number-2,62917110190266@lid,Akbar Khan,2026-04-21T08:35:48.000Z,+923099351940,true,chat,Thanks,Thanks,,true
mcp_whatsapp_number_2_true_62917110190266_lid_ac4dd7b617b9c64e2929fdaf002edc0f,true_62917110190266@lid_AC4DD7B617B9C64E2929FDAF002EDC0F,Akbar Khan,whatsapp-number-2,62917110190266@lid,Akbar Khan,2026-04-21T14:26:37.000Z,+923099351940,true,image,,,,true
mcp_whatsapp_number_2_false_162822445105367_lid_aca692c93b416dff0f02f03fef45df0e,false_162822445105367@lid_ACA692C93B416DFF0F02F03FEF45DF0E,Walton Bodyshop,whatsapp-number-2,162822445105367@lid,Walton Bodyshop,2026-04-21T16:29:31.000Z,162822445105367,false,chat,"Hello David, sorry for the late reply. I shared the list of parts you sent me with the parts department. They also made a lot of inquiries about it, but they also did not get any confirmation about the availability of the parts from anywhere. That is why I could not reply to you. So sorry, I told you now.","Hello David, sorry for the late reply. I shared the list of parts you sent me with the parts department. They also made a lot of inquiries about it, but they also did not get any confirmation about the availability of the parts from anywhere. That is why I could not reply to you. So sorry, I told you now.",,true
mcp_whatsapp_number_2_true_162822445105367_lid_aca9be0972b749a57f2b07788840d293,true_162822445105367@lid_ACA9BE0972B749A57F2B07788840D293,Walton Bodyshop,whatsapp-number-2,162822445105367@lid,Walton Bodyshop,2026-04-21T20:39:53.000Z,+923099351940,true,chat,Ok. Basically they cant get these parts even though they are standard toyota?,Ok. Basically they cant get these parts even though they are standard toyota?,,true
mcp_whatsapp_number_2_true_162822445105367_lid_ac7ee69c2917fb4f8f606965eb938917,true_162822445105367@lid_AC7EE69C2917FB4F8F606965EB938917,Walton Bodyshop,whatsapp-number-2,162822445105367@lid,Walton Bodyshop,2026-04-21T20:40:28.000Z,+923099351940,true,chat,Ok. Thanks for trying. Any idea of any shop i can try?,Ok. Thanks for trying. Any idea of any shop i can try?,,true
mcp_whatsapp_number_2_true_162822445105367_lid_ac8e0a41afdfa5e4897435d6eadf9159,true_162822445105367@lid_AC8E0A41AFDFA5E4897435D6EADF9159,Walton Bodyshop,whatsapp-number-2,162822445105367@lid,Walton Bodyshop,2026-04-21T20:40:40.000Z,+923099351940,true,image,,,,true
mcp_whatsapp_number_2_true_162822445105367_lid_ac9dfc192426f9f90b31204380b2262c,true_162822445105367@lid_AC9DFC192426F9F90B31204380B2262C,Walton Bodyshop,whatsapp-number-2,162822445105367@lid,Walton Bodyshop,2026-04-21T20:40:40.000Z,+923099351940,true,unknown,,,,true
mcp_whatsapp_number_2_false_120363408465558195_g_us_3b6fa45aa102230d5e7c_190950068514824_lid,false_120363408465558195@g.us_3B6FA45AA102230D5E7C_190950068514824@lid,Fj40,whatsapp-number-2,120363408465558195@g.us,Fj40,2026-04-21T23:04:45.000Z,190950068514824,false,chat,are these guys shut down? Xtreme 4x4 Pakistan,are these guys shut down? Xtreme 4x4 Pakistan,,true
mcp_whatsapp_number_2_false_120363408465558195_g_us_3b1b5419aca71c2f744f_190950068514824_lid,false_120363408465558195@g.us_3B1B5419ACA71C2F744F_190950068514824@lid,Fj40,whatsapp-number-2,120363408465558195@g.us,Fj40,2026-04-21T23:05:39.000Z,190950068514824,false,chat,"I thought if I went Ironman, and there was an official supplier here I was playing safe - but website is down etc","I thought if I went Ironman, and there was an official supplier here I was playing safe - but website is down etc",,true
mcp_whatsapp_number_2_true_162822445105367_lid_ac22dbc64649c32b4a379627557a368c,true_162822445105367@lid_AC22DBC64649C32B4A379627557A368C,Walton Bodyshop,whatsapp-number-2,162822445105367@lid,Walton Bodyshop,2026-04-21T23:12:25.000Z,+923099351940,true,chat,Someone must be able to make these,Someone must be able to make these,,true
mcp_whatsapp_number_2_true_162822445105367_lid_ac61284c48ca58d0e69e1fc63d1f4c25,true_162822445105367@lid_AC61284C48CA58D0E69E1FC63D1F4C25,Walton Bodyshop,whatsapp-number-2,162822445105367@lid,Walton Bodyshop,2026-04-21T23:12:47.000Z,+923099351940,true,chat,You have the exact specs?,You have the exact specs?,,true
mcp_whatsapp_number_2_true_124176513941598_lid_ac40d597978d1f74c53836c1d3a9c02d,true_124176513941598@lid_AC40D597978D1F74C53836C1D3A9C02D,Oxy Welding,whatsapp-number-2,124176513941598@lid,Oxy Welding,2026-04-21T23:16:14.000Z,+923099351940,true,chat,Cool. You guys will deliver?,Cool. You guys will deliver?,,true
mcp_whatsapp_number_2_true_120363408465558195_g_us_aca5ab8148103ae3e8d9d45827b3ecac_226083001659473_lid,true_120363408465558195@g.us_ACA5AB8148103AE3E8D9D45827B3ECAC_226083001659473@lid,Fj40,whatsapp-number-2,120363408465558195@g.us,Fj40,2026-04-22T00:37:43.000Z,+923099351940,true,image,,,,true
mcp_whatsapp_number_2_true_120363408465558195_g_us_acd884deb377406b3820b21d53c38f5c_923099351940_c_us,true_120363408465558195@g.us_ACD884DEB377406B3820B21D53C38F5C_923099351940@c.us,Fj40,whatsapp-number-2,120363408465558195@g.us,Fj40,2026-04-22T00:37:43.000Z,+923099351940,true,chat,"You can add about 1/2 inch through a bit of padding. Most speakers seemd to be 3.5"" depth","You can add about 1/2 inch through a bit of padding. Most speakers seemd to be 3.5"" depth",,true
mcp_whatsapp_number_2_true_120363408465558195_g_us_aca43fd5f9890d1c60988bddb39acc3d_923099351940_c_us,true_120363408465558195@g.us_ACA43FD5F9890D1C60988BDDB39ACC3D_923099351940@c.us,Fj40,whatsapp-number-2,120363408465558195@g.us,Fj40,2026-04-22T00:38:58.000Z,+923099351940,true,chat,So the window comes dosn this far?  So then whay does that reduce our available space to?,So the window comes dosn this far? So then whay does that reduce our available space to?,window,true
mcp_whatsapp_number_2_true_120363408465558195_g_us_ac9e872812872a08bfc3592417a72a48_226083001659473_lid,true_120363408465558195@g.us_AC9E872812872A08BFC3592417A72A48_226083001659473@lid,Fj40,whatsapp-number-2,120363408465558195@g.us,Fj40,2026-04-22T00:40:20.000Z,+923099351940,true,chat,Sorry. Wrong chanell,Sorry. Wrong chanell,,true
mcp_whatsapp_number_2_false_120363408465558195_g_us_3b996415919d77c0163d_190950068514824_lid,false_120363408465558195@g.us_3B996415919D77C0163D_190950068514824@lid,Fj40,whatsapp-number-2,120363408465558195@g.us,Fj40,2026-04-22T00:47:07.000Z,190950068514824,false,image,"but now naked, so really need some suspension advice","but now naked, so really need some suspension advice",suspension,true
mcp_whatsapp_number_2_false_120363408465558195_g_us_3b7b137156a8a60376ee_190950068514824_lid,false_120363408465558195@g.us_3B7B137156A8A60376EE_190950068514824@lid,Fj40,whatsapp-number-2,120363408465558195@g.us,Fj40,2026-04-22T00:47:09.000Z,190950068514824,false,unknown,,,,true
mcp_whatsapp_number_2_false_162822445105367_lid_ac096f19f9883bc806924657501e0582,false_162822445105367@lid_AC096F19F9883BC806924657501E0582,Walton Bodyshop,whatsapp-number-2,162822445105367@lid,Walton Bodyshop,2026-04-22T03:03:08.000Z,162822445105367,false,chat,From Rawalpindi or Peshawar,From Rawalpindi or Peshawar,,true
mcp_whatsapp_number_2_true_162822445105367_lid_ac99d23cd00db8bda5f9eba8f449dcef,true_162822445105367@lid_AC99D23CD00DB8BDA5F9EBA8F449DCEF,Walton Bodyshop,whatsapp-number-2,162822445105367@lid,Walton Bodyshop,2026-04-22T04:07:18.000Z,+923099351940,true,chat,Hmm. I am trying to get sikka rubber to make them. Can this make senseM,Hmm. I am trying to get sikka rubber to make them. Can this make senseM,,true
mcp_whatsapp_number_2_false_162822445105367_lid_ac2504305592413df1a19529f87210d7,false_162822445105367@lid_AC2504305592413DF1A19529F87210D7,Walton Bodyshop,whatsapp-number-2,162822445105367@lid,Walton Bodyshop,2026-04-22T04:08:27.000Z,162822445105367,false,chat,If they do then go for it,If they do then go for it,,true
mcp_whatsapp_number_2_false_124176513941598_lid_ac8c0a4891a757f70d8ceadfe15761bc,false_124176513941598@lid_AC8C0A4891A757F70D8CEADFE15761BC,Oxy Welding,whatsapp-number-2,124176513941598@lid,Oxy Welding,2026-04-22T04:09:10.000Z,124176513941598,false,chat,It will delivered to you in 2 working days,It will delivered to you in 2 working days,,true
mcp_whatsapp_number_2_true_124176513941598_lid_acc0514ad602c24344528c0b90bcadf4,true_124176513941598@lid_ACC0514AD602C24344528C0B90BCADF4,Oxy Welding,whatsapp-number-2,124176513941598@lid,Oxy Welding,2026-04-22T04:09:51.000Z,+923099351940,true,chat,Ok,Ok,,true
mcp_whatsapp_number_2_true_124176513941598_lid_acb233b78f6d2912ab4694eb38a8c8d2,true_124176513941598@lid_ACB233B78F6D2912AB4694EB38A8C8D2,Oxy Welding,whatsapp-number-2,124176513941598@lid,Oxy Welding,2026-04-22T04:10:32.000Z,+923099351940,true,chat,You can deliver to anyone in the household if i am out,You can deliver to anyone in the household if i am out,,true
mcp_whatsapp_number_2_true_162822445105367_lid_ac707c0ff0a40f350d6f702cda5720aa,true_162822445105367@lid_AC707C0FF0A40F350D6F702CDA5720AA,Walton Bodyshop,whatsapp-number-2,162822445105367@lid,Walton Bodyshop,2026-04-22T04:11:06.000Z,+923099351940,true,chat,They actually just replied. Lets see,They actually just replied. Lets see,,true
mcp_whatsapp_number_2_true_162822445105367_lid_acadc5ba3288fadd1a2feb83854cf0a9,true_162822445105367@lid_ACADC5BA3288FADD1A2FEB83854CF0A9,Walton Bodyshop,whatsapp-number-2,162822445105367@lid,Walton Bodyshop,2026-04-22T04:11:30.000Z,+923099351940,true,chat,"Hi. Please can you provide a quote for:
item,part_number,quantity
Body mount cushion NO.1,52201-90300,4
Body mount cushion NO.2,52202-90300,4
Body mount cushion NO.3,52203-90300,2
Body mount cushion NO.4,52204-90300,2
Body mount cushion NO.5,52208-90300,4
Body mount collar,90540-17045,2
Body mount stopper/seat,52023-60010,4
Washer/seat,90560-12009,6
Washer/seat,90560-12233,4
Body mount spacer,52228-22010,6
Bolt,90109-10039,2
Bolt,90105-10053,2
Bolt,90119-10123,4
Bolt,90101-10463,2
Engine mount rubber (2H diesel),12361-87311,2
Gearbox/trans rear mount insulator,12371-68010,1","Hi. Please can you provide a quote for: item,part_number,quantity Body mount cushion NO.1,52201-90300,4 Body mount cushion NO.2,52202-90300,4 Body mount cushion NO.3,52203-90300,2 Body mount cushion NO.4,52204-90300,2 Body mount cushion NO.5,52208-90300,4 Body mount collar,90540-17045,2 Body mount stopper/seat,52023-60010,4 Washer/seat,90560-12009,6 Washer/seat,90560-12233,4 Body mount spacer,52228-22010,6 Bolt,90109-10039,2 Bolt,90105-10053,2 Bolt,90119-10123,4 Bolt,90101-10463,2 Engine mount rubber (2H diesel),12361-87311,2 Gearbox/trans rear mount insulator,12371-68010,1",body|engine,true
mcp_whatsapp_number_2_true_162822445105367_lid_ac9cbe94fbbdd06798099c757fa08fbb,true_162822445105367@lid_AC9CBE94FBBDD06798099C757FA08FBB,Walton Bodyshop,whatsapp-number-2,162822445105367@lid,Walton Bodyshop,2026-04-22T04:11:50.000Z,+923099351940,true,chat,Gave them this list,Gave them this list,,true
mcp_whatsapp_number_2_false_124176513941598_lid_acab209d5d7f56c892e1978991c8a789,false_124176513941598@lid_ACAB209D5D7F56C892E1978991C8A789,Oxy Welding,whatsapp-number-2,124176513941598@lid,Oxy Welding,2026-04-22T04:17:09.000Z,124176513941598,false,chat,Noted,Noted,,true
mcp_whatsapp_number_2_false_120363408465558195_g_us_3b2866f7ee67e988abfe_190950068514824_lid,false_120363408465558195@g.us_3B2866F7EE67E988ABFE_190950068514824@lid,Fj40,whatsapp-number-2,120363408465558195@g.us,Fj40,2026-04-24T23:06:22.000Z,190950068514824,false,chat,"they are.  quoted me 600,000 for the Ironman full foam cell kit, but 4-6 weeks lead time, nitrogen gas set for 500,000 available now.  This is already downgrading tom the OME I wanted.  So thinking to wait and go foam cell - any opinions?  is the price right?  3 year warrantee","they are. quoted me 600,000 for the Ironman full foam cell kit, but 4-6 weeks lead time, nitrogen gas set for 500,000 available now. This is already downgrading tom the OME I wanted. So thinking to wait and go foam cell - any opinions? is the price right? 3 year warrantee",foam|ome,true
mcp_whatsapp_number_2_true_124176513941598_lid_acc71355badbed1a902accb42b6e9cab,true_124176513941598@lid_ACC71355BADBED1A902ACCB42B6E9CAB,Oxy Welding,whatsapp-number-2,124176513941598@lid,Oxy Welding,2026-04-27T03:39:14.000Z,+923099351940,true,chat,When will this come?,When will this come?,,true
mcp_whatsapp_number_2_false_62917110190266_lid_acd6e983b4379078d334a8f5ed95733b,false_62917110190266@lid_ACD6E983B4379078D334A8F5ED95733B,Akbar Khan,whatsapp-number-2,62917110190266@lid,Akbar Khan,2026-04-27T12:47:01.000Z,923334552030,false,chat,On a con call brother Dave. Just reverting,On a con call brother Dave. Just reverting,,true
mcp_whatsapp_number_2_true_62917110190266_lid_acc959d91b501902ab35a14efaa382ea,true_62917110190266@lid_ACC959D91B501902AB35A14EFAA382EA,Akbar Khan,whatsapp-number-2,62917110190266@lid,Akbar Khan,2026-04-27T12:47:13.000Z,+923099351940,true,chat,Sure,Sure,,true
mcp_whatsapp_number_2_true_62917110190266_lid_ac74ffb61edef08171d00bfcbad4d114,true_62917110190266@lid_AC74FFB61EDEF08171D00BFCBAD4D114,Akbar Khan,whatsapp-number-2,62917110190266@lid,Akbar Khan,2026-04-27T12:50:45.000Z,+923099351940,true,chat,Are things on this evening?,Are things on this evening?,,true
mcp_whatsapp_number_2_false_62917110190266_lid_ac7405af8a23c025e3fe344d41318202,false_62917110190266@lid_AC7405AF8A23C025E3FE344D41318202,Akbar Khan,whatsapp-number-2,62917110190266@lid,Akbar Khan,2026-04-27T12:51:03.000Z,923334552030,false,chat,No no..tomorrow. Today nadia packing,No no..tomorrow. Today nadia packing,,true
mcp_whatsapp_number_2_false_62917110190266_lid_ac80acd5c4490a1fe4167ff81719a2c8,false_62917110190266@lid_AC80ACD5C4490A1FE4167FF81719A2C8,Akbar Khan,whatsapp-number-2,62917110190266@lid,Akbar Khan,2026-04-27T12:51:27.000Z,923334552030,false,chat,I'll message the guys today also.  Nadia should be off by tom morning .,I'll message the guys today also. Nadia should be off by tom morning .,,true
mcp_whatsapp_number_2_false_62917110190266_lid_acedbb626adf476fe6d80083d6ed7a9c,false_62917110190266@lid_ACEDBB626ADF476FE6D80083D6ED7A9C,Akbar Khan,whatsapp-number-2,62917110190266@lid,Akbar Khan,2026-04-27T22:57:46.000Z,923334552030,false,chat,So OC is in for tomorrow.,So OC is in for tomorrow.,,true
mcp_whatsapp_number_2_false_62917110190266_lid_ac692fe7b5a8ad0fa00d28f5c7aefdf6,false_62917110190266@lid_AC692FE7B5A8AD0FA00D28F5C7AEFDF6,Akbar Khan,whatsapp-number-2,62917110190266@lid,Akbar Khan,2026-04-27T22:57:53.000Z,923334552030,false,chat,Confirming after work as well.,Confirming after work as well.,,true
mcp_whatsapp_number_2_true_62917110190266_lid_ac19eb862c178d97821746bdb9f75c2a,true_62917110190266@lid_AC19EB862C178D97821746BDB9F75C2A,Akbar Khan,whatsapp-number-2,62917110190266@lid,Akbar Khan,2026-04-27T22:59:20.000Z,+923099351940,true,chat,Ok great,Ok great,,true
mcp_whatsapp_number_2_false_62917110190266_lid_ac5fbed0f2f88282d123b98f2cd47c40,false_62917110190266@lid_AC5FBED0F2F88282D123B98F2CD47C40,Akbar Khan,whatsapp-number-2,62917110190266@lid,Akbar Khan,2026-04-27T22:59:49.000Z,923334552030,false,chat,Will ask shammal as well tomorrow. Wanted oc to give us a green light first,Will ask shammal as well tomorrow. Wanted oc to give us a green light first,,true
mcp_whatsapp_number_2_true_62917110190266_lid_ac76b811818ed992908386c833f547ae,true_62917110190266@lid_AC76B811818ED992908386C833F547AE,Akbar Khan,whatsapp-number-2,62917110190266@lid,Akbar Khan,2026-04-27T22:59:59.000Z,+923099351940,true,chat,I have a parts list and quote itching my pocket on susoension,I have a parts list and quote itching my pocket on susoension,,true
mcp_whatsapp_number_2_false_62917110190266_lid_ac2019bf7ce72e36f5fdd84760026d2d,false_62917110190266@lid_AC2019BF7CE72E36F5FDD84760026D2D,Akbar Khan,whatsapp-number-2,62917110190266@lid,Akbar Khan,2026-04-27T23:00:26.000Z,923334552030,false,chat,I'll touch base in the morning. Better nod off. Need to be up at 7,I'll touch base in the morning. Better nod off. Need to be up at 7,,true
mcp_whatsapp_number_2_true_62917110190266_lid_ac15670b856a2dfc4178541adaceb9d7,true_62917110190266@lid_AC15670B856A2DFC4178541ADACEB9D7,Akbar Khan,whatsapp-number-2,62917110190266@lid,Akbar Khan,2026-04-27T23:01:11.000Z,+923099351940,true,chat,"If you dont mind, nabeel has been helping me out although clueless as me, he would be equally interested","If you dont mind, nabeel has been helping me out although clueless as me, he would be equally interested",,true
mcp_whatsapp_number_2_false_62917110190266_lid_ac9ae1455faa69192a3a920a73a41f3b,false_62917110190266@lid_AC9AE1455FAA69192A3A920A73A41F3B,Akbar Khan,whatsapp-number-2,62917110190266@lid,Akbar Khan,2026-04-27T23:02:20.000Z,923334552030,false,chat,No worries at all brother Dave. Quite simply. Get y'all together and make steps. But let's hope to close by 9 or there abouts. I'll have my 2 old dogs over also. Total nut situation,No worries at all brother Dave. Quite simply. Get y'all together and make steps. But let's hope to close by 9 or there abouts. I'll have my 2 old dogs over also. Total nut situation,,true
mcp_whatsapp_number_2_true_62917110190266_lid_aceea45a9425e89ead7d8dcc48c6c54c,true_62917110190266@lid_ACEEA45A9425E89EAD7D8DCC48C6C54C,Akbar Khan,whatsapp-number-2,62917110190266@lid,Akbar Khan,2026-04-27T23:03:46.000Z,+923099351940,true,chat,Sure. I have zero meetings tomorrow,Sure. I have zero meetings tomorrow,,true
mcp_whatsapp_number_2_false_62917110190266_lid_ac0f020517c6fbacb026595245564bbd,false_62917110190266@lid_AC0F020517C6FBACB026595245564BBD,Akbar Khan,whatsapp-number-2,62917110190266@lid,Akbar Khan,2026-04-27T23:05:21.000Z,923334552030,false,chat,"Coolio..will touch base in ze morning / noon . I have to just see nadia off at 9am. Then busy till 4/5. I'll get a final okay from oc. A matter of sorting the ""refreshments"". We see the project prior. Then carry on at mine for a bit. People come and go here too so chilled out.","Coolio..will touch base in ze morning / noon . I have to just see nadia off at 9am. Then busy till 4/5. I'll get a final okay from oc. A matter of sorting the ""refreshments"". We see the project prior. Then carry on at mine for a bit. People come and go here too so chilled out.",,true
mcp_whatsapp_number_2_true_62917110190266_lid_acd00929237da4753f1fbaf22149a1cb,true_62917110190266@lid_ACD00929237DA4753F1FBAF22149A1CB,Akbar Khan,whatsapp-number-2,62917110190266@lid,Akbar Khan,2026-04-28T01:46:17.000Z,+923099351940,true,chat,Sure. I didnt get whiskey yet but other refreshments sorted,Sure. I didnt get whiskey yet but other refreshments sorted,,true
mcp_whatsapp_number_2_true_62917110190266_lid_ac1306828e7ddaf93b961be7d392cdca,true_62917110190266@lid_AC1306828E7DDAF93B961BE7D392CDCA,Akbar Khan,whatsapp-number-2,62917110190266@lid,Akbar Khan,2026-04-28T01:46:51.000Z,+923099351940,true,chat,Sounds like here at 6ish?,Sounds like here at 6ish?,,true
mcp_whatsapp_number_2_false_62917110190266_lid_ac855fa263fab698db9af4777472d0df,false_62917110190266@lid_AC855FA263FAB698DB9AF4777472D0DF,Akbar Khan,whatsapp-number-2,62917110190266@lid,Akbar Khan,2026-04-28T02:45:51.000Z,923334552030,false,chat,Yeah that's what I'm aiming for.,Yeah that's what I'm aiming for.,,true
mcp_whatsapp_number_2_true_62917110190266_lid_accefa21ff11e85bd2c05a22da04fa7c,true_62917110190266@lid_ACCEFA21FF11E85BD2C05A22DA04FA7C,Akbar Khan,whatsapp-number-2,62917110190266@lid,Akbar Khan,2026-04-28T16:17:47.000Z,+923099351940,true,chat,https://www.instagram.com/lulu4dogs?igsh=Y3ViMjMxMDg5bnJu,https://www.instagram.com/lulu4dogs?igsh=Y3ViMjMxMDg5bnJu,,true
mcp_whatsapp_number_2_false_62917110190266_lid_acf79b6ecce0736f85359b9cd0463a0c,false_62917110190266@lid_ACF79B6ECCE0736F85359B9CD0463A0C,Akbar Khan,whatsapp-number-2,62917110190266@lid,Akbar Khan,2026-04-28T20:47:17.000Z,923334552030,false,chat,"Sorry about tin tin.
And I hope u follow through on the mandate I put forward. My kind request.",Sorry about tin tin. And I hope u follow through on the mandate I put forward. My kind request.,,true
mcp_whatsapp_number_2_false_62917110190266_lid_ac87d2625977df339127381649b4504d,false_62917110190266@lid_AC87D2625977DF339127381649B4504D,Akbar Khan,whatsapp-number-2,62917110190266@lid,Akbar Khan,2026-04-28T20:47:48.000Z,923334552030,false,chat,Just be cool. Put it on the dog which is true. And bounce. Get some rest.,Just be cool. Put it on the dog which is true. And bounce. Get some rest.,,true
mcp_whatsapp_number_2_false_62917110190266_lid_ac03cbf14393cdfc03301a8032c193fa,false_62917110190266@lid_AC03CBF14393CDFC03301A8032C193FA,Akbar Khan,whatsapp-number-2,62917110190266@lid,Akbar Khan,2026-04-28T20:47:55.000Z,923334552030,false,chat,No conversation. Nothing.,No conversation. Nothing.,,true
mcp_whatsapp_number_2_false_62917110190266_lid_aca859e53085da98fef4033d9c9493aa,false_62917110190266@lid_ACA859E53085DA98FEF4033D9C9493AA,Akbar Khan,whatsapp-number-2,62917110190266@lid,Akbar Khan,2026-04-28T20:48:04.000Z,923334552030,false,chat,Depending on that,Depending on that,,true
mcp_whatsapp_number_2_false_62917110190266_lid_ac61b111d2b678c67c2b447328b2cf88,false_62917110190266@lid_AC61B111D2B678C67C2B447328B2CF88,Akbar Khan,whatsapp-number-2,62917110190266@lid,Akbar Khan,2026-04-28T20:50:53.000Z,923334552030,false,chat,It's almost 2 fucking am. This is on me. Just hold my back. Ur not urself. Just think of me and be cool yo. Apologize . Don't say nothing. Get to bed. Thats my request . Plz,It's almost 2 fucking am. This is on me. Just hold my back. Ur not urself. Just think of me and be cool yo. Apologize . Don't say nothing. Get to bed. Thats my request . Plz,,true
mcp_whatsapp_number_2_true_62917110190266_lid_ac11c6176e4abcc030be0d68a0861cfc,true_62917110190266@lid_AC11C6176E4ABCC030BE0D68A0861CFC,Akbar Khan,whatsapp-number-2,62917110190266@lid,Akbar Khan,2026-04-28T20:51:29.000Z,+923099351940,true,chat,"It was a great night. Thanks a lot. No, no isssues at all","It was a great night. Thanks a lot. No, no isssues at all",,true
mcp_whatsapp_number_2_false_62917110190266_lid_acab9fdf1afda957a42dc7c33f399537,false_62917110190266@lid_ACAB9FDF1AFDA957A42DC7C33F399537,Akbar Khan,whatsapp-number-2,62917110190266@lid,Akbar Khan,2026-04-28T20:52:57.000Z,923334552030,false,chat,Always. Just hold my back. Show her these things mean nothing. The timing got way late. But I want her to see it we are capable of an apology and decency . Nothing else to do. And she's right.,Always. Just hold my back. Show her these things mean nothing. The timing got way late. But I want her to see it we are capable of an apology and decency . Nothing else to do. And she's right.,,true
mcp_whatsapp_number_2_false_62917110190266_lid_ac223930c1bf47270018e9a2a7e48cbb,false_62917110190266@lid_AC223930C1BF47270018E9A2A7E48CBB,Akbar Khan,whatsapp-number-2,62917110190266@lid,Akbar Khan,2026-04-28T20:53:38.000Z,923334552030,false,chat,The people who love me most do the same. Seems like a burden. Till the day or isn't there.,The people who love me most do the same. Seems like a burden. Till the day or isn't there.,,true
mcp_whatsapp_number_2_false_62917110190266_lid_ac05b94ddf743a7f04e3e0570a8fa610,false_62917110190266@lid_AC05B94DDF743A7F04E3E0570A8FA610,Akbar Khan,whatsapp-number-2,62917110190266@lid,Akbar Khan,2026-04-28T20:54:17.000Z,923334552030,false,chat,Hold my back. We are crazy late. Just say ur sorry. Be cool. Give her a hug if that's a thing. And then retire.,Hold my back. We are crazy late. Just say ur sorry. Be cool. Give her a hug if that's a thing. And then retire.,,true
mcp_whatsapp_number_2_false_62917110190266_lid_ace70e606291d3faaa5d6fe6f23c275b,false_62917110190266@lid_ACE70E606291D3FAAA5D6FE6F23C275B,Akbar Khan,whatsapp-number-2,62917110190266@lid,Akbar Khan,2026-04-28T20:55:30.000Z,923334552030,false,chat,She's scared as fuck thinking she will see someone regressing or a monster. U aren't. Takes balls to fight ignorance. I respect her for that. Just... Hold my back . She's right,She's scared as fuck thinking she will see someone regressing or a monster. U aren't. Takes balls to fight ignorance. I respect her for that. Just... Hold my back . She's right,,true
mcp_whatsapp_number_2_false_62917110190266_lid_ace72e5210708d181bd52413107e91f5,false_62917110190266@lid_ACE72E5210708D181BD52413107E91F5,Akbar Khan,whatsapp-number-2,62917110190266@lid,Akbar Khan,2026-04-28T20:55:54.000Z,923334552030,false,chat,Down to the terms of engagement . That's u. Given u the script.,Down to the terms of engagement . That's u. Given u the script.,,true
mcp_whatsapp_number_2_false_62917110190266_lid_aceaaeba8197cc9a8bf985bc45a21f3b,false_62917110190266@lid_ACEAAEBA8197CC9A8BF985BC45A21F3B,Akbar Khan,whatsapp-number-2,62917110190266@lid,Akbar Khan,2026-04-28T20:56:42.000Z,923334552030,false,chat,This whole living with the parents situation. .. even if I try to esacape it. They are right. And mean the best.,This whole living with the parents situation. .. even if I try to esacape it. They are right. And mean the best.,,true
mcp_whatsapp_number_2_true_62917110190266_lid_ac57eaf735751d3bbdc61cc1336fae4d,true_62917110190266@lid_AC57EAF735751D3BBDC61CC1336FAE4D,Akbar Khan,whatsapp-number-2,62917110190266@lid,Akbar Khan,2026-04-28T20:57:57.000Z,+923099351940,true,chat,Well i had a wonderful evening thankyou and looks like a made a useful contact,Well i had a wonderful evening thankyou and looks like a made a useful contact,,true
mcp_whatsapp_number_2_true_62917110190266_lid_acceac8f3bffe1d429521cdfe19807fd,true_62917110190266@lid_ACCEAC8F3BFFE1D429521CDFE19807FD,Akbar Khan,whatsapp-number-2,62917110190266@lid,Akbar Khan,2026-04-28T20:59:14.000Z,+923099351940,true,chat,The rest just seems like noise. Lets not encourage it,The rest just seems like noise. Lets not encourage it,,true
mcp_whatsapp_number_2_true_62917110190266_lid_ac468c642aeff061d16b7a61dae944ce,true_62917110190266@lid_AC468C642AEFF061D16B7A61DAE944CE,Akbar Khan,whatsapp-number-2,62917110190266@lid,Akbar Khan,2026-04-28T21:00:09.000Z,+923099351940,true,chat,Nabeel says thanks for giving him crabs,Nabeel says thanks for giving him crabs,,true
mcp_whatsapp_number_2_false_62917110190266_lid_aca3c30b49533a156009eea2ffa8fa27,false_62917110190266@lid_ACA3C30B49533A156009EEA2FFA8FA27,Akbar Khan,whatsapp-number-2,62917110190266@lid,Akbar Khan,2026-04-28T21:03:04.000Z,923334552030,false,chat,"Always.
Family front first.
I'm going get raped for all of it. If u come through better then ""expected"". I'm vindicated. Just help me with that","Always. Family front first. I'm going get raped for all of it. If u come through better then ""expected"". I'm vindicated. Just help me with that",,true
mcp_whatsapp_number_2_false_62917110190266_lid_ac9d9fafeb303a34c3ff2dab7caf01ea,false_62917110190266@lid_AC9D9FAFEB303A34C3FF2DAB7CAF01EA,Akbar Khan,whatsapp-number-2,62917110190266@lid,Akbar Khan,2026-04-28T21:03:12.000Z,923334552030,false,chat,The rest is all easy street.,The rest is all easy street.,,true
mcp_whatsapp_number_2_true_62917110190266_lid_aca16fd0ba8da32bb233429e89b955ac,true_62917110190266@lid_ACA16FD0BA8DA32BB233429E89B955AC,Akbar Khan,whatsapp-number-2,62917110190266@lid,Akbar Khan,2026-04-28T21:03:50.000Z,+923099351940,true,chat,No idea what you mean,No idea what you mean,,true
mcp_whatsapp_number_2_true_62917110190266_lid_ac56c37608d70a7f3fa1cc34a4a81e6f,true_62917110190266@lid_AC56C37608D70A7F3FA1CC34A4A81E6F,Akbar Khan,whatsapp-number-2,62917110190266@lid,Akbar Khan,2026-04-28T21:03:58.000Z,+923099351940,true,chat,Im home,Im home,,true
mcp_whatsapp_number_2_false_62917110190266_lid_ac64ca04a47e993652670e1aefc360b5,false_62917110190266@lid_AC64CA04A47E993652670E1AEFC360B5,Akbar Khan,whatsapp-number-2,62917110190266@lid,Akbar Khan,2026-04-28T21:03:59.000Z,923334552030,false,chat,Again. I WISH. I had someone who gave a fuck enough about me to challenge her own brother.   The way it happens. Yes. Debatable. She loves u. And that makes me happy,Again. I WISH. I had someone who gave a fuck enough about me to challenge her own brother. The way it happens. Yes. Debatable. She loves u. And that makes me happy,,true
mcp_whatsapp_number_2_true_62917110190266_lid_ace59931857b1fc162cfc7d7022347f1,true_62917110190266@lid_ACE59931857B1FC162CFC7D7022347F1,Akbar Khan,whatsapp-number-2,62917110190266@lid,Akbar Khan,2026-04-28T21:04:52.000Z,+923099351940,true,chat,Back checking my work after an evening i know you spent a lot of effort to contrive to help with my project,Back checking my work after an evening i know you spent a lot of effort to contrive to help with my project,,true
mcp_whatsapp_number_2_true_62917110190266_lid_aca5d6e1b23ed5528ef8724acf6a31a7,true_62917110190266@lid_ACA5D6E1B23ED5528EF8724ACF6A31A7,Akbar Khan,whatsapp-number-2,62917110190266@lid,Akbar Khan,2026-04-28T21:05:22.000Z,+923099351940,true,chat,Thanks. No issues here,Thanks. No issues here,,true
mcp_whatsapp_number_2_false_62917110190266_lid_ac03c9a7f420b8cff46619207880c9be,false_62917110190266@lid_AC03C9A7F420B8CFF46619207880C9BE,Akbar Khan,whatsapp-number-2,62917110190266@lid,Akbar Khan,2026-04-28T21:05:25.000Z,923334552030,false,chat,Fuck off.,Fuck off.,,true
mcp_whatsapp_number_2_false_62917110190266_lid_aca84d43271764a8cffa076a4f14d8a2,false_62917110190266@lid_ACA84D43271764A8CFFA076A4F14D8A2,Akbar Khan,whatsapp-number-2,62917110190266@lid,Akbar Khan,2026-04-28T21:05:33.000Z,923334552030,false,chat,Love u brother David,Love u brother David,,true
mcp_whatsapp_number_2_true_62917110190266_lid_ac184cd094b754b415ec7c2b0f3de2b3,true_62917110190266@lid_AC184CD094B754B415EC7C2B0F3DE2B3,Akbar Khan,whatsapp-number-2,62917110190266@lid,Akbar Khan,2026-04-28T21:05:50.000Z,+923099351940,true,chat,"You too, you massive cunt","You too, you massive cunt",,true
mcp_whatsapp_number_2_false_62917110190266_lid_ac1f17a0a135fce9a0f45fcca65e83f1,false_62917110190266@lid_AC1F17A0A135FCE9A0F45FCCA65E83F1,Akbar Khan,whatsapp-number-2,62917110190266@lid,Akbar Khan,2026-04-28T21:06:08.000Z,923334552030,false,chat,Hahhahahajaj,Hahhahahajaj,,true
mcp_whatsapp_number_2_false_62917110190266_lid_acfd2139578018a143729aecea4446ef,false_62917110190266@lid_ACFD2139578018A143729AECEA4446EF,Akbar Khan,whatsapp-number-2,62917110190266@lid,Akbar Khan,2026-04-28T21:06:19.000Z,923334552030,false,chat,Fucking Ahmed is asleep in my bed man,Fucking Ahmed is asleep in my bed man,,true
mcp_whatsapp_number_2_true_62917110190266_lid_ace6ab9e2184e9611e80a7379fc0daa8,true_62917110190266@lid_ACE6AB9E2184E9611E80A7379FC0DAA8,Akbar Khan,whatsapp-number-2,62917110190266@lid,Akbar Khan,2026-04-28T21:06:25.000Z,+923099351940,true,chat,Haha,Haha,,true
mcp_whatsapp_number_2_true_62917110190266_lid_ac421594ec12c8972612488cbd824863,true_62917110190266@lid_AC421594EC12C8972612488CBD824863,Akbar Khan,whatsapp-number-2,62917110190266@lid,Akbar Khan,2026-04-28T21:06:36.000Z,+923099351940,true,chat,Ive only been round twice,Ive only been round twice,,true
mcp_whatsapp_number_2_true_62917110190266_lid_ac1850210e428b76e51db6c46ca2d7cf,true_62917110190266@lid_AC1850210E428B76E51DB6C46CA2D7CF,Akbar Khan,whatsapp-number-2,62917110190266@lid,Akbar Khan,2026-04-28T21:06:43.000Z,+923099351940,true,chat,Did the same bothe times,Did the same bothe times,,true
mcp_whatsapp_number_2_false_62917110190266_lid_ac9b4d94969d017f70fe8ea6ce17204c,false_62917110190266@lid_AC9B4D94969D017F70FE8EA6CE17204C,Akbar Khan,whatsapp-number-2,62917110190266@lid,Akbar Khan,2026-04-28T21:07:04.000Z,923334552030,false,chat,Love that guy. But his family as already reached out to me to help him. He's going through an ugly divorce.,Love that guy. But his family as already reached out to me to help him. He's going through an ugly divorce.,,true
mcp_whatsapp_number_2_false_62917110190266_lid_acc9ad6d1bb0d16d0dabe3a986476045,false_62917110190266@lid_ACC9AD6D1BB0D16D0DABE3A986476045,Akbar Khan,whatsapp-number-2,62917110190266@lid,Akbar Khan,2026-04-28T21:07:29.000Z,923334552030,false,chat,Anyhow. I think I've been through alot more. He's a good egg.,Anyhow. I think I've been through alot more. He's a good egg.,,true
mcp_whatsapp_number_2_false_62917110190266_lid_ac4ac2dba161fd866622775f59f01ee9,false_62917110190266@lid_AC4AC2DBA161FD866622775F59F01EE9,Akbar Khan,whatsapp-number-2,62917110190266@lid,Akbar Khan,2026-04-28T21:07:36.000Z,923334552030,false,chat,I'll sort him out,I'll sort him out,,true
mcp_whatsapp_number_2_true_62917110190266_lid_ac5dfd087ef9c6e3cf245626ef335e2c,true_62917110190266@lid_AC5DFD087EF9C6E3CF245626EF335E2C,Akbar Khan,whatsapp-number-2,62917110190266@lid,Akbar Khan,2026-04-28T21:07:37.000Z,+923099351940,true,chat,"Well apparently samar is reaching out to him to help me, so i must be fuckes","Well apparently samar is reaching out to him to help me, so i must be fuckes",,true
mcp_whatsapp_number_2_false_62917110190266_lid_ac76428667cf682f08fa7477e4cfa773,false_62917110190266@lid_AC76428667CF682F08FA7477E4CFA773,Akbar Khan,whatsapp-number-2,62917110190266@lid,Akbar Khan,2026-04-28T21:08:15.000Z,923334552030,false,chat,I don't agree with samars version of communication. But I can promise u. She means well. So do u.,I don't agree with samars version of communication. But I can promise u. She means well. So do u.,,true
mcp_whatsapp_number_2_true_62917110190266_lid_ac05954d8d49aa5ccb262ec6e41f094e,true_62917110190266@lid_AC05954D8D49AA5CCB262EC6E41F094E,Akbar Khan,whatsapp-number-2,62917110190266@lid,Akbar Khan,2026-04-28T21:09:23.000Z,+923099351940,true,chat,"I'm not trying to blame someone for who they are. Anyway, had a really nice time thanks","I'm not trying to blame someone for who they are. Anyway, had a really nice time thanks",,true
mcp_whatsapp_number_2_false_62917110190266_lid_ac03205f327f3259a8a09f455d5f76df,false_62917110190266@lid_AC03205F327F3259A8A09F455D5F76DF,Akbar Khan,whatsapp-number-2,62917110190266@lid,Akbar Khan,2026-04-28T21:21:46.000Z,923334552030,false,chat,"That's deep. Just trust the script.

""Sorry I was late""
Blame it on me. The dog and a bad decision to open that door and I was inside. Either way. All on me. The nurse came. The injections and so on. Usually that's a 2 to 5 hr affair. We might have been done in 1 hr.","That's deep. Just trust the script. ""Sorry I was late"" Blame it on me. The dog and a bad decision to open that door and I was inside. Either way. All on me. The nurse came. The injections and so on. Usually that's a 2 to 5 hr affair. We might have been done in 1 hr.",door,true
mcp_whatsapp_number_2_false_62917110190266_lid_ac1584dbb539a14144c19343eaa64d25,false_62917110190266@lid_AC1584DBB539A14144C19343EAA64D25,Akbar Khan,whatsapp-number-2,62917110190266@lid,Akbar Khan,2026-04-28T21:22:20.000Z,923334552030,false,chat,For all else. This whole evening was about fucking oc showing up. He came at fucking 10;30pm,For all else. This whole evening was about fucking oc showing up. He came at fucking 10;30pm,,true
mcp_whatsapp_number_2_false_62917110190266_lid_ac6d12550c8893756052fc1f984ae7a9,false_62917110190266@lid_AC6D12550C8893756052FC1F984AE7A9,Akbar Khan,whatsapp-number-2,62917110190266@lid,Akbar Khan,2026-04-28T21:23:55.000Z,923334552030,false,chat,Anyways. The point is. Wives. Nadia always did the same with me. She still does despite not being in the same roof. That's respectable in my books. Samar does a whole lot more. Except. I feel. A controlling. Narrative. .. just be cool. Can't beat cool.,Anyways. The point is. Wives. Nadia always did the same with me. She still does despite not being in the same roof. That's respectable in my books. Samar does a whole lot more. Except. I feel. A controlling. Narrative. .. just be cool. Can't beat cool.,roof,true
mcp_whatsapp_number_2_false_62917110190266_lid_acdbc0fff48ddea6e100ac384a4eb92b,false_62917110190266@lid_ACDBC0FFF48DDEA6E100AC384A4EB92B,Akbar Khan,whatsapp-number-2,62917110190266@lid,Akbar Khan,2026-04-28T21:24:16.000Z,923334552030,false,chat,I'm to blame for tonight . Plain and simple. And my fucking dog hahahahah,I'm to blame for tonight . Plain and simple. And my fucking dog hahahahah,,true
mcp_whatsapp_number_2_false_62917110190266_lid_aceeac3db8f6244d32fc3bd5701164d4,false_62917110190266@lid_ACEEAC3DB8F6244D32FC3BD5701164D4,Akbar Khan,whatsapp-number-2,62917110190266@lid,Akbar Khan,2026-04-28T21:24:42.000Z,923334552030,false,chat,Sorry about that btw. But I tried to lock etc. I don't think u knew there were 2 other exits. I'm so sorry,Sorry about that btw. But I tried to lock etc. I don't think u knew there were 2 other exits. I'm so sorry,,true
mcp_whatsapp_number_2_true_62917110190266_lid_ac25001a725e1d26a34b9ad91f622827,true_62917110190266@lid_AC25001A725E1D26A34B9AD91F622827,Akbar Khan,whatsapp-number-2,62917110190266@lid,Akbar Khan,2026-04-28T21:25:48.000Z,+923099351940,true,chat,Blame?  Not sure what you are talking about,Blame? Not sure what you are talking about,,true
mcp_whatsapp_number_2_true_62917110190266_lid_ac572b374ff7c04afe01bc6115ac1c75,true_62917110190266@lid_AC572B374FF7C04AFE01BC6115AC1C75,Akbar Khan,whatsapp-number-2,62917110190266@lid,Akbar Khan,2026-04-28T21:26:14.000Z,+923099351940,true,chat,Well. Your dog could be less bitey,Well. Your dog could be less bitey,,true
mcp_whatsapp_number_2_false_62917110190266_lid_ac2f0469c154972745c729e8758d7efc,false_62917110190266@lid_AC2F0469C154972745C729E8758D7EFC,Akbar Khan,whatsapp-number-2,62917110190266@lid,Akbar Khan,2026-04-28T21:26:24.000Z,923334552030,false,chat,Man she put it all on me. Ergo blame on me. And she's right. Look at the fucking time.,Man she put it all on me. Ergo blame on me. And she's right. Look at the fucking time.,,true
mcp_whatsapp_number_2_true_62917110190266_lid_ac9aa68bb091081cda2c6e7f45fd97c5,true_62917110190266@lid_AC9AA68BB091081CDA2C6E7F45FD97C5,Akbar Khan,whatsapp-number-2,62917110190266@lid,Akbar Khan,2026-04-28T21:26:34.000Z,+923099351940,true,chat,Sorry what?,Sorry what?,,true
mcp_whatsapp_number_2_true_62917110190266_lid_aca4912f5db39f16676b5364ea4ffb03,true_62917110190266@lid_ACA4912F5DB39F16676B5364EA4FFB03,Akbar Khan,whatsapp-number-2,62917110190266@lid,Akbar Khan,2026-04-28T21:26:48.000Z,+923099351940,true,chat,We all did as we said we would,We all did as we said we would,,true
mcp_whatsapp_number_2_true_62917110190266_lid_ac2bbe5a8b3fd24eb594b618f576d8b4,true_62917110190266@lid_AC2BBE5A8B3FD24EB594B618F576D8B4,Akbar Khan,whatsapp-number-2,62917110190266@lid,Akbar Khan,2026-04-28T21:26:58.000Z,+923099351940,true,chat,"Lateness due to your friend, but ok","Lateness due to your friend, but ok",,true
mcp_whatsapp_number_2_false_62917110190266_lid_ac8e8e89f3157d996538ce7aae046306,false_62917110190266@lid_AC8E8E89F3157D996538CE7AAE046306,Akbar Khan,whatsapp-number-2,62917110190266@lid,Akbar Khan,2026-04-28T21:27:26.000Z,923334552030,false,chat,Lol unlikely. I call him in at there hours. I totally manhandle him. He's very gentle with me.  But like I said. It's just me and fiaz,Lol unlikely. I call him in at there hours. I totally manhandle him. He's very gentle with me. But like I said. It's just me and fiaz,,true
mcp_whatsapp_number_2_true_62917110190266_lid_ac01d013e5967ee1b67c6da54147c700,true_62917110190266@lid_AC01D013E5967EE1B67C6DA54147C700,Akbar Khan,whatsapp-number-2,62917110190266@lid,Akbar Khan,2026-04-28T21:27:30.000Z,+923099351940,true,chat,I worked until 8am last night,I worked until 8am last night,,true
mcp_whatsapp_number_2_true_62917110190266_lid_ac4ecbc16f19d87478fa6d168a055f47,true_62917110190266@lid_AC4ECBC16F19D87478FA6D168A055F47,Akbar Khan,whatsapp-number-2,62917110190266@lid,Akbar Khan,2026-04-28T21:27:46.000Z,+923099351940,true,chat,This is nowhere near late,This is nowhere near late,,true
mcp_whatsapp_number_2_false_62917110190266_lid_ac6fadbebcd59963376da195c6bcbd2c,false_62917110190266@lid_AC6FADBEBCD59963376DA195C6BCBD2C,Akbar Khan,whatsapp-number-2,62917110190266@lid,Akbar Khan,2026-04-28T21:28:04.000Z,923334552030,false,chat,I haven't slept since day before. Doesn't matter. I'd want someone to keep me in check.,I haven't slept since day before. Doesn't matter. I'd want someone to keep me in check.,,true
mcp_whatsapp_number_2_true_62917110190266_lid_acffe660fd32da97e96534466fe8a550,true_62917110190266@lid_ACFFE660FD32DA97E96534466FE8A550,Akbar Khan,whatsapp-number-2,62917110190266@lid,Akbar Khan,2026-04-28T21:28:08.000Z,+923099351940,true,chat,In fact i came home and am working now,In fact i came home and am working now,,true
mcp_whatsapp_number_2_true_62917110190266_lid_acd2713eb88f8f4049662387d9ca16ba,true_62917110190266@lid_ACD2713EB88F8F4049662387D9CA16BA,Akbar Khan,whatsapp-number-2,62917110190266@lid,Akbar Khan,2026-04-28T21:28:26.000Z,+923099351940,true,chat,I do double days often,I do double days often,,true
mcp_whatsapp_number_2_false_62917110190266_lid_ac7345fc8c93395399cb3689d21afaea,false_62917110190266@lid_AC7345FC8C93395399CB3689D21AFAEA,Akbar Khan,whatsapp-number-2,62917110190266@lid,Akbar Khan,2026-04-28T21:28:29.000Z,923334552030,false,chat,I'm also working . I'm on the laptop. Ahmed in my fucking bed lol,I'm also working . I'm on the laptop. Ahmed in my fucking bed lol,,true
mcp_whatsapp_number_2_false_62917110190266_lid_ace17adfd88109df72efc855b1a8311c,false_62917110190266@lid_ACE17ADFD88109DF72EFC855B1A8311C,Akbar Khan,whatsapp-number-2,62917110190266@lid,Akbar Khan,2026-04-28T21:28:43.000Z,923334552030,false,image,,,,true
mcp_whatsapp_number_2_false_62917110190266_lid_ac12ad804be92ef6f94f067f8efbbd43,false_62917110190266@lid_AC12AD804BE92EF6F94F067F8EFBBD43,Akbar Khan,whatsapp-number-2,62917110190266@lid,Akbar Khan,2026-04-28T21:28:44.000Z,923334552030,false,unknown,,,,true
mcp_whatsapp_number_2_false_62917110190266_lid_acf61baa56106ab8534f6280ca375d1a,false_62917110190266@lid_ACF61BAA56106AB8534F6280CA375D1A,Akbar Khan,whatsapp-number-2,62917110190266@lid,Akbar Khan,2026-04-28T21:28:47.000Z,923334552030,false,chat,Wtf hahahhahahha,Wtf hahahhahahha,,true
mcp_whatsapp_number_2_false_62917110190266_lid_ac2a03aafdeb504027c18f312a1de913,false_62917110190266@lid_AC2A03AAFDEB504027C18F312A1DE913,Akbar Khan,whatsapp-number-2,62917110190266@lid,Akbar Khan,2026-04-28T21:28:56.000Z,923334552030,false,chat,Be always does this,Be always does this,,true
mcp_whatsapp_number_2_true_62917110190266_lid_acb1c073c4f280a96d0194c16099a052,true_62917110190266@lid_ACB1C073C4F280A96D0194C16099A052,Akbar Khan,whatsapp-number-2,62917110190266@lid,Akbar Khan,2026-04-28T21:28:56.000Z,+923099351940,true,chat,I just tend to work intensivelt,I just tend to work intensivelt,,true
mcp_whatsapp_number_2_true_62917110190266_lid_ac13dce34c3bf0aae197b6a12cfd0550,true_62917110190266@lid_AC13DCE34C3BF0AAE197B6A12CFD0550,Akbar Khan,whatsapp-number-2,62917110190266@lid,Akbar Khan,2026-04-28T21:29:02.000Z,+923099351940,true,chat,Ffs,Ffs,,true
mcp_whatsapp_number_2_true_62917110190266_lid_ac7ce33364c10940a2a2fd098daeb9f3,true_62917110190266@lid_AC7CE33364C10940A2A2FD098DAEB9F3,Akbar Khan,whatsapp-number-2,62917110190266@lid,Akbar Khan,2026-04-28T21:29:13.000Z,+923099351940,true,chat,How many of you in there?,How many of you in there?,,true
mcp_whatsapp_number_2_false_62917110190266_lid_acc9f71d3e768e5d7505d2a79ab17cd5,false_62917110190266@lid_ACC9F71D3E768E5D7505D2A79AB17CD5,Akbar Khan,whatsapp-number-2,62917110190266@lid,Akbar Khan,2026-04-28T21:29:30.000Z,923334552030,false,chat,Hahhahaha I'm on the laptop. I think best at these hours.,Hahhahaha I'm on the laptop. I think best at these hours.,,true
mcp_whatsapp_number_2_false_62917110190266_lid_acf9670b221baa23f81985e0518368d2,false_62917110190266@lid_ACF9670B221BAA23F81985E0518368D2,Akbar Khan,whatsapp-number-2,62917110190266@lid,Akbar Khan,2026-04-28T21:29:49.000Z,923334552030,false,chat,He's in / on the fucking bed with 2 of my dogs,He's in / on the fucking bed with 2 of my dogs,,true
mcp_whatsapp_number_2_false_62917110190266_lid_ac1028bb627086cb3af3f2eee9f9f531,false_62917110190266@lid_AC1028BB627086CB3AF3F2EEE9F9F531,Akbar Khan,whatsapp-number-2,62917110190266@lid,Akbar Khan,2026-04-28T21:30:09.000Z,923334552030,false,image,,,,true
mcp_whatsapp_number_2_false_62917110190266_lid_acc9580939862b337f0de0fadd6fe235,false_62917110190266@lid_ACC9580939862B337F0DE0FADD6FE235,Akbar Khan,whatsapp-number-2,62917110190266@lid,Akbar Khan,2026-04-28T21:30:11.000Z,923334552030,false,unknown,,,,true
mcp_whatsapp_number_2_false_62917110190266_lid_ac992cc827ab7fa0ef548e43045668cb,false_62917110190266@lid_AC992CC827AB7FA0EF548E43045668CB,Akbar Khan,whatsapp-number-2,62917110190266@lid,Akbar Khan,2026-04-28T21:30:27.000Z,923334552030,false,chat,He's going through a very hard time too. Very ugly divorce,He's going through a very hard time too. Very ugly divorce,,true
mcp_whatsapp_number_2_false_62917110190266_lid_ace84003d712f9918fe3dc743a42b26f,false_62917110190266@lid_ACE84003D712F9918FE3DC743A42B26F,Akbar Khan,whatsapp-number-2,62917110190266@lid,Akbar Khan,2026-04-28T21:30:44.000Z,923334552030,false,chat,Not my place to say. But this house is always open for him,Not my place to say. But this house is always open for him,,true
mcp_whatsapp_number_2_true_62917110190266_lid_ac90d3a0c9b8711d002a505f4a679384,true_62917110190266@lid_AC90D3A0C9B8711D002A505F4A679384,Akbar Khan,whatsapp-number-2,62917110190266@lid,Akbar Khan,2026-04-28T21:31:00.000Z,+923099351940,true,chat,"Ah.  Yes, everyone has things going on","Ah. Yes, everyone has things going on",,true
mcp_whatsapp_number_2_false_62917110190266_lid_ace4752181d8ec85ccf3e0609df2950f,false_62917110190266@lid_ACE4752181D8EC85CCF3E0609DF2950F,Akbar Khan,whatsapp-number-2,62917110190266@lid,Akbar Khan,2026-04-28T21:31:07.000Z,923334552030,false,chat,But when nadia is back. (Very on the cards) . Closed house,But when nadia is back. (Very on the cards) . Closed house,,true
mcp_whatsapp_number_2_false_62917110190266_lid_accef04e2bde590226819249b194af35,false_62917110190266@lid_ACCEF04E2BDE590226819249B194AF35,Akbar Khan,whatsapp-number-2,62917110190266@lid,Akbar Khan,2026-04-28T21:31:15.000Z,923334552030,false,chat,Yup.,Yup.,,true
mcp_whatsapp_number_2_true_62917110190266_lid_ac44861006719cf3adf0df0fb510a5e2,true_62917110190266@lid_AC44861006719CF3ADF0DF0FB510A5E2,Akbar Khan,whatsapp-number-2,62917110190266@lid,Akbar Khan,2026-04-28T21:31:34.000Z,+923099351940,true,chat,Yeah. We should talk through all this,Yeah. We should talk through all this,,true
mcp_whatsapp_number_2_false_62917110190266_lid_ac0541b509eb904b92e9f3d0df042f40,false_62917110190266@lid_AC0541B509EB904B92E9F3D0DF042F40,Akbar Khan,whatsapp-number-2,62917110190266@lid,Akbar Khan,2026-04-28T21:31:40.000Z,923334552030,false,chat,I feel the idea is to just... Be good. Be respectful. Put ones ego aside.,I feel the idea is to just... Be good. Be respectful. Put ones ego aside.,,true
mcp_whatsapp_number_2_false_62917110190266_lid_accaf9cc99e384697127d50ed6cd1b5e,false_62917110190266@lid_ACCAF9CC99E384697127D50ED6CD1B5E,Akbar Khan,whatsapp-number-2,62917110190266@lid,Akbar Khan,2026-04-28T21:31:55.000Z,923334552030,false,chat,Any time . I'd want ur wisdom,Any time . I'd want ur wisdom,,true
mcp_whatsapp_number_2_true_62917110190266_lid_ac9f491e5c7ade8e387fe1249f3967c4,true_62917110190266@lid_AC9F491E5C7ADE8E387FE1249F3967C4,Akbar Khan,whatsapp-number-2,62917110190266@lid,Akbar Khan,2026-04-28T21:31:56.000Z,+923099351940,true,chat,"Nornally i am totally hands off, lwt people do what they want","Nornally i am totally hands off, lwt people do what they want",,true
mcp_whatsapp_number_2_false_62917110190266_lid_ace641c8edcdfca925622ab6a01c49d9,false_62917110190266@lid_ACE641C8EDCDFCA925622AB6A01C49D9,Akbar Khan,whatsapp-number-2,62917110190266@lid,Akbar Khan,2026-04-28T21:32:12.000Z,923334552030,false,chat,No. I don't think that works.,No. I don't think that works.,,true
mcp_whatsapp_number_2_true_62917110190266_lid_ac6226aeadf92c1bb9a3d1588b052437,true_62917110190266@lid_AC6226AEADF92C1BB9A3D1588B052437,Akbar Khan,whatsapp-number-2,62917110190266@lid,Akbar Khan,2026-04-28T21:32:18.000Z,+923099351940,true,chat,Simply want to talk through with you,Simply want to talk through with you,,true
mcp_whatsapp_number_2_false_62917110190266_lid_acd05830b6f7fbfb77ba7eeeb7b32ae6,false_62917110190266@lid_ACD05830B6F7FBFB77BA7EEEB7B32AE6,Akbar Khan,whatsapp-number-2,62917110190266@lid,Akbar Khan,2026-04-28T21:32:30.000Z,923334552030,false,chat,Terms need to be in place. In comfort. In logic,Terms need to be in place. In comfort. In logic,,true
mcp_whatsapp_number_2_false_62917110190266_lid_ac99182586faaa4e8878952c7b0a651b,false_62917110190266@lid_AC99182586FAAA4E8878952C7B0A651B,Akbar Khan,whatsapp-number-2,62917110190266@lid,Akbar Khan,2026-04-28T21:32:41.000Z,923334552030,false,chat,Any time brother David,Any time brother David,,true
mcp_whatsapp_number_2_false_62917110190266_lid_ac25b2653f51fbacd119ff07cb31a949,false_62917110190266@lid_AC25B2653F51FBACD119FF07CB31A949,Akbar Khan,whatsapp-number-2,62917110190266@lid,Akbar Khan,2026-04-28T21:32:50.000Z,923334552030,false,chat,Come tomorrow if u like,Come tomorrow if u like,,true
mcp_whatsapp_number_2_false_62917110190266_lid_acc2944cfba689ad0f79e08077c90e7d,false_62917110190266@lid_ACC2944CFBA689AD0F79E08077C90E7D,Akbar Khan,whatsapp-number-2,62917110190266@lid,Akbar Khan,2026-04-28T21:33:09.000Z,923334552030,false,chat,I haven't slept for sound reasons since day before. When I wake,I haven't slept for sound reasons since day before. When I wake,,true
mcp_whatsapp_number_2_false_62917110190266_lid_ac874e305621853ade66c51fef2b4f4e,false_62917110190266@lid_AC874E305621853ADE66C51FEF2B4F4E,Akbar Khan,whatsapp-number-2,62917110190266@lid,Akbar Khan,2026-04-28T21:33:14.000Z,923334552030,false,chat,Come have breakfast.,Come have breakfast.,,true
mcp_whatsapp_number_2_false_62917110190266_lid_acdd76e68a569dca19a46b9e68055798,false_62917110190266@lid_ACDD76E68A569DCA19A46B9E68055798,Akbar Khan,whatsapp-number-2,62917110190266@lid,Akbar Khan,2026-04-28T21:33:44.000Z,923334552030,false,chat,Fucking I want a full English breakfast. Beans and all. it's all in the fridge and I've taught fiaz all of it,Fucking I want a full English breakfast. Beans and all. it's all in the fridge and I've taught fiaz all of it,,true
mcp_whatsapp_number_2_false_62917110190266_lid_ac0355f1e51d6b1a70e95c67376a2a85,false_62917110190266@lid_AC0355F1E51D6B1A70E95C67376A2A85,Akbar Khan,whatsapp-number-2,62917110190266@lid,Akbar Khan,2026-04-28T21:34:20.000Z,923334552030,false,chat,Ur always.. always . Welcome. This is ur house also . Don't forget that . Open doors,Ur always.. always . Welcome. This is ur house also . Don't forget that . Open doors,,true
mcp_whatsapp_number_2_true_62917110190266_lid_acc9b02b286502fcfa046bc30f269b8c,true_62917110190266@lid_ACC9B02B286502FCFA046BC30F269B8C,Akbar Khan,whatsapp-number-2,62917110190266@lid,Akbar Khan,2026-04-28T21:34:20.000Z,+923099351940,true,chat,"Yeah, ok probably thats fine,  but - dont you think if Ahmed wasnt snoring next to you, you would sleep better?","Yeah, ok probably thats fine, but - dont you think if Ahmed wasnt snoring next to you, you would sleep better?",,true
mcp_whatsapp_number_2_true_62917110190266_lid_ac908699de29cfcf912868289bd169ea,true_62917110190266@lid_AC908699DE29CFCF912868289BD169EA,Akbar Khan,whatsapp-number-2,62917110190266@lid,Akbar Khan,2026-04-28T21:34:26.000Z,+923099351940,true,chat,Oh,Oh,,true
mcp_whatsapp_number_2_true_62917110190266_lid_ac97b803a3930d210c6ebbffa3d39a2e,true_62917110190266@lid_AC97B803A3930D210C6EBBFFA3D39A2E,Akbar Khan,whatsapp-number-2,62917110190266@lid,Akbar Khan,2026-04-28T21:34:29.000Z,+923099351940,true,chat,Yes,Yes,,true
mcp_whatsapp_number_2_true_62917110190266_lid_acb66803794d559b70c86f940d881232,true_62917110190266@lid_ACB66803794D559B70C86F940D881232,Akbar Khan,whatsapp-number-2,62917110190266@lid,Akbar Khan,2026-04-28T21:34:47.000Z,+923099351940,true,chat,But i get up like 1pm,But i get up like 1pm,,true
mcp_whatsapp_number_2_false_62917110190266_lid_ac06dbe4b5f7cd8ea455586370b76cf6,false_62917110190266@lid_AC06DBE4B5F7CD8EA455586370B76CF6,Akbar Khan,whatsapp-number-2,62917110190266@lid,Akbar Khan,2026-04-28T21:34:52.000Z,923334552030,false,chat,Hahhahaha I'm probably going to be on the laptop till morning.,Hahhahaha I'm probably going to be on the laptop till morning.,,true
mcp_whatsapp_number_2_false_62917110190266_lid_ac3c841ff526985d4223e9cbc9494e55,false_62917110190266@lid_AC3C841FF526985D4223E9CBC9494E55,Akbar Khan,whatsapp-number-2,62917110190266@lid,Akbar Khan,2026-04-28T21:35:19.000Z,923334552030,false,chat,When he wakes up he will finish all the crab remainders and ask fiaz or someone to drop him,When he wakes up he will finish all the crab remainders and ask fiaz or someone to drop him,,true
mcp_whatsapp_number_2_true_62917110190266_lid_acd82c3016fd666aeb529871391989a0,true_62917110190266@lid_ACD82C3016FD666AEB529871391989A0,Akbar Khan,whatsapp-number-2,62917110190266@lid,Akbar Khan,2026-04-28T21:35:33.000Z,+923099351940,true,chat,The perfect guest,The perfect guest,,true
mcp_whatsapp_number_2_true_62917110190266_lid_ac6bc51eb756fb4ac430fdad5c76887c,true_62917110190266@lid_AC6BC51EB756FB4AC430FDAD5C76887C,Akbar Khan,whatsapp-number-2,62917110190266@lid,Akbar Khan,2026-04-28T21:36:07.000Z,+923099351940,true,chat,Who needs crab remainders hanging around,Who needs crab remainders hanging around,,true
mcp_whatsapp_number_2_false_62917110190266_lid_ac70716efc69ea54b3c29bf07f43c8c5,false_62917110190266@lid_AC70716EFC69EA54B3C29BF07F43C8C5,Akbar Khan,whatsapp-number-2,62917110190266@lid,Akbar Khan,2026-04-28T21:36:44.000Z,923334552030,false,chat,"I hope I wake up at 1. Pre programmed for 9am. Either way...

I'm thinking beans. Eggs (poached) sausages. Sour dough bread and compound butter and some roasted tomatoes",I hope I wake up at 1. Pre programmed for 9am. Either way... I'm thinking beans. Eggs (poached) sausages. Sour dough bread and compound butter and some roasted tomatoes,,true
mcp_whatsapp_number_2_false_62917110190266_lid_acac1d9dc61f32bbca47aa4c52e2f3fd,false_62917110190266@lid_ACAC1D9DC61F32BBCA47AA4C52E2F3FD,Akbar Khan,whatsapp-number-2,62917110190266@lid,Akbar Khan,2026-04-28T21:37:22.000Z,923334552030,false,chat,Trust me. Ahmed will wake up and eat all of them. He's much like me in that regard. I love sea food,Trust me. Ahmed will wake up and eat all of them. He's much like me in that regard. I love sea food,,true
mcp_whatsapp_number_2_true_62917110190266_lid_acddd623b75affc341992ec5cafb0fcb,true_62917110190266@lid_ACDDD623B75AFFC341992EC5CAFB0FCB,Akbar Khan,whatsapp-number-2,62917110190266@lid,Akbar Khan,2026-04-28T21:37:32.000Z,+923099351940,true,chat,I'm wondering if i can get away as a chinaman to just pork that up a bit,I'm wondering if i can get away as a chinaman to just pork that up a bit,,true
mcp_whatsapp_number_2_true_62917110190266_lid_acd061da60c6062170147667c2e270b0,true_62917110190266@lid_ACD061DA60C6062170147667C2E270B0,Akbar Khan,whatsapp-number-2,62917110190266@lid,Akbar Khan,2026-04-28T21:37:57.000Z,+923099351940,true,chat,Bacon,Bacon,,true
mcp_whatsapp_number_2_true_62917110190266_lid_ace3225249bde31eb63361530168b86e,true_62917110190266@lid_ACE3225249BDE31EB63361530168B86E,Akbar Khan,whatsapp-number-2,62917110190266@lid,Akbar Khan,2026-04-28T21:38:03.000Z,+923099351940,true,chat,Sausage,Sausage,,true
mcp_whatsapp_number_2_true_62917110190266_lid_accdbc1e8e20dcf9a015580a9e57ed6c,true_62917110190266@lid_ACCDBC1E8E20DCF9A015580A9E57ED6C,Akbar Khan,whatsapp-number-2,62917110190266@lid,Akbar Khan,2026-04-28T21:38:12.000Z,+923099351940,true,chat,Black pudding,Black pudding,,true
mcp_whatsapp_number_2_true_62917110190266_lid_acf72025042db612a6c39a085bebea81,true_62917110190266@lid_ACF72025042DB612A6C39A085BEBEA81,Akbar Khan,whatsapp-number-2,62917110190266@lid,Akbar Khan,2026-04-28T21:38:49.000Z,+923099351940,true,chat,Last time i tried they kicked me out,Last time i tried they kicked me out,,true
mcp_whatsapp_number_2_false_62917110190266_lid_ac0d441a0e44e5ef6b6752004039da99,false_62917110190266@lid_AC0D441A0E44E5EF6B6752004039DA99,Akbar Khan,whatsapp-number-2,62917110190266@lid,Akbar Khan,2026-04-28T21:39:20.000Z,923334552030,false,chat,I have no pork connects. But I think Ahmed has pork breakfast strips at his house. I love fucking pork,I have no pork connects. But I think Ahmed has pork breakfast strips at his house. I love fucking pork,,true
mcp_whatsapp_number_2_true_62917110190266_lid_ace0203e2f7fe19a863b97bb9e0ffe4d,true_62917110190266@lid_ACE0203E2F7FE19A863B97BB9E0FFE4D,Akbar Khan,whatsapp-number-2,62917110190266@lid,Akbar Khan,2026-04-28T21:39:32.000Z,+923099351940,true,chat,Thr chinese have it,Thr chinese have it,,true
mcp_whatsapp_number_2_false_62917110190266_lid_ac58968a6f96120c4c489613a8e406e8,false_62917110190266@lid_AC58968A6F96120C4C489613A8E406E8,Akbar Khan,whatsapp-number-2,62917110190266@lid,Akbar Khan,2026-04-28T21:39:39.000Z,923334552030,false,chat,Black puddinggggg fuck,Black puddinggggg fuck,,true
mcp_whatsapp_number_2_true_62917110190266_lid_accbe06871296f8d4b2da300665d14c8,true_62917110190266@lid_ACCBE06871296F8D4B2DA300665D14C8,Akbar Khan,whatsapp-number-2,62917110190266@lid,Akbar Khan,2026-04-28T21:39:39.000Z,+923099351940,true,chat,At all their little houses,At all their little houses,,true
mcp_whatsapp_number_2_false_62917110190266_lid_acaffefe601a31a18f668e84a99c32b1,false_62917110190266@lid_ACAFFEFE601A31A18F668E84A99C32B1,Akbar Khan,whatsapp-number-2,62917110190266@lid,Akbar Khan,2026-04-28T21:40:02.000Z,923334552030,false,chat,Let's get it. Fuck it. If they have it right. Pork chops,Let's get it. Fuck it. If they have it right. Pork chops,,true
mcp_whatsapp_number_2_true_62917110190266_lid_acff043338f34e757caa6b6b903022d9,true_62917110190266@lid_ACFF043338F34E757CAA6B6B903022D9,Akbar Khan,whatsapp-number-2,62917110190266@lid,Akbar Khan,2026-04-28T21:40:02.000Z,+923099351940,true,chat,Probably not that. But things a lot worse :),Probably not that. But things a lot worse :),,true
mcp_whatsapp_number_2_true_62917110190266_lid_ac48e0c13e873c1e1630cfdcc51694a2,true_62917110190266@lid_AC48E0C13E873C1E1630CFDCC51694A2,Akbar Khan,whatsapp-number-2,62917110190266@lid,Akbar Khan,2026-04-28T21:51:41.000Z,+923099351940,true,image,"On the side, the dog thing was just a couple of scratches. I removed the hyperbole","On the side, the dog thing was just a couple of scratches. I removed the hyperbole",,true
mcp_whatsapp_number_2_true_62917110190266_lid_aca1ac27f7a28feee4ba8c7d3ae59b90,true_62917110190266@lid_ACA1AC27F7A28FEEE4BA8C7D3AE59B90,Akbar Khan,whatsapp-number-2,62917110190266@lid,Akbar Khan,2026-04-28T21:52:17.000Z,+923099351940,true,chat,And fuck my arms up like this pretty much weekly,And fuck my arms up like this pretty much weekly,,true
mcp_whatsapp_number_2_true_62917110190266_lid_ace91f7775c07c7fb01c71785abe2af1,true_62917110190266@lid_ACE91F7775C07C7FB01C71785ABE2AF1,Akbar Khan,whatsapp-number-2,62917110190266@lid,Akbar Khan,2026-04-28T21:54:28.000Z,+923099351940,true,chat,Probably will hardly be noticable by tomorrow,Probably will hardly be noticable by tomorrow,,true
mcp_whatsapp_number_2_false_62917110190266_lid_3b2b8de4e54527d6d221,false_62917110190266@lid_3B2B8DE4E54527D6D221,Akbar Khan,whatsapp-number-2,62917110190266@lid,Akbar Khan,2026-04-28T21:59:21.000Z,923334552030,false,chat,man im so sorry. i asked u guys not to open that door,man im so sorry. i asked u guys not to open that door,door,true
mcp_whatsapp_number_2_false_62917110190266_lid_3b06bec66e12c80a64bd,false_62917110190266@lid_3B06BEC66E12C80A64BD,Akbar Khan,whatsapp-number-2,62917110190266@lid,Akbar Khan,2026-04-28T22:00:13.000Z,923334552030,false,chat,but my fault.,but my fault.,,true
mcp_whatsapp_number_2_false_62917110190266_lid_3bd2f15557663439f399,false_62917110190266@lid_3BD2F15557663439F399,Akbar Khan,whatsapp-number-2,62917110190266@lid,Akbar Khan,2026-04-28T22:00:40.000Z,923334552030,false,chat,this shit will heal fast given your age. … but. avoidable,this shit will heal fast given your age. … but. avoidable,,true
mcp_whatsapp_number_2_true_62917110190266_lid_ac93624f083f1f263c930cdbd5cdcedd,true_62917110190266@lid_AC93624F083F1F263C930CDBD5CDCEDD,Akbar Khan,whatsapp-number-2,62917110190266@lid,Akbar Khan,2026-04-28T22:11:01.000Z,+923099351940,true,chat,Not really. My fault. I misjudged,Not really. My fault. I misjudged,,true
mcp_whatsapp_number_2_true_62917110190266_lid_ac9561a3f162c1ae35ed36a318d532d3,true_62917110190266@lid_AC9561A3F162C1AE35ED36A318D532D3,Akbar Khan,whatsapp-number-2,62917110190266@lid,Akbar Khan,2026-04-28T22:11:31.000Z,+923099351940,true,chat,"Anyway like i say, i fuck myself up like this all the time","Anyway like i say, i fuck myself up like this all the time",,true
mcp_whatsapp_number_2_true_62917110190266_lid_acda452e303e0731f36a7f676a88b527,true_62917110190266@lid_ACDA452E303E0731F36A7F676A88B527,Akbar Khan,whatsapp-number-2,62917110190266@lid,Akbar Khan,2026-04-28T22:11:57.000Z,+923099351940,true,chat,Just leting you know i am minimising this,Just leting you know i am minimising this,,true
mcp_whatsapp_number_2_false_62917110190266_lid_3b4ad4b97ead7d820d61,false_62917110190266@lid_3B4AD4B97EAD7D820D61,Akbar Khan,whatsapp-number-2,62917110190266@lid,Akbar Khan,2026-04-28T22:12:44.000Z,923334552030,false,chat,thats the right path,thats the right path,,true
mcp_whatsapp_number_2_true_62917110190266_lid_ace85cd4fbb9d45c921d75225266a671,true_62917110190266@lid_ACE85CD4FBB9D45C921D75225266A671,Akbar Khan,whatsapp-number-2,62917110190266@lid,Akbar Khan,2026-04-28T22:13:12.000Z,+923099351940,true,chat,Not sure quite how you do it but in am going to try to insta intro you to lulu,Not sure quite how you do it but in am going to try to insta intro you to lulu,,true
mcp_whatsapp_number_2_false_62917110190266_lid_3b418948708da5484efe,false_62917110190266@lid_3B418948708DA5484EFE,Akbar Khan,whatsapp-number-2,62917110190266@lid,Akbar Khan,2026-04-28T22:13:43.000Z,923334552030,false,chat,yeah man. he needs a tutor. or whatever the term is,yeah man. he needs a tutor. or whatever the term is,,true
mcp_whatsapp_number_2_true_62917110190266_lid_acc86cfd7dcbc207513c81cc978ccc1d,true_62917110190266@lid_ACC86CFD7DCBC207513C81CC978CCC1D,Akbar Khan,whatsapp-number-2,62917110190266@lid,Akbar Khan,2026-04-28T22:16:04.000Z,+923099351940,true,chat,As far as i know she is the best. A lot of them just sort of turn up and shout at your dog,As far as i know she is the best. A lot of them just sort of turn up and shout at your dog,,true
mcp_whatsapp_number_2_false_62917110190266_lid_3bd21c6125af92b3ddd0,false_62917110190266@lid_3BD21C6125AF92B3DDD0,Akbar Khan,whatsapp-number-2,62917110190266@lid,Akbar Khan,2026-04-28T22:17:03.000Z,923334552030,false,chat,yes. tin tin is cool when the other is cool . ask my dad.,yes. tin tin is cool when the other is cool . ask my dad.,,true
mcp_whatsapp_number_2_false_62917110190266_lid_3bf11de30e01b10667eb,false_62917110190266@lid_3BF11DE30E01B10667EB,Akbar Khan,whatsapp-number-2,62917110190266@lid,Akbar Khan,2026-04-28T22:17:39.000Z,923334552030,false,chat,but tin tin… if u put ur leg at him etc . he will not back down. never does. never will\,but tin tin… if u put ur leg at him etc . he will not back down. never does. never will\,,true
mcp_whatsapp_number_2_true_62917110190266_lid_ac4617cce1841cac509d0c48e1513648,true_62917110190266@lid_AC4617CCE1841CAC509D0C48E1513648,Akbar Khan,whatsapp-number-2,62917110190266@lid,Akbar Khan,2026-04-28T22:21:09.000Z,+923099351940,true,chat,Yep. All about vibe,Yep. All about vibe,,true
mcp_whatsapp_number_2_true_62917110190266_lid_acf9e33c15324eaf57fa916dac1f29cf,true_62917110190266@lid_ACF9E33C15324EAF57FA916DAC1F29CF,Akbar Khan,whatsapp-number-2,62917110190266@lid,Akbar Khan,2026-04-28T22:21:14.000Z,+923099351940,true,chat,I messaged her,I messaged her,,true
mcp_whatsapp_number_2_true_62917110190266_lid_acc2a5f703ba29226469f943635a13de,true_62917110190266@lid_ACC2A5F703BA29226469F943635A13DE,Akbar Khan,whatsapp-number-2,62917110190266@lid,Akbar Khan,2026-04-28T22:21:41.000Z,+923099351940,true,chat,"That if the is here, can she come once and give some guidance","That if the is here, can she come once and give some guidance",,true
mcp_whatsapp_number_2_true_124176513941598_lid_ac5a92c335176acc652e816982e0d3a2,true_124176513941598@lid_AC5A92C335176ACC652E816982E0D3A2,Oxy Welding,whatsapp-number-2,124176513941598@lid,Oxy Welding,2026-04-29T06:32:41.000Z,+923099351940,true,chat,This was expected last friday. What is the plan?,This was expected last friday. What is the plan?,,true
mcp_whatsapp_number_2_false_124176513941598_lid_3eb09b3d2cb122188ff7b3,false_124176513941598@lid_3EB09B3D2CB122188FF7B3,Oxy Welding,whatsapp-number-2,124176513941598@lid,Oxy Welding,2026-04-29T06:33:01.000Z,124176513941598,false,chat,"Hello I just took update
It will reach by you friday or Saturday max",Hello I just took update It will reach by you friday or Saturday max,,true
mcp_whatsapp_number_2_false_124176513941598_lid_3eb0d9ade520adaf29ebd0,false_124176513941598@lid_3EB0D9ADE520ADAF29EBD0,Oxy Welding,whatsapp-number-2,124176513941598@lid,Oxy Welding,2026-04-29T06:33:16.000Z,124176513941598,false,chat,"As this gas filled from karachi, that is why took time","As this gas filled from karachi, that is why took time",,true
mcp_whatsapp_number_2_true_124176513941598_lid_acf8a6031a5015c868b322dcf4482cf3,true_124176513941598@lid_ACF8A6031A5015C868B322DCF4482CF3,Oxy Welding,whatsapp-number-2,124176513941598@lid,Oxy Welding,2026-04-29T07:29:23.000Z,+923099351940,true,chat,Ok fine. So long as its not been forgotten,Ok fine. So long as its not been forgotten,,true
mcp_whatsapp_number_2_false_124176513941598_lid_3eb0d4c90d14a89d2ee720,false_124176513941598@lid_3EB0D4C90D14A89D2EE720,Oxy Welding,whatsapp-number-2,124176513941598@lid,Oxy Welding,2026-04-29T07:29:57.000Z,124176513941598,false,chat,Obviously not,Obviously not,,true
mcp_whatsapp_number_2_true_62917110190266_lid_acaeb9a4be553e6018c39019792223e2,true_62917110190266@lid_ACAEB9A4BE553E6018C39019792223E2,Akbar Khan,whatsapp-number-2,62917110190266@lid,Akbar Khan,2026-05-02T10:04:35.000Z,+923099351940,true,chat,Just had a couple of hours free. Wondered if you fancied visiting that audio shop near your house,Just had a couple of hours free. Wondered if you fancied visiting that audio shop near your house,,true
mcp_whatsapp_number_2_false_62917110190266_lid_acfd3ba0a877bda3be3f997a298812af,false_62917110190266@lid_ACFD3BA0A877BDA3BE3F997A298812AF,Akbar Khan,whatsapp-number-2,62917110190266@lid,Akbar Khan,2026-05-02T10:05:44.000Z,923334552030,false,chat,"Yo..sorry just calling back.
Man I've got the worst shits .can't be 5 ft away from the loo if that makes sense. Can we do this on Monday ? the rest is also set for Monday. Interior etc.",Yo..sorry just calling back. Man I've got the worst shits .can't be 5 ft away from the loo if that makes sense. Can we do this on Monday ? the rest is also set for Monday. Interior etc.,,true
mcp_whatsapp_number_2_true_62917110190266_lid_ac8f237b271a4a992e39ab98fb5aef8b,true_62917110190266@lid_AC8F237B271A4A992E39AB98FB5AEF8B,Akbar Khan,whatsapp-number-2,62917110190266@lid,Akbar Khan,2026-05-02T10:06:04.000Z,+923099351940,true,chat,Haha. Sounds like my life most of the time,Haha. Sounds like my life most of the time,,true
mcp_whatsapp_number_2_true_62917110190266_lid_ac711d2242469109c10b8970271f02c7,true_62917110190266@lid_AC711D2242469109C10B8970271F02C7,Akbar Khan,whatsapp-number-2,62917110190266@lid,Akbar Khan,2026-05-02T10:06:13.000Z,+923099351940,true,chat,No rush at all,No rush at all,,true
mcp_whatsapp_number_2_true_62917110190266_lid_ac867444674c6d7f96358ce5cc2c64de,true_62917110190266@lid_AC867444674C6D7F96358CE5CC2C64DE,Akbar Khan,whatsapp-number-2,62917110190266@lid,Akbar Khan,2026-05-02T10:06:23.000Z,+923099351940,true,chat,Did you see the masterplan online?,Did you see the masterplan online?,,true
mcp_whatsapp_number_2_true_62917110190266_lid_ac6316d44b576676b8c6d0672ff78f5e,true_62917110190266@lid_AC6316D44B576676B8C6D0672FF78F5E,Akbar Khan,whatsapp-number-2,62917110190266@lid,Akbar Khan,2026-05-02T10:07:50.000Z,+923099351940,true,chat,Still working on it - exact rubber and hose specs for example,Still working on it - exact rubber and hose specs for example,,true
mcp_whatsapp_number_2_false_62917110190266_lid_ac44568437a35ef307ecf1f92165e23b,false_62917110190266@lid_AC44568437A35EF307ECF1F92165E23B,Akbar Khan,whatsapp-number-2,62917110190266@lid,Akbar Khan,2026-05-02T10:10:58.000Z,923334552030,false,chat,Yeah man I dunno wtf I ate.,Yeah man I dunno wtf I ate.,,true
mcp_whatsapp_number_2_false_62917110190266_lid_acc59540830d6447c93316e375921f90,false_62917110190266@lid_ACC59540830D6447C93316E375921F90,Akbar Khan,whatsapp-number-2,62917110190266@lid,Akbar Khan,2026-05-02T10:11:11.000Z,923334552030,false,chat,No . Where is it ? Plz share,No . Where is it ? Plz share,,true
mcp_whatsapp_number_2_true_62917110190266_lid_ac7e31d36e0de99933a4e34e3d17e8c9,true_62917110190266@lid_AC7E31D36E0DE99933A4E34E3D17E8C9,Akbar Khan,whatsapp-number-2,62917110190266@lid,Akbar Khan,2026-05-02T10:11:19.000Z,+923099351940,true,chat,Not the old prawns :),Not the old prawns :),,true
mcp_whatsapp_number_2_true_62917110190266_lid_ac1ba5e17c7c455efafecb361c3a58fd,true_62917110190266@lid_AC1BA5E17C7C455EFAFECB361C3A58FD,Akbar Khan,whatsapp-number-2,62917110190266@lid,Akbar Khan,2026-05-02T10:11:36.000Z,+923099351940,true,chat,Shared the link from my other whatsapp,Shared the link from my other whatsapp,,true
mcp_whatsapp_number_2_false_62917110190266_lid_ac5e1d232d164f71616923945a4395bd,false_62917110190266@lid_AC5E1D232D164F71616923945A4395BD,Akbar Khan,whatsapp-number-2,62917110190266@lid,Akbar Khan,2026-05-02T10:11:39.000Z,923334552030,false,chat,Lol they were fresh. I think it was the halwa fucking puri,Lol they were fresh. I think it was the halwa fucking puri,,true
mcp_whatsapp_number_2_false_62917110190266_lid_acfab88a3c5fb20916d08365f4df5f19,false_62917110190266@lid_ACFAB88A3C5FB20916D08365F4DF5F19,Akbar Khan,whatsapp-number-2,62917110190266@lid,Akbar Khan,2026-05-02T10:11:43.000Z,923334552030,false,chat,Got it. On it,Got it. On it,,true
mcp_whatsapp_number_2_true_971527520120_1517397900_g_us_ac0f93b875d45fcfc0ea668446e968e6_923099351940_c_us,true_971527520120-1517397900@g.us_AC0F93B875D45FCFC0EA668446E968E6_923099351940@c.us,TLC 40 Series Owners,whatsapp-number-2,971527520120-1517397900@g.us,TLC 40 Series Owners,2026-05-17T10:14:13.000Z,+923099351940,true,gp2,,,,true
mcp_whatsapp_number_2_true_971527520120_1517397900_g_us_ac664d03c22c5be4617f0753e2e70d19_923099351940_c_us,true_971527520120-1517397900@g.us_AC664D03C22C5BE4617F0753E2E70D19_923099351940@c.us,TLC 40 Series Owners,whatsapp-number-2,971527520120-1517397900@g.us,TLC 40 Series Owners,2026-05-17T10:14:13.000Z,+923099351940,true,gp2,,,,true
mcp_whatsapp_number_2_true_971527520120_1517397900_g_us_ac941273628cc13301958aedee5cb0b2_923099351940_c_us,true_971527520120-1517397900@g.us_AC941273628CC13301958AEDEE5CB0B2_923099351940@c.us,TLC 40 Series Owners,whatsapp-number-2,971527520120-1517397900@g.us,TLC 40 Series Owners,2026-05-17T10:14:13.000Z,+923099351940,true,gp2,,,,true
mcp_whatsapp_number_2_true_971527520120_1517397900_g_us_ac9abcd571cac362f32c6178cf400a61_923099351940_c_us,true_971527520120-1517397900@g.us_AC9ABCD571CAC362F32C6178CF400A61_923099351940@c.us,TLC 40 Series Owners,whatsapp-number-2,971527520120-1517397900@g.us,TLC 40 Series Owners,2026-05-17T10:14:13.000Z,+923099351940,true,gp2,,,,true
mcp_whatsapp_number_2_true_971527520120_1517397900_g_us_acb57e66b16964914c4badf3aa530e7d_923099351940_c_us,true_971527520120-1517397900@g.us_ACB57E66B16964914C4BADF3AA530E7D_923099351940@c.us,TLC 40 Series Owners,whatsapp-number-2,971527520120-1517397900@g.us,TLC 40 Series Owners,2026-05-17T10:14:13.000Z,+923099351940,true,gp2,,,,true
mcp_whatsapp_number_2_false_971527520120_1517397900_g_us_3aab279f57a4e80a85b5_160082188873865_lid,false_971527520120-1517397900@g.us_3AAB279F57A4E80A85B5_160082188873865@lid,TLC 40 Series Owners,whatsapp-number-2,971527520120-1517397900@g.us,TLC 40 Series Owners,2026-05-17T10:15:50.000Z,160082188873865,false,chat,Welcome @226083001659473. Please have a look at the group description. Please introduce yourself and your 40. We look forward to seeing your adventures.,Welcome @226083001659473. Please have a look at the group description. Please introduce yourself and your 40. We look forward to seeing your adventures.,,true
mcp_whatsapp_number_2_false_971527520120_1517397900_g_us_3ae1ff14a0bff19e76b5_71807675711525_lid,false_971527520120-1517397900@g.us_3AE1FF14A0BFF19E76B5_71807675711525@lid,TLC 40 Series Owners,whatsapp-number-2,971527520120-1517397900@g.us,TLC 40 Series Owners,2026-05-17T10:20:12.000Z,71807675711525,false,chat,No doubt done an amazing job…. But you know me I’m more into original vintage builds. Still for its age he ve made it look outstanding.,No doubt done an amazing job…. But you know me I’m more into original vintage builds. Still for its age he ve made it look outstanding.,,true
mcp_whatsapp_number_2_false_971527520120_1517397900_g_us_ac91d013a12858d4fa7661050c5930cb_104084774383678_lid,false_971527520120-1517397900@g.us_AC91D013A12858D4FA7661050C5930CB_104084774383678@lid,TLC 40 Series Owners,whatsapp-number-2,971527520120-1517397900@g.us,TLC 40 Series Owners,2026-05-17T10:30:59.000Z,104084774383678,false,image,Rare spotting in Canada,Rare spotting in Canada,,true
mcp_whatsapp_number_2_false_971527520120_1517397900_g_us_3ac83545e9bd830ebd9b_24790651924732_lid,false_971527520120-1517397900@g.us_3AC83545E9BD830EBD9B_24790651924732@lid,TLC 40 Series Owners,whatsapp-number-2,971527520120-1517397900@g.us,TLC 40 Series Owners,2026-05-17T10:33:31.000Z,24790651924732,false,chat,Hahahahaaha,Hahahahaaha,,true
mcp_whatsapp_number_2_false_971527520120_1517397900_g_us_3a0506f0fa07d56516fc_24790651924732_lid,false_971527520120-1517397900@g.us_3A0506F0FA07D56516FC_24790651924732@lid,TLC 40 Series Owners,whatsapp-number-2,971527520120-1517397900@g.us,TLC 40 Series Owners,2026-05-17T10:35:12.000Z,24790651924732,false,revoked,,,,true
mcp_whatsapp_number_2_false_971527520120_1517397900_g_us_3a49b11b8d43913e9e43_24790651924732_lid,false_971527520120-1517397900@g.us_3A49B11B8D43913E9E43_24790651924732@lid,TLC 40 Series Owners,whatsapp-number-2,971527520120-1517397900@g.us,TLC 40 Series Owners,2026-05-17T10:35:57.000Z,24790651924732,false,chat,Bro its not a try to restore as an original FJ40. Everything underneeth and above is modified but still i tried to keep the essence of 40 Series time appropriate design language.,Bro its not a try to restore as an original FJ40. Everything underneeth and above is modified but still i tried to keep the essence of 40 Series time appropriate design language.,fj40,true
mcp_whatsapp_number_2_false_971527520120_1517397900_g_us_3a5e522e6e3cc43ca0ff_24790651924732_lid,false_971527520120-1517397900@g.us_3A5E522E6E3CC43CA0FF_24790651924732@lid,TLC 40 Series Owners,whatsapp-number-2,971527520120-1517397900@g.us,TLC 40 Series Owners,2026-05-17T10:38:22.000Z,24790651924732,false,chat,Its good old days of open top FJ Monster. But i am forced to put top on it. Whole body was rusting badly due to water and mud.,Its good old days of open top FJ Monster. But i am forced to put top on it. Whole body was rusting badly due to water and mud.,body,true
mcp_whatsapp_number_2_false_971527520120_1517397900_g_us_3aeb3e979e0e196f9673_160082188873865_lid,false_971527520120-1517397900@g.us_3AEB3E979E0E196F9673_160082188873865@lid,TLC 40 Series Owners,whatsapp-number-2,971527520120-1517397900@g.us,TLC 40 Series Owners,2026-05-17T10:39:03.000Z,160082188873865,false,chat,Share the latest photos,Share the latest photos,,true
mcp_whatsapp_number_2_false_971527520120_1517397900_g_us_3aebe92c40590224e52b_71807675711525_lid,false_971527520120-1517397900@g.us_3AEBE92C40590224E52B_71807675711525@lid,TLC 40 Series Owners,whatsapp-number-2,971527520120-1517397900@g.us,TLC 40 Series Owners,2026-05-17T10:40:56.000Z,71807675711525,false,sticker,,,,true
mcp_whatsapp_number_2_false_971527520120_1517397900_g_us_a5af258020529ad57404771d0c4d471f_98548125290539_lid,false_971527520120-1517397900@g.us_A5AF258020529AD57404771D0C4D471F_98548125290539@lid,TLC 40 Series Owners,whatsapp-number-2,971527520120-1517397900@g.us,TLC 40 Series Owners,2026-05-17T10:41:18.000Z,98548125290539,false,image,,,,true
mcp_whatsapp_number_2_false_971527520120_1517397900_g_us_4a84f937de6521319230_24790651924732_lid,false_971527520120-1517397900@g.us_4A84F937DE6521319230_24790651924732@lid,TLC 40 Series Owners,whatsapp-number-2,971527520120-1517397900@g.us,TLC 40 Series Owners,2026-05-17T10:59:11.000Z,24790651924732,false,image,,,,true
mcp_whatsapp_number_2_false_971527520120_1517397900_g_us_4aa916782844de383740_24790651924732_lid,false_971527520120-1517397900@g.us_4AA916782844DE383740_24790651924732@lid,TLC 40 Series Owners,whatsapp-number-2,971527520120-1517397900@g.us,TLC 40 Series Owners,2026-05-17T10:59:11.000Z,24790651924732,false,image,,,,true
mcp_whatsapp_number_2_false_971527520120_1517397900_g_us_4a6a06ec9e5e40b9a81d_24790651924732_lid,false_971527520120-1517397900@g.us_4A6A06EC9E5E40B9A81D_24790651924732@lid,TLC 40 Series Owners,whatsapp-number-2,971527520120-1517397900@g.us,TLC 40 Series Owners,2026-05-17T10:59:13.000Z,24790651924732,false,image,,,,true
mcp_whatsapp_number_2_false_971527520120_1517397900_g_us_4aa528bb116f28026c92_24790651924732_lid,false_971527520120-1517397900@g.us_4AA528BB116F28026C92_24790651924732@lid,TLC 40 Series Owners,whatsapp-number-2,971527520120-1517397900@g.us,TLC 40 Series Owners,2026-05-17T10:59:23.000Z,24790651924732,false,video,,,,true
mcp_whatsapp_number_2_true_971527520120_1517397900_g_us_ac3fe3438dfe18fa3a39f09a07c1ab8b_226083001659473_lid,true_971527520120-1517397900@g.us_AC3FE3438DFE18FA3A39F09A07C1AB8B_226083001659473@lid,TLC 40 Series Owners,whatsapp-number-2,971527520120-1517397900@g.us,TLC 40 Series Owners,2026-05-17T11:05:12.000Z,+923099351940,true,image,,,,true
mcp_whatsapp_number_2_true_971527520120_1517397900_g_us_ac49d3511fae6c7d6137cc88e0a955e0_226083001659473_lid,true_971527520120-1517397900@g.us_AC49D3511FAE6C7D6137CC88E0A955E0_226083001659473@lid,TLC 40 Series Owners,whatsapp-number-2,971527520120-1517397900@g.us,TLC 40 Series Owners,2026-05-17T11:05:12.000Z,+923099351940,true,image,,,,true
mcp_whatsapp_number_2_true_971527520120_1517397900_g_us_ac4e807af739b9c5d18ce65826ed3bdc_226083001659473_lid,true_971527520120-1517397900@g.us_AC4E807AF739B9C5D18CE65826ED3BDC_226083001659473@lid,TLC 40 Series Owners,whatsapp-number-2,971527520120-1517397900@g.us,TLC 40 Series Owners,2026-05-17T11:05:12.000Z,+923099351940,true,image,,,,true
mcp_whatsapp_number_2_true_971527520120_1517397900_g_us_acde675f378fe7ecd3a1e24842304957_226083001659473_lid,true_971527520120-1517397900@g.us_ACDE675F378FE7ECD3A1E24842304957_226083001659473@lid,TLC 40 Series Owners,whatsapp-number-2,971527520120-1517397900@g.us,TLC 40 Series Owners,2026-05-17T11:05:12.000Z,+923099351940,true,album,,,,true
mcp_whatsapp_number_2_true_971527520120_1517397900_g_us_ace6e86271ca276fb10b1d3958279f55_226083001659473_lid,true_971527520120-1517397900@g.us_ACE6E86271CA276FB10B1D3958279F55_226083001659473@lid,TLC 40 Series Owners,whatsapp-number-2,971527520120-1517397900@g.us,TLC 40 Series Owners,2026-05-17T11:05:12.000Z,+923099351940,true,image,"Thankyou Umar. I'm David.  I'm from the uk, but have been living here since 2010. Seems like i am bringing a previous member back to this club. Here is my J40 as bought, and current state. I'm doing a full restore apart from the engine and intend to do all the work myself.","Thankyou Umar. I'm David. I'm from the uk, but have been living here since 2010. Seems like i am bringing a previous member back to this club. Here is my J40 as bought, and current state. I'm doing a full restore apart from the engine and intend to do all the work myself.",engine|j40,true
mcp_whatsapp_number_2_true_971527520120_1517397900_g_us_ac872aa1df798bd674b2ebe9c66e391e_226083001659473_lid,true_971527520120-1517397900@g.us_AC872AA1DF798BD674B2EBE9C66E391E_226083001659473@lid,TLC 40 Series Owners,whatsapp-number-2,971527520120-1517397900@g.us,TLC 40 Series Owners,2026-05-17T11:05:54.000Z,+923099351940,true,chat,"1978 ex military, converted to diesel","1978 ex military, converted to diesel",,true
mcp_whatsapp_number_2_false_971527520120_1517397900_g_us_3a019a7ac306531496b5_160082188873865_lid,false_971527520120-1517397900@g.us_3A019A7AC306531496B5_160082188873865@lid,TLC 40 Series Owners,whatsapp-number-2,971527520120-1517397900@g.us,TLC 40 Series Owners,2026-05-17T11:06:16.000Z,160082188873865,false,chat,I believe it belonged to Jahanzaib from Lahore,I believe it belonged to Jahanzaib from Lahore,,true
mcp_whatsapp_number_2_false_971527520120_1517397900_g_us_4a460230fb76283f00f2_160082188873865_lid,false_971527520120-1517397900@g.us_4A460230FB76283F00F2_160082188873865@lid,TLC 40 Series Owners,whatsapp-number-2,971527520120-1517397900@g.us,TLC 40 Series Owners,2026-05-17T11:08:31.000Z,160082188873865,false,image,From our meet up in Lahore in Dec 2025,From our meet up in Lahore in Dec 2025,,true
mcp_whatsapp_number_2_false_971527520120_1517397900_g_us_4a8ec6880e1c1990ed8b_160082188873865_lid,false_971527520120-1517397900@g.us_4A8EC6880E1C1990ED8B_160082188873865@lid,TLC 40 Series Owners,whatsapp-number-2,971527520120-1517397900@g.us,TLC 40 Series Owners,2026-05-17T11:08:31.000Z,160082188873865,false,image,,,,true
mcp_whatsapp_number_2_false_971527520120_1517397900_g_us_4a67b1697bb4525ad8fd_160082188873865_lid,false_971527520120-1517397900@g.us_4A67B1697BB4525AD8FD_160082188873865@lid,TLC 40 Series Owners,whatsapp-number-2,971527520120-1517397900@g.us,TLC 40 Series Owners,2026-05-17T11:08:32.000Z,160082188873865,false,video,,,,true
mcp_whatsapp_number_2_true_971527520120_1517397900_g_us_acf06b21170e3859e149b874b3aa4e53_226083001659473_lid,true_971527520120-1517397900@g.us_ACF06B21170E3859E149B874B3AA4E53_226083001659473@lid,TLC 40 Series Owners,whatsapp-number-2,971527520120-1517397900@g.us,TLC 40 Series Owners,2026-05-17T11:09:13.000Z,+923099351940,true,chat,Not quite. One number off,Not quite. One number off,,true
mcp_whatsapp_number_2_true_971527520120_1517397900_g_us_ac27a4d27ad26c181925b5cc1634a1b5_226083001659473_lid,true_971527520120-1517397900@g.us_AC27A4D27AD26C181925B5CC1634A1B5_226083001659473@lid,TLC 40 Series Owners,whatsapp-number-2,971527520120-1517397900@g.us,TLC 40 Series Owners,2026-05-17T11:09:34.000Z,+923099351940,true,chat,I have 453,I have 453,,true
mcp_whatsapp_number_2_true_971527520120_1517397900_g_us_ac2fe1718b2fcef17a8a432fa11d0d76_226083001659473_lid,true_971527520120-1517397900@g.us_AC2FE1718B2FCEF17A8A432FA11D0D76_226083001659473@lid,TLC 40 Series Owners,whatsapp-number-2,971527520120-1517397900@g.us,TLC 40 Series Owners,2026-05-17T11:12:20.000Z,+923099351940,true,chat,"But i am in Lahore, it was bought in Lahore","But i am in Lahore, it was bought in Lahore",,true
mcp_whatsapp_number_2_true_971527520120_1517397900_g_us_ac39df1a56d7f0ccf143024e2b032492_226083001659473_lid,true_971527520120-1517397900@g.us_AC39DF1A56D7F0CCF143024E2B032492_226083001659473@lid,TLC 40 Series Owners,whatsapp-number-2,971527520120-1517397900@g.us,TLC 40 Series Owners,2026-05-17T11:14:32.000Z,+923099351940,true,chat,Geek dashboard https://dbvg4yfpnc4tj.cloudfront.net/docs/project-control-ui/,Geek dashboard https://dbvg4yfpnc4tj.cloudfront.net/docs/project-control-ui/,,true
mcp_whatsapp_number_2_false_971527520120_1517397900_g_us_3a4f682a9663759f8263_24790651924732_lid,false_971527520120-1517397900@g.us_3A4F682A9663759F8263_24790651924732@lid,TLC 40 Series Owners,whatsapp-number-2,971527520120-1517397900@g.us,TLC 40 Series Owners,2026-05-17T11:16:24.000Z,24790651924732,false,chat,Welcome to the club. Which city you are residing now a days.,Welcome to the club. Which city you are residing now a days.,,true
mcp_whatsapp_number_2_true_971527520120_1517397900_g_us_ac98f8f09c975c3fe7513ffc2176747e_226083001659473_lid,true_971527520120-1517397900@g.us_AC98F8F09C975C3FE7513FFC2176747E_226083001659473@lid,TLC 40 Series Owners,whatsapp-number-2,971527520120-1517397900@g.us,TLC 40 Series Owners,2026-05-17T11:16:42.000Z,+923099351940,true,chat,Thanks. I'm in Lahore,Thanks. I'm in Lahore,,true
mcp_whatsapp_number_2_false_971527520120_1517397900_g_us_acc5cdf9be8c3ced74bda9291bef8905_37911810572503_lid,false_971527520120-1517397900@g.us_ACC5CDF9BE8C3CED74BDA9291BEF8905_37911810572503@lid,TLC 40 Series Owners,whatsapp-number-2,971527520120-1517397900@g.us,TLC 40 Series Owners,2026-05-17T11:18:13.000Z,37911810572503,false,chat,Welcome to the group mate. This is very impressive 👏,Welcome to the group mate. This is very impressive 👏,,true
mcp_whatsapp_number_2_false_971527520120_1517397900_g_us_3ad404da7f6f89996ee1_24790651924732_lid,false_971527520120-1517397900@g.us_3AD404DA7F6F89996EE1_24790651924732@lid,TLC 40 Series Owners,whatsapp-number-2,971527520120-1517397900@g.us,TLC 40 Series Owners,2026-05-17T11:25:08.000Z,24790651924732,false,chat,Thats good to know. We can plan a coffee meetup some fay.,Thats good to know. We can plan a coffee meetup some fay.,,true
mcp_whatsapp_number_2_false_971527520120_1517397900_g_us_3a7c97cf295507c53803_24790651924732_lid,false_971527520120-1517397900@g.us_3A7C97CF295507C53803_24790651924732@lid,TLC 40 Series Owners,whatsapp-number-2,971527520120-1517397900@g.us,TLC 40 Series Owners,2026-05-17T11:25:11.000Z,24790651924732,false,chat,Day,Day,,true
mcp_whatsapp_number_2_true_971527520120_1517397900_g_us_acc82fc13a423f314145ca32982fd33f_226083001659473_lid,true_971527520120-1517397900@g.us_ACC82FC13A423F314145CA32982FD33F_226083001659473@lid,TLC 40 Series Owners,whatsapp-number-2,971527520120-1517397900@g.us,TLC 40 Series Owners,2026-05-17T11:28:19.000Z,+923099351940,true,chat,Sure!,Sure!,,true
mcp_whatsapp_number_2_false_971527520120_1517397900_g_us_2a7f1f8f2238a7bd3854_30369831203040_lid,false_971527520120-1517397900@g.us_2A7F1F8F2238A7BD3854_30369831203040@lid,TLC 40 Series Owners,whatsapp-number-2,971527520120-1517397900@g.us,TLC 40 Series Owners,2026-05-17T11:34:52.000Z,30369831203040,false,image,There is a way to implement modern buttons and features in the FJ without turning it into a 747 cockpit,There is a way to implement modern buttons and features in the FJ without turning it into a 747 cockpit,,true
mcp_whatsapp_number_2_false_971527520120_1517397900_g_us_2a6c99cd30f8c73c6788_30369831203040_lid,false_971527520120-1517397900@g.us_2A6C99CD30F8C73C6788_30369831203040@lid,TLC 40 Series Owners,whatsapp-number-2,971527520120-1517397900@g.us,TLC 40 Series Owners,2026-05-17T11:35:15.000Z,30369831203040,false,chat,I got the panel custom made after offering the buttons via ali express,I got the panel custom made after offering the buttons via ali express,panel,true
mcp_whatsapp_number_2_false_971527520120_1517397900_g_us_3a747bb298d18d9e6a4c_71807675711525_lid,false_971527520120-1517397900@g.us_3A747BB298D18D9E6A4C_71807675711525@lid,TLC 40 Series Owners,whatsapp-number-2,971527520120-1517397900@g.us,TLC 40 Series Owners,2026-05-17T11:43:15.000Z,71807675711525,false,chat,Well come Brother 🫡🫡,Well come Brother 🫡🫡,,true
mcp_whatsapp_number_2_false_971527520120_1517397900_g_us_3a030590324febd2bc30_262787741827282_lid,false_971527520120-1517397900@g.us_3A030590324FEBD2BC30_262787741827282@lid,TLC 40 Series Owners,whatsapp-number-2,971527520120-1517397900@g.us,TLC 40 Series Owners,2026-05-17T11:43:25.000Z,262787741827282,false,chat,Numbers change after transfer,Numbers change after transfer,,true
mcp_whatsapp_number_2_true_971527520120_1517397900_g_us_ac5f5b12f0e4a1ff51c0fae513ec557c_226083001659473_lid,true_971527520120-1517397900@g.us_AC5F5B12F0E4A1FF51C0FAE513EC557C_226083001659473@lid,TLC 40 Series Owners,whatsapp-number-2,971527520120-1517397900@g.us,TLC 40 Series Owners,2026-05-17T11:45:48.000Z,+923099351940,true,chat,This was pre-transfer i think. Maybe there was another owner inbetween. It has a winch and had a lot more leds when i got it!,This was pre-transfer i think. Maybe there was another owner inbetween. It has a winch and had a lot more leds when i got it!,,true
mcp_whatsapp_number_2_false_971527520120_1517397900_g_us_ac7917c65ffdf01e2f1ac6687691ab93_37911810572503_lid,false_971527520120-1517397900@g.us_AC7917C65FFDF01E2F1AC6687691AB93_37911810572503@lid,TLC 40 Series Owners,whatsapp-number-2,971527520120-1517397900@g.us,TLC 40 Series Owners,2026-05-17T11:47:47.000Z,37911810572503,false,chat,Your J40 has 2h engine with 5 speed gear. It was sold by Jahanzeb,Your J40 has 2h engine with 5 speed gear. It was sold by Jahanzeb,engine|j40,true
mcp_whatsapp_number_2_false_971527520120_1517397900_g_us_a568254eab7ccdbad637fe17e4393f0e_98548125290539_lid,false_971527520120-1517397900@g.us_A568254EAB7CCDBAD637FE17E4393F0E_98548125290539@lid,TLC 40 Series Owners,whatsapp-number-2,971527520120-1517397900@g.us,TLC 40 Series Owners,2026-05-17T11:48:23.000Z,98548125290539,false,video,,,,true
mcp_whatsapp_number_2_true_971527520120_1517397900_g_us_ac6f30a5b810b78ee938b05e9490c947_226083001659473_lid,true_971527520120-1517397900@g.us_AC6F30A5B810B78EE938B05E9490C947_226083001659473@lid,TLC 40 Series Owners,whatsapp-number-2,971527520120-1517397900@g.us,TLC 40 Series Owners,2026-05-17T11:52:29.000Z,+923099351940,true,image,You are righr,You are righr,,true
mcp_whatsapp_number_2_false_971527520120_1517397900_g_us_3aae2c3ea8f400d7d282_262787741827282_lid,false_971527520120-1517397900@g.us_3AAE2C3EA8F400D7D282_262787741827282@lid,TLC 40 Series Owners,whatsapp-number-2,971527520120-1517397900@g.us,TLC 40 Series Owners,2026-05-17T11:59:29.000Z,262787741827282,false,chat,Yes. Done by Ustad Jamshed. And this was a soft top previously,Yes. Done by Ustad Jamshed. And this was a soft top previously,,true
mcp_whatsapp_number_2_true_971527520120_1517397900_g_us_acc952c5e347084adc052f83b1c222b0_226083001659473_lid,true_971527520120-1517397900@g.us_ACC952C5E347084ADC052F83B1C222B0_226083001659473@lid,TLC 40 Series Owners,whatsapp-number-2,971527520120-1517397900@g.us,TLC 40 Series Owners,2026-05-17T12:00:23.000Z,+923099351940,true,chat,Explains the difference in rust levels between the tub and top parts :),Explains the difference in rust levels between the tub and top parts :),rust,true
mcp_whatsapp_number_2_false_971527520120_1517397900_g_us_3a64686b93805934b553_160082188873865_lid,false_971527520120-1517397900@g.us_3A64686B93805934B553_160082188873865@lid,TLC 40 Series Owners,whatsapp-number-2,971527520120-1517397900@g.us,TLC 40 Series Owners,2026-05-17T12:10:28.000Z,160082188873865,false,chat,I guess Jahanzeb left a little while ago from the group after he sold it,I guess Jahanzeb left a little while ago from the group after he sold it,,true
mcp_whatsapp_number_2_false_971527520120_1517397900_g_us_acfc53dea670afd1528a3dbdb42676ed_73328060551171_lid,false_971527520120-1517397900@g.us_ACFC53DEA670AFD1528A3DBDB42676ED_73328060551171@lid,TLC 40 Series Owners,whatsapp-number-2,971527520120-1517397900@g.us,TLC 40 Series Owners,2026-05-17T12:15:37.000Z,73328060551171,false,chat,@David welcome dear. I am also in Lahore hope to meet you and other members from Lahore ONE Lucky day🥰,@David welcome dear. I am also in Lahore hope to meet you and other members from Lahore ONE Lucky day🥰,,true
mcp_whatsapp_number_2_true_971527520120_1517397900_g_us_acffc39bd6e6394871b85db172238cc9_226083001659473_lid,true_971527520120-1517397900@g.us_ACFFC39BD6E6394871B85DB172238CC9_226083001659473@lid,TLC 40 Series Owners,whatsapp-number-2,971527520120-1517397900@g.us,TLC 40 Series Owners,2026-05-17T12:18:32.000Z,+923099351940,true,chat,I hope to be able to drive to the meet one day in this car!,I hope to be able to drive to the meet one day in this car!,,true
mcp_whatsapp_number_2_true_971527520120_1517397900_g_us_acd24cfad665ba9dd28f515059c328a4_226083001659473_lid,true_971527520120-1517397900@g.us_ACD24CFAD665BA9DD28F515059C328A4_226083001659473@lid,TLC 40 Series Owners,whatsapp-number-2,971527520120-1517397900@g.us,TLC 40 Series Owners,2026-05-17T12:20:16.000Z,+923099351940,true,image,First question of many probably - where can i get brake line tubing without having to import at huge cost?,First question of many probably - where can i get brake line tubing without having to import at huge cost?,brake,true
mcp_whatsapp_number_2_false_971527520120_1517397900_g_us_ac365f8f9774b5c0be64d4ff1fc06483_73328060551171_lid,false_971527520120-1517397900@g.us_AC365F8F9774B5C0BE64D4FF1FC06483_73328060551171@lid,TLC 40 Series Owners,whatsapp-number-2,971527520120-1517397900@g.us,TLC 40 Series Owners,2026-05-17T12:23:20.000Z,73328060551171,false,image,This is my Fj40.....,This is my Fj40.....,fj40,true
mcp_whatsapp_number_2_true_971527520120_1517397900_g_us_ac39e533628dc8ab1e220dc7d26ebfa1_226083001659473_lid,true_971527520120-1517397900@g.us_AC39E533628DC8AB1E220DC7D26EBFA1_226083001659473@lid,TLC 40 Series Owners,whatsapp-number-2,971527520120-1517397900@g.us,TLC 40 Series Owners,2026-05-17T12:23:47.000Z,+923099351940,true,chat,Nice,Nice,,true
mcp_whatsapp_number_2_false_971527520120_1517397900_g_us_ac217466c3af5b364e884f7bb5f9cd05_73328060551171_lid,false_971527520120-1517397900@g.us_AC217466C3AF5B364E884F7BB5F9CD05_73328060551171@lid,TLC 40 Series Owners,whatsapp-number-2,971527520120-1517397900@g.us,TLC 40 Series Owners,2026-05-17T12:23:55.000Z,73328060551171,false,chat,Sure brother you will 👍🏻,Sure brother you will 👍🏻,,true
mcp_whatsapp_number_2_false_971527520120_1517397900_g_us_acf6d4a6385e7b6205f116680cc65d13_37911810572503_lid,false_971527520120-1517397900@g.us_ACF6D4A6385E7B6205F116680CC65D13_37911810572503@lid,TLC 40 Series Owners,whatsapp-number-2,971527520120-1517397900@g.us,TLC 40 Series Owners,2026-05-17T12:27:14.000Z,37911810572503,false,vcard,"BEGIN:VCARD
VERSION:3.0
N:RWP;Hamza Younis Toyota Spare;Parts;;
FN:Hamza Younis Toyota Spare Parts RWP
TEL;type=Mobile;waid=923045566603:+92 304 5566603
X-WA-BIZ-DESCRIPTION:Hamza Younas Automobiles provides  Toyota genuine parts and accessories since 1980, with guarantee of 100% genuine Toyota Products and are the biggest stockiest of Toyota Products in the twin cities. Name a toyota Product and we will have it for you!
X-WA-BIZ-NAME:Hamza Younis Toyota Spare Parts RWP
END:VCARD","BEGIN:VCARD VERSION:3.0 N:RWP;Hamza Younis Toyota Spare;Parts;; FN:Hamza Younis Toyota Spare Parts RWP TEL;type=Mobile;waid=923045566603:+92 304 5566603 X-WA-BIZ-DESCRIPTION:Hamza Younas Automobiles provides Toyota genuine parts and accessories since 1980, with guarantee of 100% genuine Toyota Products and are the biggest stockiest of Toyota Products in the twin cities. Name a toyota Product and we will have it for you! X-WA-BIZ-NAME:Hamza Younis Toyota Spare Parts RWP END:VCARD",,true
mcp_whatsapp_number_2_true_971527520120_1517397900_g_us_ac88c466e687ef6650418baa5d83f816_226083001659473_lid,true_971527520120-1517397900@g.us_AC88C466E687EF6650418BAA5D83F816_226083001659473@lid,TLC 40 Series Owners,whatsapp-number-2,971527520120-1517397900@g.us,TLC 40 Series Owners,2026-05-17T12:27:40.000Z,+923099351940,true,chat,Thanks,Thanks,,true
mcp_whatsapp_number_2_false_971527520120_1517397900_g_us_3a8f05e4b04d5ed88540_189541403115641_lid,false_971527520120-1517397900@g.us_3A8F05E4B04D5ED88540_189541403115641@lid,TLC 40 Series Owners,whatsapp-number-2,971527520120-1517397900@g.us,TLC 40 Series Owners,2026-05-17T12:40:27.000Z,189541403115641,false,chat,Welcome David..,Welcome David..,,true
mcp_whatsapp_number_2_false_971527520120_1517397900_g_us_3ac9ed5abcd9479cf84e_8886404780161_lid,false_971527520120-1517397900@g.us_3AC9ED5ABCD9479CF84E_8886404780161@lid,TLC 40 Series Owners,whatsapp-number-2,971527520120-1517397900@g.us,TLC 40 Series Owners,2026-05-17T12:41:19.000Z,8886404780161,false,chat,👍@226083001659473,👍@226083001659473,,true
mcp_whatsapp_number_2_true_971527520120_1517397900_g_us_ac47d75b375bfd1ced8f7d39ae54b60d_226083001659473_lid,true_971527520120-1517397900@g.us_AC47D75B375BFD1CED8F7D39AE54B60D_226083001659473@lid,TLC 40 Series Owners,whatsapp-number-2,971527520120-1517397900@g.us,TLC 40 Series Owners,2026-05-17T12:48:44.000Z,+923099351940,true,chat,"Did anyone try using https://www.longman.com.pk/automobile-parts/ to provide custom rubber parts?
https://dbvg4yfpnc4tj.cloudfront.net/docs/project-control-ui/#workstreams/chassis_rubbers
https://dbvg4yfpnc4tj.cloudfront.net/docs/project-control-ui/#workstreams/replacement_pipes

I’m working on the exact specs for these",Did anyone try using https://www.longman.com.pk/automobile-parts/ to provide custom rubber parts? https://dbvg4yfpnc4tj.cloudfront.net/docs/project-control-ui/#workstreams/chassis_rubbers https://dbvg4yfpnc4tj.cloudfront.net/docs/project-control-ui/#workstreams/replacement_pipes I’m working on the exact specs for these,chassis,true
mcp_whatsapp_number_2_true_971527520120_1517397900_g_us_acb58b60201de18e1fdb1ce2a3428aa4_226083001659473_lid,true_971527520120-1517397900@g.us_ACB58B60201DE18E1FDB1CE2A3428AA4_226083001659473@lid,TLC 40 Series Owners,whatsapp-number-2,971527520120-1517397900@g.us,TLC 40 Series Owners,2026-05-17T12:51:33.000Z,+923099351940,true,chat,"And final question for today!  Anyone have any leads on a Vitz EPS, Brake booster, or slimline fuse box?
https://dbvg4yfpnc4tj.cloudfront.net/docs/project-control-ui/#scout","And final question for today! Anyone have any leads on a Vitz EPS, Brake booster, or slimline fuse box? https://dbvg4yfpnc4tj.cloudfront.net/docs/project-control-ui/#scout",brake,true
mcp_whatsapp_number_2_false_971527520120_1517397900_g_us_acc7cbf912cc3ecbb3b114d81259c89c_37911810572503_lid,false_971527520120-1517397900@g.us_ACC7CBF912CC3ECBB3B114D81259C89C_37911810572503@lid,TLC 40 Series Owners,whatsapp-number-2,971527520120-1517397900@g.us,TLC 40 Series Owners,2026-05-17T12:56:48.000Z,37911810572503,false,chat,Contact Hamza he mostly deals in toyota parts,Contact Hamza he mostly deals in toyota parts,,true
mcp_whatsapp_number_2_false_971527520120_1517397900_g_us_3a8e4145f2c3d94187f1_122410913292479_lid,false_971527520120-1517397900@g.us_3A8E4145F2C3D94187F1_122410913292479@lid,TLC 40 Series Owners,whatsapp-number-2,971527520120-1517397900@g.us,TLC 40 Series Owners,2026-05-17T15:59:22.000Z,122410913292479,false,video,,,,true
mcp_whatsapp_number_2_false_971527520120_1517397900_g_us_3a2025647733aa0eaabd_122410913292479_lid,false_971527520120-1517397900@g.us_3A2025647733AA0EAABD_122410913292479@lid,TLC 40 Series Owners,whatsapp-number-2,971527520120-1517397900@g.us,TLC 40 Series Owners,2026-05-17T15:59:23.000Z,122410913292479,false,chat,At Ijc off-road event,At Ijc off-road event,,true
mcp_whatsapp_number_2_false_971527520120_1517397900_g_us_3a413a31ef810f477a87_201399707132034_lid,false_971527520120-1517397900@g.us_3A413A31EF810F477A87_201399707132034@lid,TLC 40 Series Owners,whatsapp-number-2,971527520120-1517397900@g.us,TLC 40 Series Owners,2026-05-17T17:39:00.000Z,201399707132034,false,image,,,,true
mcp_whatsapp_number_2_false_971527520120_1517397900_g_us_3a8cd1ed75a008e42680_262787741827282_lid,false_971527520120-1517397900@g.us_3A8CD1ED75A008E42680_262787741827282@lid,TLC 40 Series Owners,whatsapp-number-2,971527520120-1517397900@g.us,TLC 40 Series Owners,2026-05-18T04:23:38.000Z,262787741827282,false,chat,"Such a gorgeous color…. Mashallah
Where in Lahore are you based? Would love to see this in person",Such a gorgeous color…. Mashallah Where in Lahore are you based? Would love to see this in person,,true
mcp_whatsapp_number_2_false_971527520120_1517397900_g_us_3a4c2722b5b8eae58cf8_24790651924732_lid,false_971527520120-1517397900@g.us_3A4C2722B5B8EAE58CF8_24790651924732@lid,TLC 40 Series Owners,whatsapp-number-2,971527520120-1517397900@g.us,TLC 40 Series Owners,2026-05-18T05:36:57.000Z,24790651924732,false,chat,"It can be sourced locally. Where do you live in Lahore?
So i can direct you the local garage who can fix with without breaking your bank.",It can be sourced locally. Where do you live in Lahore? So i can direct you the local garage who can fix with without breaking your bank.,,true
mcp_whatsapp_number_2_false_971527520120_1517397900_g_us_acaa0256c2bc114d04f2d92277a2512e_73328060551171_lid,false_971527520120-1517397900@g.us_ACAA0256C2BC114D04F2D92277A2512E_73328060551171@lid,TLC 40 Series Owners,whatsapp-number-2,971527520120-1517397900@g.us,TLC 40 Series Owners,2026-05-18T05:41:52.000Z,73328060551171,false,chat,Thanks alot dear.I would love to show you my Fj in person 🥰. I am living in Askari 11 Bedian Road,Thanks alot dear.I would love to show you my Fj in person 🥰. I am living in Askari 11 Bedian Road,,true
mcp_whatsapp_number_2_false_971527520120_1517397900_g_us_3aaa71984240b78f3435_4359425396802_lid,false_971527520120-1517397900@g.us_3AAA71984240B78F3435_4359425396802@lid,TLC 40 Series Owners,whatsapp-number-2,971527520120-1517397900@g.us,TLC 40 Series Owners,2026-05-18T05:45:34.000Z,4359425396802,false,chat,"Would love to see your Fj in person as well
Will plan a meet up soon inshAlah",Would love to see your Fj in person as well Will plan a meet up soon inshAlah,,true
mcp_whatsapp_number_2_false_971527520120_1517397900_g_us_3ad0238427e226b2f43c_4359425396802_lid,false_971527520120-1517397900@g.us_3AD0238427E226B2F43C_4359425396802@lid,TLC 40 Series Owners,whatsapp-number-2,971527520120-1517397900@g.us,TLC 40 Series Owners,2026-05-18T05:46:56.000Z,4359425396802,false,chat,"Welcome @226083001659473 to the 40 club!
We have already met a year ago I guess in my office in Lahore when you were looking to buy a 40",Welcome @226083001659473 to the 40 club! We have already met a year ago I guess in my office in Lahore when you were looking to buy a 40,,true
mcp_whatsapp_number_2_false_971527520120_1517397900_g_us_3a00547104ffbef8ce78_158261005279468_lid,false_971527520120-1517397900@g.us_3A00547104FFBEF8CE78_158261005279468@lid,TLC 40 Series Owners,whatsapp-number-2,971527520120-1517397900@g.us,TLC 40 Series Owners,2026-05-18T05:51:45.000Z,158261005279468,false,video,Welcome @226083001659473. Nice purchase.  Last meet in lahore with your rig. Happy restoring.,Welcome @226083001659473. Nice purchase. Last meet in lahore with your rig. Happy restoring.,,true
mcp_whatsapp_number_2_true_971527520120_1517397900_g_us_ac5f96a98ec74a1c0f29cdc4fe769426_226083001659473_lid,true_971527520120-1517397900@g.us_AC5F96A98EC74A1C0F29CDC4FE769426_226083001659473@lid,TLC 40 Series Owners,whatsapp-number-2,971527520120-1517397900@g.us,TLC 40 Series Owners,2026-05-18T05:52:56.000Z,+923099351940,true,chat,Perfect. I'm in phase 5 dha,Perfect. I'm in phase 5 dha,,true
mcp_whatsapp_number_2_true_971527520120_1517397900_g_us_ac06818b410bb7d4eaa54861a1897d63_226083001659473_lid,true_971527520120-1517397900@g.us_AC06818B410BB7D4EAA54861A1897D63_226083001659473@lid,TLC 40 Series Owners,whatsapp-number-2,971527520120-1517397900@g.us,TLC 40 Series Owners,2026-05-18T05:54:55.000Z,+923099351940,true,chat,Ah - the good old days when it functioned before i took it all apart!,Ah - the good old days when it functioned before i took it all apart!,,true
mcp_whatsapp_number_2_false_971527520120_1517397900_g_us_4aa11adc7b773bc3437d_4359425396802_lid,false_971527520120-1517397900@g.us_4AA11ADC7B773BC3437D_4359425396802@lid,TLC 40 Series Owners,whatsapp-number-2,971527520120-1517397900@g.us,TLC 40 Series Owners,2026-05-18T05:59:56.000Z,4359425396802,false,image,,,,true
mcp_whatsapp_number_2_false_971527520120_1517397900_g_us_4a8cb5035fa1db9dc6d3_4359425396802_lid,false_971527520120-1517397900@g.us_4A8CB5035FA1DB9DC6D3_4359425396802@lid,TLC 40 Series Owners,whatsapp-number-2,971527520120-1517397900@g.us,TLC 40 Series Owners,2026-05-18T05:59:57.000Z,4359425396802,false,image,,,,true
mcp_whatsapp_number_2_false_971527520120_1517397900_g_us_4ad71c52c10899dcf25f_4359425396802_lid,false_971527520120-1517397900@g.us_4AD71C52C10899DCF25F_4359425396802@lid,TLC 40 Series Owners,whatsapp-number-2,971527520120-1517397900@g.us,TLC 40 Series Owners,2026-05-18T05:59:57.000Z,4359425396802,false,image,,,,true
mcp_whatsapp_number_2_false_971527520120_1517397900_g_us_4a0fc27c4c37b6b95a88_4359425396802_lid,false_971527520120-1517397900@g.us_4A0FC27C4C37B6B95A88_4359425396802@lid,TLC 40 Series Owners,whatsapp-number-2,971527520120-1517397900@g.us,TLC 40 Series Owners,2026-05-18T06:02:43.000Z,4359425396802,false,image,,,,true
mcp_whatsapp_number_2_false_971527520120_1517397900_g_us_4ad90a5d188d2a9c3960_4359425396802_lid,false_971527520120-1517397900@g.us_4AD90A5D188D2A9C3960_4359425396802@lid,TLC 40 Series Owners,whatsapp-number-2,971527520120-1517397900@g.us,TLC 40 Series Owners,2026-05-18T06:02:43.000Z,4359425396802,false,image,,,,true
mcp_whatsapp_number_2_false_971527520120_1517397900_g_us_4affe980d4bf7164c050_4359425396802_lid,false_971527520120-1517397900@g.us_4AFFE980D4BF7164C050_4359425396802@lid,TLC 40 Series Owners,whatsapp-number-2,971527520120-1517397900@g.us,TLC 40 Series Owners,2026-05-18T06:02:43.000Z,4359425396802,false,image,,,,true
mcp_whatsapp_number_2_false_971527520120_1517397900_g_us_3a84038fbd3154e78e41_4359425396802_lid,false_971527520120-1517397900@g.us_3A84038FBD3154E78E41_4359425396802@lid,TLC 40 Series Owners,whatsapp-number-2,971527520120-1517397900@g.us,TLC 40 Series Owners,2026-05-18T06:03:00.000Z,4359425396802,false,chat,These are 40 series projects,These are 40 series projects,,true
mcp_whatsapp_number_2_false_971527520120_1517397900_g_us_3ad204187064a00531c5_4359425396802_lid,false_971527520120-1517397900@g.us_3AD204187064A00531C5_4359425396802@lid,TLC 40 Series Owners,whatsapp-number-2,971527520120-1517397900@g.us,TLC 40 Series Owners,2026-05-18T06:03:35.000Z,4359425396802,false,chat,Let’s have a Lahore members meet up between 15-20th June,Let’s have a Lahore members meet up between 15-20th June,,true
mcp_whatsapp_number_2_false_971527520120_1517397900_g_us_3aef47306eab3502309b_4359425396802_lid,false_971527520120-1517397900@g.us_3AEF47306EAB3502309B_4359425396802@lid,TLC 40 Series Owners,whatsapp-number-2,971527520120-1517397900@g.us,TLC 40 Series Owners,2026-05-18T06:03:56.000Z,4359425396802,false,chat,Currently I’m out of country & shall be back by 10th June hopefully,Currently I’m out of country & shall be back by 10th June hopefully,,true
mcp_whatsapp_number_2_false_971527520120_1517397900_g_us_acb01a19f1adf96be3652bc6b80758ac_73328060551171_lid,false_971527520120-1517397900@g.us_ACB01A19F1ADF96BE3652BC6B80758AC_73328060551171@lid,TLC 40 Series Owners,whatsapp-number-2,971527520120-1517397900@g.us,TLC 40 Series Owners,2026-05-18T06:05:33.000Z,73328060551171,false,chat,Sure please 🥰,Sure please 🥰,,true
mcp_whatsapp_number_2_false_971527520120_1517397900_g_us_ac8fa9d386b8a2a47924e4743834ec37_41635429744809_lid,false_971527520120-1517397900@g.us_AC8FA9D386B8A2A47924E4743834EC37_41635429744809@lid,TLC 40 Series Owners,whatsapp-number-2,971527520120-1517397900@g.us,TLC 40 Series Owners,2026-05-18T06:25:17.000Z,41635429744809,false,chat,😍,😍,,true
mcp_whatsapp_number_2_false_62917110190266_lid_3b0c3d8d3d2a5663d159,false_62917110190266@lid_3B0C3D8D3D2A5663D159,Akbar Khan,whatsapp-number-2,62917110190266@lid,Akbar Khan,2026-05-18T13:25:41.000Z,923334552030,false,chat,yo brother david. just calling back. online work bullshit,yo brother david. just calling back. online work bullshit,,true
mcp_whatsapp_number_2_true_62917110190266_lid_acb58e93f76a74631a752c628633484d,true_62917110190266@lid_ACB58E93F76A74631A752C628633484D,Akbar Khan,whatsapp-number-2,62917110190266@lid,Akbar Khan,2026-05-18T13:25:47.000Z,+923099351940,true,chat,Trying to sort my nadra card and car out. Do any of these mean anything to you?,Trying to sort my nadra card and car out. Do any of these mean anything to you?,,true
mcp_whatsapp_number_2_true_62917110190266_lid_ac0dad6f194cee72f141ae8b377cb905,true_62917110190266@lid_AC0DAD6F194CEE72F141AE8B377CB905,Akbar Khan,whatsapp-number-2,62917110190266@lid,Akbar Khan,2026-05-18T13:25:56.000Z,+923099351940,true,image,,,,true
mcp_whatsapp_number_2_false_62917110190266_lid_3baee7f4cb73bad85aa9,false_62917110190266@lid_3BAEE7F4CB73BAD85AA9,Akbar Khan,whatsapp-number-2,62917110190266@lid,Akbar Khan,2026-05-18T13:26:22.000Z,923334552030,false,chat,yeah i think these are the slips they give on car transfer. should i double check ?,yeah i think these are the slips they give on car transfer. should i double check ?,,true
mcp_whatsapp_number_2_true_62917110190266_lid_ac114e3f1750c1f35bb189c879eca385,true_62917110190266@lid_AC114E3F1750C1F35BB189C879ECA385,Akbar Khan,whatsapp-number-2,62917110190266@lid,Akbar Khan,2026-05-18T13:26:44.000Z,+923099351940,true,chat,"I assuke when you log into nadra, you see your car registered to you?","I assuke when you log into nadra, you see your car registered to you?",,true
mcp_whatsapp_number_2_false_62917110190266_lid_3b8510ac38cafd2fc936,false_62917110190266@lid_3B8510AC38CAFD2FC936,Akbar Khan,whatsapp-number-2,62917110190266@lid,Akbar Khan,2026-05-18T13:26:58.000Z,923334552030,false,chat,yes. i do. but then again. my cars are karachi plates,yes. i do. but then again. my cars are karachi plates,plates,true
mcp_whatsapp_number_2_false_62917110190266_lid_3b4082ba9e9bed8c02f3,false_62917110190266@lid_3B4082BA9E9BED8C02F3,Akbar Khan,whatsapp-number-2,62917110190266@lid,Akbar Khan,2026-05-18T13:27:02.000Z,923334552030,false,chat,totally different system,totally different system,,true
mcp_whatsapp_number_2_true_62917110190266_lid_ac3d932a010c65afc0f519e68270165c,true_62917110190266@lid_AC3D932A010C65AFC0F519E68270165C,Akbar Khan,whatsapp-number-2,62917110190266@lid,Akbar Khan,2026-05-18T13:27:14.000Z,+923099351940,true,chat,Also its literally impossible tonchange my address,Also its literally impossible tonchange my address,,true
mcp_whatsapp_number_2_false_62917110190266_lid_3bc5cccaca951068fd27,false_62917110190266@lid_3BC5CCCACA951068FD27,Akbar Khan,whatsapp-number-2,62917110190266@lid,Akbar Khan,2026-05-18T13:27:16.000Z,923334552030,false,chat,ive just asked hasan .. it was his task,ive just asked hasan .. it was his task,,true
mcp_whatsapp_number_2_true_62917110190266_lid_acdfdc2093e577ebfc8f6537c1e4a556,true_62917110190266@lid_ACDFDC2093E577EBFC8F6537C1E4A556,Akbar Khan,whatsapp-number-2,62917110190266@lid,Akbar Khan,2026-05-18T13:27:37.000Z,+923099351940,true,chat,Bur costs $200,Bur costs $200,,true
mcp_whatsapp_number_2_true_62917110190266_lid_acdb2fecf4b7964bc1cce7df6f625633,true_62917110190266@lid_ACDB2FECF4B7964BC1CCE7DF6F625633,Akbar Khan,whatsapp-number-2,62917110190266@lid,Akbar Khan,2026-05-18T13:28:05.000Z,+923099351940,true,chat,My guy in nadra gave up also i think,My guy in nadra gave up also i think,,true
mcp_whatsapp_number_2_false_62917110190266_lid_3b137803898ddd205cfc,false_62917110190266@lid_3B137803898DDD205CFC,Akbar Khan,whatsapp-number-2,62917110190266@lid,Akbar Khan,2026-05-18T13:28:07.000Z,923334552030,false,chat,na na. fuck the address. . even mine says a house from 30 years ago,na na. fuck the address. . even mine says a house from 30 years ago,,true
mcp_whatsapp_number_2_false_62917110190266_lid_3b638f656ef716642d8b,false_62917110190266@lid_3B638F656EF716642D8B,Akbar Khan,whatsapp-number-2,62917110190266@lid,Akbar Khan,2026-05-18T13:28:16.000Z,923334552030,false,chat,i’ve just pinged hassan with the query,i’ve just pinged hassan with the query,,true
mcp_whatsapp_number_2_true_62917110190266_lid_ac3940dbd67bebf6fcc25be1a60daf4d,true_62917110190266@lid_AC3940DBD67BEBF6FCC25BE1A60DAF4D,Akbar Khan,whatsapp-number-2,62917110190266@lid,Akbar Khan,2026-05-18T13:28:25.000Z,+923099351940,true,chat,Said he could redirevr it for pickup,Said he could redirevr it for pickup,,true
mcp_whatsapp_number_2_true_62917110190266_lid_ac3d475d4c0d50b1a476bffbbf2be9c0,true_62917110190266@lid_AC3D475D4C0D50B1A476BFFBBF2BE9C0,Akbar Khan,whatsapp-number-2,62917110190266@lid,Akbar Khan,2026-05-18T13:29:06.000Z,+923099351940,true,chat,Nobody in the whole building had a clue on a poc,Nobody in the whole building had a clue on a poc,,true
mcp_whatsapp_number_2_false_62917110190266_lid_3b3a83d3f6fee711ff51,false_62917110190266@lid_3B3A83D3F6FEE711FF51,Akbar Khan,whatsapp-number-2,62917110190266@lid,Akbar Khan,2026-05-18T13:30:05.000Z,923334552030,false,chat,hahahahahhahah,hahahahahhahah,,true
mcp_whatsapp_number_2_false_62917110190266_lid_3b95914deffe78e6f9a4,false_62917110190266@lid_3B95914DEFFE78E6F9A4,Akbar Khan,whatsapp-number-2,62917110190266@lid,Akbar Khan,2026-05-18T13:30:11.000Z,923334552030,false,chat,one sec. going to wait for hassan to respond,one sec. going to wait for hassan to respond,,true
mcp_whatsapp_number_2_false_62917110190266_lid_acec608b789221329212598e03b365e9,false_62917110190266@lid_ACEC608B789221329212598E03B365E9,Akbar Khan,whatsapp-number-2,62917110190266@lid,Akbar Khan,2026-05-19T08:47:41.000Z,62917110190266,false,audio,,,,true
mcp_whatsapp_number_2_false_62917110190266_lid_ac62ac85ad6478e0bb6ec8ad309146d1,false_62917110190266@lid_AC62AC85AD6478E0BB6EC8AD309146D1,Akbar Khan,whatsapp-number-2,62917110190266@lid,Akbar Khan,2026-05-19T08:48:33.000Z,62917110190266,false,ptt,,,,true
mcp_whatsapp_number_2_false_62917110190266_lid_acd3f9347ae52c4ccbc359dd439a0c71,false_62917110190266@lid_ACD3F9347AE52C4CCBC359DD439A0C71,Akbar Khan,whatsapp-number-2,62917110190266@lid,Akbar Khan,2026-05-19T08:53:58.000Z,62917110190266,false,chat,But as always. The faster the better plz. Let's get this done urgently,But as always. The faster the better plz. Let's get this done urgently,,true
mcp_whatsapp_number_2_false_62917110190266_lid_ace2c05ff121e2321ea67db0ee9c8114,false_62917110190266@lid_ACE2C05FF121E2321EA67DB0EE9C8114,Akbar Khan,whatsapp-number-2,62917110190266@lid,Akbar Khan,2026-05-19T09:03:10.000Z,62917110190266,false,ptt,,,,true
mcp_whatsapp_number_2_false_971527520120_1517397900_g_us_2ad33b68a410d3131aa3_21685440872577_lid,false_971527520120-1517397900@g.us_2AD33B68A410D3131AA3_21685440872577@lid,TLC 40 Series Owners,whatsapp-number-2,971527520120-1517397900@g.us,TLC 40 Series Owners,2026-05-19T09:25:50.000Z,21685440872577,false,image,,,,true
mcp_whatsapp_number_2_true_62917110190266_lid_ac77b75d1e2b9738fccfe090d298ddfe,true_62917110190266@lid_AC77B75D1E2B9738FCCFE090D298DDFE,Akbar Khan,whatsapp-number-2,62917110190266@lid,Akbar Khan,2026-05-19T09:44:19.000Z,+923099351940,true,image,,,,true
mcp_whatsapp_number_2_false_62917110190266_lid_ac9d101f2fb9f0befbaac40cf03fa6af,false_62917110190266@lid_AC9D101F2FB9F0BEFBAAC40CF03FA6AF,Akbar Khan,whatsapp-number-2,62917110190266@lid,Akbar Khan,2026-05-19T10:14:57.000Z,62917110190266,false,audio,,,,true
mcp_whatsapp_number_2_false_971527520120_1517397900_g_us_acf3f902cef673ebfad6d11d1bedbba5_6253606654028_lid,false_971527520120-1517397900@g.us_ACF3F902CEF673EBFAD6D11D1BEDBBA5_6253606654028@lid,TLC 40 Series Owners,whatsapp-number-2,971527520120-1517397900@g.us,TLC 40 Series Owners,2026-05-19T11:24:46.000Z,6253606654028,false,chat,"Looking for camping gear for a week long trip up north.

Any leads to camping gear would be appreciated.",Looking for camping gear for a week long trip up north. Any leads to camping gear would be appreciated.,,true
mcp_whatsapp_number_2_false_971527520120_1517397900_g_us_3aa4ef56b6e4dd1d371a_79744859140123_lid,false_971527520120-1517397900@g.us_3AA4EF56B6E4DD1D371A_79744859140123@lid,TLC 40 Series Owners,whatsapp-number-2,971527520120-1517397900@g.us,TLC 40 Series Owners,2026-05-19T11:32:07.000Z,79744859140123,false,chat,What do you require ?,What do you require ?,,true
mcp_whatsapp_number_2_false_971527520120_1517397900_g_us_3ae12e0bc33c73afb0dd_7177007808594_lid,false_971527520120-1517397900@g.us_3AE12E0BC33C73AFB0DD_7177007808594@lid,TLC 40 Series Owners,whatsapp-number-2,971527520120-1517397900@g.us,TLC 40 Series Owners,2026-05-19T11:32:44.000Z,7177007808594,false,chat,Khan Imports,Khan Imports,,true
mcp_whatsapp_number_2_false_971527520120_1517397900_g_us_4adc37eeeea949ca8aa2_131761191297256_lid,false_971527520120-1517397900@g.us_4ADC37EEEEA949CA8AA2_131761191297256@lid,TLC 40 Series Owners,whatsapp-number-2,971527520120-1517397900@g.us,TLC 40 Series Owners,2026-05-19T12:10:51.000Z,131761191297256,false,image,,,,true
mcp_whatsapp_number_2_false_971527520120_1517397900_g_us_ac556102a84a4ba96ca043256a8ead35_6253606654028_lid,false_971527520120-1517397900@g.us_AC556102A84A4BA96CA043256A8EAD35_6253606654028@lid,TLC 40 Series Owners,whatsapp-number-2,971527520120-1517397900@g.us,TLC 40 Series Owners,2026-05-19T12:16:10.000Z,6253606654028,false,chat,Contact details,Contact details,,true
mcp_whatsapp_number_2_false_971527520120_1517397900_g_us_ac0006d37130571991e9e645260b0ac6_6253606654028_lid,false_971527520120-1517397900@g.us_AC0006D37130571991E9E645260B0AC6_6253606654028@lid,TLC 40 Series Owners,whatsapp-number-2,971527520120-1517397900@g.us,TLC 40 Series Owners,2026-05-19T12:16:37.000Z,6253606654028,false,chat,"I need a camp, chairs, sleeping bags etc","I need a camp, chairs, sleeping bags etc",,true
mcp_whatsapp_number_2_false_971527520120_1517397900_g_us_3ac3ebb9c4643aa7905f_7177007808594_lid,false_971527520120-1517397900@g.us_3AC3EBB9C4643AA7905F_7177007808594@lid,TLC 40 Series Owners,whatsapp-number-2,971527520120-1517397900@g.us,TLC 40 Series Owners,2026-05-19T12:17:10.000Z,7177007808594,false,image,,,,true
mcp_whatsapp_number_2_false_971527520120_1517397900_g_us_ac2a86e5339fcf3c6f8cadce02460bf8_6253606654028_lid,false_971527520120-1517397900@g.us_AC2A86E5339FCF3C6F8CADCE02460BF8_6253606654028@lid,TLC 40 Series Owners,whatsapp-number-2,971527520120-1517397900@g.us,TLC 40 Series Owners,2026-05-19T12:17:46.000Z,6253606654028,false,chat,Thank you. Any leads from Islamabad or Peshawar?,Thank you. Any leads from Islamabad or Peshawar?,,true
mcp_whatsapp_number_2_false_971527520120_1517397900_g_us_aca4f2c6fe1a7fea0c68420a26ee6fe7_112803037855909_lid,false_971527520120-1517397900@g.us_ACA4F2C6FE1A7FEA0C68420A26EE6FE7_112803037855909@lid,TLC 40 Series Owners,whatsapp-number-2,971527520120-1517397900@g.us,TLC 40 Series Owners,2026-05-19T13:37:15.000Z,112803037855909,false,chat,There is a shop in I-8 markaz as well! Forgetting its name! Same stuff as sold by Khan!,There is a shop in I-8 markaz as well! Forgetting its name! Same stuff as sold by Khan!,,true
mcp_whatsapp_number_2_false_971527520120_1517397900_g_us_ac84f32b00f4dd06c453962574ca8c59_112803037855909_lid,false_971527520120-1517397900@g.us_AC84F32B00F4DD06C453962574CA8C59_112803037855909@lid,TLC 40 Series Owners,whatsapp-number-2,971527520120-1517397900@g.us,TLC 40 Series Owners,2026-05-19T13:38:19.000Z,112803037855909,false,image,,,,true
mcp_whatsapp_number_2_false_971527520120_1517397900_g_us_ac4fc41bae5a508b2d31dbe05bc09580_112803037855909_lid,false_971527520120-1517397900@g.us_AC4FC41BAE5A508B2D31DBE05BC09580_112803037855909@lid,TLC 40 Series Owners,whatsapp-number-2,971527520120-1517397900@g.us,TLC 40 Series Owners,2026-05-19T13:39:31.000Z,112803037855909,false,chat,Naturehike has better quality stuff! They have a Facebook page as well! Based in Karkhano Peshawar! Delivery available!,Naturehike has better quality stuff! They have a Facebook page as well! Based in Karkhano Peshawar! Delivery available!,,true
mcp_whatsapp_number_2_false_971527520120_1517397900_g_us_ac2d66d5f2f8997ba3a5b900b65fe2fd_112803037855909_lid,false_971527520120-1517397900@g.us_AC2D66D5F2F8997BA3A5B900B65FE2FD_112803037855909@lid,TLC 40 Series Owners,whatsapp-number-2,971527520120-1517397900@g.us,TLC 40 Series Owners,2026-05-19T13:42:36.000Z,112803037855909,false,image,,,,true
mcp_whatsapp_number_2_false_971527520120_1517397900_g_us_ac2ce190bd42b142c9e95f3f6d061239_112803037855909_lid,false_971527520120-1517397900@g.us_AC2CE190BD42B142C9E95F3F6D061239_112803037855909@lid,TLC 40 Series Owners,whatsapp-number-2,971527520120-1517397900@g.us,TLC 40 Series Owners,2026-05-19T13:42:59.000Z,112803037855909,false,chat,Tactical gear in I-8 markaz,Tactical gear in I-8 markaz,,true
mcp_whatsapp_number_2_false_971527520120_1517397900_g_us_3a0387f43d63fbe5331c_218004084228152_lid,false_971527520120-1517397900@g.us_3A0387F43D63FBE5331C_218004084228152@lid,TLC 40 Series Owners,whatsapp-number-2,971527520120-1517397900@g.us,TLC 40 Series Owners,2026-05-20T18:52:45.000Z,218004084228152,false,chat,"Hello everyone
I’m looking for a bj40-41 orignal frame with original body stock condition if you know someone who’s selling please inbox me
Thanks",Hello everyone I’m looking for a bj40-41 orignal frame with original body stock condition if you know someone who’s selling please inbox me Thanks,body,true
mcp_whatsapp_number_2_false_971527520120_1517397900_g_us_3a7c9c88c49fb5c84ab9_158261005279468_lid,false_971527520120-1517397900@g.us_3A7C9C88C49FB5C84AB9_158261005279468@lid,TLC 40 Series Owners,whatsapp-number-2,971527520120-1517397900@g.us,TLC 40 Series Owners,2026-05-20T18:58:35.000Z,158261005279468,false,vcard,"BEGIN:VCARD
VERSION:3.0
N:Adventure;Gown House;;;
FN:Gown House Adventure
TEL:+92 51 8315348
END:VCARD",BEGIN:VCARD VERSION:3.0 N:Adventure;Gown House;;; FN:Gown House Adventure TEL:+92 51 8315348 END:VCARD,,true
mcp_whatsapp_number_2_true_971527520120_1517397900_g_us_ac51e1d13ed7275dc02aa042a6b9af0a_226083001659473_lid,true_971527520120-1517397900@g.us_AC51E1D13ED7275DC02AA042A6B9AF0A_226083001659473@lid,TLC 40 Series Owners,whatsapp-number-2,971527520120-1517397900@g.us,TLC 40 Series Owners,2026-05-20T21:33:07.000Z,+923099351940,true,chat,Did anyone do an eps conversion?  Any tips?,Did anyone do an eps conversion? Any tips?,,true
mcp_whatsapp_number_2_false_971527520120_1517397900_g_us_3ab1e5e39f88782fa960_189541403115641_lid,false_971527520120-1517397900@g.us_3AB1E5E39F88782FA960_189541403115641@lid,TLC 40 Series Owners,whatsapp-number-2,971527520120-1517397900@g.us,TLC 40 Series Owners,2026-05-21T01:21:02.000Z,189541403115641,false,chat,@128350903398508 did eps in his 40,@128350903398508 did eps in his 40,,true
mcp_whatsapp_number_2_false_971527520120_1517397900_g_us_3a53063886d3fd1fdb2e_24790651924732_lid,false_971527520120-1517397900@g.us_3A53063886D3FD1FDB2E_24790651924732@lid,TLC 40 Series Owners,whatsapp-number-2,971527520120-1517397900@g.us,TLC 40 Series Owners,2026-05-21T05:56:02.000Z,24790651924732,false,chat,@128350903398508 how is your experience with eps conversion?,@128350903398508 how is your experience with eps conversion?,,true
mcp_whatsapp_number_2_false_971527520120_1517397900_g_us_a5c8e0ddcdfd6880bdb5ff24943da85f_128350903398508_lid,false_971527520120-1517397900@g.us_A5C8E0DDCDFD6880BDB5FF24943DA85F_128350903398508@lid,TLC 40 Series Owners,whatsapp-number-2,971527520120-1517397900@g.us,TLC 40 Series Owners,2026-05-21T07:32:37.000Z,128350903398508,false,chat,"So far it's going good, initially there were few current related issues,  as my bj40 is 24 volt but they are resolved now but I might go for a bigger motor(a friend recommended Mercedes eps), currently it's of Toyota Prius.","So far it's going good, initially there were few current related issues, as my bj40 is 24 volt but they are resolved now but I might go for a bigger motor(a friend recommended Mercedes eps), currently it's of Toyota Prius.",,true
mcp_whatsapp_number_2_false_971527520120_1517397900_g_us_a5a632de236bafe4bcc9318f631be3de_128350903398508_lid,false_971527520120-1517397900@g.us_A5A632DE236BAFE4BCC9318F631BE3DE_128350903398508@lid,TLC 40 Series Owners,whatsapp-number-2,971527520120-1517397900@g.us,TLC 40 Series Owners,2026-05-21T07:32:58.000Z,128350903398508,false,chat,@226083001659473,@226083001659473,,true
mcp_whatsapp_number_2_false_971527520120_1517397900_g_us_3af54595ac5615af5f25_24790651924732_lid,false_971527520120-1517397900@g.us_3AF54595AC5615AF5F25_24790651924732@lid,TLC 40 Series Owners,whatsapp-number-2,971527520120-1517397900@g.us,TLC 40 Series Owners,2026-05-21T07:45:16.000Z,24790651924732,false,chat,Its always a trail and error job but its good to know that its doable.,Its always a trail and error job but its good to know that its doable.,,true
mcp_whatsapp_number_2_false_971527520120_1517397900_g_us_a532a40235282fd2c49313992ccb89e6_128350903398508_lid,false_971527520120-1517397900@g.us_A532A40235282FD2C49313992CCB89E6_128350903398508@lid,TLC 40 Series Owners,whatsapp-number-2,971527520120-1517397900@g.us,TLC 40 Series Owners,2026-05-21T07:46:07.000Z,128350903398508,false,chat,Exactly,Exactly,,true
mcp_whatsapp_number_2_false_971527520120_1517397900_g_us_ac4af4a38f15dc2da3ec871c53ac11da_48408643563605_lid,false_971527520120-1517397900@g.us_AC4AF4A38F15DC2DA3EC871C53AC11DA_48408643563605@lid,TLC 40 Series Owners,whatsapp-number-2,971527520120-1517397900@g.us,TLC 40 Series Owners,2026-05-21T07:49:06.000Z,48408643563605,false,image,,,,true
mcp_whatsapp_number_2_false_971527520120_1517397900_g_us_ac8140e7f38d47a301d21ef472fad00b_19825619382401_lid,false_971527520120-1517397900@g.us_AC8140E7F38D47A301D21EF472FAD00B_19825619382401@lid,TLC 40 Series Owners,whatsapp-number-2,971527520120-1517397900@g.us,TLC 40 Series Owners,2026-05-21T07:51:22.000Z,19825619382401,false,chat,https://www.facebook.com/share/r/1BchQ4kFaz/,https://www.facebook.com/share/r/1BchQ4kFaz/,,true
mcp_whatsapp_number_2_false_971527520120_1517397900_g_us_ac541b3c39e74d70a971e3cd21650c20_19825619382401_lid,false_971527520120-1517397900@g.us_AC541B3C39E74D70A971E3CD21650C20_19825619382401@lid,TLC 40 Series Owners,whatsapp-number-2,971527520120-1517397900@g.us,TLC 40 Series Owners,2026-05-21T07:53:43.000Z,19825619382401,false,chat,Sharing only for the purpose of showing that how an electric power steering motor could be installed in a 40.,Sharing only for the purpose of showing that how an electric power steering motor could be installed in a 40.,power steering|steering,true
mcp_whatsapp_number_2_false_971527520120_1517397900_g_us_acdcea00f421d1d56c8a294ff0d24b8f_19825619382401_lid,false_971527520120-1517397900@g.us_ACDCEA00F421D1D56C8A294FF0D24B8F_19825619382401@lid,TLC 40 Series Owners,whatsapp-number-2,971527520120-1517397900@g.us,TLC 40 Series Owners,2026-05-21T07:56:28.000Z,19825619382401,false,chat,Rizwan Akram runs his own workshop in Isb. He has started restoring 40 and 70 series LCs.,Rizwan Akram runs his own workshop in Isb. He has started restoring 40 and 70 series LCs.,,true
mcp_whatsapp_number_2_false_971527520120_1517397900_g_us_3a5c78386e25557699d9_244027257540719_lid,false_971527520120-1517397900@g.us_3A5C78386E25557699D9_244027257540719@lid,TLC 40 Series Owners,whatsapp-number-2,971527520120-1517397900@g.us,TLC 40 Series Owners,2026-05-21T08:10:27.000Z,244027257540719,false,chat,From where did he got the speedometer altered,From where did he got the speedometer altered,,true
mcp_whatsapp_number_2_false_971527520120_1517397900_g_us_ac7bff2be05be523b7f5a8ec5537f30c_112803037855909_lid,false_971527520120-1517397900@g.us_AC7BFF2BE05BE523B7F5A8EC5537F30C_112803037855909@lid,TLC 40 Series Owners,whatsapp-number-2,971527520120-1517397900@g.us,TLC 40 Series Owners,2026-05-21T08:13:42.000Z,112803037855909,false,chat,https://www.facebook.com/share/p/18gSSBKx5m/,https://www.facebook.com/share/p/18gSSBKx5m/,,true
mcp_whatsapp_number_2_false_971527520120_1517397900_g_us_3eb09b8de26ab1387eedd7_19825619382401_lid,false_971527520120-1517397900@g.us_3EB09B8DE26AB1387EEDD7_19825619382401@lid,TLC 40 Series Owners,whatsapp-number-2,971527520120-1517397900@g.us,TLC 40 Series Owners,2026-05-21T08:32:02.000Z,19825619382401,false,chat,You may ask him directly. He could be reached at 03008938989.,You may ask him directly. He could be reached at 03008938989.,,true
mcp_whatsapp_number_2_false_971527520120_1517397900_g_us_3a92a5d91e203ae6515f_160082188873865_lid,false_971527520120-1517397900@g.us_3A92A5D91E203AE6515F_160082188873865@lid,TLC 40 Series Owners,whatsapp-number-2,971527520120-1517397900@g.us,TLC 40 Series Owners,2026-05-21T08:40:49.000Z,160082188873865,false,chat,"Kaizr Cruisers Karachi - nqueserv manufacturers digital meters for 40’s.

https://www.instagram.com/reel/C-0-YuGSUvk/?igsh=YjhjM2ZxbnIxdHRr",Kaizr Cruisers Karachi - nqueserv manufacturers digital meters for 40’s. https://www.instagram.com/reel/C-0-YuGSUvk/?igsh=YjhjM2ZxbnIxdHRr,,true
mcp_whatsapp_number_2_false_971527520120_1517397900_g_us_3a410e949376d94dced9_160464306745530_lid,false_971527520120-1517397900@g.us_3A410E949376D94DCED9_160464306745530@lid,TLC 40 Series Owners,whatsapp-number-2,971527520120-1517397900@g.us,TLC 40 Series Owners,2026-05-21T09:40:03.000Z,160464306745530,false,chat,Does anyone have a hard top for fj40?,Does anyone have a hard top for fj40?,fj40,true
mcp_whatsapp_number_2_false_971527520120_1517397900_g_us_ac38f87a32cddc43471995cd7c0ed57c_37911810572503_lid,false_971527520120-1517397900@g.us_AC38F87A32CDDC43471995CD7C0ED57C_37911810572503@lid,TLC 40 Series Owners,whatsapp-number-2,971527520120-1517397900@g.us,TLC 40 Series Owners,2026-05-21T10:37:06.000Z,37911810572503,false,chat,"Toyota Land Cruiser
PKR 1,850,000
https://www.pakwheels.com/used-cars/toyota-land-cruiser-1984-for-sale-in-islamabad-11424196

Shared via PakWheels.com","Toyota Land Cruiser PKR 1,850,000 https://www.pakwheels.com/used-cars/toyota-land-cruiser-1984-for-sale-in-islamabad-11424196 Shared via PakWheels.com",land cruiser,true
mcp_whatsapp_number_2_false_971527520120_1517397900_g_us_ac0f43313e25d79eec3d3d7299624b23_37911810572503_lid,false_971527520120-1517397900@g.us_AC0F43313E25D79EEC3D3D7299624B23_37911810572503@lid,TLC 40 Series Owners,whatsapp-number-2,971527520120-1517397900@g.us,TLC 40 Series Owners,2026-05-21T10:37:23.000Z,37911810572503,false,chat,@160464306745530,@160464306745530,,true
mcp_whatsapp_number_2_false_971527520120_1517397900_g_us_3a9bcf934125832e5381_160464306745530_lid,false_971527520120-1517397900@g.us_3A9BCF934125832E5381_160464306745530@lid,TLC 40 Series Owners,whatsapp-number-2,971527520120-1517397900@g.us,TLC 40 Series Owners,2026-05-21T10:54:05.000Z,160464306745530,false,chat,Brother i only need the hard top for a fj i already have a fj,Brother i only need the hard top for a fj i already have a fj,,true
mcp_whatsapp_number_2_false_971527520120_1517397900_g_us_acfaaece66d6dbbc9da5fab3fa10ff33_37911810572503_lid,false_971527520120-1517397900@g.us_ACFAAECE66D6DBBC9DA5FAB3FA10FF33_37911810572503@lid,TLC 40 Series Owners,whatsapp-number-2,971527520120-1517397900@g.us,TLC 40 Series Owners,2026-05-21T10:54:19.000Z,37911810572503,false,chat,Okay,Okay,,true
mcp_whatsapp_number_2_false_971527520120_1517397900_g_us_ac7416c5dbcd8a2d629adeb3ca600010_37911810572503_lid,false_971527520120-1517397900@g.us_AC7416C5DBCD8A2D629ADEB3CA600010_37911810572503@lid,TLC 40 Series Owners,whatsapp-number-2,971527520120-1517397900@g.us,TLC 40 Series Owners,2026-05-21T10:54:33.000Z,37911810572503,false,chat,Bro check city saddar pindi,Bro check city saddar pindi,,true
mcp_whatsapp_number_2_false_971527520120_1517397900_g_us_ac06e80ec229e7c90a101fe82be22b0c_37911810572503_lid,false_971527520120-1517397900@g.us_AC06E80EC229E7C90A101FE82BE22B0C_37911810572503@lid,TLC 40 Series Owners,whatsapp-number-2,971527520120-1517397900@g.us,TLC 40 Series Owners,2026-05-21T10:58:08.000Z,37911810572503,false,chat,+92 302 0103636,+92 302 0103636,,true
mcp_whatsapp_number_2_false_971527520120_1517397900_g_us_acc2477fc97503444a0a409ea2012005_37911810572503_lid,false_971527520120-1517397900@g.us_ACC2477FC97503444A0A409EA2012005_37911810572503@lid,TLC 40 Series Owners,whatsapp-number-2,971527520120-1517397900@g.us,TLC 40 Series Owners,2026-05-21T10:58:17.000Z,37911810572503,false,chat,Check with this guy,Check with this guy,,true
mcp_whatsapp_number_2_false_971527520120_1517397900_g_us_3ab9263906c01537512f_160464306745530_lid,false_971527520120-1517397900@g.us_3AB9263906C01537512F_160464306745530@lid,TLC 40 Series Owners,whatsapp-number-2,971527520120-1517397900@g.us,TLC 40 Series Owners,2026-05-21T11:03:05.000Z,160464306745530,false,chat,Okay thank you ☺️,Okay thank you ☺️,,true
mcp_whatsapp_number_2_true_971527520120_1517397900_g_us_ac36c23dffb97a01b2da67ba048e692a_226083001659473_lid,true_971527520120-1517397900@g.us_AC36C23DFFB97A01B2DA67BA048E692A_226083001659473@lid,TLC 40 Series Owners,whatsapp-number-2,971527520120-1517397900@g.us,TLC 40 Series Owners,2026-05-21T16:17:37.000Z,+923099351940,true,chat,"Yeah. I was told a vitz steering column would be a good replacement, but not finding these in the market. Bigger car donors will mean more adjustments","Yeah. I was told a vitz steering column would be a good replacement, but not finding these in the market. Bigger car donors will mean more adjustments",steering,true
mcp_whatsapp_number_2_true_971527520120_1517397900_g_us_ac12b4d5edf6e8f19952e8c72a0e50da_226083001659473_lid,true_971527520120-1517397900@g.us_AC12B4D5EDF6E8F19952E8C72A0E50DA_226083001659473@lid,TLC 40 Series Owners,whatsapp-number-2,971527520120-1517397900@g.us,TLC 40 Series Owners,2026-05-21T18:00:53.000Z,+923099351940,true,chat,Can you dm any images you have please?  Especially chassis fixtures. Thanks!,Can you dm any images you have please? Especially chassis fixtures. Thanks!,chassis,true
mcp_whatsapp_number_2_true_62917110190266_lid_ac946af9a77622eef30842189857b8e1,true_62917110190266@lid_AC946AF9A77622EEF30842189857B8E1,Akbar Khan,whatsapp-number-2,62917110190266@lid,Akbar Khan,2026-05-21T18:17:20.000Z,+923099351940,true,chat,Yo. Any luck on the metal.bits and workbench?,Yo. Any luck on the metal.bits and workbench?,,true
mcp_whatsapp_number_2_false_62917110190266_lid_ac041a3c59f831b1d98380c5703fab36,false_62917110190266@lid_AC041A3C59F831B1D98380C5703FAB36,Akbar Khan,whatsapp-number-2,62917110190266@lid,Akbar Khan,2026-05-21T22:00:15.000Z,62917110190266,false,ptt,,,,true
mcp_whatsapp_number_2_false_971527520120_1517397900_g_us_ac45c7d8c76dce60f3ffefcda9e913f6_19825619382401_lid,false_971527520120-1517397900@g.us_AC45C7D8C76DCE60F3FFEFCDA9E913F6_19825619382401@lid,TLC 40 Series Owners,whatsapp-number-2,971527520120-1517397900@g.us,TLC 40 Series Owners,2026-05-22T11:10:18.000Z,19825619382401,false,chat,"Happy Birthday 🎂 🌸💐🥳❤️and many happy returns, Umer Sikandary (Ex owner of BJ40) ☹️","Happy Birthday 🎂 🌸💐🥳❤️and many happy returns, Umer Sikandary (Ex owner of BJ40) ☹️",,true
mcp_whatsapp_number_2_false_971527520120_1517397900_g_us_ac643fce16204c8360c5d0a7380c4f91_19825619382401_lid,false_971527520120-1517397900@g.us_AC643FCE16204C8360C5D0A7380C4F91_19825619382401@lid,TLC 40 Series Owners,whatsapp-number-2,971527520120-1517397900@g.us,TLC 40 Series Owners,2026-05-22T11:10:43.000Z,19825619382401,false,sticker,,,,true
mcp_whatsapp_number_2_false_971527520120_1517397900_g_us_ac577d3ea796ab3b615445ab8133b18d_139629403582580_lid,false_971527520120-1517397900@g.us_AC577D3EA796AB3B615445AB8133B18D_139629403582580@lid,TLC 40 Series Owners,whatsapp-number-2,971527520120-1517397900@g.us,TLC 40 Series Owners,2026-05-22T11:15:23.000Z,139629403582580,false,chat,"Happy Birthday Umer,

His soul is in every 40 of this group","Happy Birthday Umer, His soul is in every 40 of this group",,true
mcp_whatsapp_number_2_false_971527520120_1517397900_g_us_3aa29cecc78371a3b0f1_42507291328542_lid,false_971527520120-1517397900@g.us_3AA29CECC78371A3B0F1_42507291328542@lid,TLC 40 Series Owners,whatsapp-number-2,971527520120-1517397900@g.us,TLC 40 Series Owners,2026-05-22T11:17:02.000Z,42507291328542,false,chat,HBD Umer bhai,HBD Umer bhai,,true
mcp_whatsapp_number_2_false_971527520120_1517397900_g_us_ac7ff673a8bf496b5bf5ac5f0606e7ed_112803037855909_lid,false_971527520120-1517397900@g.us_AC7FF673A8BF496B5BF5AC5F0606E7ED_112803037855909@lid,TLC 40 Series Owners,whatsapp-number-2,971527520120-1517397900@g.us,TLC 40 Series Owners,2026-05-22T11:20:52.000Z,112803037855909,false,chat,Happy birthday and best wishes! Stay blessed!,Happy birthday and best wishes! Stay blessed!,,true
mcp_whatsapp_number_2_false_971527520120_1517397900_g_us_3a03d23ff2d8b2557312_71807675711525_lid,false_971527520120-1517397900@g.us_3A03D23FF2D8B2557312_71807675711525@lid,TLC 40 Series Owners,whatsapp-number-2,971527520120-1517397900@g.us,TLC 40 Series Owners,2026-05-22T11:21:05.000Z,71807675711525,false,revoked,,,,true
mcp_whatsapp_number_2_false_971527520120_1517397900_g_us_3aacdcee72dc15ab09b7_71807675711525_lid,false_971527520120-1517397900@g.us_3AACDCEE72DC15AB09B7_71807675711525@lid,TLC 40 Series Owners,whatsapp-number-2,971527520120-1517397900@g.us,TLC 40 Series Owners,2026-05-22T11:21:07.000Z,71807675711525,false,chat,Happy birthday legend 🎂,Happy birthday legend 🎂,,true
mcp_whatsapp_number_2_false_971527520120_1517397900_g_us_ac0be80193c52971b0e2a46c8f376f8e_37911810572503_lid,false_971527520120-1517397900@g.us_AC0BE80193C52971B0E2A46C8F376F8E_37911810572503@lid,TLC 40 Series Owners,whatsapp-number-2,971527520120-1517397900@g.us,TLC 40 Series Owners,2026-05-22T11:22:37.000Z,37911810572503,false,chat,Happy birthday brother!! @160082188873865,Happy birthday brother!! @160082188873865,,true
mcp_whatsapp_number_2_false_971527520120_1517397900_g_us_3adbc7cf94bf6f3edc89_189541403115641_lid,false_971527520120-1517397900@g.us_3ADBC7CF94BF6F3EDC89_189541403115641@lid,TLC 40 Series Owners,whatsapp-number-2,971527520120-1517397900@g.us,TLC 40 Series Owners,2026-05-22T11:24:25.000Z,189541403115641,false,chat,Happy Birthday Umar Bhai.. Man Behind many 40 restoration..,Happy Birthday Umar Bhai.. Man Behind many 40 restoration..,,true
mcp_whatsapp_number_2_false_971527520120_1517397900_g_us_3eb0336d47b26c4f2ce750_160082188873865_lid,false_971527520120-1517397900@g.us_3EB0336D47B26C4F2CE750_160082188873865@lid,TLC 40 Series Owners,whatsapp-number-2,971527520120-1517397900@g.us,TLC 40 Series Owners,2026-05-22T11:28:39.000Z,160082188873865,false,chat,Thank you brothers :),Thank you brothers :),,true
mcp_whatsapp_number_2_false_971527520120_1517397900_g_us_3a815fd3a35392f4595d_45127338832117_lid,false_971527520120-1517397900@g.us_3A815FD3A35392F4595D_45127338832117@lid,TLC 40 Series Owners,whatsapp-number-2,971527520120-1517397900@g.us,TLC 40 Series Owners,2026-05-22T12:15:34.000Z,45127338832117,false,chat,Happy birthday @160082188873865,Happy birthday @160082188873865,,true
mcp_whatsapp_number_2_false_971527520120_1517397900_g_us_3eb0495bdf36b20116a8ac_160082188873865_lid,false_971527520120-1517397900@g.us_3EB0495BDF36B20116A8AC_160082188873865@lid,TLC 40 Series Owners,whatsapp-number-2,971527520120-1517397900@g.us,TLC 40 Series Owners,2026-05-22T12:24:52.000Z,160082188873865,false,chat,of the same BJ40 right? 🤷🏻‍♂️😂,of the same BJ40 right? 🤷🏻‍♂️😂,,true
mcp_whatsapp_number_2_false_971527520120_1517397900_g_us_ac609bb1d1a4ff821fa6858960bcebd7_19825619382401_lid,false_971527520120-1517397900@g.us_AC609BB1D1A4FF821FA6858960BCEBD7_19825619382401@lid,TLC 40 Series Owners,whatsapp-number-2,971527520120-1517397900@g.us,TLC 40 Series Owners,2026-05-22T12:34:08.000Z,19825619382401,false,chat,Are you in touch with the new owner? Is he happy with the purchase?,Are you in touch with the new owner? Is he happy with the purchase?,,true
mcp_whatsapp_number_2_false_971527520120_1517397900_g_us_3ab822becd3bc3ad56b4_160082188873865_lid,false_971527520120-1517397900@g.us_3AB822BECD3BC3AD56B4_160082188873865@lid,TLC 40 Series Owners,whatsapp-number-2,971527520120-1517397900@g.us,TLC 40 Series Owners,2026-05-22T12:36:27.000Z,160082188873865,false,chat,Yes and yes. It is still running on my name though 🤷🏻‍♂️,Yes and yes. It is still running on my name though 🤷🏻‍♂️,,true
mcp_whatsapp_number_2_false_971527520120_1517397900_g_us_acaeb42926477025a08554cd628edd55_38659050979421_lid,false_971527520120-1517397900@g.us_ACAEB42926477025A08554CD628EDD55_38659050979421@lid,TLC 40 Series Owners,whatsapp-number-2,971527520120-1517397900@g.us,TLC 40 Series Owners,2026-05-22T13:12:13.000Z,38659050979421,false,chat,"Dear Umar,
Many happy returns of the day 🎉 stay blessed 🥳","Dear Umar, Many happy returns of the day 🎉 stay blessed 🥳",,true
mcp_whatsapp_number_2_false_971527520120_1517397900_g_us_a5fe10322ca9fbe301f81328fe3cbe04_98548125290539_lid,false_971527520120-1517397900@g.us_A5FE10322CA9FBE301F81328FE3CBE04_98548125290539@lid,TLC 40 Series Owners,whatsapp-number-2,971527520120-1517397900@g.us,TLC 40 Series Owners,2026-05-22T13:14:02.000Z,98548125290539,false,chat,سالگرہ کی بہت بہت شب کامنائیں جناب۔ ہنستے مسکراتے رہیں۔,سالگرہ کی بہت بہت شب کامنائیں جناب۔ ہنستے مسکراتے رہیں۔,,true
mcp_whatsapp_number_2_false_62917110190266_lid_ac2ff929df01a08a7fc0ebd4fb139c14,false_62917110190266@lid_AC2FF929DF01A08A7FC0EBD4FB139C14,Akbar Khan,whatsapp-number-2,62917110190266@lid,Akbar Khan,2026-05-22T13:16:31.000Z,62917110190266,false,chat,"Congrats. Both bios done.. seller inclusive. Card should be with u by day after. Let's call it Monday to be safe . At a stunning additional charge of 10k since he had to come twice. So bop plz.

Btw this might have fixed ur Nadra issue also. Worth a check",Congrats. Both bios done.. seller inclusive. Card should be with u by day after. Let's call it Monday to be safe . At a stunning additional charge of 10k since he had to come twice. So bop plz. Btw this might have fixed ur Nadra issue also. Worth a check,,true
mcp_whatsapp_number_2_false_971527520120_1517397900_g_us_3a28c66c5c0abfaf9fb6_160082188873865_lid,false_971527520120-1517397900@g.us_3A28C66C5C0ABFAF9FB6_160082188873865@lid,TLC 40 Series Owners,whatsapp-number-2,971527520120-1517397900@g.us,TLC 40 Series Owners,2026-05-22T13:19:47.000Z,160082188873865,false,chat,Thanks 😊,Thanks 😊,,true
mcp_whatsapp_number_2_false_971527520120_1517397900_g_us_3a6c9f6cccf01ab2d133_160082188873865_lid,false_971527520120-1517397900@g.us_3A6C9F6CCCF01AB2D133_160082188873865@lid,TLC 40 Series Owners,whatsapp-number-2,971527520120-1517397900@g.us,TLC 40 Series Owners,2026-05-22T13:20:03.000Z,160082188873865,false,chat,شکریہ بھائی,شکریہ بھائی,,true
mcp_whatsapp_number_2_true_62917110190266_lid_ac16648917845a922b2e973558c57d9f,true_62917110190266@lid_AC16648917845A922B2E973558C57D9F,Akbar Khan,whatsapp-number-2,62917110190266@lid,Akbar Khan,2026-05-22T13:20:46.000Z,+923099351940,true,chat,"Cool, thanks. I sent over the 10k","Cool, thanks. I sent over the 10k",,true
mcp_whatsapp_number_2_false_62917110190266_lid_ac8db3b2d254c2c0e3c99e30e1dfd5f3,false_62917110190266@lid_AC8DB3B2D254C2C0E3C99E30E1DFD5F3,Akbar Khan,whatsapp-number-2,62917110190266@lid,Akbar Khan,2026-05-22T13:23:26.000Z,62917110190266,false,chat,Cool. Forwarded. Billu has to drop his stuff also. Lining it up for tomorrow then clearing him out till the tub is ready,Cool. Forwarded. Billu has to drop his stuff also. Lining it up for tomorrow then clearing him out till the tub is ready,,true
mcp_whatsapp_number_2_false_971527520120_1517397900_g_us_ac724e15fa369360ccc2979c8db73000_184718171590789_lid,false_971527520120-1517397900@g.us_AC724E15FA369360CCC2979C8DB73000_184718171590789@lid,TLC 40 Series Owners,whatsapp-number-2,971527520120-1517397900@g.us,TLC 40 Series Owners,2026-05-22T16:11:52.000Z,184718171590789,false,chat,"Salgirah Mubarak Umar Bhai de great 😃. Heartiest Congratulations 🎉 .. Umar Bhai with your 40, time to get  a 40 😇","Salgirah Mubarak Umar Bhai de great 😃. Heartiest Congratulations 🎉 .. Umar Bhai with your 40, time to get a 40 😇",,true
mcp_whatsapp_number_2_false_971527520120_1517397900_g_us_3aedcc574c04d64b5b1a_24790651924732_lid,false_971527520120-1517397900@g.us_3AEDCC574C04D64B5B1A_24790651924732@lid,TLC 40 Series Owners,whatsapp-number-2,971527520120-1517397900@g.us,TLC 40 Series Owners,2026-05-22T16:17:30.000Z,24790651924732,false,chat,Happy Birthday @160082188873865 🎂🎂,Happy Birthday @160082188873865 🎂🎂,,true
mcp_whatsapp_number_2_false_971527520120_1517397900_g_us_ac53c5e04013ab87605281c86eb40e01_73328060551171_lid,false_971527520120-1517397900@g.us_AC53C5E04013AB87605281C86EB40E01_73328060551171@lid,TLC 40 Series Owners,whatsapp-number-2,971527520120-1517397900@g.us,TLC 40 Series Owners,2026-05-22T16:46:45.000Z,73328060551171,false,image,,,,true
mcp_whatsapp_number_2_false_971527520120_1517397900_g_us_a5ebce7e4647d0a3c66764e52610b47c_98548125290539_lid,false_971527520120-1517397900@g.us_A5EBCE7E4647D0A3C66764E52610B47C_98548125290539@lid,TLC 40 Series Owners,whatsapp-number-2,971527520120-1517397900@g.us,TLC 40 Series Owners,2026-05-22T16:48:44.000Z,98548125290539,false,sticker,,,,true
mcp_whatsapp_number_2_false_971527520120_1517397900_g_us_3a79d7dbf6d256893bb4_160082188873865_lid,false_971527520120-1517397900@g.us_3A79D7DBF6D256893BB4_160082188873865@lid,TLC 40 Series Owners,whatsapp-number-2,971527520120-1517397900@g.us,TLC 40 Series Owners,2026-05-22T18:28:40.000Z,160082188873865,false,chat,Thank you brothers,Thank you brothers,,true
mcp_whatsapp_number_2_false_971527520120_1517397900_g_us_3a9b8b09f337e000ddde_131761191297256_lid,false_971527520120-1517397900@g.us_3A9B8B09F337E000DDDE_131761191297256@lid,TLC 40 Series Owners,whatsapp-number-2,971527520120-1517397900@g.us,TLC 40 Series Owners,2026-05-22T18:31:36.000Z,131761191297256,false,chat,Happy birthday brother @160082188873865,Happy birthday brother @160082188873865,,true
mcp_whatsapp_number_2_false_971527520120_1517397900_g_us_3a3d6a124223861de23b_158261005279468_lid,false_971527520120-1517397900@g.us_3A3D6A124223861DE23B_158261005279468@lid,TLC 40 Series Owners,whatsapp-number-2,971527520120-1517397900@g.us,TLC 40 Series Owners,2026-05-22T19:31:08.000Z,158261005279468,false,chat,Happiest birthday 🎂,Happiest birthday 🎂,,true
mcp_whatsapp_number_2_false_971527520120_1517397900_g_us_3a8e3ca9aeaf7b87cd33_262787741827282_lid,false_971527520120-1517397900@g.us_3A8E3CA9AEAF7B87CD33_262787741827282@lid,TLC 40 Series Owners,whatsapp-number-2,971527520120-1517397900@g.us,TLC 40 Series Owners,2026-05-23T04:10:32.000Z,262787741827282,false,chat,"Looking for FJ door Channel / strips

Can only find Door rubber and Quarter rubber",Looking for FJ door Channel / strips Can only find Door rubber and Quarter rubber,door,true
mcp_whatsapp_number_2_false_971527520120_1517397900_g_us_3a9378965de6f7712f63_79744859140123_lid,false_971527520120-1517397900@g.us_3A9378965DE6F7712F63_79744859140123@lid,TLC 40 Series Owners,whatsapp-number-2,971527520120-1517397900@g.us,TLC 40 Series Owners,2026-05-23T05:26:47.000Z,79744859140123,false,chat,Happy birthday Umer bhai !!,Happy birthday Umer bhai !!,,true
mcp_whatsapp_number_2_false_971527520120_1517397900_g_us_3a0df5055d63fc6505ec_262787741827282_lid,false_971527520120-1517397900@g.us_3A0DF5055D63FC6505EC_262787741827282@lid,TLC 40 Series Owners,whatsapp-number-2,971527520120-1517397900@g.us,TLC 40 Series Owners,2026-05-23T06:33:49.000Z,262787741827282,false,chat,"I just found this on AliExpress: Please help me choose!
 | Sale Car Meter Gauge Cluster 83100-60180 For Toyota Land Cruiser FJ40 FJ45 BJ40 1974-1980 Gray Dashboard Assembly Accessories
https://a.aliexpress.com/_c4smGj4p",I just found this on AliExpress: Please help me choose! | Sale Car Meter Gauge Cluster 83100-60180 For Toyota Land Cruiser FJ40 FJ45 BJ40 1974-1980 Gray Dashboard Assembly Accessories https://a.aliexpress.com/_c4smGj4p,aliexpress|fj40|land cruiser,true
mcp_whatsapp_number_2_false_971527520120_1517397900_g_us_3aed84cd90634a24517b_262787741827282_lid,false_971527520120-1517397900@g.us_3AED84CD90634A24517B_262787741827282@lid,TLC 40 Series Owners,whatsapp-number-2,971527520120-1517397900@g.us,TLC 40 Series Owners,2026-05-23T06:34:13.000Z,262787741827282,false,chat,Anyone used this or a similar Chinese unit),Anyone used this or a similar Chinese unit),,true
mcp_whatsapp_number_2_false_971527520120_1517397900_g_us_3a2eaea32734c51ec340_189541403115641_lid,false_971527520120-1517397900@g.us_3A2EAEA32734C51EC340_189541403115641@lid,TLC 40 Series Owners,whatsapp-number-2,971527520120-1517397900@g.us,TLC 40 Series Owners,2026-05-23T06:39:35.000Z,189541403115641,false,chat,Works good but guages need to be calibrated,Works good but guages need to be calibrated,,true
mcp_whatsapp_number_2_false_971527520120_1517397900_g_us_3aab3be7ce1c2e0d0257_189541403115641_lid,false_971527520120-1517397900@g.us_3AAB3BE7CE1C2E0D0257_189541403115641@lid,TLC 40 Series Owners,whatsapp-number-2,971527520120-1517397900@g.us,TLC 40 Series Owners,2026-05-23T06:40:13.000Z,189541403115641,false,chat,Available in City Saddar Road now.. Asking ranges between 35k to 45k,Available in City Saddar Road now.. Asking ranges between 35k to 45k,,true
mcp_whatsapp_number_2_false_971527520120_1517397900_g_us_3a56266d6aa446e576e0_189541403115641_lid,false_971527520120-1517397900@g.us_3A56266D6AA446E576E0_189541403115641@lid,TLC 40 Series Owners,whatsapp-number-2,971527520120-1517397900@g.us,TLC 40 Series Owners,2026-05-23T06:40:36.000Z,189541403115641,false,chat,Someone recently imported these,Someone recently imported these,,true
mcp_whatsapp_number_2_false_971527520120_1517397900_g_us_acbdb94d2120178129faad7f1fedec0b_85843578458360_lid,false_971527520120-1517397900@g.us_ACBDB94D2120178129FAAD7F1FEDEC0B_85843578458360@lid,TLC 40 Series Owners,whatsapp-number-2,971527520120-1517397900@g.us,TLC 40 Series Owners,2026-05-23T06:40:54.000Z,85843578458360,false,chat,"Hi
I hv OEM but is very Expensive
Brand new",Hi I hv OEM but is very Expensive Brand new,,true
mcp_whatsapp_number_2_false_971527520120_1517397900_g_us_3a3c10fc5d1ca616e82d_65713133846657_lid,false_971527520120-1517397900@g.us_3A3C10FC5D1CA616E82D_65713133846657@lid,TLC 40 Series Owners,whatsapp-number-2,971527520120-1517397900@g.us,TLC 40 Series Owners,2026-05-23T07:12:29.000Z,65713133846657,false,chat,Lahore rubber Montgomery,Lahore rubber Montgomery,,true
mcp_whatsapp_number_2_false_971527520120_1517397900_g_us_3aee41dcec0efecae87f_262787741827282_lid,false_971527520120-1517397900@g.us_3AEE41DCEC0EFECAE87F_262787741827282@lid,TLC 40 Series Owners,whatsapp-number-2,971527520120-1517397900@g.us,TLC 40 Series Owners,2026-05-23T07:12:57.000Z,262787741827282,false,chat,Boss any contact number?,Boss any contact number?,,true
mcp_whatsapp_number_2_false_971527520120_1517397900_g_us_4a024bc9618f2957a796_65713133846657_lid,false_971527520120-1517397900@g.us_4A024BC9618F2957A796_65713133846657@lid,TLC 40 Series Owners,whatsapp-number-2,971527520120-1517397900@g.us,TLC 40 Series Owners,2026-05-23T07:15:30.000Z,65713133846657,false,chat,https://maps.app.goo.gl/ccssFicfyteMPko76?g_st=iw,https://maps.app.goo.gl/ccssFicfyteMPko76?g_st=iw,,true
mcp_whatsapp_number_2_false_971527520120_1517397900_g_us_4ac5d4228e0505e38b73_65713133846657_lid,false_971527520120-1517397900@g.us_4AC5D4228E0505E38B73_65713133846657@lid,TLC 40 Series Owners,whatsapp-number-2,971527520120-1517397900@g.us,TLC 40 Series Owners,2026-05-23T07:16:03.000Z,65713133846657,false,vcard,"BEGIN:VCARD
VERSION:3.0
N:Rubber;Lahore;;;
FN:Lahore Rubber
TEL;waid=923244181442:+92 324 4181442
END:VCARD",BEGIN:VCARD VERSION:3.0 N:Rubber;Lahore;;; FN:Lahore Rubber TEL;waid=923244181442:+92 324 4181442 END:VCARD,,true
mcp_whatsapp_number_2_false_971527520120_1517397900_g_us_3af670005f186e75baec_65713133846657_lid,false_971527520120-1517397900@g.us_3AF670005F186E75BAEC_65713133846657@lid,TLC 40 Series Owners,whatsapp-number-2,971527520120-1517397900@g.us,TLC 40 Series Owners,2026-05-23T07:16:18.000Z,65713133846657,false,chat,Im not sure if this number works,Im not sure if this number works,,true
mcp_whatsapp_number_2_false_971527520120_1517397900_g_us_2a53f01b01bc0540792f_30369831203040_lid,false_971527520120-1517397900@g.us_2A53F01B01BC0540792F_30369831203040@lid,TLC 40 Series Owners,whatsapp-number-2,971527520120-1517397900@g.us,TLC 40 Series Owners,2026-05-23T07:51:17.000Z,30369831203040,false,chat,I have used it,I have used it,,true
mcp_whatsapp_number_2_false_971527520120_1517397900_g_us_2a0c75ec8886d140a4b4_30369831203040_lid,false_971527520120-1517397900@g.us_2A0C75EC8886D140A4B4_30369831203040@lid,TLC 40 Series Owners,whatsapp-number-2,971527520120-1517397900@g.us,TLC 40 Series Owners,2026-05-23T07:51:50.000Z,30369831203040,false,chat,Decent experience,Decent experience,,true
mcp_whatsapp_number_2_false_971527520120_1517397900_g_us_2a448ed65128d97f7dd5_30369831203040_lid,false_971527520120-1517397900@g.us_2A448ED65128D97F7DD5_30369831203040@lid,TLC 40 Series Owners,whatsapp-number-2,971527520120-1517397900@g.us,TLC 40 Series Owners,2026-05-23T07:51:58.000Z,30369831203040,false,chat,But i bought oem one,But i bought oem one,,true
mcp_whatsapp_number_2_false_62917110190266_lid_ac8abd3caa7982fe6a2c34559defa80e,false_62917110190266@lid_AC8ABD3CAA7982FE6A2C34559DEFA80E,Akbar Khan,whatsapp-number-2,62917110190266@lid,Akbar Khan,2026-05-23T11:22:35.000Z,62917110190266,false,chat,"Brother David. Having billu drop remaining items to u by 7:30. Works ?

Let him take a look at the tub also and the chassis if u like although one really wouldn't need him for the chassis I feel. Going to make a complete inventory then and close him up till one needs him next.",Brother David. Having billu drop remaining items to u by 7:30. Works ? Let him take a look at the tub also and the chassis if u like although one really wouldn't need him for the chassis I feel. Going to make a complete inventory then and close him up till one needs him next.,chassis,true
mcp_whatsapp_number_2_true_62917110190266_lid_aca4974d551b190766a23ba1c33a1ed9,true_62917110190266@lid_ACA4974D551B190766A23BA1C33A1ED9,Akbar Khan,whatsapp-number-2,62917110190266@lid,Akbar Khan,2026-05-23T11:37:07.000Z,+923099351940,true,chat,Ok 7.30 is fine,Ok 7.30 is fine,,true
mcp_whatsapp_number_2_true_62917110190266_lid_00f08a1f6837afcd98504cf92ba5257a,true_62917110190266@lid_00F08A1F6837AFCD98504CF92BA5257A,Akbar Khan,whatsapp-number-2,62917110190266@lid,Akbar Khan,2026-05-23T12:40:30.000Z,+923099351940,true,call_log,,,,true
mcp_whatsapp_number_2_true_62917110190266_lid_008ce9eac5a76aa1f299773206d5397a,true_62917110190266@lid_008CE9EAC5A76AA1F299773206D5397A,Akbar Khan,whatsapp-number-2,62917110190266@lid,Akbar Khan,2026-05-23T12:41:57.000Z,+923099351940,true,call_log,,,,true
mcp_whatsapp_number_2_true_62917110190266_lid_000b1710ffc4ad920e06bd9af0e2167d,true_62917110190266@lid_000B1710FFC4AD920E06BD9AF0E2167D,Akbar Khan,whatsapp-number-2,62917110190266@lid,Akbar Khan,2026-05-23T15:36:17.000Z,+923099351940,true,call_log,,,,true
mcp_whatsapp_number_2_false_62917110190266_lid_ac34ebf8715e81a59007131bce4f6d64,false_62917110190266@lid_AC34EBF8715E81A59007131BCE4F6D64,Akbar Khan,whatsapp-number-2,62917110190266@lid,Akbar Khan,2026-05-23T15:36:43.000Z,62917110190266,false,chat,Yo let me call u back. Out with nadia,Yo let me call u back. Out with nadia,,true
mcp_whatsapp_number_2_false_62917110190266_lid_ac95055504f1bd28feef414ed2b06889,false_62917110190266@lid_AC95055504F1BD28FEEF414ED2B06889,Akbar Khan,whatsapp-number-2,62917110190266@lid,Akbar Khan,2026-05-23T15:36:46.000Z,62917110190266,false,chat,All good ?,All good ?,,true
mcp_whatsapp_number_2_true_62917110190266_lid_acbadaa7e182b5ddef28f7e3142539a6,true_62917110190266@lid_ACBADAA7E182B5DDEF28F7E3142539A6,Akbar Khan,whatsapp-number-2,62917110190266@lid,Akbar Khan,2026-05-23T15:37:38.000Z,+923099351940,true,chat,Oh. Just checking on timings,Oh. Just checking on timings,,true
mcp_whatsapp_number_2_true_62917110190266_lid_ac9a5c8749a550742ee787defa86553e,true_62917110190266@lid_AC9A5C8749A550742EE787DEFA86553E,Akbar Khan,whatsapp-number-2,62917110190266@lid,Akbar Khan,2026-05-23T15:38:05.000Z,+923099351940,true,chat,Dont worry. I'll be around,Dont worry. I'll be around,,true
mcp_whatsapp_number_2_false_62917110190266_lid_ac47aa01cb3c258c8ac8d1ae01853cf9,false_62917110190266@lid_AC47AA01CB3C258C8AC8D1AE01853CF9,Akbar Khan,whatsapp-number-2,62917110190266@lid,Akbar Khan,2026-05-23T15:38:11.000Z,62917110190266,false,chat,Ol cheers,Ol cheers,,true
mcp_whatsapp_number_2_false_62917110190266_lid_ac832707178bae158c5010e9f8551a18,false_62917110190266@lid_AC832707178BAE158C5010E9F8551A18,Akbar Khan,whatsapp-number-2,62917110190266@lid,Akbar Khan,2026-05-23T15:42:26.000Z,62917110190266,false,chat,Billu hasn't shown up ?,Billu hasn't shown up ?,,true
mcp_whatsapp_number_2_true_62917110190266_lid_ac924223a067a9874b50d084fcdb2131,true_62917110190266@lid_AC924223A067A9874B50D084FCDB2131,Akbar Khan,whatsapp-number-2,62917110190266@lid,Akbar Khan,2026-05-23T15:44:53.000Z,+923099351940,true,chat,Not yet,Not yet,,true
mcp_whatsapp_number_2_false_971527520120_1517397900_g_us_3af901332d94051cc31e_122410913292479_lid,false_971527520120-1517397900@g.us_3AF901332D94051CC31E_122410913292479@lid,TLC 40 Series Owners,whatsapp-number-2,971527520120-1517397900@g.us,TLC 40 Series Owners,2026-05-23T15:54:50.000Z,122410913292479,false,image,Jeeps,Jeeps,,true
mcp_whatsapp_number_2_false_971527520120_1517397900_g_us_3eb05cc8d443067bb6d29a_262787741827282_lid,false_971527520120-1517397900@g.us_3EB05CC8D443067BB6D29A_262787741827282@lid,TLC 40 Series Owners,whatsapp-number-2,971527520120-1517397900@g.us,TLC 40 Series Owners,2026-05-24T05:09:52.000Z,262787741827282,false,image,Presenting OJ-45 (Orange Juice 45) 🤣,Presenting OJ-45 (Orange Juice 45) 🤣,,true
mcp_whatsapp_number_2_false_971527520120_1517397900_g_us_3a7b98d7505b174314af_121577739915469_lid,false_971527520120-1517397900@g.us_3A7B98D7505B174314AF_121577739915469@lid,TLC 40 Series Owners,whatsapp-number-2,971527520120-1517397900@g.us,TLC 40 Series Owners,2026-05-24T05:45:31.000Z,121577739915469,false,chat,Hey now,Hey now,,true
mcp_whatsapp_number_2_false_971527520120_1517397900_g_us_3a672d3c5c807bf7a024_121577739915469_lid,false_971527520120-1517397900@g.us_3A672D3C5C807BF7A024_121577739915469@lid,TLC 40 Series Owners,whatsapp-number-2,971527520120-1517397900@g.us,TLC 40 Series Owners,2026-05-24T05:45:37.000Z,121577739915469,false,chat,Hmmm,Hmmm,,true
mcp_whatsapp_number_2_false_971527520120_1517397900_g_us_3a02f6aa6bc7d0f2a0aa_121577739915469_lid,false_971527520120-1517397900@g.us_3A02F6AA6BC7D0F2A0AA_121577739915469@lid,TLC 40 Series Owners,whatsapp-number-2,971527520120-1517397900@g.us,TLC 40 Series Owners,2026-05-24T05:46:14.000Z,121577739915469,false,image,,,,true
mcp_whatsapp_number_2_false_971527520120_1517397900_g_us_3abf0973d4dd28cf4061_42507291328542_lid,false_971527520120-1517397900@g.us_3ABF0973D4DD28CF4061_42507291328542@lid,TLC 40 Series Owners,whatsapp-number-2,971527520120-1517397900@g.us,TLC 40 Series Owners,2026-05-24T06:28:59.000Z,42507291328542,false,image,,,,true
mcp_whatsapp_number_2_false_971527520120_1517397900_g_us_3ad3bf360ef72324780d_42507291328542_lid,false_971527520120-1517397900@g.us_3AD3BF360EF72324780D_42507291328542@lid,TLC 40 Series Owners,whatsapp-number-2,971527520120-1517397900@g.us,TLC 40 Series Owners,2026-05-24T06:29:00.000Z,42507291328542,false,chat,😉,😉,,true
mcp_whatsapp_number_2_false_971527520120_1517397900_g_us_3add3df494d10b33879b_42507291328542_lid,false_971527520120-1517397900@g.us_3ADD3DF494D10B33879B_42507291328542@lid,TLC 40 Series Owners,whatsapp-number-2,971527520120-1517397900@g.us,TLC 40 Series Owners,2026-05-24T08:18:15.000Z,42507291328542,false,chat,"Drove my 40 after a month in Attock city and to be frank, it’s a charm. Nothing can beat its movability in tight places and it’s always a head turner 😍","Drove my 40 after a month in Attock city and to be frank, it’s a charm. Nothing can beat its movability in tight places and it’s always a head turner 😍",,true
mcp_whatsapp_number_2_false_971527520120_1517397900_g_us_a500897ebc7e0fd2f6a2fa503d036f84_128350903398508_lid,false_971527520120-1517397900@g.us_A500897EBC7E0FD2F6A2FA503D036F84_128350903398508@lid,TLC 40 Series Owners,whatsapp-number-2,971527520120-1517397900@g.us,TLC 40 Series Owners,2026-05-24T08:30:43.000Z,128350903398508,false,image,,,,true
mcp_whatsapp_number_2_false_971527520120_1517397900_g_us_3a84b45c883bb316cc0f_42507291328542_lid,false_971527520120-1517397900@g.us_3A84B45C883BB316CC0F_42507291328542@lid,TLC 40 Series Owners,whatsapp-number-2,971527520120-1517397900@g.us,TLC 40 Series Owners,2026-05-24T08:33:03.000Z,42507291328542,false,ptt,,,,true
mcp_whatsapp_number_2_false_971527520120_1517397900_g_us_a5b2f7116bca62e1cb039e0b386efac6_128350903398508_lid,false_971527520120-1517397900@g.us_A5B2F7116BCA62E1CB039E0B386EFAC6_128350903398508@lid,TLC 40 Series Owners,whatsapp-number-2,971527520120-1517397900@g.us,TLC 40 Series Owners,2026-05-24T08:34:08.000Z,128350903398508,false,ptt,,,,true
mcp_whatsapp_number_2_false_971527520120_1517397900_g_us_a562da4bd265a24ada6522cea039321c_98548125290539_lid,false_971527520120-1517397900@g.us_A562DA4BD265A24ADA6522CEA039321C_98548125290539@lid,TLC 40 Series Owners,whatsapp-number-2,971527520120-1517397900@g.us,TLC 40 Series Owners,2026-05-24T08:37:07.000Z,98548125290539,false,image,,,,true
mcp_whatsapp_number_2_false_971527520120_1517397900_g_us_acbcb562b2dfe2d80d9d512fe4c59740_19825619382401_lid,false_971527520120-1517397900@g.us_ACBCB562B2DFE2D80D9D512FE4C59740_19825619382401@lid,TLC 40 Series Owners,whatsapp-number-2,971527520120-1517397900@g.us,TLC 40 Series Owners,2026-05-24T11:02:18.000Z,19825619382401,false,chat,Nothing beats the looks of this Land Cruiser ❤️,Nothing beats the looks of this Land Cruiser ❤️,land cruiser,true
mcp_whatsapp_number_2_false_971527520120_1517397900_g_us_acf72d92f6a4294942be5142ab8cad7e_73328060551171_lid,false_971527520120-1517397900@g.us_ACF72D92F6A4294942BE5142AB8CAD7E_73328060551171@lid,TLC 40 Series Owners,whatsapp-number-2,971527520120-1517397900@g.us,TLC 40 Series Owners,2026-05-24T11:18:52.000Z,73328060551171,false,chat,"Beautiful Mashallah, agreed no other veh can beat its looks & beauty","Beautiful Mashallah, agreed no other veh can beat its looks & beauty",,true
mcp_whatsapp_number_2_false_971527520120_1517397900_g_us_3aa04c55dc00138297d3_42507291328542_lid,false_971527520120-1517397900@g.us_3AA04C55DC00138297D3_42507291328542@lid,TLC 40 Series Owners,whatsapp-number-2,971527520120-1517397900@g.us,TLC 40 Series Owners,2026-05-24T11:26:19.000Z,42507291328542,false,image,😍,😍,,true
mcp_whatsapp_number_2_false_971527520120_1517397900_g_us_3ae1826eabbfc709044f_42507291328542_lid,false_971527520120-1517397900@g.us_3AE1826EABBFC709044F_42507291328542@lid,TLC 40 Series Owners,whatsapp-number-2,971527520120-1517397900@g.us,TLC 40 Series Owners,2026-05-24T12:05:22.000Z,42507291328542,false,chat,Original left hand FJ in Abbottabad,Original left hand FJ in Abbottabad,,true
mcp_whatsapp_number_2_false_971527520120_1517397900_g_us_3a5768fe7ec4d68b3152_42507291328542_lid,false_971527520120-1517397900@g.us_3A5768FE7EC4D68B3152_42507291328542@lid,TLC 40 Series Owners,whatsapp-number-2,971527520120-1517397900@g.us,TLC 40 Series Owners,2026-05-24T12:05:27.000Z,42507291328542,false,chat,https://vt.tiktok.com/ZSxmm6Y22/,https://vt.tiktok.com/ZSxmm6Y22/,,true
mcp_whatsapp_number_2_false_971527520120_1517397900_g_us_acb1185595d9d46c265aaacd0eafd238_153450709049471_lid,false_971527520120-1517397900@g.us_ACB1185595D9D46C265AAACD0EAFD238_153450709049471@lid,TLC 40 Series Owners,whatsapp-number-2,971527520120-1517397900@g.us,TLC 40 Series Owners,2026-05-24T21:43:28.000Z,153450709049471,false,video,,,,true
mcp_whatsapp_number_2_false_971527520120_1517397900_g_us_ac782eeaa2ec7db95850de3b39637ed2_153450709049471_lid,false_971527520120-1517397900@g.us_AC782EEAA2EC7DB95850DE3B39637ED2_153450709049471@lid,TLC 40 Series Owners,whatsapp-number-2,971527520120-1517397900@g.us,TLC 40 Series Owners,2026-05-24T21:45:41.000Z,153450709049471,false,chat,It's months that my beast was parked in garage.... Drove it from westridge to khanpur.... It was pleasure driving it after a long rest...,It's months that my beast was parked in garage.... Drove it from westridge to khanpur.... It was pleasure driving it after a long rest...,,true
mcp_whatsapp_number_2_false_971527520120_1517397900_g_us_ac8e6103b851168d84cf3b6a9401094d_153450709049471_lid,false_971527520120-1517397900@g.us_AC8E6103B851168D84CF3B6A9401094D_153450709049471@lid,TLC 40 Series Owners,whatsapp-number-2,971527520120-1517397900@g.us,TLC 40 Series Owners,2026-05-24T21:47:22.000Z,153450709049471,false,chat,Brother who came from UK test drove it....,Brother who came from UK test drove it....,,true
mcp_whatsapp_number_2_false_971527520120_1517397900_g_us_ac496cfeda998f1a4c0b419796fb4baa_37911810572503_lid,false_971527520120-1517397900@g.us_AC496CFEDA998F1A4C0B419796FB4BAA_37911810572503@lid,TLC 40 Series Owners,whatsapp-number-2,971527520120-1517397900@g.us,TLC 40 Series Owners,2026-05-26T09:34:16.000Z,37911810572503,false,chat,Aoa please add yasir bhai to this group. He owns bj45 pickup in lahore. +92 308 6000000,Aoa please add yasir bhai to this group. He owns bj45 pickup in lahore. +92 308 6000000,,true
mcp_whatsapp_number_2_false_971527520120_1517397900_g_us_17966240501779789221_125550534385864_lid,false_971527520120-1517397900@g.us_17966240501779789221_125550534385864@lid,TLC 40 Series Owners,whatsapp-number-2,971527520120-1517397900@g.us,TLC 40 Series Owners,2026-05-26T09:53:41.000Z,189541403115641,false,gp2,,,,true
mcp_whatsapp_number_2_false_971527520120_1517397900_g_us_aca7ad424dbe07de34ac0b1652bd3415_37911810572503_lid,false_971527520120-1517397900@g.us_ACA7AD424DBE07DE34AC0B1652BD3415_37911810572503@lid,TLC 40 Series Owners,whatsapp-number-2,971527520120-1517397900@g.us,TLC 40 Series Owners,2026-05-26T09:57:06.000Z,37911810572503,false,chat,Yasir bhai welcome to the group.,Yasir bhai welcome to the group.,,true
mcp_whatsapp_number_2_false_971527520120_1517397900_g_us_ace2d2a0b8a82196f065e80d86f8d1bd_125550534385864_lid,false_971527520120-1517397900@g.us_ACE2D2A0B8A82196F065E80D86F8D1BD_125550534385864@lid,TLC 40 Series Owners,whatsapp-number-2,971527520120-1517397900@g.us,TLC 40 Series Owners,2026-05-26T09:58:06.000Z,125550534385864,false,chat,"Salam , thank you","Salam , thank you",,true
mcp_whatsapp_number_2_false_971527520120_1517397900_g_us_3ae5e244b5ecbad9f2cd_42507291328542_lid,false_971527520120-1517397900@g.us_3AE5E244B5ECBAD9F2CD_42507291328542@lid,TLC 40 Series Owners,whatsapp-number-2,971527520120-1517397900@g.us,TLC 40 Series Owners,2026-05-26T09:58:43.000Z,42507291328542,false,chat,Welcome Yasir Sahib,Welcome Yasir Sahib,,true
mcp_whatsapp_number_2_false_971527520120_1517397900_g_us_ace1b7b36053bf38d734e1722d75a58f_125550534385864_lid,false_971527520120-1517397900@g.us_ACE1B7B36053BF38D734E1722D75A58F_125550534385864@lid,TLC 40 Series Owners,whatsapp-number-2,971527520120-1517397900@g.us,TLC 40 Series Owners,2026-05-26T09:59:26.000Z,125550534385864,false,chat,Thanks,Thanks,,true
mcp_whatsapp_number_2_false_971527520120_1517397900_g_us_ac0152fd2b6e6ec57916206c1cc6b3f0_184718171590789_lid,false_971527520120-1517397900@g.us_AC0152FD2B6E6EC57916206C1CC6B3F0_184718171590789@lid,TLC 40 Series Owners,whatsapp-number-2,971527520120-1517397900@g.us,TLC 40 Series Owners,2026-05-26T10:00:49.000Z,184718171590789,false,chat,Welcome on board @125550534385864 Yasir. Please have a look at the group description. Please introduce yourself and your 40. We look forward to seeing your adventures.,Welcome on board @125550534385864 Yasir. Please have a look at the group description. Please introduce yourself and your 40. We look forward to seeing your adventures.,,true
mcp_whatsapp_number_2_false_971527520120_1517397900_g_us_3aaa7b2a70963d97ad14_262787741827282_lid,false_971527520120-1517397900@g.us_3AAA7B2A70963D97AD14_262787741827282@lid,TLC 40 Series Owners,whatsapp-number-2,971527520120-1517397900@g.us,TLC 40 Series Owners,2026-05-26T10:02:19.000Z,262787741827282,false,chat,Walaikumasalam. Welcome!,Walaikumasalam. Welcome!,,true
mcp_whatsapp_number_2_false_971527520120_1517397900_g_us_acafcd4d108879c8ced6aabef12aad1d_125550534385864_lid,false_971527520120-1517397900@g.us_ACAFCD4D108879C8CED6AABEF12AAD1D_125550534385864@lid,TLC 40 Series Owners,whatsapp-number-2,971527520120-1517397900@g.us,TLC 40 Series Owners,2026-05-26T10:04:11.000Z,125550534385864,false,chat,"Thank you eveyone
Greatful to be part of this gp",Thank you eveyone Greatful to be part of this gp,,true
mcp_whatsapp_number_2_false_971527520120_1517397900_g_us_ac8de2cf89c1852577b1bdfa8ecfc38a_172245385244826_lid,false_971527520120-1517397900@g.us_AC8DE2CF89C1852577B1BDFA8ECFC38A_172245385244826@lid,TLC 40 Series Owners,whatsapp-number-2,971527520120-1517397900@g.us,TLC 40 Series Owners,2026-05-26T14:36:40.000Z,172245385244826,false,album,,,,true
mcp_whatsapp_number_2_false_971527520120_1517397900_g_us_acee77db63f348b4c87145b1936442ff_172245385244826_lid,false_971527520120-1517397900@g.us_ACEE77DB63F348B4C87145B1936442FF_172245385244826@lid,TLC 40 Series Owners,whatsapp-number-2,971527520120-1517397900@g.us,TLC 40 Series Owners,2026-05-26T14:36:40.000Z,172245385244826,false,image,"Saddar, yesterday","Saddar, yesterday",,true
mcp_whatsapp_number_2_false_971527520120_1517397900_g_us_acc00a4e7024750bb9cd9ab9ac7f1d67_172245385244826_lid,false_971527520120-1517397900@g.us_ACC00A4E7024750BB9CD9AB9AC7F1D67_172245385244826@lid,TLC 40 Series Owners,whatsapp-number-2,971527520120-1517397900@g.us,TLC 40 Series Owners,2026-05-26T14:36:41.000Z,172245385244826,false,image,,,,true
mcp_whatsapp_number_2_false_971527520120_1517397900_g_us_3ae348f34db39c31291f_160082188873865_lid,false_971527520120-1517397900@g.us_3AE348F34DB39C31291F_160082188873865@lid,TLC 40 Series Owners,whatsapp-number-2,971527520120-1517397900@g.us,TLC 40 Series Owners,2026-05-26T15:43:57.000Z,160082188873865,false,chat,@45127338832117 yours? It was black earlier right?,@45127338832117 yours? It was black earlier right?,,true
mcp_whatsapp_number_2_false_971527520120_1517397900_g_us_3a5af2d85beb457b24ff_160082188873865_lid,false_971527520120-1517397900@g.us_3A5AF2D85BEB457B24FF_160082188873865@lid,TLC 40 Series Owners,whatsapp-number-2,971527520120-1517397900@g.us,TLC 40 Series Owners,2026-05-26T15:44:42.000Z,160082188873865,false,chat,Welcome @125550534385864. Please have a look at the group description for rules. We look forward to you introducing yourself and your 40.,Welcome @125550534385864. Please have a look at the group description for rules. We look forward to you introducing yourself and your 40.,,true
mcp_whatsapp_number_2_false_971527520120_1517397900_g_us_3ac04fff5dd124c5a1f8_45127338832117_lid,false_971527520120-1517397900@g.us_3AC04FFF5DD124C5A1F8_45127338832117@lid,TLC 40 Series Owners,whatsapp-number-2,971527520120-1517397900@g.us,TLC 40 Series Owners,2026-05-26T15:45:08.000Z,45127338832117,false,chat,Yes,Yes,,true
mcp_whatsapp_number_2_false_971527520120_1517397900_g_us_3a6f50b8e07ddf15a996_187861886328909_lid,false_971527520120-1517397900@g.us_3A6F50B8E07DDF15A996_187861886328909@lid,TLC 40 Series Owners,whatsapp-number-2,971527520120-1517397900@g.us,TLC 40 Series Owners,2026-05-27T01:26:15.000Z,187861886328909,false,video,,,,true
mcp_whatsapp_number_2_false_971527520120_1517397900_g_us_ac87f8d85ab791f61a3a5a0a3baec832_145874403492093_lid,false_971527520120-1517397900@g.us_AC87F8D85AB791F61A3A5A0A3BAEC832_145874403492093@lid,TLC 40 Series Owners,whatsapp-number-2,971527520120-1517397900@g.us,TLC 40 Series Owners,2026-05-27T03:15:54.000Z,145874403492093,false,image,,,,true
mcp_whatsapp_number_2_false_971527520120_1517397900_g_us_3a57506e2c2af3f952ee_85311036096527_lid,false_971527520120-1517397900@g.us_3A57506E2C2AF3F952EE_85311036096527@lid,TLC 40 Series Owners,whatsapp-number-2,971527520120-1517397900@g.us,TLC 40 Series Owners,2026-05-27T03:22:54.000Z,85311036096527,false,chat,Eid Mubarak,Eid Mubarak,,true
mcp_whatsapp_number_2_false_971527520120_1517397900_g_us_ac89c96d44ff7fa8ffdcfafc13eced3b_48408643563605_lid,false_971527520120-1517397900@g.us_AC89C96D44FF7FA8FFDCFAFC13ECED3B_48408643563605@lid,TLC 40 Series Owners,whatsapp-number-2,971527520120-1517397900@g.us,TLC 40 Series Owners,2026-05-27T03:44:18.000Z,48408643563605,false,image,,,,true
mcp_whatsapp_number_2_false_971527520120_1517397900_g_us_3a44568fdcfbaac803e5_79744859140123_lid,false_971527520120-1517397900@g.us_3A44568FDCFBAAC803E5_79744859140123@lid,TLC 40 Series Owners,whatsapp-number-2,971527520120-1517397900@g.us,TLC 40 Series Owners,2026-05-27T04:19:07.000Z,79744859140123,false,image,,,,true
mcp_whatsapp_number_2_false_971527520120_1517397900_g_us_3ad57dff284e43287d05_42507291328542_lid,false_971527520120-1517397900@g.us_3AD57DFF284E43287D05_42507291328542@lid,TLC 40 Series Owners,whatsapp-number-2,971527520120-1517397900@g.us,TLC 40 Series Owners,2026-05-27T04:27:21.000Z,42507291328542,false,chat,Eid Mubarak 🥳🥳,Eid Mubarak 🥳🥳,,true
mcp_whatsapp_number_2_false_971527520120_1517397900_g_us_ac52da71d533b9f0e8b017804ab580b7_236519688282206_lid,false_971527520120-1517397900@g.us_AC52DA71D533B9F0E8B017804AB580B7_236519688282206@lid,TLC 40 Series Owners,whatsapp-number-2,971527520120-1517397900@g.us,TLC 40 Series Owners,2026-05-27T05:08:54.000Z,236519688282206,false,image,,,,true
mcp_whatsapp_number_2_false_971527520120_1517397900_g_us_3a12acbf28601efc4509_113159520133224_lid,false_971527520120-1517397900@g.us_3A12ACBF28601EFC4509_113159520133224@lid,TLC 40 Series Owners,whatsapp-number-2,971527520120-1517397900@g.us,TLC 40 Series Owners,2026-05-27T05:09:06.000Z,113159520133224,false,revoked,,,,true
mcp_whatsapp_number_2_false_971527520120_1517397900_g_us_3a859612fd0524444787_113159520133224_lid,false_971527520120-1517397900@g.us_3A859612FD0524444787_113159520133224@lid,TLC 40 Series Owners,whatsapp-number-2,971527520120-1517397900@g.us,TLC 40 Series Owners,2026-05-27T05:09:54.000Z,113159520133224,false,image,Eid Mubarak to All!,Eid Mubarak to All!,,true
mcp_whatsapp_number_2_false_971527520120_1517397900_g_us_ace82f53daddf72ae3336f971d06e16b_184718171590789_lid,false_971527520120-1517397900@g.us_ACE82F53DADDF72AE3336F971D06E16B_184718171590789@lid,TLC 40 Series Owners,whatsapp-number-2,971527520120-1517397900@g.us,TLC 40 Series Owners,2026-05-27T05:10:58.000Z,184718171590789,false,image,,,,true
mcp_whatsapp_number_2_false_971527520120_1517397900_g_us_ac37f8ee1bf8fa68ce6ec99d0b416380_37911810572503_lid,false_971527520120-1517397900@g.us_AC37F8EE1BF8FA68CE6EC99D0B416380_37911810572503@lid,TLC 40 Series Owners,whatsapp-number-2,971527520120-1517397900@g.us,TLC 40 Series Owners,2026-05-27T06:44:40.000Z,37911810572503,false,chat,"""May Allah accept all your sacrifices and bless your home with peace and happiness. Eid Mubarak!""","""May Allah accept all your sacrifices and bless your home with peace and happiness. Eid Mubarak!""",,true
mcp_whatsapp_number_2_false_971527520120_1517397900_g_us_3a35ad55ab3bd3532e9b_189541403115641_lid,false_971527520120-1517397900@g.us_3A35AD55AB3BD3532E9B_189541403115641@lid,TLC 40 Series Owners,whatsapp-number-2,971527520120-1517397900@g.us,TLC 40 Series Owners,2026-05-27T06:55:16.000Z,189541403115641,false,image,,,,true
mcp_whatsapp_number_2_false_971527520120_1517397900_g_us_ac370605e0c152a405e3e6e7a68e307c_73328060551171_lid,false_971527520120-1517397900@g.us_AC370605E0C152A405E3E6E7A68E307C_73328060551171@lid,TLC 40 Series Owners,whatsapp-number-2,971527520120-1517397900@g.us,TLC 40 Series Owners,2026-05-27T07:02:43.000Z,73328060551171,false,image,,,,true
mcp_whatsapp_number_2_false_971527520120_1517397900_g_us_3a8cd9e543fb2ac3b0f1_45127338832117_lid,false_971527520120-1517397900@g.us_3A8CD9E543FB2AC3B0F1_45127338832117@lid,TLC 40 Series Owners,whatsapp-number-2,971527520120-1517397900@g.us,TLC 40 Series Owners,2026-05-27T07:02:59.000Z,45127338832117,false,chat,EID MUBARAK 🌙,EID MUBARAK 🌙,,true
mcp_whatsapp_number_2_false_971527520120_1517397900_g_us_3a5fde1c855ac79c3a10_71807675711525_lid,false_971527520120-1517397900@g.us_3A5FDE1C855AC79C3A10_71807675711525@lid,TLC 40 Series Owners,whatsapp-number-2,971527520120-1517397900@g.us,TLC 40 Series Owners,2026-05-27T07:08:44.000Z,71807675711525,false,image,,,,true
mcp_whatsapp_number_2_false_971527520120_1517397900_g_us_aceeca2d2316b7e4c232aa272c62b70b_41635429744809_lid,false_971527520120-1517397900@g.us_ACEECA2D2316B7E4C232AA272C62B70B_41635429744809@lid,TLC 40 Series Owners,whatsapp-number-2,971527520120-1517397900@g.us,TLC 40 Series Owners,2026-05-27T07:37:22.000Z,41635429744809,false,chat,"Eid Mubarak Dear All.
Regards,
Humair Sheikha","Eid Mubarak Dear All. Regards, Humair Sheikha",,true
mcp_whatsapp_number_2_false_971527520120_1517397900_g_us_3a769f5d79b5cca746a0_4359425396802_lid,false_971527520120-1517397900@g.us_3A769F5D79B5CCA746A0_4359425396802@lid,TLC 40 Series Owners,whatsapp-number-2,971527520120-1517397900@g.us,TLC 40 Series Owners,2026-05-27T09:09:24.000Z,4359425396802,false,image,"Eid Mubarak to all brothers!
You all have been part of my prayers Alhamdolillah!",Eid Mubarak to all brothers! You all have been part of my prayers Alhamdolillah!,,true
mcp_whatsapp_number_2_false_971527520120_1517397900_g_us_3ae113ced749d89a8e97_160082188873865_lid,false_971527520120-1517397900@g.us_3AE113CED749D89A8E97_160082188873865@lid,TLC 40 Series Owners,whatsapp-number-2,971527520120-1517397900@g.us,TLC 40 Series Owners,2026-05-27T09:26:41.000Z,160082188873865,false,image,Eid Mubarak,Eid Mubarak,,true
mcp_whatsapp_number_2_false_971527520120_1517397900_g_us_acc241aff9a222f37bda5b65e2e79bbf_112803037855909_lid,false_971527520120-1517397900@g.us_ACC241AFF9A222F37BDA5B65E2E79BBF_112803037855909@lid,TLC 40 Series Owners,whatsapp-number-2,971527520120-1517397900@g.us,TLC 40 Series Owners,2026-05-27T09:41:34.000Z,112803037855909,false,image,,,,true
mcp_whatsapp_number_2_false_971527520120_1517397900_g_us_9858649261779875467_12335649419457_lid,false_971527520120-1517397900@g.us_9858649261779875467_12335649419457@lid,TLC 40 Series Owners,whatsapp-number-2,971527520120-1517397900@g.us,TLC 40 Series Owners,2026-05-27T09:51:07.000Z,12335649419457,false,gp2,,,,true
mcp_whatsapp_number_2_false_971527520120_1517397900_g_us_12235368131779875766_82674630815765_lid,false_971527520120-1517397900@g.us_12235368131779875766_82674630815765@lid,TLC 40 Series Owners,whatsapp-number-2,971527520120-1517397900@g.us,TLC 40 Series Owners,2026-05-27T09:56:06.000Z,82674630815765,false,gp2,,,,true
mcp_whatsapp_number_2_false_971527520120_1517397900_g_us_3aa33a59bc8cb53c1cb4_66812544823506_lid,false_971527520120-1517397900@g.us_3AA33A59BC8CB53C1CB4_66812544823506@lid,TLC 40 Series Owners,whatsapp-number-2,971527520120-1517397900@g.us,TLC 40 Series Owners,2026-05-27T10:51:54.000Z,66812544823506,false,image,,,,true
mcp_whatsapp_number_2_false_971527520120_1517397900_g_us_3a4ffeec053b19ff4234_121577739915469_lid,false_971527520120-1517397900@g.us_3A4FFEEC053B19FF4234_121577739915469@lid,TLC 40 Series Owners,whatsapp-number-2,971527520120-1517397900@g.us,TLC 40 Series Owners,2026-05-27T10:52:25.000Z,121577739915469,false,chat,Ok fellas. I had some fun with this,Ok fellas. I had some fun with this,,true
mcp_whatsapp_number_2_false_971527520120_1517397900_g_us_3a78fb0a72f5aa83e204_121577739915469_lid,false_971527520120-1517397900@g.us_3A78FB0A72F5AA83E204_121577739915469@lid,TLC 40 Series Owners,whatsapp-number-2,971527520120-1517397900@g.us,TLC 40 Series Owners,2026-05-27T10:52:29.000Z,121577739915469,false,image,,,,true
mcp_whatsapp_number_2_false_971527520120_1517397900_g_us_acb3722f0b7d4c0c2932d22409a029aa_37911810572503_lid,false_971527520120-1517397900@g.us_ACB3722F0B7D4C0C2932D22409A029AA_37911810572503@lid,TLC 40 Series Owners,whatsapp-number-2,971527520120-1517397900@g.us,TLC 40 Series Owners,2026-05-27T15:55:46.000Z,37911810572503,false,image,,,,true
mcp_whatsapp_number_2_false_971527520120_1517397900_g_us_3a01d6524e6a041e6952_160082188873865_lid,false_971527520120-1517397900@g.us_3A01D6524E6A041E6952_160082188873865@lid,TLC 40 Series Owners,whatsapp-number-2,971527520120-1517397900@g.us,TLC 40 Series Owners,2026-05-27T17:52:06.000Z,160082188873865,false,chat,https://youtu.be/I4ZKtnCJCak?si=fwWcU-3WhRrmOfCm,https://youtu.be/I4ZKtnCJCak?si=fwWcU-3WhRrmOfCm,,true
mcp_whatsapp_number_2_false_971527520120_1517397900_g_us_ac296ff45a4ed1a1489673f865a0e21b_184718171590789_lid,false_971527520120-1517397900@g.us_AC296FF45A4ED1A1489673F865A0E21B_184718171590789@lid,TLC 40 Series Owners,whatsapp-number-2,971527520120-1517397900@g.us,TLC 40 Series Owners,2026-05-28T02:36:49.000Z,184718171590789,false,chat,"Nice share @160082188873865 , ill watch it fully later but these Chinese bodies have started to pop up around the world.

https://www.instagram.com/reel/DYyTuxhp16R/","Nice share @160082188873865 , ill watch it fully later but these Chinese bodies have started to pop up around the world. https://www.instagram.com/reel/DYyTuxhp16R/",,true
mcp_whatsapp_number_2_false_971527520120_1517397900_g_us_ac1ae6e046eb8ce87add3095b276f493_92225899917317_lid,false_971527520120-1517397900@g.us_AC1AE6E046EB8CE87ADD3095B276F493_92225899917317@lid,TLC 40 Series Owners,whatsapp-number-2,971527520120-1517397900@g.us,TLC 40 Series Owners,2026-05-28T13:14:23.000Z,92225899917317,false,image,Eid Gift from @141695467426036 !!,Eid Gift from @141695467426036 !!,,true
mcp_whatsapp_number_2_false_971527520120_1517397900_g_us_3abb298cc8540cf6b6c0_141695467426036_lid,false_971527520120-1517397900@g.us_3ABB298CC8540CF6B6C0_141695467426036@lid,TLC 40 Series Owners,whatsapp-number-2,971527520120-1517397900@g.us,TLC 40 Series Owners,2026-05-28T15:43:31.000Z,141695467426036,false,chat,🫡,🫡,,true
mcp_whatsapp_number_2_false_971527520120_1517397900_g_us_ac3b1bed07bf22214f8593429e4d179e_41635429744809_lid,false_971527520120-1517397900@g.us_AC3B1BED07BF22214F8593429E4D179E_41635429744809@lid,TLC 40 Series Owners,whatsapp-number-2,971527520120-1517397900@g.us,TLC 40 Series Owners,2026-05-28T17:46:16.000Z,41635429744809,false,video,,,,true
mcp_whatsapp_number_2_false_971527520120_1517397900_g_us_ac8fb9b266f99802143d9e428d34b990_184718171590789_lid,false_971527520120-1517397900@g.us_AC8FB9B266F99802143D9E428D34B990_184718171590789@lid,TLC 40 Series Owners,whatsapp-number-2,971527520120-1517397900@g.us,TLC 40 Series Owners,2026-05-29T05:21:25.000Z,184718171590789,false,revoked,,,,true
mcp_whatsapp_number_2_false_971527520120_1517397900_g_us_3a1d583fb025ffaab310_79744859140123_lid,false_971527520120-1517397900@g.us_3A1D583FB025FFAAB310_79744859140123@lid,TLC 40 Series Owners,whatsapp-number-2,971527520120-1517397900@g.us,TLC 40 Series Owners,2026-05-29T05:23:05.000Z,79744859140123,false,chat,What’s this ?,What’s this ?,,true
mcp_whatsapp_number_2_false_971527520120_1517397900_g_us_3a69764a7ed43e2e3c53_79744859140123_lid,false_971527520120-1517397900@g.us_3A69764A7ED43E2E3C53_79744859140123@lid,TLC 40 Series Owners,whatsapp-number-2,971527520120-1517397900@g.us,TLC 40 Series Owners,2026-05-29T05:23:19.000Z,79744859140123,false,chat,Hamein gift nahin aaya 🫩,Hamein gift nahin aaya 🫩,,true
mcp_whatsapp_number_2_false_971527520120_1517397900_g_us_acdb7a88d45c2741e3a4b4f4921c6bdb_92225899917317_lid,false_971527520120-1517397900@g.us_ACDB7A88D45C2741E3A4B4F4921C6BDB_92225899917317@lid,TLC 40 Series Owners,whatsapp-number-2,971527520120-1517397900@g.us,TLC 40 Series Owners,2026-05-29T07:44:34.000Z,92225899917317,false,chat,Roof rack Yasir bhai.,Roof rack Yasir bhai.,roof,true
mcp_whatsapp_number_2_false_971527520120_1517397900_g_us_ac94534d41db86e68b048c20e892c44b_92225899917317_lid,false_971527520120-1517397900@g.us_AC94534D41DB86E68B048C20E892C44B_92225899917317@lid,TLC 40 Series Owners,whatsapp-number-2,971527520120-1517397900@g.us,TLC 40 Series Owners,2026-05-29T07:45:06.000Z,92225899917317,false,chat,U need to send Eidi to @141695467426036 first 😆,U need to send Eidi to @141695467426036 first 😆,,true
mcp_whatsapp_number_2_false_971527520120_1517397900_g_us_a58bcd8bf1757ab93982325b45f50022_98548125290539_lid,false_971527520120-1517397900@g.us_A58BCD8BF1757AB93982325B45F50022_98548125290539@lid,TLC 40 Series Owners,whatsapp-number-2,971527520120-1517397900@g.us,TLC 40 Series Owners,2026-05-29T07:45:51.000Z,98548125290539,false,sticker,,,,true
mcp_whatsapp_number_2_false_971527520120_1517397900_g_us_acf440256359c6985a35e767d08b3dff_219039053906043_lid,false_971527520120-1517397900@g.us_ACF440256359C6985A35E767D08B3DFF_219039053906043@lid,TLC 40 Series Owners,whatsapp-number-2,971527520120-1517397900@g.us,TLC 40 Series Owners,2026-05-29T09:24:49.000Z,219039053906043,false,image,,,,true
mcp_whatsapp_number_2_false_971527520120_1517397900_g_us_a56ab6924e7ba02c92116e7b6d2923ba_98548125290539_lid,false_971527520120-1517397900@g.us_A56AB6924E7BA02C92116E7B6D2923BA_98548125290539@lid,TLC 40 Series Owners,whatsapp-number-2,971527520120-1517397900@g.us,TLC 40 Series Owners,2026-05-29T14:35:13.000Z,98548125290539,false,album,,,,true
mcp_whatsapp_number_2_false_971527520120_1517397900_g_us_a569322abd7646634989a7e090cb587d_98548125290539_lid,false_971527520120-1517397900@g.us_A569322ABD7646634989A7E090CB587D_98548125290539@lid,TLC 40 Series Owners,whatsapp-number-2,971527520120-1517397900@g.us,TLC 40 Series Owners,2026-05-29T14:35:14.000Z,98548125290539,false,image,,,,true
mcp_whatsapp_number_2_false_971527520120_1517397900_g_us_a5f4b63763e8688744697a4cbccfde88_98548125290539_lid,false_971527520120-1517397900@g.us_A5F4B63763E8688744697A4CBCCFDE88_98548125290539@lid,TLC 40 Series Owners,whatsapp-number-2,971527520120-1517397900@g.us,TLC 40 Series Owners,2026-05-29T14:35:14.000Z,98548125290539,false,image,Wadi fayfa,Wadi fayfa,,true
mcp_whatsapp_number_2_false_971527520120_1517397900_g_us_ace9e908afd545655e83018ab2de3920_38659050979421_lid,false_971527520120-1517397900@g.us_ACE9E908AFD545655E83018AB2DE3920_38659050979421@lid,TLC 40 Series Owners,whatsapp-number-2,971527520120-1517397900@g.us,TLC 40 Series Owners,2026-05-29T14:56:37.000Z,38659050979421,false,chat,Where 👆🏻🤔,Where 👆🏻🤔,,true
mcp_whatsapp_number_2_false_971527520120_1517397900_g_us_a5cf70b4ac1a0198f9c040068e59f7f7_98548125290539_lid,false_971527520120-1517397900@g.us_A5CF70B4AC1A0198F9C040068E59F7F7_98548125290539@lid,TLC 40 Series Owners,whatsapp-number-2,971527520120-1517397900@g.us,TLC 40 Series Owners,2026-05-29T14:56:53.000Z,98548125290539,false,chat,Saudi arabia,Saudi arabia,,true
mcp_whatsapp_number_2_false_971527520120_1517397900_g_us_a5b6193ab1ef8bcc059b854c318b376b_98548125290539_lid,false_971527520120-1517397900@g.us_A5B6193AB1EF8BCC059B854C318B376B_98548125290539@lid,TLC 40 Series Owners,whatsapp-number-2,971527520120-1517397900@g.us,TLC 40 Series Owners,2026-05-29T14:57:14.000Z,98548125290539,false,album,,,,true
mcp_whatsapp_number_2_false_971527520120_1517397900_g_us_a5031dd3600d59ada0c825b35a4cd410_98548125290539_lid,false_971527520120-1517397900@g.us_A5031DD3600D59ADA0C825B35A4CD410_98548125290539@lid,TLC 40 Series Owners,whatsapp-number-2,971527520120-1517397900@g.us,TLC 40 Series Owners,2026-05-29T14:57:15.000Z,98548125290539,false,image,,,,true
mcp_whatsapp_number_2_false_971527520120_1517397900_g_us_a53f2ca223416b8259cdade9346a6958_98548125290539_lid,false_971527520120-1517397900@g.us_A53F2CA223416B8259CDADE9346A6958_98548125290539@lid,TLC 40 Series Owners,whatsapp-number-2,971527520120-1517397900@g.us,TLC 40 Series Owners,2026-05-29T14:57:15.000Z,98548125290539,false,image,,,,true
mcp_whatsapp_number_2_false_971527520120_1517397900_g_us_a57722bcbb719f8020141f5ff02a785e_98548125290539_lid,false_971527520120-1517397900@g.us_A57722BCBB719F8020141F5FF02A785E_98548125290539@lid,TLC 40 Series Owners,whatsapp-number-2,971527520120-1517397900@g.us,TLC 40 Series Owners,2026-05-29T14:57:15.000Z,98548125290539,false,image,,,,true
mcp_whatsapp_number_2_false_971527520120_1517397900_g_us_a5c1845574d2db8f2cc3909ac4308d5e_98548125290539_lid,false_971527520120-1517397900@g.us_A5C1845574D2DB8F2CC3909AC4308D5E_98548125290539@lid,TLC 40 Series Owners,whatsapp-number-2,971527520120-1517397900@g.us,TLC 40 Series Owners,2026-05-29T14:57:15.000Z,98548125290539,false,image,,,,true
mcp_whatsapp_number_2_false_971527520120_1517397900_g_us_a566a69d31afe70cac73ea5b33f8e53d_98548125290539_lid,false_971527520120-1517397900@g.us_A566A69D31AFE70CAC73EA5B33F8E53D_98548125290539@lid,TLC 40 Series Owners,whatsapp-number-2,971527520120-1517397900@g.us,TLC 40 Series Owners,2026-05-29T15:20:41.000Z,98548125290539,false,image,,,,true
mcp_whatsapp_number_2_false_971527520120_1517397900_g_us_aca32855842fc095f6d28eba09eccbdf_267310392725620_lid,false_971527520120-1517397900@g.us_ACA32855842FC095F6D28EBA09ECCBDF_267310392725620@lid,TLC 40 Series Owners,whatsapp-number-2,971527520120-1517397900@g.us,TLC 40 Series Owners,2026-05-29T15:25:42.000Z,267310392725620,false,chat,Bro who's the onwer? Please connect me with him,Bro who's the onwer? Please connect me with him,,true
mcp_whatsapp_number_2_false_971527520120_1517397900_g_us_3a2b5078e5fb2a8d77f9_262787741827282_lid,false_971527520120-1517397900@g.us_3A2B5078E5FB2A8D77F9_262787741827282@lid,TLC 40 Series Owners,whatsapp-number-2,971527520120-1517397900@g.us,TLC 40 Series Owners,2026-05-29T15:26:28.000Z,262787741827282,false,chat,In Saudi Arabia,In Saudi Arabia,,true
mcp_whatsapp_number_2_false_971527520120_1517397900_g_us_acd3b709c865bddf99c8325742a33faf_267310392725620_lid,false_971527520120-1517397900@g.us_ACD3B709C865BDDF99C8325742A33FAF_267310392725620@lid,TLC 40 Series Owners,whatsapp-number-2,971527520120-1517397900@g.us,TLC 40 Series Owners,2026-05-29T15:27:32.000Z,267310392725620,false,chat,Yeah the number plate looks so but the place seems to be like hazara region,Yeah the number plate looks so but the place seems to be like hazara region,number plate,true
mcp_whatsapp_number_2_false_971527520120_1517397900_g_us_3a25a6c22ed5d6941b23_262787741827282_lid,false_971527520120-1517397900@g.us_3A25A6C22ED5D6941B23_262787741827282@lid,TLC 40 Series Owners,whatsapp-number-2,971527520120-1517397900@g.us,TLC 40 Series Owners,2026-05-29T15:28:44.000Z,262787741827282,false,chat,Yes!!,Yes!!,,true
mcp_whatsapp_number_2_false_971527520120_1517397900_g_us_ac6307e647b174e15f067108d07c0304_267310392725620_lid,false_971527520120-1517397900@g.us_AC6307E647B174E15F067108D07C0304_267310392725620@lid,TLC 40 Series Owners,whatsapp-number-2,971527520120-1517397900@g.us,TLC 40 Series Owners,2026-05-29T15:29:32.000Z,267310392725620,false,chat,I have a Bj75 land Cruiser Pick up in cleanest condition am looking for a Hj47 pick up might get exchanged.,I have a Bj75 land Cruiser Pick up in cleanest condition am looking for a Hj47 pick up might get exchanged.,land cruiser,true
mcp_whatsapp_number_2_false_971527520120_1517397900_g_us_3a1fbb21e19c51fe537a_132804818026624_lid,false_971527520120-1517397900@g.us_3A1FBB21E19C51FE537A_132804818026624@lid,TLC 40 Series Owners,whatsapp-number-2,971527520120-1517397900@g.us,TLC 40 Series Owners,2026-05-30T05:16:05.000Z,132804818026624,false,chat,"Dear Members,

Eid Mubarak! I hope everyone is enjoying the holidays.

I wanted to ask if anyone has recently used a good poshish (upholstery/carpet) professional who can install floor carpeting on FJ. Any recommendations would be greatly appreciated.

Thank you!","Dear Members, Eid Mubarak! I hope everyone is enjoying the holidays. I wanted to ask if anyone has recently used a good poshish (upholstery/carpet) professional who can install floor carpeting on FJ. Any recommendations would be greatly appreciated. Thank you!",carpet|floor,true
mcp_whatsapp_number_2_false_971527520120_1517397900_g_us_ac2cf850576c691b0ad764e96f69515f_195330918379676_lid,false_971527520120-1517397900@g.us_AC2CF850576C691B0AD764E96F69515F_195330918379676@lid,TLC 40 Series Owners,whatsapp-number-2,971527520120-1517397900@g.us,TLC 40 Series Owners,2026-05-30T08:31:00.000Z,195330918379676,false,image,,,,true
mcp_whatsapp_number_2_false_971527520120_1517397900_g_us_ac73931f5fe7f225f21d9afe6426279f_195330918379676_lid,false_971527520120-1517397900@g.us_AC73931F5FE7F225F21D9AFE6426279F_195330918379676@lid,TLC 40 Series Owners,whatsapp-number-2,971527520120-1517397900@g.us,TLC 40 Series Owners,2026-05-30T08:31:01.000Z,195330918379676,false,image,,,,true
mcp_whatsapp_number_2_false_971527520120_1517397900_g_us_accd0096e80c4715380b2bfab5c4dc9e_195330918379676_lid,false_971527520120-1517397900@g.us_ACCD0096E80C4715380B2BFAB5C4DC9E_195330918379676@lid,TLC 40 Series Owners,whatsapp-number-2,971527520120-1517397900@g.us,TLC 40 Series Owners,2026-05-30T08:31:01.000Z,195330918379676,false,image,,,,true
mcp_whatsapp_number_2_false_971527520120_1517397900_g_us_ace2d55be95ff0bb932e0b44b14b87df_195330918379676_lid,false_971527520120-1517397900@g.us_ACE2D55BE95FF0BB932E0B44B14B87DF_195330918379676@lid,TLC 40 Series Owners,whatsapp-number-2,971527520120-1517397900@g.us,TLC 40 Series Owners,2026-05-30T08:31:37.000Z,195330918379676,false,chat,anyone have an idea which model is this floor mat for!,anyone have an idea which model is this floor mat for!,floor,true
mcp_whatsapp_number_2_false_971527520120_1517397900_g_us_ac4f26311f64152d316032a650bb2992_92225899917317_lid,false_971527520120-1517397900@g.us_AC4F26311F64152D316032A650BB2992_92225899917317@lid,TLC 40 Series Owners,whatsapp-number-2,971527520120-1517397900@g.us,TLC 40 Series Owners,2026-05-30T08:34:34.000Z,92225899917317,false,chat,"Khair Mubarak,  which city?","Khair Mubarak, which city?",,true
mcp_whatsapp_number_2_false_971527520120_1517397900_g_us_3a14ad70aa282a80026b_132804818026624_lid,false_971527520120-1517397900@g.us_3A14AD70AA282A80026B_132804818026624@lid,TLC 40 Series Owners,whatsapp-number-2,971527520120-1517397900@g.us,TLC 40 Series Owners,2026-05-30T08:44:03.000Z,132804818026624,false,chat,Lahore,Lahore,,true
mcp_whatsapp_number_2_false_971527520120_1517397900_g_us_acf29b870af389a8e0d0ea02232f47e8_112803037855909_lid,false_971527520120-1517397900@g.us_ACF29B870AF389A8E0D0EA02232F47E8_112803037855909@lid,TLC 40 Series Owners,whatsapp-number-2,971527520120-1517397900@g.us,TLC 40 Series Owners,2026-05-31T18:01:32.000Z,112803037855909,false,chat,https://youtube.com/shorts/TY_UVsqC980?si=nJ1H3YzoC6fEbgiW,https://youtube.com/shorts/TY_UVsqC980?si=nJ1H3YzoC6fEbgiW,,true
mcp_whatsapp_number_2_false_971527520120_1517397900_g_us_3aa41d0afcbf21d3fca6_160082188873865_lid,false_971527520120-1517397900@g.us_3AA41D0AFCBF21D3FCA6_160082188873865@lid,TLC 40 Series Owners,whatsapp-number-2,971527520120-1517397900@g.us,TLC 40 Series Owners,2026-05-31T19:50:06.000Z,160082188873865,false,chat,https://www.instagram.com/reel/DYTb5iiMAG7/?igsh=MThyMGZ4bWM5Z3pzaQ==,https://www.instagram.com/reel/DYTb5iiMAG7/?igsh=MThyMGZ4bWM5Z3pzaQ==,,true
mcp_whatsapp_number_2_false_971527520120_1517397900_g_us_3a040ce1113051fc8fd6_131761191297256_lid,false_971527520120-1517397900@g.us_3A040CE1113051FC8FD6_131761191297256@lid,TLC 40 Series Owners,whatsapp-number-2,971527520120-1517397900@g.us,TLC 40 Series Owners,2026-06-02T09:35:28.000Z,131761191297256,false,image,On my way to Nathiya and back!,On my way to Nathiya and back!,,true
mcp_whatsapp_number_2_false_971527520120_1517397900_g_us_ac70d86748ffe86ee636c0d0ba7423d7_124395255255221_lid,false_971527520120-1517397900@g.us_AC70D86748FFE86EE636C0D0BA7423D7_124395255255221@lid,TLC 40 Series Owners,whatsapp-number-2,971527520120-1517397900@g.us,TLC 40 Series Owners,2026-06-03T11:37:12.000Z,124395255255221,false,video,AC cooling bilkul nahi kar raha. Kiya isme gass hai.!,AC cooling bilkul nahi kar raha. Kiya isme gass hai.!,ac,true
mcp_whatsapp_number_2_false_971527520120_1517397900_g_us_ac02f06911aee6f6ed0e391ea9c1f276_139629403582580_lid,false_971527520120-1517397900@g.us_AC02F06911AEE6F6ED0E391EA9C1F276_139629403582580@lid,TLC 40 Series Owners,whatsapp-number-2,971527520120-1517397900@g.us,TLC 40 Series Owners,2026-06-03T12:04:48.000Z,139629403582580,false,chat,Low on AC gad,Low on AC gad,ac,true
mcp_whatsapp_number_2_false_971527520120_1517397900_g_us_3ae1e8876d91915b8c38_132804818026624_lid,false_971527520120-1517397900@g.us_3AE1E8876D91915B8C38_132804818026624@lid,TLC 40 Series Owners,whatsapp-number-2,971527520120-1517397900@g.us,TLC 40 Series Owners,2026-06-03T12:06:39.000Z,132804818026624,false,vcard,"BEGIN:VCARD
VERSION:3.0
N:;Lahore Ac;;;
FN:Lahore Ac
X-WA-BIZ-NAME:Abdullah Basit
X-WA-BIZ-DESCRIPTION:❄️ AC Service | maintenance | Installation
🛠️ Quality Workmanship | Genuine Parts
TEL;waid=923244798926:+92 324 4798926
END:VCARD",BEGIN:VCARD VERSION:3.0 N:;Lahore Ac;;; FN:Lahore Ac X-WA-BIZ-NAME:Abdullah Basit X-WA-BIZ-DESCRIPTION:❄️ AC Service | maintenance | Installation 🛠️ Quality Workmanship | Genuine Parts TEL;waid=923244798926:+92 324 4798926 END:VCARD,ac,true
mcp_whatsapp_number_2_false_971527520120_1517397900_g_us_3adfb901ebae004818e2_262787741827282_lid,false_971527520120-1517397900@g.us_3ADFB901EBAE004818E2_262787741827282@lid,TLC 40 Series Owners,whatsapp-number-2,971527520120-1517397900@g.us,TLC 40 Series Owners,2026-06-05T02:18:18.000Z,262787741827282,false,chat,Which Year? 2F?,Which Year? 2F?,,true
mcp_whatsapp_number_2_false_62917110190266_lid_acda86961fe72f11788d495fb3e0d117,false_62917110190266@lid_ACDA86961FE72F11788D495FB3E0D117,Akbar Khan,whatsapp-number-2,62917110190266@lid,Akbar Khan,2026-06-05T06:47:54.000Z,62917110190266,false,chat,"Yo brother David.
Yeah spoke to him ur cards here. He will send it / drop it either today or max tomorrow",Yo brother David. Yeah spoke to him ur cards here. He will send it / drop it either today or max tomorrow,,true
mcp_whatsapp_number_2_false_971527520120_1517397900_g_us_3a3c412599cc582f40a9_94781422215357_lid,false_971527520120-1517397900@g.us_3A3C412599CC582F40A9_94781422215357@lid,TLC 40 Series Owners,whatsapp-number-2,971527520120-1517397900@g.us,TLC 40 Series Owners,2026-06-05T07:33:12.000Z,94781422215357,false,chat,1982 2F,1982 2F,,true
mcp_whatsapp_number_2_false_971527520120_1517397900_g_us_3af02bd17a5577e8bd1c_158261005279468_lid,false_971527520120-1517397900@g.us_3AF02BD17A5577E8BD1C_158261005279468@lid,TLC 40 Series Owners,whatsapp-number-2,971527520120-1517397900@g.us,TLC 40 Series Owners,2026-06-05T18:42:21.000Z,158261005279468,false,chat,CO had the privilege to enjoy the 4 speed luxury and external petrol tank 😂,CO had the privilege to enjoy the 4 speed luxury and external petrol tank 😂,,true
mcp_whatsapp_number_2_false_971527520120_1517397900_g_us_ac0fe834515770f2bc3cd82e1b26b0cf_19825619382401_lid,false_971527520120-1517397900@g.us_AC0FE834515770F2BC3CD82E1B26B0CF_19825619382401@lid,TLC 40 Series Owners,whatsapp-number-2,971527520120-1517397900@g.us,TLC 40 Series Owners,2026-06-05T19:17:54.000Z,19825619382401,false,chat,"True Sir. And both, the Co and the FJ look battle ready 👊","True Sir. And both, the Co and the FJ look battle ready 👊",,true
mcp_whatsapp_number_2_false_971527520120_1517397900_g_us_3eb05fe68af27aa0d96ec3_262787741827282_lid,false_971527520120-1517397900@g.us_3EB05FE68AF27AA0D96EC3_262787741827282@lid,TLC 40 Series Owners,whatsapp-number-2,971527520120-1517397900@g.us,TLC 40 Series Owners,2026-06-05T19:24:54.000Z,262787741827282,false,chat,is this a hardtop?,is this a hardtop?,,true
mcp_whatsapp_number_2_false_971527520120_1517397900_g_us_3eb00999c899a2e4cece0b_262787741827282_lid,false_971527520120-1517397900@g.us_3EB00999C899A2E4CECE0B_262787741827282@lid,TLC 40 Series Owners,whatsapp-number-2,971527520120-1517397900@g.us,TLC 40 Series Owners,2026-06-05T19:25:28.000Z,262787741827282,false,chat,Did the army have Hardtops? or were they all soft tops?,Did the army have Hardtops? or were they all soft tops?,,true
mcp_whatsapp_number_2_false_971527520120_1517397900_g_us_3a3ec02615b5c0646d3a_160082188873865_lid,false_971527520120-1517397900@g.us_3A3EC02615B5C0646D3A_160082188873865@lid,TLC 40 Series Owners,whatsapp-number-2,971527520120-1517397900@g.us,TLC 40 Series Owners,2026-06-05T19:31:04.000Z,160082188873865,false,chat,It is a soft top,It is a soft top,,true
mcp_whatsapp_number_2_false_971527520120_1517397900_g_us_ac29ba6bf3afa9044e5d4fd1356f78a0_19825619382401_lid,false_971527520120-1517397900@g.us_AC29BA6BF3AFA9044E5D4FD1356F78A0_19825619382401@lid,TLC 40 Series Owners,whatsapp-number-2,971527520120-1517397900@g.us,TLC 40 Series Owners,2026-06-05T19:31:07.000Z,19825619382401,false,chat,"All soft tops. I never saw a hardtop at least in Corps or divisional level formations.
And this is without a doubt a soft top.",All soft tops. I never saw a hardtop at least in Corps or divisional level formations. And this is without a doubt a soft top.,,true
mcp_whatsapp_number_2_false_971527520120_1517397900_g_us_3eb0ac12e2e6999e8c5289_262787741827282_lid,false_971527520120-1517397900@g.us_3EB0AC12E2E6999E8C5289_262787741827282@lid,TLC 40 Series Owners,whatsapp-number-2,971527520120-1517397900@g.us,TLC 40 Series Owners,2026-06-05T19:31:23.000Z,262787741827282,false,chat,I'm assuming some specific squad vehicles may have been hard tops?,I'm assuming some specific squad vehicles may have been hard tops?,,true
mcp_whatsapp_number_2_false_971527520120_1517397900_g_us_3abfa44c22300577b830_158261005279468_lid,false_971527520120-1517397900@g.us_3ABFA44C22300577B830_158261005279468@lid,TLC 40 Series Owners,whatsapp-number-2,971527520120-1517397900@g.us,TLC 40 Series Owners,2026-06-05T19:41:05.000Z,158261005279468,false,chat,ISI had hardtops,ISI had hardtops,,true
mcp_whatsapp_number_2_false_971527520120_1517397900_g_us_3ab2ab8dd17d764ec0a0_158261005279468_lid,false_971527520120-1517397900@g.us_3AB2AB8DD17D764EC0A0_158261005279468@lid,TLC 40 Series Owners,whatsapp-number-2,971527520120-1517397900@g.us,TLC 40 Series Owners,2026-06-05T19:43:52.000Z,158261005279468,false,chat,SCO had hardtops,SCO had hardtops,,true
mcp_whatsapp_number_2_false_971527520120_1517397900_g_us_3eb0264d69ecd7f568d37b_262787741827282_lid,false_971527520120-1517397900@g.us_3EB0264D69ECD7F568D37B_262787741827282@lid,TLC 40 Series Owners,whatsapp-number-2,971527520120-1517397900@g.us,TLC 40 Series Owners,2026-06-05T19:43:55.000Z,262787741827282,false,image,Pic Credits: Army Brats Facebook Page,Pic Credits: Army Brats Facebook Page,,true
mcp_whatsapp_number_2_false_971527520120_1517397900_g_us_acf835124dfac8b849dabbaf1e08dd3e_92225899917317_lid,false_971527520120-1517397900@g.us_ACF835124DFAC8B849DABBAF1E08DD3E_92225899917317@lid,TLC 40 Series Owners,whatsapp-number-2,971527520120-1517397900@g.us,TLC 40 Series Owners,2026-06-05T19:45:40.000Z,92225899917317,false,chat,I bought mine as an auction from ordinance(2018) and was a soft top. Complete lot was a soft top.,I bought mine as an auction from ordinance(2018) and was a soft top. Complete lot was a soft top.,,true
mcp_whatsapp_number_2_false_971527520120_1517397900_g_us_3eb0c08a8c15ab21d10b79_262787741827282_lid,false_971527520120-1517397900@g.us_3EB0C08A8C15AB21D10B79_262787741827282@lid,TLC 40 Series Owners,whatsapp-number-2,971527520120-1517397900@g.us,TLC 40 Series Owners,2026-06-05T19:45:56.000Z,262787741827282,false,image,"Found @19825619382401 's comment under this image on Pakwheels: Azad Kashmir Regimental Centre, Mansar Camp. Dist. Attock","Found @19825619382401 's comment under this image on Pakwheels: Azad Kashmir Regimental Centre, Mansar Camp. Dist. Attock",,true
mcp_whatsapp_number_2_false_971527520120_1517397900_g_us_3eb014104589f2690f0426_262787741827282_lid,false_971527520120-1517397900@g.us_3EB014104589F2690F0426_262787741827282@lid,TLC 40 Series Owners,whatsapp-number-2,971527520120-1517397900@g.us,TLC 40 Series Owners,2026-06-05T19:55:13.000Z,262787741827282,false,chat,sir can you reshare that 12 October photo which has an army 40?,sir can you reshare that 12 October photo which has an army 40?,,true
mcp_whatsapp_number_2_false_971527520120_1517397900_g_us_acc9b65480f1353476ee48e5252986c3_112803037855909_lid,false_971527520120-1517397900@g.us_ACC9B65480F1353476EE48E5252986C3_112803037855909@lid,TLC 40 Series Owners,whatsapp-number-2,971527520120-1517397900@g.us,TLC 40 Series Owners,2026-06-05T20:16:46.000Z,112803037855909,false,chat,Soft tops with permanent 4×4's,Soft tops with permanent 4×4's,,true
mcp_whatsapp_number_2_false_971527520120_1517397900_g_us_ac7de91c38e965849bede2c0d6ea56bc_19825619382401_lid,false_971527520120-1517397900@g.us_AC7DE91C38E965849BEDE2C0D6EA56BC_19825619382401@lid,TLC 40 Series Owners,whatsapp-number-2,971527520120-1517397900@g.us,TLC 40 Series Owners,2026-06-05T23:17:34.000Z,19825619382401,false,chat,"Ordnance*
Mine as well in 2012 from
CMT&SD Golra.",Ordnance* Mine as well in 2012 from CMT&SD Golra.,,true
mcp_whatsapp_number_2_false_971527520120_1517397900_g_us_ac9ad71a4514a17ad902710ddeacae8c_41635429744809_lid,false_971527520120-1517397900@g.us_AC9AD71A4514A17AD902710DDEACAE8C_41635429744809@lid,TLC 40 Series Owners,whatsapp-number-2,971527520120-1517397900@g.us,TLC 40 Series Owners,2026-06-06T08:46:45.000Z,41635429744809,false,video,Just incase tank/shark . . . Etc would like to perform same test.,Just incase tank/shark . . . Etc would like to perform same test.,,true
mcp_whatsapp_number_2_false_971527520120_1517397900_g_us_2a895643f65fc2ef04e7_30369831203040_lid,false_971527520120-1517397900@g.us_2A895643F65FC2EF04E7_30369831203040@lid,TLC 40 Series Owners,whatsapp-number-2,971527520120-1517397900@g.us,TLC 40 Series Owners,2026-06-06T08:59:46.000Z,30369831203040,false,image,,,,true
mcp_whatsapp_number_2_false_971527520120_1517397900_g_us_2a49845287bef8f71c5c_30369831203040_lid,false_971527520120-1517397900@g.us_2A49845287BEF8F71C5C_30369831203040@lid,TLC 40 Series Owners,whatsapp-number-2,971527520120-1517397900@g.us,TLC 40 Series Owners,2026-06-06T09:00:00.000Z,30369831203040,false,chat,Which jeep is this?,Which jeep is this?,jeep,true
mcp_whatsapp_number_2_false_971527520120_1517397900_g_us_3a257108aa6ffc2c78e4_113159520133224_lid,false_971527520120-1517397900@g.us_3A257108AA6FFC2C78E4_113159520133224@lid,TLC 40 Series Owners,whatsapp-number-2,971527520120-1517397900@g.us,TLC 40 Series Owners,2026-06-06T09:01:11.000Z,113159520133224,false,chat,BJ 212 Chinese,BJ 212 Chinese,bj,true
mcp_whatsapp_number_2_false_971527520120_1517397900_g_us_3a9d7f86d336cc45f55c_42507291328542_lid,false_971527520120-1517397900@g.us_3A9D7F86D336CC45F55C_42507291328542@lid,TLC 40 Series Owners,whatsapp-number-2,971527520120-1517397900@g.us,TLC 40 Series Owners,2026-06-06T09:01:35.000Z,42507291328542,false,chat,it’s the Chinese jeep. A lot of them were with PAK army,it’s the Chinese jeep. A lot of them were with PAK army,jeep,true
mcp_whatsapp_number_2_false_971527520120_1517397900_g_us_3ae8bd80bd775611b16d_42507291328542_lid,false_971527520120-1517397900@g.us_3AE8BD80BD775611B16D_42507291328542@lid,TLC 40 Series Owners,whatsapp-number-2,971527520120-1517397900@g.us,TLC 40 Series Owners,2026-06-06T09:02:17.000Z,42507291328542,false,chat,Still remember the narrow 4 doors they were having,Still remember the narrow 4 doors they were having,,true
mcp_whatsapp_number_2_false_971527520120_1517397900_g_us_2ace621906a443ad790e_30369831203040_lid,false_971527520120-1517397900@g.us_2ACE621906A443AD790E_30369831203040@lid,TLC 40 Series Owners,whatsapp-number-2,971527520120-1517397900@g.us,TLC 40 Series Owners,2026-06-06T09:02:41.000Z,30369831203040,false,image,,,,true
mcp_whatsapp_number_2_false_971527520120_1517397900_g_us_2a0742344c70979575bf_30369831203040_lid,false_971527520120-1517397900@g.us_2A0742344C70979575BF_30369831203040@lid,TLC 40 Series Owners,whatsapp-number-2,971527520120-1517397900@g.us,TLC 40 Series Owners,2026-06-06T09:02:45.000Z,30369831203040,false,chat,This was my grandfathers,This was my grandfathers,,true
mcp_whatsapp_number_2_false_971527520120_1517397900_g_us_acc95d8e4b95e86a3fa6457f4260219a_215290134696065_lid,false_971527520120-1517397900@g.us_ACC95D8E4B95E86A3FA6457F4260219A_215290134696065@lid,TLC 40 Series Owners,whatsapp-number-2,971527520120-1517397900@g.us,TLC 40 Series Owners,2026-06-06T09:36:47.000Z,215290134696065,false,image,,,,true
mcp_whatsapp_number_2_false_971527520120_1517397900_g_us_ac4a4e13538a082c3a2433b8bbeea753_215290134696065_lid,false_971527520120-1517397900@g.us_AC4A4E13538A082C3A2433B8BBEEA753_215290134696065@lid,TLC 40 Series Owners,whatsapp-number-2,971527520120-1517397900@g.us,TLC 40 Series Owners,2026-06-06T09:37:03.000Z,215290134696065,false,image,,,,true
mcp_whatsapp_number_2_false_971527520120_1517397900_g_us_3adde14101ecc8f8b98d_160082188873865_lid,false_971527520120-1517397900@g.us_3ADDE14101ECC8F8B98D_160082188873865@lid,TLC 40 Series Owners,whatsapp-number-2,971527520120-1517397900@g.us,TLC 40 Series Owners,2026-06-06T10:13:54.000Z,160082188873865,false,chat,Sorry I couldn’t locate the photo you are asking for as there are no photos shared on that date,Sorry I couldn’t locate the photo you are asking for as there are no photos shared on that date,,true
mcp_whatsapp_number_2_false_971527520120_1517397900_g_us_acbb7fbcb9257116fc57906541a48fd8_112803037855909_lid,false_971527520120-1517397900@g.us_ACBB7FBCB9257116FC57906541A48FD8_112803037855909@lid,TLC 40 Series Owners,whatsapp-number-2,971527520120-1517397900@g.us,TLC 40 Series Owners,2026-06-06T10:15:01.000Z,112803037855909,false,revoked,,,,true
mcp_whatsapp_number_2_false_971527520120_1517397900_g_us_ac91bfe44f7b938aeac19ec0eb13964c_112803037855909_lid,false_971527520120-1517397900@g.us_AC91BFE44F7B938AEAC19EC0EB13964C_112803037855909@lid,TLC 40 Series Owners,whatsapp-number-2,971527520120-1517397900@g.us,TLC 40 Series Owners,2026-06-06T10:17:12.000Z,112803037855909,false,image,,,,true
mcp_whatsapp_number_2_false_971527520120_1517397900_g_us_ac95eb3913a63384bd21da2185e6dd37_112803037855909_lid,false_971527520120-1517397900@g.us_AC95EB3913A63384BD21DA2185E6DD37_112803037855909@lid,TLC 40 Series Owners,whatsapp-number-2,971527520120-1517397900@g.us,TLC 40 Series Owners,2026-06-06T10:17:17.000Z,112803037855909,false,image,,,,true
mcp_whatsapp_number_2_false_971527520120_1517397900_g_us_acf1de103c5e81d59815af8952f3ea93_112803037855909_lid,false_971527520120-1517397900@g.us_ACF1DE103C5E81D59815AF8952F3EA93_112803037855909@lid,TLC 40 Series Owners,whatsapp-number-2,971527520120-1517397900@g.us,TLC 40 Series Owners,2026-06-06T10:17:21.000Z,112803037855909,false,image,,,,true
mcp_whatsapp_number_2_false_971527520120_1517397900_g_us_ac404b7cc031ef5eb422758b8992cd8a_112803037855909_lid,false_971527520120-1517397900@g.us_AC404B7CC031EF5EB422758B8992CD8A_112803037855909@lid,TLC 40 Series Owners,whatsapp-number-2,971527520120-1517397900@g.us,TLC 40 Series Owners,2026-06-06T10:17:26.000Z,112803037855909,false,image,,,,true
mcp_whatsapp_number_2_false_971527520120_1517397900_g_us_acfcc42b19ebf6b9b2a62bb97732679c_112803037855909_lid,false_971527520120-1517397900@g.us_ACFCC42B19EBF6B9B2A62BB97732679C_112803037855909@lid,TLC 40 Series Owners,whatsapp-number-2,971527520120-1517397900@g.us,TLC 40 Series Owners,2026-06-06T10:17:34.000Z,112803037855909,false,image,,,,true
mcp_whatsapp_number_2_false_971527520120_1517397900_g_us_3aa0a402d217b88b57c4_262787741827282_lid,false_971527520120-1517397900@g.us_3AA0A402D217B88B57C4_262787741827282@lid,TLC 40 Series Owners,whatsapp-number-2,971527520120-1517397900@g.us,TLC 40 Series Owners,2026-06-06T17:56:07.000Z,262787741827282,false,video,,,,true
mcp_whatsapp_number_2_false_971527520120_1517397900_g_us_3a3d5a81057368d92cef_42507291328542_lid,false_971527520120-1517397900@g.us_3A3D5A81057368D92CEF_42507291328542@lid,TLC 40 Series Owners,whatsapp-number-2,971527520120-1517397900@g.us,TLC 40 Series Owners,2026-06-07T07:42:11.000Z,42507291328542,false,chat,Planning to convert my 40 to 12V. Alternator and starter motor are the main items to be replaced. Bulbs and lights automatically. AC !! What else. Thanks bhai log,Planning to convert my 40 to 12V. Alternator and starter motor are the main items to be replaced. Bulbs and lights automatically. AC !! What else. Thanks bhai log,ac,true
mcp_whatsapp_number_2_false_971527520120_1517397900_g_us_ac23cb24fadf8d7c381007e2f07bc8b9_215290134696065_lid,false_971527520120-1517397900@g.us_AC23CB24FADF8D7C381007E2F07BC8B9_215290134696065@lid,TLC 40 Series Owners,whatsapp-number-2,971527520120-1517397900@g.us,TLC 40 Series Owners,2026-06-07T07:44:42.000Z,215290134696065,false,chat,"This can't be real, no fj bj doesn't start or miss a beat 😱","This can't be real, no fj bj doesn't start or miss a beat 😱",bj,true
mcp_whatsapp_number_2_false_971527520120_1517397900_g_us_ac8ad56f1b42c3f39c1f8ff572a90af5_215290134696065_lid,false_971527520120-1517397900@g.us_AC8AD56F1B42C3F39C1F8FF572A90AF5_215290134696065@lid,TLC 40 Series Owners,whatsapp-number-2,971527520120-1517397900@g.us,TLC 40 Series Owners,2026-06-07T07:45:08.000Z,215290134696065,false,chat,This is blasphemous to Toyota reliability 😞,This is blasphemous to Toyota reliability 😞,,true
mcp_whatsapp_number_2_false_971527520120_1517397900_g_us_3aeadb3cfbfffbcf660a_160082188873865_lid,false_971527520120-1517397900@g.us_3AEADB3CFBFFFBCF660A_160082188873865@lid,TLC 40 Series Owners,whatsapp-number-2,971527520120-1517397900@g.us,TLC 40 Series Owners,2026-06-08T18:58:49.000Z,160082188873865,false,video,,,,true
mcp_whatsapp_number_2_false_971527520120_1517397900_g_us_ac0fd62f4c673e94a3647b7255bd6027_73328060551171_lid,false_971527520120-1517397900@g.us_AC0FD62F4C673E94A3647B7255BD6027_73328060551171@lid,TLC 40 Series Owners,whatsapp-number-2,971527520120-1517397900@g.us,TLC 40 Series Owners,2026-06-08T19:14:51.000Z,73328060551171,false,chat,But still its pure Love😍,But still its pure Love😍,,true
mcp_whatsapp_number_2_false_971527520120_1517397900_g_us_a5c6aaf70aa7f042c82d7f71b1a5e459_98548125290539_lid,false_971527520120-1517397900@g.us_A5C6AAF70AA7F042C82D7F71B1A5E459_98548125290539@lid,TLC 40 Series Owners,whatsapp-number-2,971527520120-1517397900@g.us,TLC 40 Series Owners,2026-06-09T20:16:31.000Z,98548125290539,false,video,,,,true
mcp_whatsapp_number_2_false_971527520120_1517397900_g_us_3a5387cbd81f3428b6b0_158261005279468_lid,false_971527520120-1517397900@g.us_3A5387CBD81F3428B6B0_158261005279468@lid,TLC 40 Series Owners,whatsapp-number-2,971527520120-1517397900@g.us,TLC 40 Series Owners,2026-06-09T20:28:52.000Z,158261005279468,false,chat,Which engine? In a 3B there is a fuel cut selinoid which has to replaced too. Speedometer has a coil which needs to needs to be bypassed. Original RPM meter need to be replaced. Digital Clock will go dim,Which engine? In a 3B there is a fuel cut selinoid which has to replaced too. Speedometer has a coil which needs to needs to be bypassed. Original RPM meter need to be replaced. Digital Clock will go dim,engine,true
mcp_whatsapp_number_2_false_971527520120_1517397900_g_us_3ab144f75bf88083249b_42507291328542_lid,false_971527520120-1517397900@g.us_3AB144F75BF88083249B_42507291328542@lid,TLC 40 Series Owners,whatsapp-number-2,971527520120-1517397900@g.us,TLC 40 Series Owners,2026-06-10T04:05:36.000Z,42507291328542,false,sticker,,,,true
mcp_whatsapp_number_2_false_971527520120_1517397900_g_us_3a7719f419c24906df4e_42507291328542_lid,false_971527520120-1517397900@g.us_3A7719F419C24906DF4E_42507291328542@lid,TLC 40 Series Owners,whatsapp-number-2,971527520120-1517397900@g.us,TLC 40 Series Owners,2026-06-10T04:05:37.000Z,42507291328542,false,revoked,,,,true
mcp_whatsapp_number_2_false_971527520120_1517397900_g_us_3a59a50f84c6da2071ec_158261005279468_lid,false_971527520120-1517397900@g.us_3A59A50F84C6DA2071EC_158261005279468@lid,TLC 40 Series Owners,whatsapp-number-2,971527520120-1517397900@g.us,TLC 40 Series Owners,2026-06-10T05:23:33.000Z,158261005279468,false,chat,Also add wiper motor and 4x4 vacuum actuators to the list,Also add wiper motor and 4x4 vacuum actuators to the list,wiper,true
mcp_whatsapp_number_2_false_971527520120_1517397900_g_us_3a31e22409da6afeb6c3_42507291328542_lid,false_971527520120-1517397900@g.us_3A31E22409DA6AFEB6C3_42507291328542@lid,TLC 40 Series Owners,whatsapp-number-2,971527520120-1517397900@g.us,TLC 40 Series Owners,2026-06-10T05:36:46.000Z,42507291328542,false,chat,Bus bhai bus. 🤯,Bus bhai bus. 🤯,,true
mcp_whatsapp_number_2_false_971527520120_1517397900_g_us_3a87558de3baa15c37e0_42507291328542_lid,false_971527520120-1517397900@g.us_3A87558DE3BAA15C37E0_42507291328542@lid,TLC 40 Series Owners,whatsapp-number-2,971527520120-1517397900@g.us,TLC 40 Series Owners,2026-06-10T05:36:51.000Z,42507291328542,false,chat,😂,😂,,true
mcp_whatsapp_number_2_false_971527520120_1517397900_g_us_3a2555a831979fae5b00_160082188873865_lid,false_971527520120-1517397900@g.us_3A2555A831979FAE5B00_160082188873865@lid,TLC 40 Series Owners,whatsapp-number-2,971527520120-1517397900@g.us,TLC 40 Series Owners,2026-06-10T19:41:50.000Z,160082188873865,false,chat,Painful to watch but they actually tested these for crashes 🤓,Painful to watch but they actually tested these for crashes 🤓,,true
mcp_whatsapp_number_2_false_971527520120_1517397900_g_us_3a7199f76ccecc3712a1_160082188873865_lid,false_971527520120-1517397900@g.us_3A7199F76CCECC3712A1_160082188873865@lid,TLC 40 Series Owners,whatsapp-number-2,971527520120-1517397900@g.us,TLC 40 Series Owners,2026-06-10T19:41:50.000Z,160082188873865,false,video,,,,true
mcp_whatsapp_number_2_false_971527520120_1517397900_g_us_ac8fb29743daea3a769ec80943b913be_215290134696065_lid,false_971527520120-1517397900@g.us_AC8FB29743DAEA3A769EC80943B913BE_215290134696065@lid,TLC 40 Series Owners,whatsapp-number-2,971527520120-1517397900@g.us,TLC 40 Series Owners,2026-06-11T08:19:26.000Z,215290134696065,false,chat,Anyone want a similar intake box? I have a high quality imported unit.,Anyone want a similar intake box? I have a high quality imported unit.,,true
mcp_whatsapp_number_2_false_971527520120_1517397900_g_us_acd4c1d39d1a37df68bc5a938c2bd4aa_215290134696065_lid,false_971527520120-1517397900@g.us_ACD4C1D39D1A37DF68BC5A938C2BD4AA_215290134696065@lid,TLC 40 Series Owners,whatsapp-number-2,971527520120-1517397900@g.us,TLC 40 Series Owners,2026-06-11T08:20:13.000Z,215290134696065,false,image,,,,true
mcp_whatsapp_number_2_false_971527520120_1517397900_g_us_ac465389e10e20dc2d276677bfc55223_215290134696065_lid,false_971527520120-1517397900@g.us_AC465389E10E20DC2D276677BFC55223_215290134696065@lid,TLC 40 Series Owners,whatsapp-number-2,971527520120-1517397900@g.us,TLC 40 Series Owners,2026-06-11T08:20:47.000Z,215290134696065,false,chat,Will send better pictures after a while. Should suit a lot of varying SUVs cars.,Will send better pictures after a while. Should suit a lot of varying SUVs cars.,,true
mcp_whatsapp_number_2_false_971527520120_1517397900_g_us_ace490052f030dcf6c03112e90a92660_215290134696065_lid,false_971527520120-1517397900@g.us_ACE490052F030DCF6C03112E90A92660_215290134696065@lid,TLC 40 Series Owners,whatsapp-number-2,971527520120-1517397900@g.us,TLC 40 Series Owners,2026-06-11T08:21:54.000Z,215290134696065,false,image,Was pointing to this here.,Was pointing to this here.,,true
mcp_whatsapp_number_2_false_971527520120_1517397900_g_us_3a1d4f50161f2df26824_71807675711525_lid,false_971527520120-1517397900@g.us_3A1D4F50161F2DF26824_71807675711525@lid,TLC 40 Series Owners,whatsapp-number-2,971527520120-1517397900@g.us,TLC 40 Series Owners,2026-06-11T08:33:55.000Z,71807675711525,false,chat,cold air intake for how much ?,cold air intake for how much ?,,true
mcp_whatsapp_number_2_false_971527520120_1517397900_g_us_3ab173fb1883ea02b070_141695467426036_lid,false_971527520120-1517397900@g.us_3AB173FB1883EA02B070_141695467426036@lid,TLC 40 Series Owners,whatsapp-number-2,971527520120-1517397900@g.us,TLC 40 Series Owners,2026-06-11T09:10:21.000Z,141695467426036,false,image,After parking for a whole year,After parking for a whole year,,true
mcp_whatsapp_number_2_false_971527520120_1517397900_g_us_ac6e2895ecba0c6c84ff6ba885b37eea_139629403582580_lid,false_971527520120-1517397900@g.us_AC6E2895ECBA0C6C84FF6BA885B37EEA_139629403582580@lid,TLC 40 Series Owners,whatsapp-number-2,971527520120-1517397900@g.us,TLC 40 Series Owners,2026-06-11T09:11:45.000Z,139629403582580,false,chat,The summer awakening,The summer awakening,,true
mcp_whatsapp_number_2_false_971527520120_1517397900_g_us_3ad2c8e6bb79fd255719_141695467426036_lid,false_971527520120-1517397900@g.us_3AD2C8E6BB79FD255719_141695467426036@lid,TLC 40 Series Owners,whatsapp-number-2,971527520120-1517397900@g.us,TLC 40 Series Owners,2026-06-11T09:13:02.000Z,141695467426036,false,video,,,,true
mcp_whatsapp_number_2_false_971527520120_1517397900_g_us_aceb53028142e0978027e8d222f870fd_139629403582580_lid,false_971527520120-1517397900@g.us_ACEB53028142E0978027E8D222F870FD_139629403582580@lid,TLC 40 Series Owners,whatsapp-number-2,971527520120-1517397900@g.us,TLC 40 Series Owners,2026-06-11T09:14:40.000Z,139629403582580,false,chat,Chilled hideout,Chilled hideout,,true
mcp_whatsapp_number_2_false_971527520120_1517397900_g_us_ac4266104b0c4a921591728ff37a585e_112803037855909_lid,false_971527520120-1517397900@g.us_AC4266104B0C4A921591728FF37A585E_112803037855909@lid,TLC 40 Series Owners,whatsapp-number-2,971527520120-1517397900@g.us,TLC 40 Series Owners,2026-06-11T10:31:17.000Z,112803037855909,false,image,,,,true
mcp_whatsapp_number_2_false_971527520120_1517397900_g_us_ac90082ede4fdb9e37de4d1afcc6cf9d_112803037855909_lid,false_971527520120-1517397900@g.us_AC90082EDE4FDB9E37DE4D1AFCC6CF9D_112803037855909@lid,TLC 40 Series Owners,whatsapp-number-2,971527520120-1517397900@g.us,TLC 40 Series Owners,2026-06-11T10:31:39.000Z,112803037855909,false,chat,What the F......!!,What the F......!!,,true
mcp_whatsapp_number_2_false_971527520120_1517397900_g_us_ac1f2e57539e4d8f90f271c2d7403036_139629403582580_lid,false_971527520120-1517397900@g.us_AC1F2E57539E4D8F90F271C2D7403036_139629403582580@lid,TLC 40 Series Owners,whatsapp-number-2,971527520120-1517397900@g.us,TLC 40 Series Owners,2026-06-11T10:32:45.000Z,139629403582580,false,chat,Kar lo baat,Kar lo baat,,true
mcp_whatsapp_number_2_false_971527520120_1517397900_g_us_3ae7a8e439c3ff3191fc_121577739915469_lid,false_971527520120-1517397900@g.us_3AE7A8E439C3FF3191FC_121577739915469@lid,TLC 40 Series Owners,whatsapp-number-2,971527520120-1517397900@g.us,TLC 40 Series Owners,2026-06-11T12:51:30.000Z,121577739915469,false,chat,Good thing my stuffs all 1300cc,Good thing my stuffs all 1300cc,,true
mcp_whatsapp_number_2_false_971527520120_1517397900_g_us_3eb063dfdafe086597046c_160082188873865_lid,false_971527520120-1517397900@g.us_3EB063DFDAFE086597046C_160082188873865@lid,TLC 40 Series Owners,whatsapp-number-2,971527520120-1517397900@g.us,TLC 40 Series Owners,2026-06-11T13:07:30.000Z,160082188873865,false,chat,per cylinder?  😂,per cylinder? 😂,,true
mcp_whatsapp_number_2_false_971527520120_1517397900_g_us_3a584af38105a8600887_121577739915469_lid,false_971527520120-1517397900@g.us_3A584AF38105A8600887_121577739915469@lid,TLC 40 Series Owners,whatsapp-number-2,971527520120-1517397900@g.us,TLC 40 Series Owners,2026-06-11T13:11:20.000Z,121577739915469,false,chat,Yaar I don’t really get into the minor details,Yaar I don’t really get into the minor details,,true
mcp_whatsapp_number_2_false_971527520120_1517397900_g_us_ac14dae71400f380a998af4a9657b9e7_215290134696065_lid,false_971527520120-1517397900@g.us_AC14DAE71400F380A998AF4A9657B9E7_215290134696065@lid,TLC 40 Series Owners,whatsapp-number-2,971527520120-1517397900@g.us,TLC 40 Series Owners,2026-06-11T14:23:06.000Z,215290134696065,false,chat,It's a complete air box with the filter,It's a complete air box with the filter,filter,true
mcp_whatsapp_number_2_false_971527520120_1517397900_g_us_accad217dc828bf4976470f0331b42ee_215290134696065_lid,false_971527520120-1517397900@g.us_ACCAD217DC828BF4976470F0331B42EE_215290134696065@lid,TLC 40 Series Owners,whatsapp-number-2,971527520120-1517397900@g.us,TLC 40 Series Owners,2026-06-11T14:24:12.000Z,215290134696065,false,album,,,,true
mcp_whatsapp_number_2_false_971527520120_1517397900_g_us_ac4a9893f49587c51da5884312d7cbf3_215290134696065_lid,false_971527520120-1517397900@g.us_AC4A9893F49587C51DA5884312D7CBF3_215290134696065@lid,TLC 40 Series Owners,whatsapp-number-2,971527520120-1517397900@g.us,TLC 40 Series Owners,2026-06-11T14:24:35.000Z,215290134696065,false,chat,Just took these pictures.,Just took these pictures.,,true
mcp_whatsapp_number_2_false_971527520120_1517397900_g_us_3afec9e233dff568a5ba_71807675711525_lid,false_971527520120-1517397900@g.us_3AFEC9E233DFF568A5BA_71807675711525@lid,TLC 40 Series Owners,whatsapp-number-2,971527520120-1517397900@g.us,TLC 40 Series Owners,2026-06-11T14:27:38.000Z,71807675711525,false,chat,Nice 👍,Nice 👍,,true
mcp_whatsapp_number_2_false_971527520120_1517397900_g_us_ac40ebf5eb8eecece86beb8bcaa02ed7_85843578458360_lid,false_971527520120-1517397900@g.us_AC40EBF5EB8EECECE86BEB8BCAA02ED7_85843578458360@lid,TLC 40 Series Owners,whatsapp-number-2,971527520120-1517397900@g.us,TLC 40 Series Owners,2026-06-11T14:44:38.000Z,85843578458360,false,chat,Pakistan made?,Pakistan made?,,true
mcp_whatsapp_number_2_false_971527520120_1517397900_g_us_3aeac21038b74a92b7f5_71807675711525_lid,false_971527520120-1517397900@g.us_3AEAC21038B74A92B7F5_71807675711525@lid,TLC 40 Series Owners,whatsapp-number-2,971527520120-1517397900@g.us,TLC 40 Series Owners,2026-06-11T15:10:36.000Z,71807675711525,false,chat,Price,Price,,true
mcp_whatsapp_number_2_false_971527520120_1517397900_g_us_3a1b044358e632d75505_131761191297256_lid,false_971527520120-1517397900@g.us_3A1B044358E632D75505_131761191297256@lid,TLC 40 Series Owners,whatsapp-number-2,971527520120-1517397900@g.us,TLC 40 Series Owners,2026-06-11T16:39:50.000Z,131761191297256,false,chat,Price?,Price?,,true
mcp_whatsapp_number_2_false_971527520120_1517397900_g_us_acf5cc9a1c90923341aad6c66119938e_215290134696065_lid,false_971527520120-1517397900@g.us_ACF5CC9A1C90923341AAD6C66119938E_215290134696065@lid,TLC 40 Series Owners,whatsapp-number-2,971527520120-1517397900@g.us,TLC 40 Series Owners,2026-06-11T16:56:10.000Z,215290134696065,false,chat,As per seller came In a container lot so could be japanese or UAE. ?,As per seller came In a container lot so could be japanese or UAE. ?,,true
mcp_whatsapp_number_2_false_971527520120_1517397900_g_us_ac91a7a07d411494b54137233bf9cfbe_215290134696065_lid,false_971527520120-1517397900@g.us_AC91A7A07D411494B54137233BF9CFBE_215290134696065@lid,TLC 40 Series Owners,whatsapp-number-2,971527520120-1517397900@g.us,TLC 40 Series Owners,2026-06-11T16:58:52.000Z,215290134696065,false,chat,Inboxed gents,Inboxed gents,,true
mcp_whatsapp_number_2_false_971527520120_1517397900_g_us_ac876cac224210c4105f78e10763307d_215290134696065_lid,false_971527520120-1517397900@g.us_AC876CAC224210C4105F78E10763307D_215290134696065@lid,TLC 40 Series Owners,whatsapp-number-2,971527520120-1517397900@g.us,TLC 40 Series Owners,2026-06-13T09:24:51.000Z,215290134696065,false,image,"CAR STOLEN.  Prado 1995 model has been stolen from  the guy's residence. Kindly spread the word.
Contact regarding any info
 +92 341 2267960
BD-4646.",CAR STOLEN. Prado 1995 model has been stolen from the guy's residence. Kindly spread the word. Contact regarding any info +92 341 2267960 BD-4646.,,true
mcp_whatsapp_number_2_false_971527520120_1517397900_g_us_3a044542fd0894099853_42507291328542_lid,false_971527520120-1517397900@g.us_3A044542FD0894099853_42507291328542@lid,TLC 40 Series Owners,whatsapp-number-2,971527520120-1517397900@g.us,TLC 40 Series Owners,2026-06-13T09:25:29.000Z,42507291328542,false,chat,🤔,🤔,,true
mcp_whatsapp_number_2_false_971527520120_1517397900_g_us_3abf431605eb6620a86e_71807675711525_lid,false_971527520120-1517397900@g.us_3ABF431605EB6620A86E_71807675711525@lid,TLC 40 Series Owners,whatsapp-number-2,971527520120-1517397900@g.us,TLC 40 Series Owners,2026-06-13T09:34:50.000Z,71807675711525,false,chat,Mardan main check kerian,Mardan main check kerian,,true
mcp_whatsapp_number_2_false_971527520120_1517397900_g_us_a5c23a074d42c3a8fb4e7b6ea0777c60_98548125290539_lid,false_971527520120-1517397900@g.us_A5C23A074D42C3A8FB4E7B6EA0777C60_98548125290539@lid,TLC 40 Series Owners,whatsapp-number-2,971527520120-1517397900@g.us,TLC 40 Series Owners,2026-06-13T09:35:42.000Z,98548125290539,false,chat,Itna jaldi mardan ? 🫨,Itna jaldi mardan ? 🫨,,true
mcp_whatsapp_number_2_false_971527520120_1517397900_g_us_3ad2c3626f3dd20a2b5b_71807675711525_lid,false_971527520120-1517397900@g.us_3AD2C3626F3DD20A2B5B_71807675711525@lid,TLC 40 Series Owners,whatsapp-number-2,971527520120-1517397900@g.us,TLC 40 Series Owners,2026-06-13T09:38:11.000Z,71807675711525,false,chat,Jee 48 hours main ye parts ho Kai sale be ho jate hain,Jee 48 hours main ye parts ho Kai sale be ho jate hain,,true
mcp_whatsapp_number_2_false_971527520120_1517397900_g_us_a56f1f0d693bc2072030166c72f2fd9b_98548125290539_lid,false_971527520120-1517397900@g.us_A56F1F0D693BC2072030166C72F2FD9B_98548125290539@lid,TLC 40 Series Owners,whatsapp-number-2,971527520120-1517397900@g.us,TLC 40 Series Owners,2026-06-13T09:39:52.000Z,98548125290539,false,chat,Allah pak asani karin kia hogia hay is mulq ko ...,Allah pak asani karin kia hogia hay is mulq ko ...,,true
mcp_whatsapp_number_2_false_971527520120_1517397900_g_us_3a448495b78a241c2fbf_71807675711525_lid,false_971527520120-1517397900@g.us_3A448495B78A241C2FBF_71807675711525@lid,TLC 40 Series Owners,whatsapp-number-2,971527520120-1517397900@g.us,TLC 40 Series Owners,2026-06-13T09:41:47.000Z,71807675711525,false,chat,Yahan Bohot kuch ho raha hai ower ye Abe normal routine hai koe nai bat nahi bhai,Yahan Bohot kuch ho raha hai ower ye Abe normal routine hai koe nai bat nahi bhai,,true
mcp_whatsapp_number_2_false_971527520120_1517397900_g_us_acb16db6de065862f626756e8b357e31_215290134696065_lid,false_971527520120-1517397900@g.us_ACB16DB6DE065862F626756E8B357E31_215290134696065@lid,TLC 40 Series Owners,whatsapp-number-2,971527520120-1517397900@g.us,TLC 40 Series Owners,2026-06-13T10:49:27.000Z,215290134696065,false,chat,Ok it's Karachi based,Ok it's Karachi based,,true
